cell,h,J,mu,seed,traj,em_collapsed,em_step,em_t,lam_collapsed,lam_step,lam_t
h2.4_J15,2.4,15,100,11534337,0,0,-1,,0,-1,
h2.4_J15,2.4,15,100,11534337,1,0,-1,,0,-1,
h2.4_J15,2.4,15,100,11534337,2,0,-1,,1,5299,264.95
h2.4_J15,2.4,15,100,11534337,3,0,-1,,0,-1,
h2.4_J15,2.4,15,100,11534337,4,1,380,19.0,1,396,19.8
h2.4_J15,2.4,15,100,11534337,5,0,-1,,0,-1,
h2.4_J15,2.4,15,100,11534337,6,0,-1,,1,13540,677.0
h2.4_J15,2.4,15,100,11534337,7,0,-1,,0,-1,
h2.4_J15,2.4,15,100,11534337,8,0,-1,,0,-1,
h2.4_J15,2.4,15,100,11534337,9,0,-1,,0,-1,
h2.4_J15,2.4,15,100,11534337,10,0,-1,,0,-1,
h2.4_J15,2.4,15,100,11534337,11,1,266,13.3,1,267,13.350000000000001
h2.4_J15,2.4,15,100,11534337,12,0,-1,,0,-1,
h2.4_J15,2.4,15,100,11534337,13,0,-1,,1,9054,452.70000000000005
h2.4_J15,2.4,15,100,11534337,14,0,-1,,0,-1,
h2.4_J15,2.4,15,100,11534337,15,1,301,15.05,1,302,15.100000000000001
h2.4_J15,2.4,15,100,11534337,16,0,-1,,0,-1,
h2.4_J15,2.4,15,100,11534337,17,0,-1,,0,-1,
h2.4_J15,2.4,15,100,11534337,18,0,-1,,0,-1,
h2.4_J15,2.4,15,100,11534337,19,0,-1,,0,-1,
h2.4_J15,2.4,15,100,11534337,20,1,282,14.100000000000001,1,282,14.100000000000001
h2.4_J15,2.4,15,100,11534337,21,0,-1,,0,-1,
h2.4_J15,2.4,15,100,11534337,22,0,-1,,0,-1,
h2.4_J15,2.4,15,100,11534337,23,1,269,13.450000000000001,1,272,13.600000000000001
h2.4_J15,2.4,15,100,11534337,24,0,-1,,0,-1,
h2.4_J15,2.4,15,100,11534337,25,1,287,14.350000000000001,1,293,14.65
h2.4_J15,2.4,15,100,11534337,26,1,274,13.700000000000001,1,275,13.75
h2.4_J15,2.4,15,100,11534337,27,0,-1,,1,15089,754.45
h2.4_J15,2.4,15,100,11534337,28,1,307,15.350000000000001,1,311,15.55
h2.4_J15,2.4,15,100,11534337,29,0,-1,,0,-1,
h2.4_J15,2.4,15,100,11534337,30,0,-1,,0,-1,
h2.4_J15,2.4,15,100,11534337,31,0,-1,,0,-1,
h2.4_J15,2.4,15,100,11534337,32,0,-1,,0,-1,
h2.4_J15,2.4,15,100,11534337,33,1,5162,258.1,1,5196,259.8
h2.4_J15,2.4,15,100,11534337,34,1,5797,289.85,1,5837,291.85
h2.4_J15,2.4,15,100,11534337,35,0,-1,,0,-1,
h2.4_J15,2.4,15,100,11534337,36,1,19596,979.8000000000001,0,-1,
h2.4_J15,2.4,15,100,11534337,37,0,-1,,0,-1,
h2.4_J15,2.4,15,100,11534337,38,0,-1,,0,-1,
h2.4_J15,2.4,15,100,11534337,39,1,304,15.200000000000001,0,-1,
h2.4_J15,2.4,15,100,11534337,40,0,-1,,0,-1,
h2.4_J15,2.4,15,100,11534337,41,0,-1,,0,-1,
h2.4_J15,2.4,15,100,11534337,42,0,-1,,0,-1,
h2.4_J15,2.4,15,100,11534337,43,0,-1,,0,-1,
h2.4_J15,2.4,15,100,11534337,44,0,-1,,0,-1,
h2.4_J15,2.4,15,100,11534337,45,0,-1,,0,-1,
h2.4_J15,2.4,15,100,11534337,46,0,-1,,1,2953,147.65
h2.4_J15,2.4,15,100,11534337,47,0,-1,,0,-1,
h2.4_J15,2.4,15,100,11534337,48,1,316,15.8,0,-1,
h2.4_J15,2.4,15,100,11534337,49,0,-1,,0,-1,
h2.4_J15,2.4,15,100,11534337,50,0,-1,,0,-1,
h2.4_J15,2.4,15,100,11534337,51,0,-1,,1,10346,517.3000000000001
h2.4_J15,2.4,15,100,11534337,52,0,-1,,0,-1,
h2.4_J15,2.4,15,100,11534337,53,0,-1,,1,3093,154.65
h2.4_J15,2.4,15,100,11534337,54,0,-1,,0,-1,
h2.4_J15,2.4,15,100,11534337,55,0,-1,,0,-1,
h2.4_J15,2.4,15,100,11534337,56,0,-1,,0,-1,
h2.4_J15,2.4,15,100,11534337,57,1,6564,328.20000000000005,0,-1,
h2.4_J15,2.4,15,100,11534337,58,0,-1,,0,-1,
h2.4_J15,2.4,15,100,11534337,59,1,13672,683.6,1,13681,684.0500000000001
h2.4_J15,2.4,15,100,11534337,60,0,-1,,1,15344,767.2
h2.4_J15,2.4,15,100,11534337,61,0,-1,,0,-1,
h2.4_J15,2.4,15,100,11534337,62,0,-1,,0,-1,
h2.4_J15,2.4,15,100,11534337,63,1,283,14.15,1,284,14.200000000000001
h2.4_J15,2.4,15,100,11534337,64,1,273,13.65,1,278,13.9
h2.4_J15,2.4,15,100,11534337,65,0,-1,,0,-1,
h2.4_J15,2.4,15,100,11534337,66,0,-1,,1,8002,400.1
h2.4_J15,2.4,15,100,11534337,67,0,-1,,1,2927,146.35
h2.4_J15,2.4,15,100,11534337,68,0,-1,,1,3310,165.5
h2.4_J15,2.4,15,100,11534337,69,1,7748,387.40000000000003,1,7768,388.40000000000003
h2.4_J15,2.4,15,100,11534337,70,0,-1,,0,-1,
h2.4_J15,2.4,15,100,11534337,71,1,15834,791.7,1,15856,792.8000000000001
h2.4_J15,2.4,15,100,11534337,72,0,-1,,1,9298,464.90000000000003
h2.4_J15,2.4,15,100,11534337,73,0,-1,,0,-1,
h2.4_J15,2.4,15,100,11534337,74,0,-1,,0,-1,
h2.4_J15,2.4,15,100,11534337,75,1,271,13.55,1,273,13.65
h2.4_J15,2.4,15,100,11534337,76,0,-1,,0,-1,
h2.4_J15,2.4,15,100,11534337,77,0,-1,,0,-1,
h2.4_J15,2.4,15,100,11534337,78,1,289,14.450000000000001,1,290,14.5
h2.4_J15,2.4,15,100,11534337,79,0,-1,,0,-1,
h2.4_J15,2.4,15,100,11534337,80,1,10772,538.6,0,-1,
h2.4_J15,2.4,15,100,11534337,81,0,-1,,1,8257,412.85
h2.4_J15,2.4,15,100,11534337,82,0,-1,,0,-1,
h2.4_J15,2.4,15,100,11534337,83,0,-1,,0,-1,
h2.4_J15,2.4,15,100,11534337,84,0,-1,,0,-1,
h2.4_J15,2.4,15,100,11534337,85,0,-1,,1,2383,119.15
h2.4_J15,2.4,15,100,11534337,86,1,278,13.9,1,281,14.05
h2.4_J15,2.4,15,100,11534337,87,0,-1,,0,-1,
h2.4_J15,2.4,15,100,11534337,88,0,-1,,0,-1,
h2.4_J15,2.4,15,100,11534337,89,0,-1,,0,-1,
h2.4_J15,2.4,15,100,11534337,90,1,282,14.100000000000001,1,285,14.25
h2.4_J15,2.4,15,100,11534337,91,0,-1,,0,-1,
h2.4_J15,2.4,15,100,11534337,92,1,280,14.0,1,280,14.0
h2.4_J15,2.4,15,100,11534337,93,0,-1,,1,7413,370.65000000000003
h2.4_J15,2.4,15,100,11534337,94,0,-1,,0,-1,
h2.4_J15,2.4,15,100,11534337,95,1,273,13.65,1,275,13.75
h2.4_J15,2.4,15,100,11534337,96,0,-1,,0,-1,
h2.4_J15,2.4,15,100,11534337,97,0,-1,,0,-1,
h2.4_J15,2.4,15,100,11534337,98,0,-1,,1,6124,306.2
h2.4_J15,2.4,15,100,11534337,99,0,-1,,0,-1,
h2.4_J15,2.4,15,100,11534337,100,0,-1,,0,-1,
h2.4_J15,2.4,15,100,11534337,101,1,18565,928.25,1,8452,422.6
h2.4_J15,2.4,15,100,11534337,102,1,295,14.75,1,298,14.9
h2.4_J15,2.4,15,100,11534337,103,0,-1,,0,-1,
h2.4_J15,2.4,15,100,11534337,104,1,274,13.700000000000001,1,275,13.75
h2.4_J15,2.4,15,100,11534337,105,0,-1,,0,-1,
h2.4_J15,2.4,15,100,11534337,106,0,-1,,0,-1,
h2.4_J15,2.4,15,100,11534337,107,1,281,14.05,1,284,14.200000000000001
h2.4_J15,2.4,15,100,11534337,108,0,-1,,1,17347,867.35
h2.4_J15,2.4,15,100,11534337,109,0,-1,,1,16637,831.85
h2.4_J15,2.4,15,100,11534337,110,0,-1,,0,-1,
h2.4_J15,2.4,15,100,11534337,111,0,-1,,0,-1,
h2.4_J15,2.4,15,100,11534337,112,0,-1,,0,-1,
h2.4_J15,2.4,15,100,11534337,113,0,-1,,0,-1,
h2.4_J15,2.4,15,100,11534337,114,0,-1,,1,9253,462.65000000000003
h2.4_J15,2.4,15,100,11534337,115,0,-1,,0,-1,
h2.4_J15,2.4,15,100,11534337,116,0,-1,,0,-1,
h2.4_J15,2.4,15,100,11534337,117,0,-1,,1,7029,351.45000000000005
h2.4_J15,2.4,15,100,11534337,118,0,-1,,0,-1,
h2.4_J15,2.4,15,100,11534337,119,0,-1,,1,4584,229.20000000000002
h2.4_J15,2.4,15,100,11534337,120,0,-1,,0,-1,
h2.4_J15,2.4,15,100,11534337,121,0,-1,,0,-1,
h2.4_J15,2.4,15,100,11534337,122,0,-1,,0,-1,
h2.4_J15,2.4,15,100,11534337,123,0,-1,,0,-1,
h2.4_J15,2.4,15,100,11534337,124,0,-1,,0,-1,
h2.4_J15,2.4,15,100,11534337,125,0,-1,,0,-1,
h2.4_J15,2.4,15,100,11534337,126,0,-1,,1,9002,450.1
h2.4_J15,2.4,15,100,11534337,127,0,-1,,0,-1,
h2.4_J15,2.4,15,100,11534337,128,1,13038,651.9000000000001,1,13067,653.35
h2.4_J15,2.4,15,100,11534337,129,1,17585,879.25,1,16508,825.4000000000001
h2.4_J15,2.4,15,100,11534337,130,0,-1,,0,-1,
h2.4_J15,2.4,15,100,11534337,131,1,283,14.15,1,287,14.350000000000001
h2.4_J15,2.4,15,100,11534337,132,0,-1,,0,-1,
h2.4_J15,2.4,15,100,11534337,133,0,-1,,1,19367,968.35
h2.4_J15,2.4,15,100,11534337,134,0,-1,,1,2628,131.4
h2.4_J15,2.4,15,100,11534337,135,0,-1,,0,-1,
h2.4_J15,2.4,15,100,11534337,136,0,-1,,1,17929,896.45
h2.4_J15,2.4,15,100,11534337,137,0,-1,,0,-1,
h2.4_J15,2.4,15,100,11534337,138,0,-1,,0,-1,
h2.4_J15,2.4,15,100,11534337,139,0,-1,,0,-1,
h2.4_J15,2.4,15,100,11534337,140,0,-1,,0,-1,
h2.4_J15,2.4,15,100,11534337,141,0,-1,,0,-1,
h2.4_J15,2.4,15,100,11534337,142,0,-1,,0,-1,
h2.4_J15,2.4,15,100,11534337,143,0,-1,,0,-1,
h2.4_J15,2.4,15,100,11534337,144,0,-1,,0,-1,
h2.4_J15,2.4,15,100,11534337,145,1,290,14.5,1,290,14.5
h2.4_J15,2.4,15,100,11534337,146,0,-1,,0,-1,
h2.4_J15,2.4,15,100,11534337,147,0,-1,,0,-1,
h2.4_J15,2.4,15,100,11534337,148,0,-1,,0,-1,
h2.4_J15,2.4,15,100,11534337,149,1,19039,951.95,1,19071,953.5500000000001
h2.4_J15,2.4,15,100,11534337,150,0,-1,,0,-1,
h2.4_J15,2.4,15,100,11534337,151,0,-1,,0,-1,
h2.4_J15,2.4,15,100,11534337,152,1,282,14.100000000000001,1,289,14.450000000000001
h2.4_J15,2.4,15,100,11534337,153,0,-1,,0,-1,
h2.4_J15,2.4,15,100,11534337,154,1,290,14.5,1,294,14.700000000000001
h2.4_J15,2.4,15,100,11534337,155,0,-1,,0,-1,
h2.4_J15,2.4,15,100,11534337,156,0,-1,,0,-1,
h2.4_J15,2.4,15,100,11534337,157,1,271,13.55,1,275,13.75
h2.4_J15,2.4,15,100,11534337,158,0,-1,,0,-1,
h2.4_J15,2.4,15,100,11534337,159,0,-1,,1,13321,666.0500000000001
h2.4_J15,2.4,15,100,11534337,160,0,-1,,0,-1,
h2.4_J15,2.4,15,100,11534337,161,0,-1,,0,-1,
h2.4_J15,2.4,15,100,11534337,162,0,-1,,0,-1,
h2.4_J15,2.4,15,100,11534337,163,1,285,14.25,1,289,14.450000000000001
h2.4_J15,2.4,15,100,11534337,164,0,-1,,0,-1,
h2.4_J15,2.4,15,100,11534337,165,0,-1,,0,-1,
h2.4_J15,2.4,15,100,11534337,166,0,-1,,0,-1,
h2.4_J15,2.4,15,100,11534337,167,1,280,14.0,1,285,14.25
h2.4_J15,2.4,15,100,11534337,168,0,-1,,0,-1,
h2.4_J15,2.4,15,100,11534337,169,0,-1,,0,-1,
h2.4_J15,2.4,15,100,11534337,170,1,277,13.850000000000001,0,-1,
h2.4_J15,2.4,15,100,11534337,171,0,-1,,0,-1,
h2.4_J15,2.4,15,100,11534337,172,0,-1,,0,-1,
h2.4_J15,2.4,15,100,11534337,173,0,-1,,0,-1,
h2.4_J15,2.4,15,100,11534337,174,0,-1,,0,-1,
h2.4_J15,2.4,15,100,11534337,175,0,-1,,0,-1,
h2.4_J15,2.4,15,100,11534337,176,1,267,13.350000000000001,1,270,13.5
h2.4_J15,2.4,15,100,11534337,177,0,-1,,0,-1,
h2.4_J15,2.4,15,100,11534337,178,0,-1,,0,-1,
h2.4_J15,2.4,15,100,11534337,179,0,-1,,0,-1,
h2.4_J15,2.4,15,100,11534337,180,0,-1,,1,2400,120.0
h2.4_J15,2.4,15,100,11534337,181,0,-1,,1,17050,852.5
h2.4_J15,2.4,15,100,11534337,182,0,-1,,0,-1,
h2.4_J15,2.4,15,100,11534337,183,0,-1,,0,-1,
h2.4_J15,2.4,15,100,11534337,184,0,-1,,1,18523,926.1500000000001
h2.4_J15,2.4,15,100,11534337,185,0,-1,,0,-1,
h2.4_J15,2.4,15,100,11534337,186,0,-1,,0,-1,
h2.4_J15,2.4,15,100,11534337,187,0,-1,,0,-1,
h2.4_J15,2.4,15,100,11534337,188,0,-1,,1,19534,976.7
h2.4_J15,2.4,15,100,11534337,189,0,-1,,1,4542,227.10000000000002
h2.4_J15,2.4,15,100,11534337,190,0,-1,,0,-1,
h2.4_J15,2.4,15,100,11534337,191,0,-1,,0,-1,
h2.4_J15,2.4,15,100,11534337,192,0,-1,,0,-1,
h2.4_J15,2.4,15,100,11534337,193,1,354,17.7,1,318,15.9
h2.4_J15,2.4,15,100,11534337,194,0,-1,,0,-1,
h2.4_J15,2.4,15,100,11534337,195,0,-1,,0,-1,
h2.4_J15,2.4,15,100,11534337,196,0,-1,,0,-1,
h2.4_J15,2.4,15,100,11534337,197,0,-1,,0,-1,
h2.4_J15,2.4,15,100,11534337,198,1,351,17.55,1,354,17.7
h2.4_J15,2.4,15,100,11534337,199,0,-1,,0,-1,
h2.4_J15,2.4,15,100,11534337,200,0,-1,,0,-1,
h2.4_J15,2.4,15,100,11534337,201,0,-1,,1,18737,936.85
h2.4_J15,2.4,15,100,11534337,202,0,-1,,0,-1,
h2.4_J15,2.4,15,100,11534337,203,0,-1,,0,-1,
h2.4_J15,2.4,15,100,11534337,204,0,-1,,0,-1,
h2.4_J15,2.4,15,100,11534337,205,1,16683,834.1500000000001,1,16712,835.6
h2.4_J15,2.4,15,100,11534337,206,0,-1,,0,-1,
h2.4_J15,2.4,15,100,11534337,207,1,293,14.65,1,290,14.5
h2.4_J15,2.4,15,100,11534337,208,1,269,13.450000000000001,0,-1,
h2.4_J15,2.4,15,100,11534337,209,0,-1,,0,-1,
h2.4_J15,2.4,15,100,11534337,210,1,329,16.45,1,331,16.55
h2.4_J15,2.4,15,100,11534337,211,0,-1,,0,-1,
h2.4_J15,2.4,15,100,11534337,212,0,-1,,0,-1,
h2.4_J15,2.4,15,100,11534337,213,1,19235,961.75,0,-1,
h2.4_J15,2.4,15,100,11534337,214,0,-1,,1,14467,723.35
h2.4_J15,2.4,15,100,11534337,215,0,-1,,1,3571,178.55
h2.4_J15,2.4,15,100,11534337,216,1,267,13.350000000000001,1,271,13.55
h2.4_J15,2.4,15,100,11534337,217,0,-1,,0,-1,
h2.4_J15,2.4,15,100,11534337,218,1,283,14.15,1,284,14.200000000000001
h2.4_J15,2.4,15,100,11534337,219,0,-1,,0,-1,
h2.4_J15,2.4,15,100,11534337,220,0,-1,,0,-1,
h2.4_J15,2.4,15,100,11534337,221,0,-1,,0,-1,
h2.4_J15,2.4,15,100,11534337,222,0,-1,,0,-1,
h2.4_J15,2.4,15,100,11534337,223,0,-1,,0,-1,
h2.4_J15,2.4,15,100,11534337,224,0,-1,,0,-1,
h2.4_J15,2.4,15,100,11534337,225,0,-1,,0,-1,
h2.4_J15,2.4,15,100,11534337,226,1,300,15.0,1,300,15.0
h2.4_J15,2.4,15,100,11534337,227,0,-1,,0,-1,
h2.4_J15,2.4,15,100,11534337,228,0,-1,,0,-1,
h2.4_J15,2.4,15,100,11534337,229,0,-1,,0,-1,
h2.4_J15,2.4,15,100,11534337,230,1,279,13.950000000000001,1,283,14.15
h2.4_J15,2.4,15,100,11534337,231,0,-1,,0,-1,
h2.4_J15,2.4,15,100,11534337,232,0,-1,,0,-1,
h2.4_J15,2.4,15,100,11534337,233,1,324,16.2,1,341,17.05
h2.4_J15,2.4,15,100,11534337,234,0,-1,,0,-1,
h2.4_J15,2.4,15,100,11534337,235,0,-1,,0,-1,
h2.4_J15,2.4,15,100,11534337,236,0,-1,,0,-1,
h2.4_J15,2.4,15,100,11534337,237,0,-1,,0,-1,
h2.4_J15,2.4,15,100,11534337,238,1,314,15.700000000000001,1,314,15.700000000000001
h2.4_J15,2.4,15,100,11534337,239,0,-1,,0,-1,
h2.4_J15,2.4,15,100,11534337,240,0,-1,,0,-1,
h2.4_J15,2.4,15,100,11534337,241,0,-1,,0,-1,
h2.4_J15,2.4,15,100,11534337,242,0,-1,,0,-1,
h2.4_J15,2.4,15,100,11534337,243,0,-1,,0,-1,
h2.4_J15,2.4,15,100,11534337,244,0,-1,,1,9615,480.75
h2.4_J15,2.4,15,100,11534337,245,0,-1,,0,-1,
h2.4_J15,2.4,15,100,11534337,246,0,-1,,0,-1,
h2.4_J15,2.4,15,100,11534337,247,0,-1,,0,-1,
h2.4_J15,2.4,15,100,11534337,248,1,293,14.65,1,295,14.75
h2.4_J15,2.4,15,100,11534337,249,0,-1,,0,-1,
h2.4_J15,2.4,15,100,11534337,250,0,-1,,0,-1,
h2.4_J15,2.4,15,100,11534337,251,0,-1,,0,-1,
h2.4_J15,2.4,15,100,11534337,252,1,283,14.15,1,299,14.950000000000001
h2.4_J15,2.4,15,100,11534337,253,1,4361,218.05,0,-1,
h2.4_J15,2.4,15,100,11534337,254,0,-1,,0,-1,
h2.4_J15,2.4,15,100,11534337,255,1,269,13.450000000000001,1,271,13.55
h2.4_J15,2.4,15,100,11534337,256,1,297,14.850000000000001,1,296,14.8
h2.4_J15,2.4,15,100,11534337,257,0,-1,,0,-1,
h2.4_J15,2.4,15,100,11534337,258,0,-1,,0,-1,
h2.4_J15,2.4,15,100,11534337,259,0,-1,,0,-1,
h2.4_J15,2.4,15,100,11534337,260,0,-1,,0,-1,
h2.4_J15,2.4,15,100,11534337,261,0,-1,,0,-1,
h2.4_J15,2.4,15,100,11534337,262,0,-1,,0,-1,
h2.4_J15,2.4,15,100,11534337,263,0,-1,,0,-1,
h2.4_J15,2.4,15,100,11534337,264,1,15805,790.25,1,15814,790.7
h2.4_J15,2.4,15,100,11534337,265,0,-1,,0,-1,
h2.4_J15,2.4,15,100,11534337,266,0,-1,,1,10978,548.9
h2.4_J15,2.4,15,100,11534337,267,0,-1,,0,-1,
h2.4_J15,2.4,15,100,11534337,268,0,-1,,1,17016,850.8000000000001
h2.4_J15,2.4,15,100,11534337,269,1,8270,413.5,1,8327,416.35
h2.4_J15,2.4,15,100,11534337,270,0,-1,,0,-1,
h2.4_J15,2.4,15,100,11534337,271,0,-1,,0,-1,
h2.4_J15,2.4,15,100,11534337,272,0,-1,,0,-1,
h2.4_J15,2.4,15,100,11534337,273,0,-1,,0,-1,
h2.4_J15,2.4,15,100,11534337,274,0,-1,,0,-1,
h2.4_J15,2.4,15,100,11534337,275,1,264,13.200000000000001,1,267,13.350000000000001
h2.4_J15,2.4,15,100,11534337,276,0,-1,,1,10710,535.5
h2.4_J15,2.4,15,100,11534337,277,0,-1,,0,-1,
h2.4_J15,2.4,15,100,11534337,278,0,-1,,0,-1,
h2.4_J15,2.4,15,100,11534337,279,0,-1,,1,16407,820.35
h2.4_J15,2.4,15,100,11534337,280,0,-1,,1,12621,631.0500000000001
h2.4_J15,2.4,15,100,11534337,281,1,265,13.25,1,268,13.4
h2.4_J15,2.4,15,100,11534337,282,0,-1,,0,-1,
h2.4_J15,2.4,15,100,11534337,283,0,-1,,1,2184,109.2
h2.4_J15,2.4,15,100,11534337,284,0,-1,,0,-1,
h2.4_J15,2.4,15,100,11534337,285,0,-1,,1,4004,200.20000000000002
h2.4_J15,2.4,15,100,11534337,286,0,-1,,0,-1,
h2.4_J15,2.4,15,100,11534337,287,0,-1,,0,-1,
h2.4_J15,2.4,15,100,11534337,288,0,-1,,0,-1,
h2.4_J15,2.4,15,100,11534337,289,0,-1,,0,-1,
h2.4_J15,2.4,15,100,11534337,290,0,-1,,0,-1,
h2.4_J15,2.4,15,100,11534337,291,0,-1,,0,-1,
h2.4_J15,2.4,15,100,11534337,292,0,-1,,0,-1,
h2.4_J15,2.4,15,100,11534337,293,1,285,14.25,1,287,14.350000000000001
h2.4_J15,2.4,15,100,11534337,294,0,-1,,0,-1,
h2.4_J15,2.4,15,100,11534337,295,0,-1,,1,12027,601.35
h2.4_J15,2.4,15,100,11534337,296,0,-1,,0,-1,
h2.4_J15,2.4,15,100,11534337,297,0,-1,,0,-1,
h2.4_J15,2.4,15,100,11534337,298,0,-1,,1,9591,479.55
h2.4_J15,2.4,15,100,11534337,299,0,-1,,0,-1,
h2.4_J15,2.4,15,100,11534337,300,0,-1,,1,14105,705.25
h2.4_J15,2.4,15,100,11534337,301,0,-1,,0,-1,
h2.4_J15,2.4,15,100,11534337,302,0,-1,,0,-1,
h2.4_J15,2.4,15,100,11534337,303,1,288,14.4,1,296,14.8
h2.4_J15,2.4,15,100,11534337,304,0,-1,,1,15167,758.35
h2.4_J15,2.4,15,100,11534337,305,0,-1,,0,-1,
h2.4_J15,2.4,15,100,11534337,306,0,-1,,1,14870,743.5
h2.4_J15,2.4,15,100,11534337,307,1,4104,205.20000000000002,1,5462,273.1
h2.4_J15,2.4,15,100,11534337,308,0,-1,,0,-1,
h2.4_J15,2.4,15,100,11534337,309,0,-1,,0,-1,
h2.4_J15,2.4,15,100,11534337,310,0,-1,,0,-1,
h2.4_J15,2.4,15,100,11534337,311,0,-1,,0,-1,
h2.4_J15,2.4,15,100,11534337,312,0,-1,,0,-1,
h2.4_J15,2.4,15,100,11534337,313,1,294,14.700000000000001,1,293,14.65
h2.4_J15,2.4,15,100,11534337,314,0,-1,,0,-1,
h2.4_J15,2.4,15,100,11534337,315,1,291,14.55,0,-1,
h2.4_J15,2.4,15,100,11534337,316,0,-1,,0,-1,
h2.4_J15,2.4,15,100,11534337,317,0,-1,,1,3418,170.9
h2.4_J15,2.4,15,100,11534337,318,0,-1,,0,-1,
h2.4_J15,2.4,15,100,11534337,319,0,-1,,0,-1,
h2.4_J15,2.4,15,100,11534337,320,1,295,14.75,1,303,15.15
h2.4_J15,2.4,15,100,11534337,321,0,-1,,0,-1,
h2.4_J15,2.4,15,100,11534337,322,0,-1,,0,-1,
h2.4_J15,2.4,15,100,11534337,323,0,-1,,0,-1,
h2.4_J15,2.4,15,100,11534337,324,1,289,14.450000000000001,1,291,14.55
h2.4_J15,2.4,15,100,11534337,325,0,-1,,0,-1,
h2.4_J15,2.4,15,100,11534337,326,0,-1,,1,14601,730.0500000000001
h2.4_J15,2.4,15,100,11534337,327,0,-1,,0,-1,
h2.4_J15,2.4,15,100,11534337,328,0,-1,,0,-1,
h2.4_J15,2.4,15,100,11534337,329,1,299,14.950000000000001,1,300,15.0
h2.4_J15,2.4,15,100,11534337,330,0,-1,,0,-1,
h2.4_J15,2.4,15,100,11534337,331,1,305,15.25,1,311,15.55
h2.4_J15,2.4,15,100,11534337,332,1,271,13.55,1,275,13.75
h2.4_J15,2.4,15,100,11534337,333,1,1380,69.0,0,-1,
h2.4_J15,2.4,15,100,11534337,334,0,-1,,0,-1,
h2.4_J15,2.4,15,100,11534337,335,0,-1,,0,-1,
h2.4_J15,2.4,15,100,11534337,336,0,-1,,0,-1,
h2.4_J15,2.4,15,100,11534337,337,0,-1,,0,-1,
h2.4_J15,2.4,15,100,11534337,338,0,-1,,0,-1,
h2.4_J15,2.4,15,100,11534337,339,0,-1,,0,-1,
h2.4_J15,2.4,15,100,11534337,340,0,-1,,1,9809,490.45000000000005
h2.4_J15,2.4,15,100,11534337,341,0,-1,,0,-1,
h2.4_J15,2.4,15,100,11534337,342,0,-1,,0,-1,
h2.4_J15,2.4,15,100,11534337,343,1,276,13.8,1,278,13.9
h2.4_J15,2.4,15,100,11534337,344,0,-1,,0,-1,
h2.4_J15,2.4,15,100,11534337,345,0,-1,,0,-1,
h2.4_J15,2.4,15,100,11534337,346,0,-1,,0,-1,
h2.4_J15,2.4,15,100,11534337,347,0,-1,,0,-1,
h2.4_J15,2.4,15,100,11534337,348,0,-1,,0,-1,
h2.4_J15,2.4,15,100,11534337,349,1,274,13.700000000000001,1,274,13.700000000000001
h2.4_J15,2.4,15,100,11534337,350,1,291,14.55,1,293,14.65
h2.4_J15,2.4,15,100,11534337,351,0,-1,,0,-1,
h2.4_J15,2.4,15,100,11534337,352,0,-1,,0,-1,
h2.4_J15,2.4,15,100,11534337,353,0,-1,,0,-1,
h2.4_J15,2.4,15,100,11534337,354,0,-1,,1,6798,339.90000000000003
h2.4_J15,2.4,15,100,11534337,355,0,-1,,0,-1,
h2.4_J15,2.4,15,100,11534337,356,0,-1,,0,-1,
h2.4_J15,2.4,15,100,11534337,357,0,-1,,1,8302,415.1
h2.4_J15,2.4,15,100,11534337,358,0,-1,,0,-1,
h2.4_J15,2.4,15,100,11534337,359,0,-1,,0,-1,
h2.4_J15,2.4,15,100,11534337,360,0,-1,,0,-1,
h2.4_J15,2.4,15,100,11534337,361,1,271,13.55,1,275,13.75
h2.4_J15,2.4,15,100,11534337,362,0,-1,,1,8448,422.40000000000003
h2.4_J15,2.4,15,100,11534337,363,0,-1,,0,-1,
h2.4_J15,2.4,15,100,11534337,364,0,-1,,0,-1,
h2.4_J15,2.4,15,100,11534337,365,0,-1,,1,7603,380.15000000000003
h2.4_J15,2.4,15,100,11534337,366,0,-1,,1,12693,634.6500000000001
h2.4_J15,2.4,15,100,11534337,367,0,-1,,1,8256,412.8
h2.4_J15,2.4,15,100,11534337,368,0,-1,,0,-1,
h2.4_J15,2.4,15,100,11534337,369,1,296,14.8,1,297,14.850000000000001
h2.4_J15,2.4,15,100,11534337,370,0,-1,,0,-1,
h2.4_J15,2.4,15,100,11534337,371,0,-1,,1,12025,601.25
h2.4_J15,2.4,15,100,11534337,372,0,-1,,0,-1,
h2.4_J15,2.4,15,100,11534337,373,0,-1,,0,-1,
h2.4_J15,2.4,15,100,11534337,374,0,-1,,0,-1,
h2.4_J15,2.4,15,100,11534337,375,0,-1,,0,-1,
h2.4_J15,2.4,15,100,11534337,376,0,-1,,1,14614,730.7
h2.4_J15,2.4,15,100,11534337,377,0,-1,,0,-1,
h2.4_J15,2.4,15,100,11534337,378,0,-1,,0,-1,
h2.4_J15,2.4,15,100,11534337,379,0,-1,,0,-1,
h2.4_J15,2.4,15,100,11534337,380,1,329,16.45,1,333,16.650000000000002
h2.4_J15,2.4,15,100,11534337,381,0,-1,,0,-1,
h2.4_J15,2.4,15,100,11534337,382,0,-1,,0,-1,
h2.4_J15,2.4,15,100,11534337,383,0,-1,,0,-1,
h2.4_J15,2.4,15,100,11534337,384,0,-1,,0,-1,
h2.4_J15,2.4,15,100,11534337,385,1,300,15.0,1,302,15.100000000000001
h2.4_J15,2.4,15,100,11534337,386,0,-1,,0,-1,
h2.4_J15,2.4,15,100,11534337,387,0,-1,,0,-1,
h2.4_J15,2.4,15,100,11534337,388,0,-1,,0,-1,
h2.4_J15,2.4,15,100,11534337,389,0,-1,,0,-1,
h2.4_J15,2.4,15,100,11534337,390,0,-1,,0,-1,
h2.4_J15,2.4,15,100,11534337,391,0,-1,,0,-1,
h2.4_J15,2.4,15,100,11534337,392,0,-1,,0,-1,
h2.4_J15,2.4,15,100,11534337,393,0,-1,,1,19589,979.45
h2.4_J15,2.4,15,100,11534337,394,0,-1,,0,-1,
h2.4_J15,2.4,15,100,11534337,395,0,-1,,0,-1,
h2.4_J15,2.4,15,100,11534337,396,0,-1,,1,9205,460.25
h2.4_J15,2.4,15,100,11534337,397,1,268,13.4,1,272,13.600000000000001
h2.4_J15,2.4,15,100,11534337,398,0,-1,,1,8745,437.25
h2.4_J15,2.4,15,100,11534337,399,0,-1,,0,-1,
h2.4_J15,2.4,15,100,11534337,400,0,-1,,1,15993,799.6500000000001
h2.4_J15,2.4,15,100,11534337,401,0,-1,,1,13365,668.25
h2.4_J15,2.4,15,100,11534337,402,0,-1,,0,-1,
h2.4_J15,2.4,15,100,11534337,403,0,-1,,0,-1,
h2.4_J15,2.4,15,100,11534337,404,1,2230,111.5,1,2257,112.85000000000001
h2.4_J15,2.4,15,100,11534337,405,0,-1,,0,-1,
h2.4_J15,2.4,15,100,11534337,406,0,-1,,0,-1,
h2.4_J15,2.4,15,100,11534337,407,0,-1,,0,-1,
h2.4_J15,2.4,15,100,11534337,408,0,-1,,0,-1,
h2.4_J15,2.4,15,100,11534337,409,1,273,13.65,1,272,13.600000000000001
h2.4_J15,2.4,15,100,11534337,410,0,-1,,0,-1,
h2.4_J15,2.4,15,100,11534337,411,0,-1,,0,-1,
h2.4_J15,2.4,15,100,11534337,412,0,-1,,0,-1,
h2.4_J15,2.4,15,100,11534337,413,0,-1,,0,-1,
h2.4_J15,2.4,15,100,11534337,414,0,-1,,0,-1,
h2.4_J15,2.4,15,100,11534337,415,0,-1,,1,11887,594.35
h2.4_J15,2.4,15,100,11534337,416,0,-1,,0,-1,
h2.4_J15,2.4,15,100,11534337,417,1,275,13.75,1,278,13.9
h2.4_J15,2.4,15,100,11534337,418,0,-1,,0,-1,
h2.4_J15,2.4,15,100,11534337,419,0,-1,,1,12366,618.3000000000001
h2.4_J15,2.4,15,100,11534337,420,0,-1,,0,-1,
h2.4_J15,2.4,15,100,11534337,421,0,-1,,0,-1,
h2.4_J15,2.4,15,100,11534337,422,0,-1,,1,17434,871.7
h2.4_J15,2.4,15,100,11534337,423,0,-1,,0,-1,
h2.4_J15,2.4,15,100,11534337,424,0,-1,,0,-1,
h2.4_J15,2.4,15,100,11534337,425,0,-1,,0,-1,
h2.4_J15,2.4,15,100,11534337,426,1,304,15.200000000000001,1,302,15.100000000000001
h2.4_J15,2.4,15,100,11534337,427,0,-1,,0,-1,
h2.4_J15,2.4,15,100,11534337,428,0,-1,,0,-1,
h2.4_J15,2.4,15,100,11534337,429,0,-1,,1,18330,916.5
h2.4_J15,2.4,15,100,11534337,430,1,330,16.5,1,351,17.55
h2.4_J15,2.4,15,100,11534337,431,0,-1,,0,-1,
h2.4_J15,2.4,15,100,11534337,432,1,8499,424.95000000000005,1,8527,426.35
h2.4_J15,2.4,15,100,11534337,433,0,-1,,0,-1,
h2.4_J15,2.4,15,100,11534337,434,0,-1,,0,-1,
h2.4_J15,2.4,15,100,11534337,435,0,-1,,0,-1,
h2.4_J15,2.4,15,100,11534337,436,0,-1,,1,17841,892.0500000000001
h2.4_J15,2.4,15,100,11534337,437,0,-1,,0,-1,
h2.4_J15,2.4,15,100,11534337,438,0,-1,,0,-1,
h2.4_J15,2.4,15,100,11534337,439,0,-1,,0,-1,
h2.4_J15,2.4,15,100,11534337,440,0,-1,,0,-1,
h2.4_J15,2.4,15,100,11534337,441,0,-1,,0,-1,
h2.4_J15,2.4,15,100,11534337,442,0,-1,,1,17627,881.35
h2.4_J15,2.4,15,100,11534337,443,0,-1,,0,-1,
h2.4_J15,2.4,15,100,11534337,444,0,-1,,0,-1,
h2.4_J15,2.4,15,100,11534337,445,0,-1,,0,-1,
h2.4_J15,2.4,15,100,11534337,446,1,288,14.4,0,-1,
h2.4_J15,2.4,15,100,11534337,447,1,273,13.65,1,277,13.850000000000001
h2.4_J15,2.4,15,100,11534337,448,0,-1,,0,-1,
h2.4_J15,2.4,15,100,11534337,449,0,-1,,0,-1,
h2.4_J15,2.4,15,100,11534337,450,1,280,14.0,1,283,14.15
h2.4_J15,2.4,15,100,11534337,451,0,-1,,0,-1,
h2.4_J15,2.4,15,100,11534337,452,0,-1,,0,-1,
h2.4_J15,2.4,15,100,11534337,453,0,-1,,0,-1,
h2.4_J15,2.4,15,100,11534337,454,0,-1,,0,-1,
h2.4_J15,2.4,15,100,11534337,455,0,-1,,0,-1,
h2.4_J15,2.4,15,100,11534337,456,0,-1,,0,-1,
h2.4_J15,2.4,15,100,11534337,457,1,284,14.200000000000001,1,284,14.200000000000001
h2.4_J15,2.4,15,100,11534337,458,0,-1,,1,19907,995.35
h2.4_J15,2.4,15,100,11534337,459,0,-1,,0,-1,
h2.4_J15,2.4,15,100,11534337,460,1,266,13.3,1,269,13.450000000000001
h2.4_J15,2.4,15,100,11534337,461,0,-1,,0,-1,
h2.4_J15,2.4,15,100,11534337,462,1,1016,50.800000000000004,1,1054,52.7
h2.4_J15,2.4,15,100,11534337,463,0,-1,,1,13991,699.5500000000001
h2.4_J15,2.4,15,100,11534337,464,1,294,14.700000000000001,1,298,14.9
h2.4_J15,2.4,15,100,11534337,465,0,-1,,1,18681,934.0500000000001
h2.4_J15,2.4,15,100,11534337,466,0,-1,,0,-1,
h2.4_J15,2.4,15,100,11534337,467,0,-1,,0,-1,
h2.4_J15,2.4,15,100,11534337,468,0,-1,,0,-1,
h2.4_J15,2.4,15,100,11534337,469,0,-1,,0,-1,
h2.4_J15,2.4,15,100,11534337,470,0,-1,,0,-1,
h2.4_J15,2.4,15,100,11534337,471,1,264,13.200000000000001,1,266,13.3
h2.4_J15,2.4,15,100,11534337,472,0,-1,,0,-1,
h2.4_J15,2.4,15,100,11534337,473,1,307,15.350000000000001,1,303,15.15
h2.4_J15,2.4,15,100,11534337,474,0,-1,,0,-1,
h2.4_J15,2.4,15,100,11534337,475,0,-1,,1,19629,981.45
h2.4_J15,2.4,15,100,11534337,476,0,-1,,0,-1,
h2.4_J15,2.4,15,100,11534337,477,0,-1,,0,-1,
h2.4_J15,2.4,15,100,11534337,478,0,-1,,1,10023,501.15000000000003
h2.4_J15,2.4,15,100,11534337,479,0,-1,,0,-1,
h2.4_J15,2.4,15,100,11534337,480,0,-1,,0,-1,
h2.4_J15,2.4,15,100,11534337,481,0,-1,,1,10242,512.1
h2.4_J15,2.4,15,100,11534337,482,1,266,13.3,1,269,13.450000000000001
h2.4_J15,2.4,15,100,11534337,483,1,289,14.450000000000001,1,286,14.3
h2.4_J15,2.4,15,100,11534337,484,0,-1,,0,-1,
h2.4_J15,2.4,15,100,11534337,485,0,-1,,0,-1,
h2.4_J15,2.4,15,100,11534337,486,1,283,14.15,1,289,14.450000000000001
h2.4_J15,2.4,15,100,11534337,487,0,-1,,0,-1,
h2.4_J15,2.4,15,100,11534337,488,0,-1,,0,-1,
h2.4_J15,2.4,15,100,11534337,489,0,-1,,0,-1,
h2.4_J15,2.4,15,100,11534337,490,0,-1,,0,-1,
h2.4_J15,2.4,15,100,11534337,491,0,-1,,0,-1,
h2.4_J15,2.4,15,100,11534337,492,1,267,13.350000000000001,1,272,13.600000000000001
h2.4_J15,2.4,15,100,11534337,493,0,-1,,0,-1,
h2.4_J15,2.4,15,100,11534337,494,0,-1,,0,-1,
h2.4_J15,2.4,15,100,11534337,495,0,-1,,0,-1,
h2.4_J15,2.4,15,100,11534337,496,0,-1,,0,-1,
h2.4_J15,2.4,15,100,11534337,497,0,-1,,0,-1,
h2.4_J15,2.4,15,100,11534337,498,0,-1,,0,-1,
h2.4_J15,2.4,15,100,11534337,499,0,-1,,0,-1,
h2.4_J15,2.4,15,100,11534337,500,0,-1,,0,-1,
h2.4_J15,2.4,15,100,11534337,501,1,273,13.65,1,277,13.850000000000001
h2.4_J15,2.4,15,100,11534337,502,1,279,13.950000000000001,1,283,14.15
h2.4_J15,2.4,15,100,11534337,503,0,-1,,0,-1,
h2.4_J15,2.4,15,100,11534337,504,0,-1,,0,-1,
h2.4_J15,2.4,15,100,11534337,505,0,-1,,0,-1,
h2.4_J15,2.4,15,100,11534337,506,0,-1,,0,-1,
h2.4_J15,2.4,15,100,11534337,507,0,-1,,0,-1,
h2.4_J15,2.4,15,100,11534337,508,0,-1,,1,7542,377.1
h2.4_J15,2.4,15,100,11534337,509,0,-1,,1,10054,502.70000000000005
h2.4_J15,2.4,15,100,11534337,510,1,315,15.75,1,317,15.850000000000001
h2.4_J15,2.4,15,100,11534337,511,0,-1,,0,-1,
h2.4_J15,2.4,15,100,11534337,512,1,279,13.950000000000001,1,284,14.200000000000001
h2.4_J15,2.4,15,100,11534337,513,1,290,14.5,1,292,14.600000000000001
h2.4_J15,2.4,15,100,11534337,514,0,-1,,0,-1,
h2.4_J15,2.4,15,100,11534337,515,0,-1,,1,9604,480.20000000000005
h2.4_J15,2.4,15,100,11534337,516,0,-1,,0,-1,
h2.4_J15,2.4,15,100,11534337,517,0,-1,,1,14353,717.6500000000001
h2.4_J15,2.4,15,100,11534337,518,0,-1,,0,-1,
h2.4_J15,2.4,15,100,11534337,519,0,-1,,0,-1,
h2.4_J15,2.4,15,100,11534337,520,0,-1,,1,11395,569.75
h2.4_J15,2.4,15,100,11534337,521,0,-1,,1,11958,597.9
h2.4_J15,2.4,15,100,11534337,522,0,-1,,0,-1,
h2.4_J15,2.4,15,100,11534337,523,1,263,13.15,1,265,13.25
h2.4_J15,2.4,15,100,11534337,524,0,-1,,0,-1,
h2.4_J15,2.4,15,100,11534337,525,0,-1,,0,-1,
h2.4_J15,2.4,15,100,11534337,526,0,-1,,0,-1,
h2.4_J15,2.4,15,100,11534337,527,0,-1,,0,-1,
h2.4_J15,2.4,15,100,11534337,528,0,-1,,0,-1,
h2.4_J15,2.4,15,100,11534337,529,0,-1,,0,-1,
h2.4_J15,2.4,15,100,11534337,530,0,-1,,0,-1,
h2.4_J15,2.4,15,100,11534337,531,0,-1,,0,-1,
h2.4_J15,2.4,15,100,11534337,532,0,-1,,0,-1,
h2.4_J15,2.4,15,100,11534337,533,0,-1,,0,-1,
h2.4_J15,2.4,15,100,11534337,534,1,342,17.1,1,345,17.25
h2.4_J15,2.4,15,100,11534337,535,0,-1,,0,-1,
h2.4_J15,2.4,15,100,11534337,536,1,267,13.350000000000001,1,267,13.350000000000001
h2.4_J15,2.4,15,100,11534337,537,0,-1,,0,-1,
h2.4_J15,2.4,15,100,11534337,538,0,-1,,0,-1,
h2.4_J15,2.4,15,100,11534337,539,0,-1,,0,-1,
h2.4_J15,2.4,15,100,11534337,540,0,-1,,0,-1,
h2.4_J15,2.4,15,100,11534337,541,0,-1,,1,18763,938.1500000000001
h2.4_J15,2.4,15,100,11534337,542,1,8142,407.1,1,8184,409.20000000000005
h2.4_J15,2.4,15,100,11534337,543,0,-1,,0,-1,
h2.4_J15,2.4,15,100,11534337,544,0,-1,,1,7093,354.65000000000003
h2.4_J15,2.4,15,100,11534337,545,1,283,14.15,1,284,14.200000000000001
h2.4_J15,2.4,15,100,11534337,546,0,-1,,0,-1,
h2.4_J15,2.4,15,100,11534337,547,0,-1,,0,-1,
h2.4_J15,2.4,15,100,11534337,548,0,-1,,0,-1,
h2.4_J15,2.4,15,100,11534337,549,0,-1,,0,-1,
h2.4_J15,2.4,15,100,11534337,550,1,280,14.0,1,289,14.450000000000001
h2.4_J15,2.4,15,100,11534337,551,0,-1,,0,-1,
h2.4_J15,2.4,15,100,11534337,552,0,-1,,0,-1,
h2.4_J15,2.4,15,100,11534337,553,0,-1,,0,-1,
h2.4_J15,2.4,15,100,11534337,554,0,-1,,1,16384,819.2
h2.4_J15,2.4,15,100,11534337,555,0,-1,,0,-1,
h2.4_J15,2.4,15,100,11534337,556,1,11882,594.1,1,11961,598.0500000000001
h2.4_J15,2.4,15,100,11534337,557,0,-1,,0,-1,
h2.4_J15,2.4,15,100,11534337,558,0,-1,,1,9028,451.40000000000003
h2.4_J15,2.4,15,100,11534337,559,0,-1,,0,-1,
h2.4_J15,2.4,15,100,11534337,560,1,271,13.55,1,275,13.75
h2.4_J15,2.4,15,100,11534337,561,0,-1,,1,4823,241.15
h2.4_J15,2.4,15,100,11534337,562,0,-1,,0,-1,
h2.4_J15,2.4,15,100,11534337,563,1,305,15.25,1,303,15.15
h2.4_J15,2.4,15,100,11534337,564,0,-1,,0,-1,
h2.4_J15,2.4,15,100,11534337,565,0,-1,,0,-1,
h2.4_J15,2.4,15,100,11534337,566,0,-1,,0,-1,
h2.4_J15,2.4,15,100,11534337,567,0,-1,,0,-1,
h2.4_J15,2.4,15,100,11534337,568,0,-1,,0,-1,
h2.4_J15,2.4,15,100,11534337,569,0,-1,,1,17306,865.3000000000001
h2.4_J15,2.4,15,100,11534337,570,1,7402,370.1,1,7391,369.55
h2.4_J15,2.4,15,100,11534337,571,0,-1,,0,-1,
h2.4_J15,2.4,15,100,11534337,572,1,323,16.150000000000002,1,323,16.150000000000002
h2.4_J15,2.4,15,100,11534337,573,0,-1,,0,-1,
h2.4_J15,2.4,15,100,11534337,574,0,-1,,1,16660,833.0
h2.4_J15,2.4,15,100,11534337,575,1,435,21.75,0,-1,
h2.4_J15,2.4,15,100,11534337,576,1,10573,528.65,0,-1,
h2.4_J15,2.4,15,100,11534337,577,0,-1,,0,-1,
h2.4_J15,2.4,15,100,11534337,578,1,273,13.65,1,274,13.700000000000001
h2.4_J15,2.4,15,100,11534337,579,0,-1,,0,-1,
h2.4_J15,2.4,15,100,11534337,580,0,-1,,0,-1,
h2.4_J15,2.4,15,100,11534337,581,1,272,13.600000000000001,1,273,13.65
h2.4_J15,2.4,15,100,11534337,582,0,-1,,0,-1,
h2.4_J15,2.4,15,100,11534337,583,0,-1,,0,-1,
h2.4_J15,2.4,15,100,11534337,584,0,-1,,1,17278,863.9000000000001
h2.4_J15,2.4,15,100,11534337,585,0,-1,,0,-1,
h2.4_J15,2.4,15,100,11534337,586,0,-1,,1,7260,363.0
h2.4_J15,2.4,15,100,11534337,587,0,-1,,0,-1,
h2.4_J15,2.4,15,100,11534337,588,0,-1,,0,-1,
h2.4_J15,2.4,15,100,11534337,589,0,-1,,0,-1,
h2.4_J15,2.4,15,100,11534337,590,0,-1,,1,9340,467.0
h2.4_J15,2.4,15,100,11534337,591,0,-1,,0,-1,
h2.4_J15,2.4,15,100,11534337,592,0,-1,,0,-1,
h2.4_J15,2.4,15,100,11534337,593,0,-1,,0,-1,
h2.4_J15,2.4,15,100,11534337,594,0,-1,,0,-1,
h2.4_J15,2.4,15,100,11534337,595,1,285,14.25,1,290,14.5
h2.4_J15,2.4,15,100,11534337,596,0,-1,,0,-1,
h2.4_J15,2.4,15,100,11534337,597,0,-1,,0,-1,
h2.4_J15,2.4,15,100,11534337,598,0,-1,,0,-1,
h2.4_J15,2.4,15,100,11534337,599,0,-1,,0,-1,
h2.4_J15,2.4,15,100,11534337,600,0,-1,,0,-1,
h2.4_J15,2.4,15,100,11534337,601,0,-1,,0,-1,
h2.4_J15,2.4,15,100,11534337,602,0,-1,,0,-1,
h2.4_J15,2.4,15,100,11534337,603,0,-1,,0,-1,
h2.4_J15,2.4,15,100,11534337,604,0,-1,,0,-1,
h2.4_J15,2.4,15,100,11534337,605,0,-1,,0,-1,
h2.4_J15,2.4,15,100,11534337,606,0,-1,,0,-1,
h2.4_J15,2.4,15,100,11534337,607,0,-1,,0,-1,
h2.4_J15,2.4,15,100,11534337,608,0,-1,,0,-1,
h2.4_J15,2.4,15,100,11534337,609,1,7732,386.6,1,7761,388.05
h2.4_J15,2.4,15,100,11534337,610,0,-1,,0,-1,
h2.4_J15,2.4,15,100,11534337,611,0,-1,,1,19302,965.1
h2.4_J15,2.4,15,100,11534337,612,0,-1,,0,-1,
h2.4_J15,2.4,15,100,11534337,613,0,-1,,0,-1,
h2.4_J15,2.4,15,100,11534337,614,0,-1,,0,-1,
h2.4_J15,2.4,15,100,11534337,615,0,-1,,0,-1,
h2.4_J15,2.4,15,100,11534337,616,1,282,14.100000000000001,1,285,14.25
h2.4_J15,2.4,15,100,11534337,617,0,-1,,0,-1,
h2.4_J15,2.4,15,100,11534337,618,1,274,13.700000000000001,1,276,13.8
h2.4_J15,2.4,15,100,11534337,619,0,-1,,1,17982,899.1
h2.4_J15,2.4,15,100,11534337,620,1,8432,421.6,1,8455,422.75
h2.4_J15,2.4,15,100,11534337,621,1,275,13.75,0,-1,
h2.4_J15,2.4,15,100,11534337,622,0,-1,,0,-1,
h2.4_J15,2.4,15,100,11534337,623,0,-1,,0,-1,
h2.4_J15,2.4,15,100,11534337,624,0,-1,,1,18521,926.0500000000001
h2.4_J15,2.4,15,100,11534337,625,0,-1,,1,6358,317.90000000000003
h2.4_J15,2.4,15,100,11534337,626,0,-1,,0,-1,
h2.4_J15,2.4,15,100,11534337,627,0,-1,,0,-1,
h2.4_J15,2.4,15,100,11534337,628,0,-1,,0,-1,
h2.4_J15,2.4,15,100,11534337,629,0,-1,,0,-1,
h2.4_J15,2.4,15,100,11534337,630,0,-1,,0,-1,
h2.4_J15,2.4,15,100,11534337,631,0,-1,,0,-1,
h2.4_J15,2.4,15,100,11534337,632,0,-1,,0,-1,
h2.4_J15,2.4,15,100,11534337,633,0,-1,,0,-1,
h2.4_J15,2.4,15,100,11534337,634,0,-1,,0,-1,
h2.4_J15,2.4,15,100,11534337,635,0,-1,,0,-1,
h2.4_J15,2.4,15,100,11534337,636,0,-1,,0,-1,
h2.4_J15,2.4,15,100,11534337,637,0,-1,,1,10865,543.25
h2.4_J15,2.4,15,100,11534337,638,0,-1,,1,7638,381.90000000000003
h2.4_J15,2.4,15,100,11534337,639,0,-1,,1,5812,290.6
h2.4_J15,2.4,15,100,11534337,640,0,-1,,0,-1,
h2.4_J15,2.4,15,100,11534337,641,0,-1,,0,-1,
h2.4_J15,2.4,15,100,11534337,642,0,-1,,0,-1,
h2.4_J15,2.4,15,100,11534337,643,0,-1,,0,-1,
h2.4_J15,2.4,15,100,11534337,644,1,309,15.450000000000001,1,312,15.600000000000001
h2.4_J15,2.4,15,100,11534337,645,1,266,13.3,1,270,13.5
h2.4_J15,2.4,15,100,11534337,646,1,289,14.450000000000001,1,294,14.700000000000001
h2.4_J15,2.4,15,100,11534337,647,1,284,14.200000000000001,1,287,14.350000000000001
h2.4_J15,2.4,15,100,11534337,648,1,299,14.950000000000001,1,309,15.450000000000001
h2.4_J15,2.4,15,100,11534337,649,1,282,14.100000000000001,1,348,17.400000000000002
h2.4_J15,2.4,15,100,11534337,650,0,-1,,1,3765,188.25
h2.4_J15,2.4,15,100,11534337,651,1,274,13.700000000000001,1,276,13.8
h2.4_J15,2.4,15,100,11534337,652,0,-1,,1,15068,753.4000000000001
h2.4_J15,2.4,15,100,11534337,653,0,-1,,0,-1,
h2.4_J15,2.4,15,100,11534337,654,0,-1,,0,-1,
h2.4_J15,2.4,15,100,11534337,655,0,-1,,0,-1,
h2.4_J15,2.4,15,100,11534337,656,0,-1,,1,4442,222.10000000000002
h2.4_J15,2.4,15,100,11534337,657,0,-1,,0,-1,
h2.4_J15,2.4,15,100,11534337,658,0,-1,,1,12098,604.9
h2.4_J15,2.4,15,100,11534337,659,0,-1,,0,-1,
h2.4_J15,2.4,15,100,11534337,660,0,-1,,0,-1,
h2.4_J15,2.4,15,100,11534337,661,0,-1,,0,-1,
h2.4_J15,2.4,15,100,11534337,662,0,-1,,0,-1,
h2.4_J15,2.4,15,100,11534337,663,0,-1,,1,19989,999.45
h2.4_J15,2.4,15,100,11534337,664,0,-1,,0,-1,
h2.4_J15,2.4,15,100,11534337,665,0,-1,,1,12011,600.5500000000001
h2.4_J15,2.4,15,100,11534337,666,1,273,13.65,1,274,13.700000000000001
h2.4_J15,2.4,15,100,11534337,667,0,-1,,0,-1,
h2.4_J15,2.4,15,100,11534337,668,0,-1,,0,-1,
h2.4_J15,2.4,15,100,11534337,669,0,-1,,0,-1,
h2.4_J15,2.4,15,100,11534337,670,0,-1,,0,-1,
h2.4_J15,2.4,15,100,11534337,671,0,-1,,0,-1,
h2.4_J15,2.4,15,100,11534337,672,0,-1,,0,-1,
h2.4_J15,2.4,15,100,11534337,673,0,-1,,1,7163,358.15000000000003
h2.4_J15,2.4,15,100,11534337,674,1,292,14.600000000000001,1,294,14.700000000000001
h2.4_J15,2.4,15,100,11534337,675,0,-1,,0,-1,
h2.4_J15,2.4,15,100,11534337,676,0,-1,,0,-1,
h2.4_J15,2.4,15,100,11534337,677,0,-1,,0,-1,
h2.4_J15,2.4,15,100,11534337,678,0,-1,,0,-1,
h2.4_J15,2.4,15,100,11534337,679,0,-1,,0,-1,
h2.4_J15,2.4,15,100,11534337,680,0,-1,,0,-1,
h2.4_J15,2.4,15,100,11534337,681,0,-1,,0,-1,
h2.4_J15,2.4,15,100,11534337,682,0,-1,,0,-1,
h2.4_J15,2.4,15,100,11534337,683,1,282,14.100000000000001,1,288,14.4
h2.4_J15,2.4,15,100,11534337,684,0,-1,,0,-1,
h2.4_J15,2.4,15,100,11534337,685,0,-1,,0,-1,
h2.4_J15,2.4,15,100,11534337,686,0,-1,,0,-1,
h2.4_J15,2.4,15,100,11534337,687,0,-1,,0,-1,
h2.4_J15,2.4,15,100,11534337,688,1,291,14.55,1,293,14.65
h2.4_J15,2.4,15,100,11534337,689,0,-1,,0,-1,
h2.4_J15,2.4,15,100,11534337,690,1,6595,329.75,1,10175,508.75
h2.4_J15,2.4,15,100,11534337,691,0,-1,,0,-1,
h2.4_J15,2.4,15,100,11534337,692,0,-1,,1,11787,589.35
h2.4_J15,2.4,15,100,11534337,693,1,272,13.600000000000001,1,273,13.65
h2.4_J15,2.4,15,100,11534337,694,0,-1,,1,311,15.55
h2.4_J15,2.4,15,100,11534337,695,0,-1,,0,-1,
h2.4_J15,2.4,15,100,11534337,696,0,-1,,0,-1,
h2.4_J15,2.4,15,100,11534337,697,0,-1,,0,-1,
h2.4_J15,2.4,15,100,11534337,698,0,-1,,0,-1,
h2.4_J15,2.4,15,100,11534337,699,0,-1,,0,-1,
h2.4_J15,2.4,15,100,11534337,700,0,-1,,0,-1,
h2.4_J15,2.4,15,100,11534337,701,0,-1,,1,8754,437.70000000000005
h2.4_J15,2.4,15,100,11534337,702,0,-1,,1,10002,500.1
h2.4_J15,2.4,15,100,11534337,703,0,-1,,0,-1,
h2.4_J15,2.4,15,100,11534337,704,0,-1,,0,-1,
h2.4_J15,2.4,15,100,11534337,705,0,-1,,0,-1,
h2.4_J15,2.4,15,100,11534337,706,0,-1,,0,-1,
h2.4_J15,2.4,15,100,11534337,707,0,-1,,0,-1,
h2.4_J15,2.4,15,100,11534337,708,0,-1,,1,16095,804.75
h2.4_J15,2.4,15,100,11534337,709,0,-1,,1,9334,466.70000000000005
h2.4_J15,2.4,15,100,11534337,710,0,-1,,1,8158,407.90000000000003
h2.4_J15,2.4,15,100,11534337,711,0,-1,,0,-1,
h2.4_J15,2.4,15,100,11534337,712,0,-1,,0,-1,
h2.4_J15,2.4,15,100,11534337,713,0,-1,,0,-1,
h2.4_J15,2.4,15,100,11534337,714,0,-1,,0,-1,
h2.4_J15,2.4,15,100,11534337,715,0,-1,,0,-1,
h2.4_J15,2.4,15,100,11534337,716,0,-1,,0,-1,
h2.4_J15,2.4,15,100,11534337,717,0,-1,,0,-1,
h2.4_J15,2.4,15,100,11534337,718,0,-1,,0,-1,
h2.4_J15,2.4,15,100,11534337,719,0,-1,,0,-1,
h2.4_J15,2.4,15,100,11534337,720,0,-1,,0,-1,
h2.4_J15,2.4,15,100,11534337,721,0,-1,,0,-1,
h2.4_J15,2.4,15,100,11534337,722,0,-1,,1,2541,127.05000000000001
h2.4_J15,2.4,15,100,11534337,723,0,-1,,0,-1,
h2.4_J15,2.4,15,100,11534337,724,0,-1,,0,-1,
h2.4_J15,2.4,15,100,11534337,725,0,-1,,0,-1,
h2.4_J15,2.4,15,100,11534337,726,0,-1,,0,-1,
h2.4_J15,2.4,15,100,11534337,727,0,-1,,0,-1,
h2.4_J15,2.4,15,100,11534337,728,0,-1,,0,-1,
h2.4_J15,2.4,15,100,11534337,729,0,-1,,0,-1,
h2.4_J15,2.4,15,100,11534337,730,0,-1,,0,-1,
h2.4_J15,2.4,15,100,11534337,731,0,-1,,0,-1,
h2.4_J15,2.4,15,100,11534337,732,1,314,15.700000000000001,1,322,16.1
h2.4_J15,2.4,15,100,11534337,733,0,-1,,1,10822,541.1
h2.4_J15,2.4,15,100,11534337,734,0,-1,,0,-1,
h2.4_J15,2.4,15,100,11534337,735,0,-1,,0,-1,
h2.4_J15,2.4,15,100,11534337,736,0,-1,,0,-1,
h2.4_J15,2.4,15,100,11534337,737,0,-1,,1,9385,469.25
h2.4_J15,2.4,15,100,11534337,738,0,-1,,1,10844,542.2
h2.4_J15,2.4,15,100,11534337,739,1,279,13.950000000000001,1,290,14.5
h2.4_J15,2.4,15,100,11534337,740,0,-1,,0,-1,
h2.4_J15,2.4,15,100,11534337,741,0,-1,,0,-1,
h2.4_J15,2.4,15,100,11534337,742,0,-1,,0,-1,
h2.4_J15,2.4,15,100,11534337,743,0,-1,,0,-1,
h2.4_J15,2.4,15,100,11534337,744,0,-1,,0,-1,
h2.4_J15,2.4,15,100,11534337,745,0,-1,,0,-1,
h2.4_J15,2.4,15,100,11534337,746,0,-1,,0,-1,
h2.4_J15,2.4,15,100,11534337,747,0,-1,,0,-1,
h2.4_J15,2.4,15,100,11534337,748,0,-1,,0,-1,
h2.4_J15,2.4,15,100,11534337,749,0,-1,,0,-1,
h2.4_J15,2.4,15,100,11534337,750,0,-1,,0,-1,
h2.4_J15,2.4,15,100,11534337,751,0,-1,,0,-1,
h2.4_J15,2.4,15,100,11534337,752,0,-1,,0,-1,
h2.4_J15,2.4,15,100,11534337,753,0,-1,,0,-1,
h2.4_J15,2.4,15,100,11534337,754,0,-1,,0,-1,
h2.4_J15,2.4,15,100,11534337,755,0,-1,,0,-1,
h2.4_J15,2.4,15,100,11534337,756,0,-1,,1,19341,967.0500000000001
h2.4_J15,2.4,15,100,11534337,757,0,-1,,0,-1,
h2.4_J15,2.4,15,100,11534337,758,0,-1,,0,-1,
h2.4_J15,2.4,15,100,11534337,759,0,-1,,0,-1,
h2.4_J15,2.4,15,100,11534337,760,0,-1,,1,12915,645.75
h2.4_J15,2.4,15,100,11534337,761,0,-1,,0,-1,
h2.4_J15,2.4,15,100,11534337,762,0,-1,,0,-1,
h2.4_J15,2.4,15,100,11534337,763,0,-1,,0,-1,
h2.4_J15,2.4,15,100,11534337,764,0,-1,,1,10505,525.25
h2.4_J15,2.4,15,100,11534337,765,0,-1,,1,8952,447.6
h2.4_J15,2.4,15,100,11534337,766,0,-1,,0,-1,
h2.4_J15,2.4,15,100,11534337,767,0,-1,,0,-1,
h2.4_J15,2.4,15,100,11534337,768,0,-1,,0,-1,
h2.4_J15,2.4,15,100,11534337,769,1,6320,316.0,1,6327,316.35
h2.4_J15,2.4,15,100,11534337,770,0,-1,,0,-1,
h2.4_J15,2.4,15,100,11534337,771,0,-1,,0,-1,
h2.4_J15,2.4,15,100,11534337,772,0,-1,,0,-1,
h2.4_J15,2.4,15,100,11534337,773,0,-1,,0,-1,
h2.4_J15,2.4,15,100,11534337,774,0,-1,,0,-1,
h2.4_J15,2.4,15,100,11534337,775,0,-1,,0,-1,
h2.4_J15,2.4,15,100,11534337,776,1,296,14.8,1,300,15.0
h2.4_J15,2.4,15,100,11534337,777,0,-1,,0,-1,
h2.4_J15,2.4,15,100,11534337,778,0,-1,,1,1399,69.95
h2.4_J15,2.4,15,100,11534337,779,0,-1,,1,13341,667.0500000000001
h2.4_J15,2.4,15,100,11534337,780,1,295,14.75,1,9779,488.95000000000005
h2.4_J15,2.4,15,100,11534337,781,0,-1,,0,-1,
h2.4_J15,2.4,15,100,11534337,782,0,-1,,0,-1,
h2.4_J15,2.4,15,100,11534337,783,1,302,15.100000000000001,1,298,14.9
h2.4_J15,2.4,15,100,11534337,784,0,-1,,0,-1,
h2.4_J15,2.4,15,100,11534337,785,0,-1,,0,-1,
h2.4_J15,2.4,15,100,11534337,786,0,-1,,0,-1,
h2.4_J15,2.4,15,100,11534337,787,0,-1,,0,-1,
h2.4_J15,2.4,15,100,11534337,788,0,-1,,0,-1,
h2.4_J15,2.4,15,100,11534337,789,0,-1,,0,-1,
h2.4_J15,2.4,15,100,11534337,790,0,-1,,0,-1,
h2.4_J15,2.4,15,100,11534337,791,1,309,15.450000000000001,1,305,15.25
h2.4_J15,2.4,15,100,11534337,792,0,-1,,0,-1,
h2.4_J15,2.4,15,100,11534337,793,0,-1,,1,1976,98.80000000000001
h2.4_J15,2.4,15,100,11534337,794,0,-1,,0,-1,
h2.4_J15,2.4,15,100,11534337,795,0,-1,,0,-1,
h2.4_J15,2.4,15,100,11534337,796,1,304,15.200000000000001,1,303,15.15
h2.4_J15,2.4,15,100,11534337,797,0,-1,,1,5052,252.60000000000002
h2.4_J15,2.4,15,100,11534337,798,1,277,13.850000000000001,1,282,14.100000000000001
h2.4_J15,2.4,15,100,11534337,799,1,306,15.3,1,306,15.3
h2.4_J15,2.4,15,100,11534337,800,1,11780,589.0,1,11831,591.5500000000001
h2.4_J15,2.4,15,100,11534337,801,0,-1,,1,3352,167.60000000000002
h2.4_J15,2.4,15,100,11534337,802,0,-1,,0,-1,
h2.4_J15,2.4,15,100,11534337,803,0,-1,,0,-1,
h2.4_J15,2.4,15,100,11534337,804,0,-1,,0,-1,
h2.4_J15,2.4,15,100,11534337,805,0,-1,,0,-1,
h2.4_J15,2.4,15,100,11534337,806,0,-1,,0,-1,
h2.4_J15,2.4,15,100,11534337,807,0,-1,,0,-1,
h2.4_J15,2.4,15,100,11534337,808,0,-1,,0,-1,
h2.4_J15,2.4,15,100,11534337,809,0,-1,,0,-1,
h2.4_J15,2.4,15,100,11534337,810,0,-1,,0,-1,
h2.4_J15,2.4,15,100,11534337,811,0,-1,,0,-1,
h2.4_J15,2.4,15,100,11534337,812,0,-1,,0,-1,
h2.4_J15,2.4,15,100,11534337,813,0,-1,,1,8929,446.45000000000005
h2.4_J15,2.4,15,100,11534337,814,0,-1,,1,19160,958.0
h2.4_J15,2.4,15,100,11534337,815,1,14587,729.35,1,14629,731.45
h2.4_J15,2.4,15,100,11534337,816,1,270,13.5,1,271,13.55
h2.4_J15,2.4,15,100,11534337,817,0,-1,,0,-1,
h2.4_J15,2.4,15,100,11534337,818,0,-1,,0,-1,
h2.4_J15,2.4,15,100,11534337,819,0,-1,,0,-1,
h2.4_J15,2.4,15,100,11534337,820,0,-1,,1,11255,562.75
h2.4_J15,2.4,15,100,11534337,821,0,-1,,0,-1,
h2.4_J15,2.4,15,100,11534337,822,0,-1,,1,11622,581.1
h2.4_J15,2.4,15,100,11534337,823,0,-1,,0,-1,
h2.4_J15,2.4,15,100,11534337,824,0,-1,,0,-1,
h2.4_J15,2.4,15,100,11534337,825,0,-1,,1,13408,670.4000000000001
h2.4_J15,2.4,15,100,11534337,826,0,-1,,0,-1,
h2.4_J15,2.4,15,100,11534337,827,0,-1,,0,-1,
h2.4_J15,2.4,15,100,11534337,828,0,-1,,0,-1,
h2.4_J15,2.4,15,100,11534337,829,0,-1,,0,-1,
h2.4_J15,2.4,15,100,11534337,830,0,-1,,0,-1,
h2.4_J15,2.4,15,100,11534337,831,0,-1,,0,-1,
h2.4_J15,2.4,15,100,11534337,832,0,-1,,0,-1,
h2.4_J15,2.4,15,100,11534337,833,0,-1,,0,-1,
h2.4_J15,2.4,15,100,11534337,834,0,-1,,0,-1,
h2.4_J15,2.4,15,100,11534337,835,0,-1,,1,10242,512.1
h2.4_J15,2.4,15,100,11534337,836,0,-1,,0,-1,
h2.4_J15,2.4,15,100,11534337,837,0,-1,,0,-1,
h2.4_J15,2.4,15,100,11534337,838,0,-1,,0,-1,
h2.4_J15,2.4,15,100,11534337,839,0,-1,,0,-1,
h2.4_J15,2.4,15,100,11534337,840,0,-1,,0,-1,
h2.4_J15,2.4,15,100,11534337,841,0,-1,,0,-1,
h2.4_J15,2.4,15,100,11534337,842,0,-1,,0,-1,
h2.4_J15,2.4,15,100,11534337,843,1,263,13.15,0,-1,
h2.4_J15,2.4,15,100,11534337,844,0,-1,,0,-1,
h2.4_J15,2.4,15,100,11534337,845,0,-1,,1,5188,259.40000000000003
h2.4_J15,2.4,15,100,11534337,846,1,288,14.4,1,290,14.5
h2.4_J15,2.4,15,100,11534337,847,0,-1,,0,-1,
h2.4_J15,2.4,15,100,11534337,848,0,-1,,0,-1,
h2.4_J15,2.4,15,100,11534337,849,0,-1,,0,-1,
h2.4_J15,2.4,15,100,11534337,850,1,16023,801.1500000000001,1,4711,235.55
h2.4_J15,2.4,15,100,11534337,851,0,-1,,0,-1,
h2.4_J15,2.4,15,100,11534337,852,0,-1,,0,-1,
h2.4_J15,2.4,15,100,11534337,853,0,-1,,0,-1,
h2.4_J15,2.4,15,100,11534337,854,1,271,13.55,1,272,13.600000000000001
h2.4_J15,2.4,15,100,11534337,855,0,-1,,0,-1,
h2.4_J15,2.4,15,100,11534337,856,0,-1,,0,-1,
h2.4_J15,2.4,15,100,11534337,857,0,-1,,0,-1,
h2.4_J15,2.4,15,100,11534337,858,0,-1,,0,-1,
h2.4_J15,2.4,15,100,11534337,859,0,-1,,0,-1,
h2.4_J15,2.4,15,100,11534337,860,0,-1,,0,-1,
h2.4_J15,2.4,15,100,11534337,861,0,-1,,0,-1,
h2.4_J15,2.4,15,100,11534337,862,1,270,13.5,1,276,13.8
h2.4_J15,2.4,15,100,11534337,863,0,-1,,0,-1,
h2.4_J15,2.4,15,100,11534337,864,0,-1,,0,-1,
h2.4_J15,2.4,15,100,11534337,865,0,-1,,0,-1,
h2.4_J15,2.4,15,100,11534337,866,0,-1,,0,-1,
h2.4_J15,2.4,15,100,11534337,867,0,-1,,0,-1,
h2.4_J15,2.4,15,100,11534337,868,0,-1,,0,-1,
h2.4_J15,2.4,15,100,11534337,869,0,-1,,0,-1,
h2.4_J15,2.4,15,100,11534337,870,0,-1,,0,-1,
h2.4_J15,2.4,15,100,11534337,871,0,-1,,0,-1,
h2.4_J15,2.4,15,100,11534337,872,0,-1,,0,-1,
h2.4_J15,2.4,15,100,11534337,873,0,-1,,0,-1,
h2.4_J15,2.4,15,100,11534337,874,0,-1,,1,4187,209.35000000000002
h2.4_J15,2.4,15,100,11534337,875,1,264,13.200000000000001,1,267,13.350000000000001
h2.4_J15,2.4,15,100,11534337,876,0,-1,,0,-1,
h2.4_J15,2.4,15,100,11534337,877,1,272,13.600000000000001,1,275,13.75
h2.4_J15,2.4,15,100,11534337,878,0,-1,,0,-1,
h2.4_J15,2.4,15,100,11534337,879,1,295,14.75,1,298,14.9
h2.4_J15,2.4,15,100,11534337,880,0,-1,,0,-1,
h2.4_J15,2.4,15,100,11534337,881,0,-1,,0,-1,
h2.4_J15,2.4,15,100,11534337,882,0,-1,,0,-1,
h2.4_J15,2.4,15,100,11534337,883,0,-1,,1,19860,993.0
h2.4_J15,2.4,15,100,11534337,884,1,296,14.8,1,295,14.75
h2.4_J15,2.4,15,100,11534337,885,0,-1,,0,-1,
h2.4_J15,2.4,15,100,11534337,886,0,-1,,0,-1,
h2.4_J15,2.4,15,100,11534337,887,0,-1,,0,-1,
h2.4_J15,2.4,15,100,11534337,888,0,-1,,0,-1,
h2.4_J15,2.4,15,100,11534337,889,0,-1,,1,16175,808.75
h2.4_J15,2.4,15,100,11534337,890,0,-1,,0,-1,
h2.4_J15,2.4,15,100,11534337,891,1,307,15.350000000000001,1,325,16.25
h2.4_J15,2.4,15,100,11534337,892,0,-1,,0,-1,
h2.4_J15,2.4,15,100,11534337,893,1,19208,960.4000000000001,1,4644,232.20000000000002
h2.4_J15,2.4,15,100,11534337,894,0,-1,,1,15856,792.8000000000001
h2.4_J15,2.4,15,100,11534337,895,0,-1,,0,-1,
h2.4_J15,2.4,15,100,11534337,896,0,-1,,0,-1,
h2.4_J15,2.4,15,100,11534337,897,0,-1,,0,-1,
h2.4_J15,2.4,15,100,11534337,898,0,-1,,0,-1,
h2.4_J15,2.4,15,100,11534337,899,0,-1,,0,-1,
h2.4_J15,2.4,15,100,11534337,900,0,-1,,0,-1,
h2.4_J15,2.4,15,100,11534337,901,0,-1,,0,-1,
h2.4_J15,2.4,15,100,11534337,902,0,-1,,0,-1,
h2.4_J15,2.4,15,100,11534337,903,0,-1,,0,-1,
h2.4_J15,2.4,15,100,11534337,904,1,7021,351.05,0,-1,
h2.4_J15,2.4,15,100,11534337,905,0,-1,,0,-1,
h2.4_J15,2.4,15,100,11534337,906,0,-1,,0,-1,
h2.4_J15,2.4,15,100,11534337,907,0,-1,,0,-1,
h2.4_J15,2.4,15,100,11534337,908,0,-1,,0,-1,
h2.4_J15,2.4,15,100,11534337,909,1,279,13.950000000000001,1,285,14.25
h2.4_J15,2.4,15,100,11534337,910,1,2251,112.55000000000001,1,2264,113.2
h2.4_J15,2.4,15,100,11534337,911,0,-1,,0,-1,
h2.4_J15,2.4,15,100,11534337,912,0,-1,,0,-1,
h2.4_J15,2.4,15,100,11534337,913,0,-1,,1,12808,640.4000000000001
h2.4_J15,2.4,15,100,11534337,914,1,278,13.9,1,282,14.100000000000001
h2.4_J15,2.4,15,100,11534337,915,0,-1,,0,-1,
h2.4_J15,2.4,15,100,11534337,916,0,-1,,0,-1,
h2.4_J15,2.4,15,100,11534337,917,1,281,14.05,1,282,14.100000000000001
h2.4_J15,2.4,15,100,11534337,918,0,-1,,0,-1,
h2.4_J15,2.4,15,100,11534337,919,0,-1,,0,-1,
h2.4_J15,2.4,15,100,11534337,920,0,-1,,1,15835,791.75
h2.4_J15,2.4,15,100,11534337,921,0,-1,,0,-1,
h2.4_J15,2.4,15,100,11534337,922,0,-1,,0,-1,
h2.4_J15,2.4,15,100,11534337,923,0,-1,,1,18508,925.4000000000001
h2.4_J15,2.4,15,100,11534337,924,0,-1,,1,17535,876.75
h2.4_J15,2.4,15,100,11534337,925,0,-1,,0,-1,
h2.4_J15,2.4,15,100,11534337,926,0,-1,,1,7367,368.35
h2.4_J15,2.4,15,100,11534337,927,0,-1,,0,-1,
h2.4_J15,2.4,15,100,11534337,928,0,-1,,0,-1,
h2.4_J15,2.4,15,100,11534337,929,0,-1,,0,-1,
h2.4_J15,2.4,15,100,11534337,930,0,-1,,0,-1,
h2.4_J15,2.4,15,100,11534337,931,0,-1,,0,-1,
h2.4_J15,2.4,15,100,11534337,932,0,-1,,1,9474,473.70000000000005
h2.4_J15,2.4,15,100,11534337,933,0,-1,,0,-1,
h2.4_J15,2.4,15,100,11534337,934,0,-1,,0,-1,
h2.4_J15,2.4,15,100,11534337,935,1,1284,64.2,1,1292,64.60000000000001
h2.4_J15,2.4,15,100,11534337,936,0,-1,,0,-1,
h2.4_J15,2.4,15,100,11534337,937,0,-1,,0,-1,
h2.4_J15,2.4,15,100,11534337,938,0,-1,,0,-1,
h2.4_J15,2.4,15,100,11534337,939,0,-1,,1,6535,326.75
h2.4_J15,2.4,15,100,11534337,940,0,-1,,0,-1,
h2.4_J15,2.4,15,100,11534337,941,0,-1,,0,-1,
h2.4_J15,2.4,15,100,11534337,942,0,-1,,0,-1,
h2.4_J15,2.4,15,100,11534337,943,1,285,14.25,1,290,14.5
h2.4_J15,2.4,15,100,11534337,944,0,-1,,0,-1,
h2.4_J15,2.4,15,100,11534337,945,1,270,13.5,1,274,13.700000000000001
h2.4_J15,2.4,15,100,11534337,946,0,-1,,0,-1,
h2.4_J15,2.4,15,100,11534337,947,0,-1,,0,-1,
h2.4_J15,2.4,15,100,11534337,948,0,-1,,0,-1,
h2.4_J15,2.4,15,100,11534337,949,1,275,13.75,1,279,13.950000000000001
h2.4_J15,2.4,15,100,11534337,950,1,271,13.55,1,277,13.850000000000001
h2.4_J15,2.4,15,100,11534337,951,1,268,13.4,1,271,13.55
h2.4_J15,2.4,15,100,11534337,952,0,-1,,0,-1,
h2.4_J15,2.4,15,100,11534337,953,0,-1,,0,-1,
h2.4_J15,2.4,15,100,11534337,954,1,7461,373.05,1,7483,374.15000000000003
h2.4_J15,2.4,15,100,11534337,955,0,-1,,1,8638,431.90000000000003
h2.4_J15,2.4,15,100,11534337,956,0,-1,,0,-1,
h2.4_J15,2.4,15,100,11534337,957,0,-1,,0,-1,
h2.4_J15,2.4,15,100,11534337,958,0,-1,,0,-1,
h2.4_J15,2.4,15,100,11534337,959,0,-1,,0,-1,
h2.4_J15,2.4,15,100,11534337,960,0,-1,,0,-1,
h2.4_J15,2.4,15,100,11534337,961,0,-1,,0,-1,
h2.4_J15,2.4,15,100,11534337,962,0,-1,,0,-1,
h2.4_J15,2.4,15,100,11534337,963,1,297,14.850000000000001,1,297,14.850000000000001
h2.4_J15,2.4,15,100,11534337,964,0,-1,,0,-1,
h2.4_J15,2.4,15,100,11534337,965,1,269,13.450000000000001,1,274,13.700000000000001
h2.4_J15,2.4,15,100,11534337,966,0,-1,,0,-1,
h2.4_J15,2.4,15,100,11534337,967,0,-1,,0,-1,
h2.4_J15,2.4,15,100,11534337,968,0,-1,,0,-1,
h2.4_J15,2.4,15,100,11534337,969,0,-1,,0,-1,
h2.4_J15,2.4,15,100,11534337,970,0,-1,,0,-1,
h2.4_J15,2.4,15,100,11534337,971,0,-1,,0,-1,
h2.4_J15,2.4,15,100,11534337,972,0,-1,,0,-1,
h2.4_J15,2.4,15,100,11534337,973,0,-1,,0,-1,
h2.4_J15,2.4,15,100,11534337,974,0,-1,,1,3107,155.35000000000002
h2.4_J15,2.4,15,100,11534337,975,1,273,13.65,1,277,13.850000000000001
h2.4_J15,2.4,15,100,11534337,976,0,-1,,0,-1,
h2.4_J15,2.4,15,100,11534337,977,0,-1,,0,-1,
h2.4_J15,2.4,15,100,11534337,978,0,-1,,0,-1,
h2.4_J15,2.4,15,100,11534337,979,1,16228,811.4000000000001,0,-1,
h2.4_J15,2.4,15,100,11534337,980,0,-1,,0,-1,
h2.4_J15,2.4,15,100,11534337,981,0,-1,,0,-1,
h2.4_J15,2.4,15,100,11534337,982,0,-1,,0,-1,
h2.4_J15,2.4,15,100,11534337,983,1,284,14.200000000000001,1,285,14.25
h2.4_J15,2.4,15,100,11534337,984,0,-1,,0,-1,
h2.4_J15,2.4,15,100,11534337,985,0,-1,,0,-1,
h2.4_J15,2.4,15,100,11534337,986,0,-1,,0,-1,
h2.4_J15,2.4,15,100,11534337,987,0,-1,,0,-1,
h2.4_J15,2.4,15,100,11534337,988,0,-1,,1,4695,234.75
h2.4_J15,2.4,15,100,11534337,989,0,-1,,1,10438,521.9
h2.4_J15,2.4,15,100,11534337,990,0,-1,,0,-1,
h2.4_J15,2.4,15,100,11534337,991,0,-1,,1,6403,320.15000000000003
h2.4_J15,2.4,15,100,11534337,992,1,288,14.4,1,290,14.5
h2.4_J15,2.4,15,100,11534337,993,0,-1,,0,-1,
h2.4_J15,2.4,15,100,11534337,994,0,-1,,1,19031,951.5500000000001
h2.4_J15,2.4,15,100,11534337,995,0,-1,,1,13351,667.5500000000001
h2.4_J15,2.4,15,100,11534337,996,0,-1,,0,-1,
h2.4_J15,2.4,15,100,11534337,997,0,-1,,0,-1,
h2.4_J15,2.4,15,100,11534337,998,0,-1,,0,-1,
h2.4_J15,2.4,15,100,11534337,999,0,-1,,0,-1,
h2.4_J15,2.4,15,100,11534337,1000,0,-1,,0,-1,
h2.4_J15,2.4,15,100,11534337,1001,0,-1,,0,-1,
h2.4_J15,2.4,15,100,11534337,1002,0,-1,,0,-1,
h2.4_J15,2.4,15,100,11534337,1003,1,305,15.25,0,-1,
h2.4_J15,2.4,15,100,11534337,1004,0,-1,,0,-1,
h2.4_J15,2.4,15,100,11534337,1005,0,-1,,0,-1,
h2.4_J15,2.4,15,100,11534337,1006,0,-1,,0,-1,
h2.4_J15,2.4,15,100,11534337,1007,0,-1,,0,-1,
h2.4_J15,2.4,15,100,11534337,1008,0,-1,,0,-1,
h2.4_J15,2.4,15,100,11534337,1009,1,289,14.450000000000001,1,294,14.700000000000001
h2.4_J15,2.4,15,100,11534337,1010,0,-1,,0,-1,
h2.4_J15,2.4,15,100,11534337,1011,0,-1,,1,5911,295.55
h2.4_J15,2.4,15,100,11534337,1012,0,-1,,0,-1,
h2.4_J15,2.4,15,100,11534337,1013,1,269,13.450000000000001,1,272,13.600000000000001
h2.4_J15,2.4,15,100,11534337,1014,0,-1,,0,-1,
h2.4_J15,2.4,15,100,11534337,1015,0,-1,,0,-1,
h2.4_J15,2.4,15,100,11534337,1016,0,-1,,0,-1,
h2.4_J15,2.4,15,100,11534337,1017,0,-1,,0,-1,
h2.4_J15,2.4,15,100,11534337,1018,0,-1,,0,-1,
h2.4_J15,2.4,15,100,11534337,1019,0,-1,,0,-1,
h2.4_J15,2.4,15,100,11534337,1020,0,-1,,0,-1,
h2.4_J15,2.4,15,100,11534337,1021,0,-1,,0,-1,
h2.4_J15,2.4,15,100,11534337,1022,1,290,14.5,1,292,14.600000000000001
h2.4_J15,2.4,15,100,11534337,1023,0,-1,,1,11191,559.5500000000001
h2.4_J15,2.4,15,100,11534337,1024,0,-1,,0,-1,
h2.4_J15,2.4,15,100,11534337,1025,0,-1,,0,-1,
h2.4_J15,2.4,15,100,11534337,1026,0,-1,,0,-1,
h2.4_J15,2.4,15,100,11534337,1027,0,-1,,0,-1,
h2.4_J15,2.4,15,100,11534337,1028,0,-1,,0,-1,
h2.4_J15,2.4,15,100,11534337,1029,1,4192,209.60000000000002,1,4273,213.65
h2.4_J15,2.4,15,100,11534337,1030,0,-1,,0,-1,
h2.4_J15,2.4,15,100,11534337,1031,0,-1,,0,-1,
h2.4_J15,2.4,15,100,11534337,1032,0,-1,,0,-1,
h2.4_J15,2.4,15,100,11534337,1033,0,-1,,0,-1,
h2.4_J15,2.4,15,100,11534337,1034,0,-1,,0,-1,
h2.4_J15,2.4,15,100,11534337,1035,1,14734,736.7,0,-1,
h2.4_J15,2.4,15,100,11534337,1036,0,-1,,0,-1,
h2.4_J15,2.4,15,100,11534337,1037,0,-1,,0,-1,
h2.4_J15,2.4,15,100,11534337,1038,0,-1,,0,-1,
h2.4_J15,2.4,15,100,11534337,1039,0,-1,,0,-1,
h2.4_J15,2.4,15,100,11534337,1040,0,-1,,1,8439,421.95000000000005
h2.4_J15,2.4,15,100,11534337,1041,0,-1,,0,-1,
h2.4_J15,2.4,15,100,11534337,1042,0,-1,,0,-1,
h2.4_J15,2.4,15,100,11534337,1043,1,283,14.15,1,285,14.25
h2.4_J15,2.4,15,100,11534337,1044,0,-1,,0,-1,
h2.4_J15,2.4,15,100,11534337,1045,0,-1,,0,-1,
h2.4_J15,2.4,15,100,11534337,1046,1,297,14.850000000000001,1,301,15.05
h2.4_J15,2.4,15,100,11534337,1047,0,-1,,0,-1,
h2.4_J15,2.4,15,100,11534337,1048,0,-1,,0,-1,
h2.4_J15,2.4,15,100,11534337,1049,0,-1,,0,-1,
h2.4_J15,2.4,15,100,11534337,1050,0,-1,,0,-1,
h2.4_J15,2.4,15,100,11534337,1051,1,295,14.75,1,306,15.3
h2.4_J15,2.4,15,100,11534337,1052,0,-1,,1,15698,784.9000000000001
h2.4_J15,2.4,15,100,11534337,1053,0,-1,,0,-1,
h2.4_J15,2.4,15,100,11534337,1054,1,286,14.3,1,293,14.65
h2.4_J15,2.4,15,100,11534337,1055,0,-1,,0,-1,
h2.4_J15,2.4,15,100,11534337,1056,1,267,13.350000000000001,1,272,13.600000000000001
h2.4_J15,2.4,15,100,11534337,1057,0,-1,,0,-1,
h2.4_J15,2.4,15,100,11534337,1058,0,-1,,1,2667,133.35
h2.4_J15,2.4,15,100,11534337,1059,0,-1,,0,-1,
h2.4_J15,2.4,15,100,11534337,1060,0,-1,,0,-1,
h2.4_J15,2.4,15,100,11534337,1061,0,-1,,1,2723,136.15
h2.4_J15,2.4,15,100,11534337,1062,0,-1,,0,-1,
h2.4_J15,2.4,15,100,11534337,1063,0,-1,,1,18970,948.5
h2.4_J15,2.4,15,100,11534337,1064,0,-1,,0,-1,
h2.4_J15,2.4,15,100,11534337,1065,0,-1,,0,-1,
h2.4_J15,2.4,15,100,11534337,1066,0,-1,,0,-1,
h2.4_J15,2.4,15,100,11534337,1067,0,-1,,0,-1,
h2.4_J15,2.4,15,100,11534337,1068,0,-1,,0,-1,
h2.4_J15,2.4,15,100,11534337,1069,0,-1,,0,-1,
h2.4_J15,2.4,15,100,11534337,1070,1,283,14.15,1,282,14.100000000000001
h2.4_J15,2.4,15,100,11534337,1071,0,-1,,0,-1,
h2.4_J15,2.4,15,100,11534337,1072,0,-1,,0,-1,
h2.4_J15,2.4,15,100,11534337,1073,0,-1,,1,9720,486.0
h2.4_J15,2.4,15,100,11534337,1074,0,-1,,0,-1,
h2.4_J15,2.4,15,100,11534337,1075,1,304,15.200000000000001,1,306,15.3
h2.4_J15,2.4,15,100,11534337,1076,0,-1,,0,-1,
h2.4_J15,2.4,15,100,11534337,1077,0,-1,,0,-1,
h2.4_J15,2.4,15,100,11534337,1078,0,-1,,0,-1,
h2.4_J15,2.4,15,100,11534337,1079,0,-1,,0,-1,
h2.4_J15,2.4,15,100,11534337,1080,0,-1,,0,-1,
h2.4_J15,2.4,15,100,11534337,1081,0,-1,,0,-1,
h2.4_J15,2.4,15,100,11534337,1082,0,-1,,0,-1,
h2.4_J15,2.4,15,100,11534337,1083,0,-1,,0,-1,
h2.4_J15,2.4,15,100,11534337,1084,0,-1,,0,-1,
h2.4_J15,2.4,15,100,11534337,1085,0,-1,,0,-1,
h2.4_J15,2.4,15,100,11534337,1086,0,-1,,0,-1,
h2.4_J15,2.4,15,100,11534337,1087,0,-1,,0,-1,
h2.4_J15,2.4,15,100,11534337,1088,0,-1,,0,-1,
h2.4_J15,2.4,15,100,11534337,1089,0,-1,,1,17631,881.5500000000001
h2.4_J15,2.4,15,100,11534337,1090,0,-1,,0,-1,
h2.4_J15,2.4,15,100,11534337,1091,0,-1,,1,13385,669.25
h2.4_J15,2.4,15,100,11534337,1092,0,-1,,0,-1,
h2.4_J15,2.4,15,100,11534337,1093,0,-1,,0,-1,
h2.4_J15,2.4,15,100,11534337,1094,0,-1,,1,5415,270.75
h2.4_J15,2.4,15,100,11534337,1095,1,319,15.950000000000001,1,320,16.0
h2.4_J15,2.4,15,100,11534337,1096,0,-1,,0,-1,
h2.4_J15,2.4,15,100,11534337,1097,1,293,14.65,1,298,14.9
h2.4_J15,2.4,15,100,11534337,1098,1,287,14.350000000000001,1,287,14.350000000000001
h2.4_J15,2.4,15,100,11534337,1099,0,-1,,0,-1,
h2.4_J15,2.4,15,100,11534337,1100,0,-1,,0,-1,
h2.4_J15,2.4,15,100,11534337,1101,0,-1,,1,1706,85.30000000000001
h2.4_J15,2.4,15,100,11534337,1102,0,-1,,0,-1,
h2.4_J15,2.4,15,100,11534337,1103,1,300,15.0,1,299,14.950000000000001
h2.4_J15,2.4,15,100,11534337,1104,0,-1,,0,-1,
h2.4_J15,2.4,15,100,11534337,1105,0,-1,,0,-1,
h2.4_J15,2.4,15,100,11534337,1106,0,-1,,1,8883,444.15000000000003
h2.4_J15,2.4,15,100,11534337,1107,0,-1,,0,-1,
h2.4_J15,2.4,15,100,11534337,1108,0,-1,,0,-1,
h2.4_J15,2.4,15,100,11534337,1109,0,-1,,0,-1,
h2.4_J15,2.4,15,100,11534337,1110,0,-1,,0,-1,
h2.4_J15,2.4,15,100,11534337,1111,0,-1,,1,5161,258.05
h2.4_J15,2.4,15,100,11534337,1112,0,-1,,0,-1,
h2.4_J15,2.4,15,100,11534337,1113,0,-1,,0,-1,
h2.4_J15,2.4,15,100,11534337,1114,0,-1,,0,-1,
h2.4_J15,2.4,15,100,11534337,1115,0,-1,,0,-1,
h2.4_J15,2.4,15,100,11534337,1116,0,-1,,0,-1,
h2.4_J15,2.4,15,100,11534337,1117,0,-1,,1,17093,854.6500000000001
h2.4_J15,2.4,15,100,11534337,1118,0,-1,,0,-1,
h2.4_J15,2.4,15,100,11534337,1119,0,-1,,0,-1,
h2.4_J15,2.4,15,100,11534337,1120,0,-1,,0,-1,
h2.4_J15,2.4,15,100,11534337,1121,1,416,20.8,1,422,21.1
h2.4_J15,2.4,15,100,11534337,1122,1,272,13.600000000000001,1,271,13.55
h2.4_J15,2.4,15,100,11534337,1123,0,-1,,0,-1,
h2.4_J15,2.4,15,100,11534337,1124,0,-1,,0,-1,
h2.4_J15,2.4,15,100,11534337,1125,0,-1,,0,-1,
h2.4_J15,2.4,15,100,11534337,1126,0,-1,,1,14340,717.0
h2.4_J15,2.4,15,100,11534337,1127,0,-1,,1,11422,571.1
h2.4_J15,2.4,15,100,11534337,1128,0,-1,,0,-1,
h2.4_J15,2.4,15,100,11534337,1129,0,-1,,1,16871,843.5500000000001
h2.4_J15,2.4,15,100,11534337,1130,0,-1,,0,-1,
h2.4_J15,2.4,15,100,11534337,1131,0,-1,,0,-1,
h2.4_J15,2.4,15,100,11534337,1132,0,-1,,0,-1,
h2.4_J15,2.4,15,100,11534337,1133,0,-1,,0,-1,
h2.4_J15,2.4,15,100,11534337,1134,0,-1,,0,-1,
h2.4_J15,2.4,15,100,11534337,1135,0,-1,,0,-1,
h2.4_J15,2.4,15,100,11534337,1136,0,-1,,0,-1,
h2.4_J15,2.4,15,100,11534337,1137,1,283,14.15,1,299,14.950000000000001
h2.4_J15,2.4,15,100,11534337,1138,1,7788,389.40000000000003,1,7831,391.55
h2.4_J15,2.4,15,100,11534337,1139,0,-1,,0,-1,
h2.4_J15,2.4,15,100,11534337,1140,0,-1,,0,-1,
h2.4_J15,2.4,15,100,11534337,1141,0,-1,,0,-1,
h2.4_J15,2.4,15,100,11534337,1142,0,-1,,0,-1,
h2.4_J15,2.4,15,100,11534337,1143,0,-1,,0,-1,
h2.4_J15,2.4,15,100,11534337,1144,0,-1,,0,-1,
h2.4_J15,2.4,15,100,11534337,1145,0,-1,,0,-1,
h2.4_J15,2.4,15,100,11534337,1146,0,-1,,0,-1,
h2.4_J15,2.4,15,100,11534337,1147,0,-1,,1,17204,860.2
h2.4_J15,2.4,15,100,11534337,1148,0,-1,,0,-1,
h2.4_J15,2.4,15,100,11534337,1149,0,-1,,0,-1,
h2.4_J15,2.4,15,100,11534337,1150,0,-1,,1,7875,393.75
h2.4_J15,2.4,15,100,11534337,1151,0,-1,,0,-1,
h2.4_J15,2.4,15,100,11534337,1152,0,-1,,1,10385,519.25
h2.4_J15,2.4,15,100,11534337,1153,0,-1,,0,-1,
h2.4_J15,2.4,15,100,11534337,1154,0,-1,,0,-1,
h2.4_J15,2.4,15,100,11534337,1155,0,-1,,0,-1,
h2.4_J15,2.4,15,100,11534337,1156,0,-1,,0,-1,
h2.4_J15,2.4,15,100,11534337,1157,0,-1,,0,-1,
h2.4_J15,2.4,15,100,11534337,1158,0,-1,,1,15695,784.75
h2.4_J15,2.4,15,100,11534337,1159,0,-1,,0,-1,
h2.4_J15,2.4,15,100,11534337,1160,0,-1,,0,-1,
h2.4_J15,2.4,15,100,11534337,1161,0,-1,,0,-1,
h2.4_J15,2.4,15,100,11534337,1162,0,-1,,1,17546,877.3000000000001
h2.4_J15,2.4,15,100,11534337,1163,1,296,14.8,1,299,14.950000000000001
h2.4_J15,2.4,15,100,11534337,1164,1,310,15.5,1,309,15.450000000000001
h2.4_J15,2.4,15,100,11534337,1165,0,-1,,0,-1,
h2.4_J15,2.4,15,100,11534337,1166,1,291,14.55,1,294,14.700000000000001
h2.4_J15,2.4,15,100,11534337,1167,0,-1,,0,-1,
h2.4_J15,2.4,15,100,11534337,1168,0,-1,,1,12818,640.9000000000001
h2.4_J15,2.4,15,100,11534337,1169,0,-1,,0,-1,
h2.4_J15,2.4,15,100,11534337,1170,1,284,14.200000000000001,1,287,14.350000000000001
h2.4_J15,2.4,15,100,11534337,1171,0,-1,,1,5720,286.0
h2.4_J15,2.4,15,100,11534337,1172,0,-1,,0,-1,
h2.4_J15,2.4,15,100,11534337,1173,0,-1,,0,-1,
h2.4_J15,2.4,15,100,11534337,1174,0,-1,,0,-1,
h2.4_J15,2.4,15,100,11534337,1175,1,278,13.9,1,280,14.0
h2.4_J15,2.4,15,100,11534337,1176,1,10159,507.95000000000005,0,-1,
h2.4_J15,2.4,15,100,11534337,1177,0,-1,,0,-1,
h2.4_J15,2.4,15,100,11534337,1178,0,-1,,0,-1,
h2.4_J15,2.4,15,100,11534337,1179,0,-1,,0,-1,
h2.4_J15,2.4,15,100,11534337,1180,0,-1,,0,-1,
h2.4_J15,2.4,15,100,11534337,1181,1,277,13.850000000000001,1,285,14.25
h2.4_J15,2.4,15,100,11534337,1182,0,-1,,0,-1,
h2.4_J15,2.4,15,100,11534337,1183,0,-1,,0,-1,
h2.4_J15,2.4,15,100,11534337,1184,0,-1,,0,-1,
h2.4_J15,2.4,15,100,11534337,1185,0,-1,,0,-1,
h2.4_J15,2.4,15,100,11534337,1186,0,-1,,0,-1,
h2.4_J15,2.4,15,100,11534337,1187,0,-1,,0,-1,
h2.4_J15,2.4,15,100,11534337,1188,0,-1,,1,19867,993.35
h2.4_J15,2.4,15,100,11534337,1189,1,288,14.4,1,291,14.55
h2.4_J15,2.4,15,100,11534337,1190,0,-1,,0,-1,
h2.4_J15,2.4,15,100,11534337,1191,0,-1,,0,-1,
h2.4_J15,2.4,15,100,11534337,1192,0,-1,,0,-1,
h2.4_J15,2.4,15,100,11534337,1193,0,-1,,0,-1,
h2.4_J15,2.4,15,100,11534337,1194,0,-1,,0,-1,
h2.4_J15,2.4,15,100,11534337,1195,1,268,13.4,1,274,13.700000000000001
h2.4_J15,2.4,15,100,11534337,1196,1,13477,673.85,1,13531,676.5500000000001
h2.4_J15,2.4,15,100,11534337,1197,0,-1,,0,-1,
h2.4_J15,2.4,15,100,11534337,1198,0,-1,,0,-1,
h2.4_J15,2.4,15,100,11534337,1199,0,-1,,0,-1,
h2.4_J15,2.4,15,100,11534337,1200,0,-1,,0,-1,
h2.4_J15,2.4,15,100,11534337,1201,0,-1,,0,-1,
h2.4_J15,2.4,15,100,11534337,1202,0,-1,,0,-1,
h2.4_J15,2.4,15,100,11534337,1203,0,-1,,0,-1,
h2.4_J15,2.4,15,100,11534337,1204,0,-1,,0,-1,
h2.4_J15,2.4,15,100,11534337,1205,0,-1,,1,4332,216.60000000000002
h2.4_J15,2.4,15,100,11534337,1206,1,303,15.15,1,306,15.3
h2.4_J15,2.4,15,100,11534337,1207,1,19535,976.75,1,19562,978.1
h2.4_J15,2.4,15,100,11534337,1208,0,-1,,0,-1,
h2.4_J15,2.4,15,100,11534337,1209,0,-1,,0,-1,
h2.4_J15,2.4,15,100,11534337,1210,0,-1,,0,-1,
h2.4_J15,2.4,15,100,11534337,1211,0,-1,,0,-1,
h2.4_J15,2.4,15,100,11534337,1212,1,277,13.850000000000001,1,282,14.100000000000001
h2.4_J15,2.4,15,100,11534337,1213,1,290,14.5,1,287,14.350000000000001
h2.4_J15,2.4,15,100,11534337,1214,0,-1,,0,-1,
h2.4_J15,2.4,15,100,11534337,1215,0,-1,,0,-1,
h2.4_J15,2.4,15,100,11534337,1216,0,-1,,0,-1,
h2.4_J15,2.4,15,100,11534337,1217,0,-1,,0,-1,
h2.4_J15,2.4,15,100,11534337,1218,0,-1,,0,-1,
h2.4_J15,2.4,15,100,11534337,1219,0,-1,,0,-1,
h2.4_J15,2.4,15,100,11534337,1220,0,-1,,0,-1,
h2.4_J15,2.4,15,100,11534337,1221,0,-1,,0,-1,
h2.4_J15,2.4,15,100,11534337,1222,0,-1,,0,-1,
h2.4_J15,2.4,15,100,11534337,1223,0,-1,,1,15618,780.9000000000001
h2.4_J15,2.4,15,100,11534337,1224,0,-1,,0,-1,
h2.4_J15,2.4,15,100,11534337,1225,0,-1,,0,-1,
h2.4_J15,2.4,15,100,11534337,1226,0,-1,,0,-1,
h2.4_J15,2.4,15,100,11534337,1227,0,-1,,0,-1,
h2.4_J15,2.4,15,100,11534337,1228,0,-1,,0,-1,
h2.4_J15,2.4,15,100,11534337,1229,1,2011,100.55000000000001,1,2016,100.80000000000001
h2.4_J15,2.4,15,100,11534337,1230,1,287,14.350000000000001,1,293,14.65
h2.4_J15,2.4,15,100,11534337,1231,0,-1,,0,-1,
h2.4_J15,2.4,15,100,11534337,1232,1,302,15.100000000000001,1,318,15.9
h2.4_J15,2.4,15,100,11534337,1233,1,268,13.4,1,272,13.600000000000001
h2.4_J15,2.4,15,100,11534337,1234,0,-1,,0,-1,
h2.4_J15,2.4,15,100,11534337,1235,0,-1,,0,-1,
h2.4_J15,2.4,15,100,11534337,1236,0,-1,,0,-1,
h2.4_J15,2.4,15,100,11534337,1237,1,292,14.600000000000001,1,294,14.700000000000001
h2.4_J15,2.4,15,100,11534337,1238,1,293,14.65,1,301,15.05
h2.4_J15,2.4,15,100,11534337,1239,0,-1,,0,-1,
h2.4_J15,2.4,15,100,11534337,1240,0,-1,,1,18084,904.2
h2.4_J15,2.4,15,100,11534337,1241,0,-1,,1,9495,474.75
h2.4_J15,2.4,15,100,11534337,1242,0,-1,,0,-1,
h2.4_J15,2.4,15,100,11534337,1243,0,-1,,0,-1,
h2.4_J15,2.4,15,100,11534337,1244,0,-1,,0,-1,
h2.4_J15,2.4,15,100,11534337,1245,1,269,13.450000000000001,1,274,13.700000000000001
h2.4_J15,2.4,15,100,11534337,1246,1,276,13.8,1,286,14.3
h2.4_J15,2.4,15,100,11534337,1247,0,-1,,0,-1,
h2.4_J15,2.4,15,100,11534337,1248,0,-1,,0,-1,
h2.4_J15,2.4,15,100,11534337,1249,0,-1,,0,-1,
h2.4_J15,2.4,15,100,11534337,1250,0,-1,,0,-1,
h2.4_J15,2.4,15,100,11534337,1251,0,-1,,0,-1,
h2.4_J15,2.4,15,100,11534337,1252,1,282,14.100000000000001,1,284,14.200000000000001
h2.4_J15,2.4,15,100,11534337,1253,0,-1,,0,-1,
h2.4_J15,2.4,15,100,11534337,1254,0,-1,,1,13794,689.7
h2.4_J15,2.4,15,100,11534337,1255,0,-1,,0,-1,
h2.4_J15,2.4,15,100,11534337,1256,0,-1,,0,-1,
h2.4_J15,2.4,15,100,11534337,1257,0,-1,,0,-1,
h2.4_J15,2.4,15,100,11534337,1258,0,-1,,0,-1,
h2.4_J15,2.4,15,100,11534337,1259,1,17446,872.3000000000001,0,-1,
h2.4_J15,2.4,15,100,11534337,1260,0,-1,,0,-1,
h2.4_J15,2.4,15,100,11534337,1261,0,-1,,0,-1,
h2.4_J15,2.4,15,100,11534337,1262,0,-1,,0,-1,
h2.4_J15,2.4,15,100,11534337,1263,0,-1,,1,14035,701.75
h2.4_J15,2.4,15,100,11534337,1264,0,-1,,0,-1,
h2.4_J15,2.4,15,100,11534337,1265,0,-1,,0,-1,
h2.4_J15,2.4,15,100,11534337,1266,0,-1,,0,-1,
h2.4_J15,2.4,15,100,11534337,1267,0,-1,,1,14072,703.6
h2.4_J15,2.4,15,100,11534337,1268,0,-1,,0,-1,
h2.4_J15,2.4,15,100,11534337,1269,0,-1,,0,-1,
h2.4_J15,2.4,15,100,11534337,1270,0,-1,,0,-1,
h2.4_J15,2.4,15,100,11534337,1271,0,-1,,0,-1,
h2.4_J15,2.4,15,100,11534337,1272,0,-1,,0,-1,
h2.4_J15,2.4,15,100,11534337,1273,0,-1,,0,-1,
h2.4_J15,2.4,15,100,11534337,1274,0,-1,,1,4683,234.15
h2.4_J15,2.4,15,100,11534337,1275,1,10766,538.3000000000001,0,-1,
h2.4_J15,2.4,15,100,11534337,1276,0,-1,,0,-1,
h2.4_J15,2.4,15,100,11534337,1277,0,-1,,1,12807,640.35
h2.4_J15,2.4,15,100,11534337,1278,0,-1,,0,-1,
h2.4_J15,2.4,15,100,11534337,1279,1,294,14.700000000000001,1,293,14.65
h2.4_J15,2.4,15,100,11534337,1280,0,-1,,0,-1,
h2.4_J15,2.4,15,100,11534337,1281,0,-1,,0,-1,
h2.4_J15,2.4,15,100,11534337,1282,0,-1,,0,-1,
h2.4_J15,2.4,15,100,11534337,1283,0,-1,,0,-1,
h2.4_J15,2.4,15,100,11534337,1284,1,272,13.600000000000001,1,272,13.600000000000001
h2.4_J15,2.4,15,100,11534337,1285,0,-1,,0,-1,
h2.4_J15,2.4,15,100,11534337,1286,1,268,13.4,1,275,13.75
h2.4_J15,2.4,15,100,11534337,1287,0,-1,,0,-1,
h2.4_J15,2.4,15,100,11534337,1288,0,-1,,0,-1,
h2.4_J15,2.4,15,100,11534337,1289,0,-1,,0,-1,
h2.4_J15,2.4,15,100,11534337,1290,0,-1,,0,-1,
h2.4_J15,2.4,15,100,11534337,1291,1,268,13.4,1,271,13.55
h2.4_J15,2.4,15,100,11534337,1292,0,-1,,0,-1,
h2.4_J15,2.4,15,100,11534337,1293,0,-1,,1,16138,806.9000000000001
h2.4_J15,2.4,15,100,11534337,1294,0,-1,,0,-1,
h2.4_J15,2.4,15,100,11534337,1295,0,-1,,0,-1,
h2.4_J15,2.4,15,100,11534337,1296,1,294,14.700000000000001,1,296,14.8
h2.4_J15,2.4,15,100,11534337,1297,1,13062,653.1,1,13080,654.0
h2.4_J15,2.4,15,100,11534337,1298,0,-1,,0,-1,
h2.4_J15,2.4,15,100,11534337,1299,0,-1,,0,-1,
h2.4_J15,2.4,15,100,11534337,1300,0,-1,,0,-1,
h2.4_J15,2.4,15,100,11534337,1301,0,-1,,0,-1,
h2.4_J15,2.4,15,100,11534337,1302,0,-1,,0,-1,
h2.4_J15,2.4,15,100,11534337,1303,0,-1,,0,-1,
h2.4_J15,2.4,15,100,11534337,1304,0,-1,,0,-1,
h2.4_J15,2.4,15,100,11534337,1305,0,-1,,0,-1,
h2.4_J15,2.4,15,100,11534337,1306,0,-1,,0,-1,
h2.4_J15,2.4,15,100,11534337,1307,1,287,14.350000000000001,1,291,14.55
h2.4_J15,2.4,15,100,11534337,1308,0,-1,,0,-1,
h2.4_J15,2.4,15,100,11534337,1309,1,277,13.850000000000001,1,286,14.3
h2.4_J15,2.4,15,100,11534337,1310,1,283,14.15,1,289,14.450000000000001
h2.4_J15,2.4,15,100,11534337,1311,0,-1,,0,-1,
h2.4_J15,2.4,15,100,11534337,1312,0,-1,,0,-1,
h2.4_J15,2.4,15,100,11534337,1313,0,-1,,0,-1,
h2.4_J15,2.4,15,100,11534337,1314,1,286,14.3,1,285,14.25
h2.4_J15,2.4,15,100,11534337,1315,0,-1,,1,16686,834.3000000000001
h2.4_J15,2.4,15,100,11534337,1316,0,-1,,0,-1,
h2.4_J15,2.4,15,100,11534337,1317,1,265,13.25,1,268,13.4
h2.4_J15,2.4,15,100,11534337,1318,1,280,14.0,1,287,14.350000000000001
h2.4_J15,2.4,15,100,11534337,1319,0,-1,,0,-1,
h2.4_J15,2.4,15,100,11534337,1320,0,-1,,0,-1,
h2.4_J15,2.4,15,100,11534337,1321,1,11086,554.3000000000001,1,1967,98.35000000000001
h2.4_J15,2.4,15,100,11534337,1322,0,-1,,1,11760,588.0
h2.4_J15,2.4,15,100,11534337,1323,0,-1,,0,-1,
h2.4_J15,2.4,15,100,11534337,1324,0,-1,,0,-1,
h2.4_J15,2.4,15,100,11534337,1325,0,-1,,1,13490,674.5
h2.4_J15,2.4,15,100,11534337,1326,1,318,15.9,1,318,15.9
h2.4_J15,2.4,15,100,11534337,1327,0,-1,,0,-1,
h2.4_J15,2.4,15,100,11534337,1328,0,-1,,0,-1,
h2.4_J15,2.4,15,100,11534337,1329,0,-1,,0,-1,
h2.4_J15,2.4,15,100,11534337,1330,0,-1,,0,-1,
h2.4_J15,2.4,15,100,11534337,1331,0,-1,,0,-1,
h2.4_J15,2.4,15,100,11534337,1332,1,267,13.350000000000001,1,273,13.65
h2.4_J15,2.4,15,100,11534337,1333,0,-1,,0,-1,
h2.4_J15,2.4,15,100,11534337,1334,0,-1,,0,-1,
h2.4_J15,2.4,15,100,11534337,1335,1,278,13.9,1,283,14.15
h2.4_J15,2.4,15,100,11534337,1336,0,-1,,0,-1,
h2.4_J15,2.4,15,100,11534337,1337,0,-1,,0,-1,
h2.4_J15,2.4,15,100,11534337,1338,1,1992,99.60000000000001,1,2004,100.2
h2.4_J15,2.4,15,100,11534337,1339,1,291,14.55,1,292,14.600000000000001
h2.4_J15,2.4,15,100,11534337,1340,0,-1,,0,-1,
h2.4_J15,2.4,15,100,11534337,1341,0,-1,,0,-1,
h2.4_J15,2.4,15,100,11534337,1342,0,-1,,1,14191,709.5500000000001
h2.4_J15,2.4,15,100,11534337,1343,0,-1,,0,-1,
h2.4_J15,2.4,15,100,11534337,1344,0,-1,,0,-1,
h2.4_J15,2.4,15,100,11534337,1345,0,-1,,0,-1,
h2.4_J15,2.4,15,100,11534337,1346,0,-1,,0,-1,
h2.4_J15,2.4,15,100,11534337,1347,0,-1,,0,-1,
h2.4_J15,2.4,15,100,11534337,1348,1,612,30.6,1,606,30.3
h2.4_J15,2.4,15,100,11534337,1349,0,-1,,0,-1,
h2.4_J15,2.4,15,100,11534337,1350,0,-1,,0,-1,
h2.4_J15,2.4,15,100,11534337,1351,0,-1,,0,-1,
h2.4_J15,2.4,15,100,11534337,1352,0,-1,,0,-1,
h2.4_J15,2.4,15,100,11534337,1353,0,-1,,0,-1,
h2.4_J15,2.4,15,100,11534337,1354,0,-1,,0,-1,
h2.4_J15,2.4,15,100,11534337,1355,0,-1,,0,-1,
h2.4_J15,2.4,15,100,11534337,1356,0,-1,,0,-1,
h2.4_J15,2.4,15,100,11534337,1357,0,-1,,0,-1,
h2.4_J15,2.4,15,100,11534337,1358,0,-1,,1,12771,638.5500000000001
h2.4_J15,2.4,15,100,11534337,1359,0,-1,,0,-1,
h2.4_J15,2.4,15,100,11534337,1360,0,-1,,1,12833,641.6500000000001
h2.4_J15,2.4,15,100,11534337,1361,1,12593,629.6500000000001,0,-1,
h2.4_J15,2.4,15,100,11534337,1362,0,-1,,0,-1,
h2.4_J15,2.4,15,100,11534337,1363,0,-1,,0,-1,
h2.4_J15,2.4,15,100,11534337,1364,0,-1,,0,-1,
h2.4_J15,2.4,15,100,11534337,1365,1,3374,168.70000000000002,0,-1,
h2.4_J15,2.4,15,100,11534337,1366,1,284,14.200000000000001,1,292,14.600000000000001
h2.4_J15,2.4,15,100,11534337,1367,1,321,16.05,1,322,16.1
h2.4_J15,2.4,15,100,11534337,1368,0,-1,,0,-1,
h2.4_J15,2.4,15,100,11534337,1369,0,-1,,0,-1,
h2.4_J15,2.4,15,100,11534337,1370,0,-1,,0,-1,
h2.4_J15,2.4,15,100,11534337,1371,1,5670,283.5,1,5690,284.5
h2.4_J15,2.4,15,100,11534337,1372,0,-1,,1,4262,213.10000000000002
h2.4_J15,2.4,15,100,11534337,1373,0,-1,,0,-1,
h2.4_J15,2.4,15,100,11534337,1374,1,295,14.75,1,295,14.75
h2.4_J15,2.4,15,100,11534337,1375,0,-1,,0,-1,
h2.4_J15,2.4,15,100,11534337,1376,1,280,14.0,1,284,14.200000000000001
h2.4_J15,2.4,15,100,11534337,1377,0,-1,,0,-1,
h2.4_J15,2.4,15,100,11534337,1378,0,-1,,0,-1,
h2.4_J15,2.4,15,100,11534337,1379,0,-1,,0,-1,
h2.4_J15,2.4,15,100,11534337,1380,0,-1,,0,-1,
h2.4_J15,2.4,15,100,11534337,1381,0,-1,,0,-1,
h2.4_J15,2.4,15,100,11534337,1382,0,-1,,0,-1,
h2.4_J15,2.4,15,100,11534337,1383,1,1465,73.25,1,1505,75.25
h2.4_J15,2.4,15,100,11534337,1384,0,-1,,0,-1,
h2.4_J15,2.4,15,100,11534337,1385,0,-1,,0,-1,
h2.4_J15,2.4,15,100,11534337,1386,0,-1,,0,-1,
h2.4_J15,2.4,15,100,11534337,1387,1,299,14.950000000000001,1,305,15.25
h2.4_J15,2.4,15,100,11534337,1388,0,-1,,0,-1,
h2.4_J15,2.4,15,100,11534337,1389,0,-1,,0,-1,
h2.4_J15,2.4,15,100,11534337,1390,0,-1,,0,-1,
h2.4_J15,2.4,15,100,11534337,1391,0,-1,,0,-1,
h2.4_J15,2.4,15,100,11534337,1392,0,-1,,0,-1,
h2.4_J15,2.4,15,100,11534337,1393,0,-1,,0,-1,
h2.4_J15,2.4,15,100,11534337,1394,0,-1,,1,19195,959.75
h2.4_J15,2.4,15,100,11534337,1395,0,-1,,0,-1,
h2.4_J15,2.4,15,100,11534337,1396,0,-1,,0,-1,
h2.4_J15,2.4,15,100,11534337,1397,0,-1,,0,-1,
h2.4_J15,2.4,15,100,11534337,1398,0,-1,,0,-1,
h2.4_J15,2.4,15,100,11534337,1399,0,-1,,0,-1,
h2.4_J15,2.4,15,100,11534337,1400,1,279,13.950000000000001,1,280,14.0
h2.4_J15,2.4,15,100,11534337,1401,0,-1,,0,-1,
h2.4_J15,2.4,15,100,11534337,1402,1,278,13.9,1,281,14.05
h2.4_J15,2.4,15,100,11534337,1403,0,-1,,0,-1,
h2.4_J15,2.4,15,100,11534337,1404,1,18200,910.0,0,-1,
h2.4_J15,2.4,15,100,11534337,1405,0,-1,,0,-1,
h2.4_J15,2.4,15,100,11534337,1406,0,-1,,1,11835,591.75
h2.4_J15,2.4,15,100,11534337,1407,0,-1,,0,-1,
h2.4_J15,2.4,15,100,11534337,1408,0,-1,,0,-1,
h2.4_J15,2.4,15,100,11534337,1409,0,-1,,0,-1,
h2.4_J15,2.4,15,100,11534337,1410,1,288,14.4,1,292,14.600000000000001
h2.4_J15,2.4,15,100,11534337,1411,0,-1,,0,-1,
h2.4_J15,2.4,15,100,11534337,1412,0,-1,,0,-1,
h2.4_J15,2.4,15,100,11534337,1413,1,275,13.75,1,279,13.950000000000001
h2.4_J15,2.4,15,100,11534337,1414,0,-1,,0,-1,
h2.4_J15,2.4,15,100,11534337,1415,1,273,13.65,1,277,13.850000000000001
h2.4_J15,2.4,15,100,11534337,1416,1,3981,199.05,1,4013,200.65
h2.4_J15,2.4,15,100,11534337,1417,0,-1,,0,-1,
h2.4_J15,2.4,15,100,11534337,1418,1,277,13.850000000000001,1,279,13.950000000000001
h2.4_J15,2.4,15,100,11534337,1419,1,293,14.65,1,299,14.950000000000001
h2.4_J15,2.4,15,100,11534337,1420,0,-1,,0,-1,
h2.4_J15,2.4,15,100,11534337,1421,1,289,14.450000000000001,1,295,14.75
h2.4_J15,2.4,15,100,11534337,1422,0,-1,,0,-1,
h2.4_J15,2.4,15,100,11534337,1423,1,272,13.600000000000001,1,281,14.05
h2.4_J15,2.4,15,100,11534337,1424,0,-1,,0,-1,
h2.4_J15,2.4,15,100,11534337,1425,0,-1,,0,-1,
h2.4_J15,2.4,15,100,11534337,1426,0,-1,,0,-1,
h2.4_J15,2.4,15,100,11534337,1427,1,381,19.05,1,390,19.5
h2.4_J15,2.4,15,100,11534337,1428,0,-1,,0,-1,
h2.4_J15,2.4,15,100,11534337,1429,0,-1,,0,-1,
h2.4_J15,2.4,15,100,11534337,1430,1,16420,821.0,1,5006,250.3
h2.4_J15,2.4,15,100,11534337,1431,1,287,14.350000000000001,1,287,14.350000000000001
h2.4_J15,2.4,15,100,11534337,1432,0,-1,,0,-1,
h2.4_J15,2.4,15,100,11534337,1433,0,-1,,0,-1,
h2.4_J15,2.4,15,100,11534337,1434,0,-1,,0,-1,
h2.4_J15,2.4,15,100,11534337,1435,0,-1,,1,1935,96.75
h2.4_J15,2.4,15,100,11534337,1436,0,-1,,0,-1,
h2.4_J15,2.4,15,100,11534337,1437,0,-1,,0,-1,
h2.4_J15,2.4,15,100,11534337,1438,0,-1,,0,-1,
h2.4_J15,2.4,15,100,11534337,1439,0,-1,,0,-1,
h2.4_J15,2.4,15,100,11534337,1440,0,-1,,0,-1,
h2.4_J15,2.4,15,100,11534337,1441,0,-1,,0,-1,
h2.4_J15,2.4,15,100,11534337,1442,0,-1,,0,-1,
h2.4_J15,2.4,15,100,11534337,1443,0,-1,,0,-1,
h2.4_J15,2.4,15,100,11534337,1444,1,271,13.55,1,275,13.75
h2.4_J15,2.4,15,100,11534337,1445,0,-1,,0,-1,
h2.4_J15,2.4,15,100,11534337,1446,0,-1,,0,-1,
h2.4_J15,2.4,15,100,11534337,1447,0,-1,,0,-1,
h2.4_J15,2.4,15,100,11534337,1448,0,-1,,0,-1,
h2.4_J15,2.4,15,100,11534337,1449,0,-1,,0,-1,
h2.4_J15,2.4,15,100,11534337,1450,0,-1,,0,-1,
h2.4_J15,2.4,15,100,11534337,1451,0,-1,,0,-1,
h2.4_J15,2.4,15,100,11534337,1452,1,294,14.700000000000001,0,-1,
h2.4_J15,2.4,15,100,11534337,1453,0,-1,,0,-1,
h2.4_J15,2.4,15,100,11534337,1454,1,1417,70.85000000000001,1,1453,72.65
h2.4_J15,2.4,15,100,11534337,1455,0,-1,,0,-1,
h2.4_J15,2.4,15,100,11534337,1456,0,-1,,0,-1,
h2.4_J15,2.4,15,100,11534337,1457,1,287,14.350000000000001,1,306,15.3
h2.4_J15,2.4,15,100,11534337,1458,0,-1,,0,-1,
h2.4_J15,2.4,15,100,11534337,1459,0,-1,,0,-1,
h2.4_J15,2.4,15,100,11534337,1460,0,-1,,0,-1,
h2.4_J15,2.4,15,100,11534337,1461,1,270,13.5,1,272,13.600000000000001
h2.4_J15,2.4,15,100,11534337,1462,1,288,14.4,1,290,14.5
h2.4_J15,2.4,15,100,11534337,1463,0,-1,,0,-1,
h2.4_J15,2.4,15,100,11534337,1464,0,-1,,1,7587,379.35
h2.4_J15,2.4,15,100,11534337,1465,0,-1,,0,-1,
h2.4_J15,2.4,15,100,11534337,1466,0,-1,,0,-1,
h2.4_J15,2.4,15,100,11534337,1467,0,-1,,0,-1,
h2.4_J15,2.4,15,100,11534337,1468,0,-1,,0,-1,
h2.4_J15,2.4,15,100,11534337,1469,0,-1,,0,-1,
h2.4_J15,2.4,15,100,11534337,1470,1,282,14.100000000000001,1,285,14.25
h2.4_J15,2.4,15,100,11534337,1471,0,-1,,0,-1,
h2.4_J15,2.4,15,100,11534337,1472,0,-1,,0,-1,
h2.4_J15,2.4,15,100,11534337,1473,0,-1,,0,-1,
h2.4_J15,2.4,15,100,11534337,1474,0,-1,,0,-1,
h2.4_J15,2.4,15,100,11534337,1475,0,-1,,0,-1,
h2.4_J15,2.4,15,100,11534337,1476,0,-1,,0,-1,
h2.4_J15,2.4,15,100,11534337,1477,0,-1,,0,-1,
h2.4_J15,2.4,15,100,11534337,1478,1,271,13.55,1,281,14.05
h2.4_J15,2.4,15,100,11534337,1479,0,-1,,0,-1,
h2.4_J15,2.4,15,100,11534337,1480,0,-1,,0,-1,
h2.4_J15,2.4,15,100,11534337,1481,0,-1,,0,-1,
h2.4_J15,2.4,15,100,11534337,1482,0,-1,,0,-1,
h2.4_J15,2.4,15,100,11534337,1483,0,-1,,0,-1,
h2.4_J15,2.4,15,100,11534337,1484,0,-1,,0,-1,
h2.4_J15,2.4,15,100,11534337,1485,0,-1,,0,-1,
h2.4_J15,2.4,15,100,11534337,1486,0,-1,,0,-1,
h2.4_J15,2.4,15,100,11534337,1487,0,-1,,0,-1,
h2.4_J15,2.4,15,100,11534337,1488,0,-1,,0,-1,
h2.4_J15,2.4,15,100,11534337,1489,0,-1,,0,-1,
h2.4_J15,2.4,15,100,11534337,1490,0,-1,,0,-1,
h2.4_J15,2.4,15,100,11534337,1491,0,-1,,0,-1,
h2.4_J15,2.4,15,100,11534337,1492,0,-1,,1,13568,678.4000000000001
h2.4_J15,2.4,15,100,11534337,1493,0,-1,,0,-1,
h2.4_J15,2.4,15,100,11534337,1494,0,-1,,0,-1,
h2.4_J15,2.4,15,100,11534337,1495,0,-1,,0,-1,
h2.4_J15,2.4,15,100,11534337,1496,0,-1,,0,-1,
h2.4_J15,2.4,15,100,11534337,1497,0,-1,,0,-1,
h2.4_J15,2.4,15,100,11534337,1498,0,-1,,0,-1,
h2.4_J15,2.4,15,100,11534337,1499,0,-1,,1,15573,778.6500000000001
h2.4_J15,2.4,15,100,11534337,1500,0,-1,,0,-1,
h2.4_J15,2.4,15,100,11534337,1501,0,-1,,0,-1,
h2.4_J15,2.4,15,100,11534337,1502,0,-1,,0,-1,
h2.4_J15,2.4,15,100,11534337,1503,0,-1,,0,-1,
h2.4_J15,2.4,15,100,11534337,1504,0,-1,,0,-1,
h2.4_J15,2.4,15,100,11534337,1505,0,-1,,0,-1,
h2.4_J15,2.4,15,100,11534337,1506,0,-1,,0,-1,
h2.4_J15,2.4,15,100,11534337,1507,0,-1,,0,-1,
h2.4_J15,2.4,15,100,11534337,1508,0,-1,,0,-1,
h2.4_J15,2.4,15,100,11534337,1509,1,325,16.25,1,329,16.45
h2.4_J15,2.4,15,100,11534337,1510,1,18876,943.8000000000001,1,18898,944.9000000000001
h2.4_J15,2.4,15,100,11534337,1511,0,-1,,0,-1,
h2.4_J15,2.4,15,100,11534337,1512,0,-1,,0,-1,
h2.4_J15,2.4,15,100,11534337,1513,0,-1,,1,16532,826.6
h2.4_J15,2.4,15,100,11534337,1514,0,-1,,0,-1,
h2.4_J15,2.4,15,100,11534337,1515,0,-1,,0,-1,
h2.4_J15,2.4,15,100,11534337,1516,0,-1,,0,-1,
h2.4_J15,2.4,15,100,11534337,1517,0,-1,,0,-1,
h2.4_J15,2.4,15,100,11534337,1518,0,-1,,0,-1,
h2.4_J15,2.4,15,100,11534337,1519,0,-1,,0,-1,
h2.4_J15,2.4,15,100,11534337,1520,0,-1,,1,17067,853.35
h2.4_J15,2.4,15,100,11534337,1521,0,-1,,0,-1,
h2.4_J15,2.4,15,100,11534337,1522,0,-1,,0,-1,
h2.4_J15,2.4,15,100,11534337,1523,0,-1,,0,-1,
h2.4_J15,2.4,15,100,11534337,1524,0,-1,,0,-1,
h2.4_J15,2.4,15,100,11534337,1525,0,-1,,0,-1,
h2.4_J15,2.4,15,100,11534337,1526,0,-1,,0,-1,
h2.4_J15,2.4,15,100,11534337,1527,0,-1,,0,-1,
h2.4_J15,2.4,15,100,11534337,1528,1,272,13.600000000000001,1,273,13.65
h2.4_J15,2.4,15,100,11534337,1529,0,-1,,1,1155,57.75
h2.4_J15,2.4,15,100,11534337,1530,1,291,14.55,1,291,14.55
h2.4_J15,2.4,15,100,11534337,1531,0,-1,,0,-1,
h2.4_J15,2.4,15,100,11534337,1532,0,-1,,0,-1,
h2.4_J15,2.4,15,100,11534337,1533,0,-1,,0,-1,
h2.4_J15,2.4,15,100,11534337,1534,1,19822,991.1,0,-1,
h2.4_J15,2.4,15,100,11534337,1535,1,305,15.25,1,307,15.350000000000001
h2.4_J15,2.4,15,100,11534337,1536,0,-1,,0,-1,
h2.4_J15,2.4,15,100,11534337,1537,0,-1,,0,-1,
h2.4_J15,2.4,15,100,11534337,1538,0,-1,,0,-1,
h2.4_J15,2.4,15,100,11534337,1539,1,284,14.200000000000001,1,287,14.350000000000001
h2.4_J15,2.4,15,100,11534337,1540,0,-1,,0,-1,
h2.4_J15,2.4,15,100,11534337,1541,0,-1,,1,303,15.15
h2.4_J15,2.4,15,100,11534337,1542,0,-1,,0,-1,
h2.4_J15,2.4,15,100,11534337,1543,0,-1,,0,-1,
h2.4_J15,2.4,15,100,11534337,1544,0,-1,,0,-1,
h2.4_J15,2.4,15,100,11534337,1545,0,-1,,0,-1,
h2.4_J15,2.4,15,100,11534337,1546,0,-1,,0,-1,
h2.4_J15,2.4,15,100,11534337,1547,0,-1,,0,-1,
h2.4_J15,2.4,15,100,11534337,1548,0,-1,,0,-1,
h2.4_J15,2.4,15,100,11534337,1549,0,-1,,0,-1,
h2.4_J15,2.4,15,100,11534337,1550,0,-1,,1,9148,457.40000000000003
h2.4_J15,2.4,15,100,11534337,1551,0,-1,,0,-1,
h2.4_J15,2.4,15,100,11534337,1552,0,-1,,1,19622,981.1
h2.4_J15,2.4,15,100,11534337,1553,0,-1,,0,-1,
h2.4_J15,2.4,15,100,11534337,1554,0,-1,,0,-1,
h2.4_J15,2.4,15,100,11534337,1555,0,-1,,1,3651,182.55
h2.4_J15,2.4,15,100,11534337,1556,1,281,14.05,1,281,14.05
h2.4_J15,2.4,15,100,11534337,1557,0,-1,,0,-1,
h2.4_J15,2.4,15,100,11534337,1558,1,3213,160.65,1,11901,595.0500000000001
h2.4_J15,2.4,15,100,11534337,1559,0,-1,,0,-1,
h2.4_J15,2.4,15,100,11534337,1560,0,-1,,0,-1,
h2.4_J15,2.4,15,100,11534337,1561,0,-1,,0,-1,
h2.4_J15,2.4,15,100,11534337,1562,0,-1,,0,-1,
h2.4_J15,2.4,15,100,11534337,1563,0,-1,,0,-1,
h2.4_J15,2.4,15,100,11534337,1564,0,-1,,0,-1,
h2.4_J15,2.4,15,100,11534337,1565,1,276,13.8,1,278,13.9
h2.4_J15,2.4,15,100,11534337,1566,0,-1,,0,-1,
h2.4_J15,2.4,15,100,11534337,1567,1,295,14.75,1,303,15.15
h2.4_J15,2.4,15,100,11534337,1568,1,18692,934.6,1,18760,938.0
h2.4_J15,2.4,15,100,11534337,1569,1,3765,188.25,1,3778,188.9
h2.4_J15,2.4,15,100,11534337,1570,1,288,14.4,1,290,14.5
h2.4_J15,2.4,15,100,11534337,1571,0,-1,,0,-1,
h2.4_J15,2.4,15,100,11534337,1572,0,-1,,0,-1,
h2.4_J15,2.4,15,100,11534337,1573,0,-1,,0,-1,
h2.4_J15,2.4,15,100,11534337,1574,0,-1,,0,-1,
h2.4_J15,2.4,15,100,11534337,1575,0,-1,,0,-1,
h2.4_J15,2.4,15,100,11534337,1576,0,-1,,0,-1,
h2.4_J15,2.4,15,100,11534337,1577,0,-1,,0,-1,
h2.4_J15,2.4,15,100,11534337,1578,0,-1,,0,-1,
h2.4_J15,2.4,15,100,11534337,1579,0,-1,,0,-1,
h2.4_J15,2.4,15,100,11534337,1580,0,-1,,0,-1,
h2.4_J15,2.4,15,100,11534337,1581,0,-1,,1,10848,542.4
h2.4_J15,2.4,15,100,11534337,1582,0,-1,,0,-1,
h2.4_J15,2.4,15,100,11534337,1583,0,-1,,0,-1,
h2.4_J15,2.4,15,100,11534337,1584,0,-1,,0,-1,
h2.4_J15,2.4,15,100,11534337,1585,0,-1,,0,-1,
h2.4_J15,2.4,15,100,11534337,1586,0,-1,,0,-1,
h2.4_J15,2.4,15,100,11534337,1587,0,-1,,0,-1,
h2.4_J15,2.4,15,100,11534337,1588,0,-1,,0,-1,
h2.4_J15,2.4,15,100,11534337,1589,1,268,13.4,1,271,13.55
h2.4_J15,2.4,15,100,11534337,1590,0,-1,,0,-1,
h2.4_J15,2.4,15,100,11534337,1591,0,-1,,0,-1,
h2.4_J15,2.4,15,100,11534337,1592,0,-1,,0,-1,
h2.4_J15,2.4,15,100,11534337,1593,0,-1,,0,-1,
h2.4_J15,2.4,15,100,11534337,1594,0,-1,,1,13554,677.7
h2.4_J15,2.4,15,100,11534337,1595,0,-1,,0,-1,
h2.4_J15,2.4,15,100,11534337,1596,0,-1,,0,-1,
h2.4_J15,2.4,15,100,11534337,1597,0,-1,,0,-1,
h2.4_J15,2.4,15,100,11534337,1598,1,294,14.700000000000001,1,297,14.850000000000001
h2.4_J15,2.4,15,100,11534337,1599,0,-1,,1,3657,182.85000000000002
h2.4_J15,2.4,15,100,11534337,1600,0,-1,,0,-1,
h2.4_J15,2.4,15,100,11534337,1601,0,-1,,0,-1,
h2.4_J15,2.4,15,100,11534337,1602,0,-1,,0,-1,
h2.4_J15,2.4,15,100,11534337,1603,0,-1,,0,-1,
h2.4_J15,2.4,15,100,11534337,1604,0,-1,,1,5450,272.5
h2.4_J15,2.4,15,100,11534337,1605,0,-1,,0,-1,
h2.4_J15,2.4,15,100,11534337,1606,0,-1,,0,-1,
h2.4_J15,2.4,15,100,11534337,1607,0,-1,,0,-1,
h2.4_J15,2.4,15,100,11534337,1608,0,-1,,0,-1,
h2.4_J15,2.4,15,100,11534337,1609,1,268,13.4,1,273,13.65
h2.4_J15,2.4,15,100,11534337,1610,0,-1,,0,-1,
h2.4_J15,2.4,15,100,11534337,1611,0,-1,,0,-1,
h2.4_J15,2.4,15,100,11534337,1612,0,-1,,1,12431,621.5500000000001
h2.4_J15,2.4,15,100,11534337,1613,0,-1,,0,-1,
h2.4_J15,2.4,15,100,11534337,1614,1,276,13.8,1,285,14.25
h2.4_J15,2.4,15,100,11534337,1615,0,-1,,0,-1,
h2.4_J15,2.4,15,100,11534337,1616,0,-1,,0,-1,
h2.4_J15,2.4,15,100,11534337,1617,0,-1,,0,-1,
h2.4_J15,2.4,15,100,11534337,1618,0,-1,,0,-1,
h2.4_J15,2.4,15,100,11534337,1619,0,-1,,0,-1,
h2.4_J15,2.4,15,100,11534337,1620,1,272,13.600000000000001,1,276,13.8
h2.4_J15,2.4,15,100,11534337,1621,0,-1,,0,-1,
h2.4_J15,2.4,15,100,11534337,1622,0,-1,,0,-1,
h2.4_J15,2.4,15,100,11534337,1623,0,-1,,0,-1,
h2.4_J15,2.4,15,100,11534337,1624,0,-1,,0,-1,
h2.4_J15,2.4,15,100,11534337,1625,0,-1,,0,-1,
h2.4_J15,2.4,15,100,11534337,1626,0,-1,,0,-1,
h2.4_J15,2.4,15,100,11534337,1627,0,-1,,0,-1,
h2.4_J15,2.4,15,100,11534337,1628,1,309,15.450000000000001,1,316,15.8
h2.4_J15,2.4,15,100,11534337,1629,0,-1,,0,-1,
h2.4_J15,2.4,15,100,11534337,1630,0,-1,,0,-1,
h2.4_J15,2.4,15,100,11534337,1631,0,-1,,0,-1,
h2.4_J15,2.4,15,100,11534337,1632,0,-1,,0,-1,
h2.4_J15,2.4,15,100,11534337,1633,0,-1,,1,13763,688.1500000000001
h2.4_J15,2.4,15,100,11534337,1634,1,275,13.75,1,275,13.75
h2.4_J15,2.4,15,100,11534337,1635,1,271,13.55,1,273,13.65
h2.4_J15,2.4,15,100,11534337,1636,0,-1,,0,-1,
h2.4_J15,2.4,15,100,11534337,1637,0,-1,,0,-1,
h2.4_J15,2.4,15,100,11534337,1638,0,-1,,0,-1,
h2.4_J15,2.4,15,100,11534337,1639,0,-1,,0,-1,
h2.4_J15,2.4,15,100,11534337,1640,0,-1,,0,-1,
h2.4_J15,2.4,15,100,11534337,1641,0,-1,,0,-1,
h2.4_J15,2.4,15,100,11534337,1642,0,-1,,0,-1,
h2.4_J15,2.4,15,100,11534337,1643,0,-1,,0,-1,
h2.4_J15,2.4,15,100,11534337,1644,0,-1,,0,-1,
h2.4_J15,2.4,15,100,11534337,1645,0,-1,,0,-1,
h2.4_J15,2.4,15,100,11534337,1646,0,-1,,0,-1,
h2.4_J15,2.4,15,100,11534337,1647,0,-1,,0,-1,
h2.4_J15,2.4,15,100,11534337,1648,0,-1,,1,16197,809.85
h2.4_J15,2.4,15,100,11534337,1649,1,269,13.450000000000001,1,313,15.65
h2.4_J15,2.4,15,100,11534337,1650,0,-1,,0,-1,
h2.4_J15,2.4,15,100,11534337,1651,0,-1,,0,-1,
h2.4_J15,2.4,15,100,11534337,1652,0,-1,,0,-1,
h2.4_J15,2.4,15,100,11534337,1653,1,278,13.9,1,278,13.9
h2.4_J15,2.4,15,100,11534337,1654,0,-1,,0,-1,
h2.4_J15,2.4,15,100,11534337,1655,0,-1,,0,-1,
h2.4_J15,2.4,15,100,11534337,1656,0,-1,,1,14432,721.6
h2.4_J15,2.4,15,100,11534337,1657,0,-1,,0,-1,
h2.4_J15,2.4,15,100,11534337,1658,1,271,13.55,1,275,13.75
h2.4_J15,2.4,15,100,11534337,1659,0,-1,,0,-1,
h2.4_J15,2.4,15,100,11534337,1660,1,297,14.850000000000001,1,299,14.950000000000001
h2.4_J15,2.4,15,100,11534337,1661,0,-1,,0,-1,
h2.4_J15,2.4,15,100,11534337,1662,0,-1,,1,10353,517.65
h2.4_J15,2.4,15,100,11534337,1663,0,-1,,0,-1,
h2.4_J15,2.4,15,100,11534337,1664,1,13102,655.1,1,13153,657.6500000000001
h2.4_J15,2.4,15,100,11534337,1665,0,-1,,0,-1,
h2.4_J15,2.4,15,100,11534337,1666,1,269,13.450000000000001,1,271,13.55
h2.4_J15,2.4,15,100,11534337,1667,1,277,13.850000000000001,1,280,14.0
h2.4_J15,2.4,15,100,11534337,1668,0,-1,,0,-1,
h2.4_J15,2.4,15,100,11534337,1669,1,298,14.9,1,304,15.200000000000001
h2.4_J15,2.4,15,100,11534337,1670,0,-1,,0,-1,
h2.4_J15,2.4,15,100,11534337,1671,0,-1,,0,-1,
h2.4_J15,2.4,15,100,11534337,1672,0,-1,,0,-1,
h2.4_J15,2.4,15,100,11534337,1673,0,-1,,0,-1,
h2.4_J15,2.4,15,100,11534337,1674,0,-1,,0,-1,
h2.4_J15,2.4,15,100,11534337,1675,0,-1,,1,8926,446.3
h2.4_J15,2.4,15,100,11534337,1676,0,-1,,0,-1,
h2.4_J15,2.4,15,100,11534337,1677,0,-1,,0,-1,
h2.4_J15,2.4,15,100,11534337,1678,0,-1,,0,-1,
h2.4_J15,2.4,15,100,11534337,1679,0,-1,,0,-1,
h2.4_J15,2.4,15,100,11534337,1680,0,-1,,0,-1,
h2.4_J15,2.4,15,100,11534337,1681,0,-1,,0,-1,
h2.4_J15,2.4,15,100,11534337,1682,0,-1,,1,6946,347.3
h2.4_J15,2.4,15,100,11534337,1683,0,-1,,1,18154,907.7
h2.4_J15,2.4,15,100,11534337,1684,0,-1,,0,-1,
h2.4_J15,2.4,15,100,11534337,1685,0,-1,,0,-1,
h2.4_J15,2.4,15,100,11534337,1686,0,-1,,0,-1,
h2.4_J15,2.4,15,100,11534337,1687,1,273,13.65,1,284,14.200000000000001
h2.4_J15,2.4,15,100,11534337,1688,0,-1,,0,-1,
h2.4_J15,2.4,15,100,11534337,1689,0,-1,,0,-1,
h2.4_J15,2.4,15,100,11534337,1690,0,-1,,0,-1,
h2.4_J15,2.4,15,100,11534337,1691,0,-1,,0,-1,
h2.4_J15,2.4,15,100,11534337,1692,0,-1,,0,-1,
h2.4_J15,2.4,15,100,11534337,1693,1,338,16.900000000000002,1,336,16.8
h2.4_J15,2.4,15,100,11534337,1694,1,280,14.0,1,284,14.200000000000001
h2.4_J15,2.4,15,100,11534337,1695,0,-1,,1,2683,134.15
h2.4_J15,2.4,15,100,11534337,1696,0,-1,,0,-1,
h2.4_J15,2.4,15,100,11534337,1697,0,-1,,0,-1,
h2.4_J15,2.4,15,100,11534337,1698,0,-1,,0,-1,
h2.4_J15,2.4,15,100,11534337,1699,0,-1,,0,-1,
h2.4_J15,2.4,15,100,11534337,1700,0,-1,,0,-1,
h2.4_J15,2.4,15,100,11534337,1701,0,-1,,0,-1,
h2.4_J15,2.4,15,100,11534337,1702,0,-1,,1,18227,911.35
h2.4_J15,2.4,15,100,11534337,1703,1,275,13.75,1,277,13.850000000000001
h2.4_J15,2.4,15,100,11534337,1704,1,284,14.200000000000001,1,289,14.450000000000001
h2.4_J15,2.4,15,100,11534337,1705,0,-1,,0,-1,
h2.4_J15,2.4,15,100,11534337,1706,0,-1,,0,-1,
h2.4_J15,2.4,15,100,11534337,1707,0,-1,,1,4109,205.45000000000002
h2.4_J15,2.4,15,100,11534337,1708,0,-1,,0,-1,
h2.4_J15,2.4,15,100,11534337,1709,0,-1,,0,-1,
h2.4_J15,2.4,15,100,11534337,1710,0,-1,,0,-1,
h2.4_J15,2.4,15,100,11534337,1711,0,-1,,0,-1,
h2.4_J15,2.4,15,100,11534337,1712,0,-1,,1,16874,843.7
h2.4_J15,2.4,15,100,11534337,1713,0,-1,,0,-1,
h2.4_J15,2.4,15,100,11534337,1714,0,-1,,0,-1,
h2.4_J15,2.4,15,100,11534337,1715,0,-1,,0,-1,
h2.4_J15,2.4,15,100,11534337,1716,0,-1,,0,-1,
h2.4_J15,2.4,15,100,11534337,1717,1,281,14.05,1,282,14.100000000000001
h2.4_J15,2.4,15,100,11534337,1718,0,-1,,1,737,36.85
h2.4_J15,2.4,15,100,11534337,1719,1,305,15.25,1,309,15.450000000000001
h2.4_J15,2.4,15,100,11534337,1720,0,-1,,0,-1,
h2.4_J15,2.4,15,100,11534337,1721,0,-1,,0,-1,
h2.4_J15,2.4,15,100,11534337,1722,0,-1,,0,-1,
h2.4_J15,2.4,15,100,11534337,1723,0,-1,,0,-1,
h2.4_J15,2.4,15,100,11534337,1724,0,-1,,0,-1,
h2.4_J15,2.4,15,100,11534337,1725,0,-1,,0,-1,
h2.4_J15,2.4,15,100,11534337,1726,1,281,14.05,1,287,14.350000000000001
h2.4_J15,2.4,15,100,11534337,1727,0,-1,,0,-1,
h2.4_J15,2.4,15,100,11534337,1728,0,-1,,0,-1,
h2.4_J15,2.4,15,100,11534337,1729,0,-1,,0,-1,
h2.4_J15,2.4,15,100,11534337,1730,1,278,13.9,1,280,14.0
h2.4_J15,2.4,15,100,11534337,1731,1,276,13.8,1,279,13.950000000000001
h2.4_J15,2.4,15,100,11534337,1732,0,-1,,1,11519,575.95
h2.4_J15,2.4,15,100,11534337,1733,0,-1,,1,19129,956.45
h2.4_J15,2.4,15,100,11534337,1734,0,-1,,0,-1,
h2.4_J15,2.4,15,100,11534337,1735,0,-1,,1,3841,192.05
h2.4_J15,2.4,15,100,11534337,1736,0,-1,,1,4667,233.35000000000002
h2.4_J15,2.4,15,100,11534337,1737,0,-1,,0,-1,
h2.4_J15,2.4,15,100,11534337,1738,1,18416,920.8000000000001,0,-1,
h2.4_J15,2.4,15,100,11534337,1739,0,-1,,0,-1,
h2.4_J15,2.4,15,100,11534337,1740,0,-1,,0,-1,
h2.4_J15,2.4,15,100,11534337,1741,0,-1,,1,5525,276.25
h2.4_J15,2.4,15,100,11534337,1742,0,-1,,0,-1,
h2.4_J15,2.4,15,100,11534337,1743,1,276,13.8,1,278,13.9
h2.4_J15,2.4,15,100,11534337,1744,0,-1,,0,-1,
h2.4_J15,2.4,15,100,11534337,1745,0,-1,,0,-1,
h2.4_J15,2.4,15,100,11534337,1746,0,-1,,0,-1,
h2.4_J15,2.4,15,100,11534337,1747,0,-1,,0,-1,
h2.4_J15,2.4,15,100,11534337,1748,1,332,16.6,1,310,15.5
h2.4_J15,2.4,15,100,11534337,1749,0,-1,,0,-1,
h2.4_J15,2.4,15,100,11534337,1750,1,279,13.950000000000001,1,281,14.05
h2.4_J15,2.4,15,100,11534337,1751,0,-1,,0,-1,
h2.4_J15,2.4,15,100,11534337,1752,0,-1,,0,-1,
h2.4_J15,2.4,15,100,11534337,1753,0,-1,,0,-1,
h2.4_J15,2.4,15,100,11534337,1754,0,-1,,0,-1,
h2.4_J15,2.4,15,100,11534337,1755,0,-1,,0,-1,
h2.4_J15,2.4,15,100,11534337,1756,1,2466,123.30000000000001,1,2498,124.9
h2.4_J15,2.4,15,100,11534337,1757,1,272,13.600000000000001,1,275,13.75
h2.4_J15,2.4,15,100,11534337,1758,0,-1,,0,-1,
h2.4_J15,2.4,15,100,11534337,1759,0,-1,,0,-1,
h2.4_J15,2.4,15,100,11534337,1760,0,-1,,0,-1,
h2.4_J15,2.4,15,100,11534337,1761,0,-1,,0,-1,
h2.4_J15,2.4,15,100,11534337,1762,0,-1,,0,-1,
h2.4_J15,2.4,15,100,11534337,1763,1,15900,795.0,0,-1,
h2.4_J15,2.4,15,100,11534337,1764,1,15724,786.2,1,4881,244.05
h2.4_J15,2.4,15,100,11534337,1765,0,-1,,0,-1,
h2.4_J15,2.4,15,100,11534337,1766,0,-1,,0,-1,
h2.4_J15,2.4,15,100,11534337,1767,0,-1,,1,9128,456.40000000000003
h2.4_J15,2.4,15,100,11534337,1768,0,-1,,0,-1,
h2.4_J15,2.4,15,100,11534337,1769,0,-1,,0,-1,
h2.4_J15,2.4,15,100,11534337,1770,0,-1,,1,16863,843.1500000000001
h2.4_J15,2.4,15,100,11534337,1771,0,-1,,0,-1,
h2.4_J15,2.4,15,100,11534337,1772,0,-1,,0,-1,
h2.4_J15,2.4,15,100,11534337,1773,0,-1,,0,-1,
h2.4_J15,2.4,15,100,11534337,1774,0,-1,,0,-1,
h2.4_J15,2.4,15,100,11534337,1775,0,-1,,0,-1,
h2.4_J15,2.4,15,100,11534337,1776,0,-1,,0,-1,
h2.4_J15,2.4,15,100,11534337,1777,0,-1,,0,-1,
h2.4_J15,2.4,15,100,11534337,1778,0,-1,,0,-1,
h2.4_J15,2.4,15,100,11534337,1779,0,-1,,0,-1,
h2.4_J15,2.4,15,100,11534337,1780,0,-1,,0,-1,
h2.4_J15,2.4,15,100,11534337,1781,0,-1,,0,-1,
h2.4_J15,2.4,15,100,11534337,1782,0,-1,,0,-1,
h2.4_J15,2.4,15,100,11534337,1783,1,280,14.0,1,282,14.100000000000001
h2.4_J15,2.4,15,100,11534337,1784,0,-1,,0,-1,
h2.4_J15,2.4,15,100,11534337,1785,0,-1,,0,-1,
h2.4_J15,2.4,15,100,11534337,1786,0,-1,,0,-1,
h2.4_J15,2.4,15,100,11534337,1787,1,19737,986.85,1,3963,198.15
h2.4_J15,2.4,15,100,11534337,1788,0,-1,,0,-1,
h2.4_J15,2.4,15,100,11534337,1789,0,-1,,0,-1,
h2.4_J15,2.4,15,100,11534337,1790,0,-1,,0,-1,
h2.4_J15,2.4,15,100,11534337,1791,0,-1,,0,-1,
h2.4_J15,2.4,15,100,11534337,1792,1,400,20.0,1,13910,695.5
h2.4_J15,2.4,15,100,11534337,1793,1,10931,546.5500000000001,1,10963,548.15
h2.4_J15,2.4,15,100,11534337,1794,0,-1,,0,-1,
h2.4_J15,2.4,15,100,11534337,1795,0,-1,,1,6771,338.55
h2.4_J15,2.4,15,100,11534337,1796,0,-1,,0,-1,
h2.4_J15,2.4,15,100,11534337,1797,0,-1,,0,-1,
h2.4_J15,2.4,15,100,11534337,1798,0,-1,,0,-1,
h2.4_J15,2.4,15,100,11534337,1799,0,-1,,0,-1,
h2.4_J15,2.4,15,100,11534337,1800,0,-1,,1,19943,997.1500000000001
h2.4_J15,2.4,15,100,11534337,1801,1,266,13.3,1,270,13.5
h2.4_J15,2.4,15,100,11534337,1802,0,-1,,0,-1,
h2.4_J15,2.4,15,100,11534337,1803,1,330,16.5,1,337,16.85
h2.4_J15,2.4,15,100,11534337,1804,0,-1,,0,-1,
h2.4_J15,2.4,15,100,11534337,1805,0,-1,,0,-1,
h2.4_J15,2.4,15,100,11534337,1806,0,-1,,0,-1,
h2.4_J15,2.4,15,100,11534337,1807,0,-1,,0,-1,
h2.4_J15,2.4,15,100,11534337,1808,0,-1,,1,4367,218.35000000000002
h2.4_J15,2.4,15,100,11534337,1809,1,278,13.9,1,285,14.25
h2.4_J15,2.4,15,100,11534337,1810,0,-1,,0,-1,
h2.4_J15,2.4,15,100,11534337,1811,0,-1,,0,-1,
h2.4_J15,2.4,15,100,11534337,1812,1,2587,129.35,1,2607,130.35
h2.4_J15,2.4,15,100,11534337,1813,0,-1,,0,-1,
h2.4_J15,2.4,15,100,11534337,1814,0,-1,,0,-1,
h2.4_J15,2.4,15,100,11534337,1815,0,-1,,0,-1,
h2.4_J15,2.4,15,100,11534337,1816,0,-1,,1,4785,239.25
h2.4_J15,2.4,15,100,11534337,1817,0,-1,,0,-1,
h2.4_J15,2.4,15,100,11534337,1818,1,267,13.350000000000001,1,271,13.55
h2.4_J15,2.4,15,100,11534337,1819,0,-1,,0,-1,
h2.4_J15,2.4,15,100,11534337,1820,0,-1,,0,-1,
h2.4_J15,2.4,15,100,11534337,1821,0,-1,,0,-1,
h2.4_J15,2.4,15,100,11534337,1822,0,-1,,0,-1,
h2.4_J15,2.4,15,100,11534337,1823,0,-1,,0,-1,
h2.4_J15,2.4,15,100,11534337,1824,0,-1,,0,-1,
h2.4_J15,2.4,15,100,11534337,1825,0,-1,,0,-1,
h2.4_J15,2.4,15,100,11534337,1826,0,-1,,0,-1,
h2.4_J15,2.4,15,100,11534337,1827,1,281,14.05,1,287,14.350000000000001
h2.4_J15,2.4,15,100,11534337,1828,0,-1,,1,3482,174.10000000000002
h2.4_J15,2.4,15,100,11534337,1829,0,-1,,0,-1,
h2.4_J15,2.4,15,100,11534337,1830,0,-1,,0,-1,
h2.4_J15,2.4,15,100,11534337,1831,0,-1,,1,9438,471.90000000000003
h2.4_J15,2.4,15,100,11534337,1832,0,-1,,0,-1,
h2.4_J15,2.4,15,100,11534337,1833,0,-1,,0,-1,
h2.4_J15,2.4,15,100,11534337,1834,0,-1,,1,8846,442.3
h2.4_J15,2.4,15,100,11534337,1835,0,-1,,0,-1,
h2.4_J15,2.4,15,100,11534337,1836,0,-1,,0,-1,
h2.4_J15,2.4,15,100,11534337,1837,0,-1,,0,-1,
h2.4_J15,2.4,15,100,11534337,1838,1,266,13.3,1,269,13.450000000000001
h2.4_J15,2.4,15,100,11534337,1839,0,-1,,0,-1,
h2.4_J15,2.4,15,100,11534337,1840,0,-1,,0,-1,
h2.4_J15,2.4,15,100,11534337,1841,0,-1,,0,-1,
h2.4_J15,2.4,15,100,11534337,1842,0,-1,,1,6164,308.20000000000005
h2.4_J15,2.4,15,100,11534337,1843,0,-1,,0,-1,
h2.4_J15,2.4,15,100,11534337,1844,0,-1,,0,-1,
h2.4_J15,2.4,15,100,11534337,1845,0,-1,,0,-1,
h2.4_J15,2.4,15,100,11534337,1846,0,-1,,0,-1,
h2.4_J15,2.4,15,100,11534337,1847,0,-1,,1,3050,152.5
h2.4_J15,2.4,15,100,11534337,1848,1,285,14.25,1,303,15.15
h2.4_J15,2.4,15,100,11534337,1849,0,-1,,0,-1,
h2.4_J15,2.4,15,100,11534337,1850,0,-1,,0,-1,
h2.4_J15,2.4,15,100,11534337,1851,0,-1,,0,-1,
h2.4_J15,2.4,15,100,11534337,1852,1,280,14.0,1,284,14.200000000000001
h2.4_J15,2.4,15,100,11534337,1853,0,-1,,0,-1,
h2.4_J15,2.4,15,100,11534337,1854,0,-1,,1,16411,820.5500000000001
h2.4_J15,2.4,15,100,11534337,1855,1,279,13.950000000000001,1,282,14.100000000000001
h2.4_J15,2.4,15,100,11534337,1856,0,-1,,1,1832,91.60000000000001
h2.4_J15,2.4,15,100,11534337,1857,0,-1,,0,-1,
h2.4_J15,2.4,15,100,11534337,1858,0,-1,,0,-1,
h2.4_J15,2.4,15,100,11534337,1859,0,-1,,0,-1,
h2.4_J15,2.4,15,100,11534337,1860,0,-1,,1,10350,517.5
h2.4_J15,2.4,15,100,11534337,1861,0,-1,,0,-1,
h2.4_J15,2.4,15,100,11534337,1862,0,-1,,0,-1,
h2.4_J15,2.4,15,100,11534337,1863,0,-1,,0,-1,
h2.4_J15,2.4,15,100,11534337,1864,0,-1,,1,16969,848.45
h2.4_J15,2.4,15,100,11534337,1865,0,-1,,0,-1,
h2.4_J15,2.4,15,100,11534337,1866,1,304,15.200000000000001,1,306,15.3
h2.4_J15,2.4,15,100,11534337,1867,0,-1,,0,-1,
h2.4_J15,2.4,15,100,11534337,1868,0,-1,,0,-1,
h2.4_J15,2.4,15,100,11534337,1869,0,-1,,0,-1,
h2.4_J15,2.4,15,100,11534337,1870,0,-1,,0,-1,
h2.4_J15,2.4,15,100,11534337,1871,1,278,13.9,1,283,14.15
h2.4_J15,2.4,15,100,11534337,1872,0,-1,,0,-1,
h2.4_J15,2.4,15,100,11534337,1873,1,265,13.25,1,267,13.350000000000001
h2.4_J15,2.4,15,100,11534337,1874,0,-1,,0,-1,
h2.4_J15,2.4,15,100,11534337,1875,0,-1,,0,-1,
h2.4_J15,2.4,15,100,11534337,1876,0,-1,,0,-1,
h2.4_J15,2.4,15,100,11534337,1877,0,-1,,0,-1,
h2.4_J15,2.4,15,100,11534337,1878,0,-1,,0,-1,
h2.4_J15,2.4,15,100,11534337,1879,0,-1,,0,-1,
h2.4_J15,2.4,15,100,11534337,1880,0,-1,,1,19003,950.1500000000001
h2.4_J15,2.4,15,100,11534337,1881,0,-1,,0,-1,
h2.4_J15,2.4,15,100,11534337,1882,0,-1,,0,-1,
h2.4_J15,2.4,15,100,11534337,1883,0,-1,,0,-1,
h2.4_J15,2.4,15,100,11534337,1884,0,-1,,0,-1,
h2.4_J15,2.4,15,100,11534337,1885,0,-1,,0,-1,
h2.4_J15,2.4,15,100,11534337,1886,0,-1,,1,6578,328.90000000000003
h2.4_J15,2.4,15,100,11534337,1887,0,-1,,0,-1,
h2.4_J15,2.4,15,100,11534337,1888,0,-1,,0,-1,
h2.4_J15,2.4,15,100,11534337,1889,0,-1,,0,-1,
h2.4_J15,2.4,15,100,11534337,1890,0,-1,,0,-1,
h2.4_J15,2.4,15,100,11534337,1891,1,8990,449.5,1,9013,450.65000000000003
h2.4_J15,2.4,15,100,11534337,1892,0,-1,,0,-1,
h2.4_J15,2.4,15,100,11534337,1893,0,-1,,0,-1,
h2.4_J15,2.4,15,100,11534337,1894,0,-1,,0,-1,
h2.4_J15,2.4,15,100,11534337,1895,0,-1,,0,-1,
h2.4_J15,2.4,15,100,11534337,1896,0,-1,,0,-1,
h2.4_J15,2.4,15,100,11534337,1897,1,341,17.05,0,-1,
h2.4_J15,2.4,15,100,11534337,1898,0,-1,,0,-1,
h2.4_J15,2.4,15,100,11534337,1899,0,-1,,0,-1,
h2.4_J15,2.4,15,100,11534337,1900,0,-1,,0,-1,
h2.4_J15,2.4,15,100,11534337,1901,0,-1,,1,15457,772.85
h2.4_J15,2.4,15,100,11534337,1902,0,-1,,0,-1,
h2.4_J15,2.4,15,100,11534337,1903,0,-1,,0,-1,
h2.4_J15,2.4,15,100,11534337,1904,0,-1,,0,-1,
h2.4_J15,2.4,15,100,11534337,1905,0,-1,,1,14975,748.75
h2.4_J15,2.4,15,100,11534337,1906,0,-1,,1,15590,779.5
h2.4_J15,2.4,15,100,11534337,1907,1,281,14.05,1,288,14.4
h2.4_J15,2.4,15,100,11534337,1908,1,274,13.700000000000001,1,279,13.950000000000001
h2.4_J15,2.4,15,100,11534337,1909,1,12491,624.5500000000001,1,12511,625.5500000000001
h2.4_J15,2.4,15,100,11534337,1910,0,-1,,0,-1,
h2.4_J15,2.4,15,100,11534337,1911,0,-1,,0,-1,
h2.4_J15,2.4,15,100,11534337,1912,0,-1,,0,-1,
h2.4_J15,2.4,15,100,11534337,1913,1,3885,194.25,1,3932,196.60000000000002
h2.4_J15,2.4,15,100,11534337,1914,0,-1,,0,-1,
h2.4_J15,2.4,15,100,11534337,1915,0,-1,,0,-1,
h2.4_J15,2.4,15,100,11534337,1916,0,-1,,0,-1,
h2.4_J15,2.4,15,100,11534337,1917,0,-1,,0,-1,
h2.4_J15,2.4,15,100,11534337,1918,0,-1,,0,-1,
h2.4_J15,2.4,15,100,11534337,1919,0,-1,,1,8660,433.0
h2.4_J15,2.4,15,100,11534337,1920,0,-1,,0,-1,
h2.4_J15,2.4,15,100,11534337,1921,1,16656,832.8000000000001,1,16737,836.85
h2.4_J15,2.4,15,100,11534337,1922,0,-1,,0,-1,
h2.4_J15,2.4,15,100,11534337,1923,0,-1,,1,14394,719.7
h2.4_J15,2.4,15,100,11534337,1924,1,279,13.950000000000001,1,281,14.05
h2.4_J15,2.4,15,100,11534337,1925,1,274,13.700000000000001,1,284,14.200000000000001
h2.4_J15,2.4,15,100,11534337,1926,0,-1,,0,-1,
h2.4_J15,2.4,15,100,11534337,1927,1,278,13.9,1,286,14.3
h2.4_J15,2.4,15,100,11534337,1928,1,3124,156.20000000000002,1,3125,156.25
h2.4_J15,2.4,15,100,11534337,1929,0,-1,,0,-1,
h2.4_J15,2.4,15,100,11534337,1930,0,-1,,0,-1,
h2.4_J15,2.4,15,100,11534337,1931,0,-1,,0,-1,
h2.4_J15,2.4,15,100,11534337,1932,0,-1,,1,4839,241.95000000000002
h2.4_J15,2.4,15,100,11534337,1933,0,-1,,0,-1,
h2.4_J15,2.4,15,100,11534337,1934,0,-1,,0,-1,
h2.4_J15,2.4,15,100,11534337,1935,0,-1,,0,-1,
h2.4_J15,2.4,15,100,11534337,1936,0,-1,,0,-1,
h2.4_J15,2.4,15,100,11534337,1937,0,-1,,0,-1,
h2.4_J15,2.4,15,100,11534337,1938,0,-1,,0,-1,
h2.4_J15,2.4,15,100,11534337,1939,0,-1,,0,-1,
h2.4_J15,2.4,15,100,11534337,1940,0,-1,,0,-1,
h2.4_J15,2.4,15,100,11534337,1941,0,-1,,0,-1,
h2.4_J15,2.4,15,100,11534337,1942,0,-1,,0,-1,
h2.4_J15,2.4,15,100,11534337,1943,0,-1,,0,-1,
h2.4_J15,2.4,15,100,11534337,1944,0,-1,,0,-1,
h2.4_J15,2.4,15,100,11534337,1945,0,-1,,0,-1,
h2.4_J15,2.4,15,100,11534337,1946,0,-1,,0,-1,
h2.4_J15,2.4,15,100,11534337,1947,0,-1,,0,-1,
h2.4_J15,2.4,15,100,11534337,1948,0,-1,,0,-1,
h2.4_J15,2.4,15,100,11534337,1949,1,283,14.15,1,286,14.3
h2.4_J15,2.4,15,100,11534337,1950,0,-1,,0,-1,
h2.4_J15,2.4,15,100,11534337,1951,0,-1,,0,-1,
h2.4_J15,2.4,15,100,11534337,1952,0,-1,,0,-1,
h2.4_J15,2.4,15,100,11534337,1953,0,-1,,0,-1,
h2.4_J15,2.4,15,100,11534337,1954,0,-1,,0,-1,
h2.4_J15,2.4,15,100,11534337,1955,1,266,13.3,1,273,13.65
h2.4_J15,2.4,15,100,11534337,1956,0,-1,,0,-1,
h2.4_J15,2.4,15,100,11534337,1957,0,-1,,0,-1,
h2.4_J15,2.4,15,100,11534337,1958,1,2704,135.20000000000002,1,2742,137.1
h2.4_J15,2.4,15,100,11534337,1959,1,304,15.200000000000001,0,-1,
h2.4_J15,2.4,15,100,11534337,1960,0,-1,,0,-1,
h2.4_J15,2.4,15,100,11534337,1961,1,286,14.3,1,287,14.350000000000001
h2.4_J15,2.4,15,100,11534337,1962,1,17665,883.25,1,17695,884.75
h2.4_J15,2.4,15,100,11534337,1963,0,-1,,0,-1,
h2.4_J15,2.4,15,100,11534337,1964,0,-1,,0,-1,
h2.4_J15,2.4,15,100,11534337,1965,0,-1,,0,-1,
h2.4_J15,2.4,15,100,11534337,1966,1,289,14.450000000000001,1,290,14.5
h2.4_J15,2.4,15,100,11534337,1967,0,-1,,0,-1,
h2.4_J15,2.4,15,100,11534337,1968,0,-1,,0,-1,
h2.4_J15,2.4,15,100,11534337,1969,0,-1,,0,-1,
h2.4_J15,2.4,15,100,11534337,1970,0,-1,,0,-1,
h2.4_J15,2.4,15,100,11534337,1971,0,-1,,1,3648,182.4
h2.4_J15,2.4,15,100,11534337,1972,0,-1,,0,-1,
h2.4_J15,2.4,15,100,11534337,1973,0,-1,,0,-1,
h2.4_J15,2.4,15,100,11534337,1974,0,-1,,0,-1,
h2.4_J15,2.4,15,100,11534337,1975,0,-1,,0,-1,
h2.4_J15,2.4,15,100,11534337,1976,0,-1,,0,-1,
h2.4_J15,2.4,15,100,11534337,1977,0,-1,,0,-1,
h2.4_J15,2.4,15,100,11534337,1978,0,-1,,0,-1,
h2.4_J15,2.4,15,100,11534337,1979,0,-1,,0,-1,
h2.4_J15,2.4,15,100,11534337,1980,1,322,16.1,1,323,16.150000000000002
h2.4_J15,2.4,15,100,11534337,1981,0,-1,,1,9821,491.05
h2.4_J15,2.4,15,100,11534337,1982,1,16136,806.8000000000001,0,-1,
h2.4_J15,2.4,15,100,11534337,1983,1,11380,569.0,1,11390,569.5
h2.4_J15,2.4,15,100,11534337,1984,0,-1,,0,-1,
h2.4_J15,2.4,15,100,11534337,1985,0,-1,,0,-1,
h2.4_J15,2.4,15,100,11534337,1986,1,278,13.9,1,284,14.200000000000001
h2.4_J15,2.4,15,100,11534337,1987,0,-1,,0,-1,
h2.4_J15,2.4,15,100,11534337,1988,0,-1,,0,-1,
h2.4_J15,2.4,15,100,11534337,1989,0,-1,,0,-1,
h2.4_J15,2.4,15,100,11534337,1990,0,-1,,0,-1,
h2.4_J15,2.4,15,100,11534337,1991,0,-1,,0,-1,
h2.4_J15,2.4,15,100,11534337,1992,0,-1,,0,-1,
h2.4_J15,2.4,15,100,11534337,1993,0,-1,,0,-1,
h2.4_J15,2.4,15,100,11534337,1994,0,-1,,0,-1,
h2.4_J15,2.4,15,100,11534337,1995,0,-1,,0,-1,
h2.4_J15,2.4,15,100,11534337,1996,0,-1,,0,-1,
h2.4_J15,2.4,15,100,11534337,1997,0,-1,,0,-1,
h2.4_J15,2.4,15,100,11534337,1998,0,-1,,0,-1,
h2.4_J15,2.4,15,100,11534337,1999,0,-1,,0,-1,
h2.4_J20,2.4,20,100,12534340,0,0,-1,,0,-1,
h2.4_J20,2.4,20,100,12534340,1,1,277,13.850000000000001,0,-1,
h2.4_J20,2.4,20,100,12534340,2,0,-1,,0,-1,
h2.4_J20,2.4,20,100,12534340,3,0,-1,,0,-1,
h2.4_J20,2.4,20,100,12534340,4,1,2931,146.55,1,2939,146.95000000000002
h2.4_J20,2.4,20,100,12534340,5,0,-1,,0,-1,
h2.4_J20,2.4,20,100,12534340,6,0,-1,,0,-1,
h2.4_J20,2.4,20,100,12534340,7,0,-1,,0,-1,
h2.4_J20,2.4,20,100,12534340,8,0,-1,,0,-1,
h2.4_J20,2.4,20,100,12534340,9,0,-1,,0,-1,
h2.4_J20,2.4,20,100,12534340,10,0,-1,,0,-1,
h2.4_J20,2.4,20,100,12534340,11,0,-1,,1,17092,854.6
h2.4_J20,2.4,20,100,12534340,12,1,271,13.55,1,273,13.65
h2.4_J20,2.4,20,100,12534340,13,0,-1,,0,-1,
h2.4_J20,2.4,20,100,12534340,14,0,-1,,0,-1,
h2.4_J20,2.4,20,100,12534340,15,0,-1,,0,-1,
h2.4_J20,2.4,20,100,12534340,16,1,268,13.4,1,270,13.5
h2.4_J20,2.4,20,100,12534340,17,0,-1,,1,16922,846.1
h2.4_J20,2.4,20,100,12534340,18,0,-1,,0,-1,
h2.4_J20,2.4,20,100,12534340,19,0,-1,,0,-1,
h2.4_J20,2.4,20,100,12534340,20,1,285,14.25,1,290,14.5
h2.4_J20,2.4,20,100,12534340,21,0,-1,,0,-1,
h2.4_J20,2.4,20,100,12534340,22,0,-1,,0,-1,
h2.4_J20,2.4,20,100,12534340,23,0,-1,,1,397,19.85
h2.4_J20,2.4,20,100,12534340,24,0,-1,,0,-1,
h2.4_J20,2.4,20,100,12534340,25,0,-1,,0,-1,
h2.4_J20,2.4,20,100,12534340,26,0,-1,,1,4879,243.95000000000002
h2.4_J20,2.4,20,100,12534340,27,0,-1,,0,-1,
h2.4_J20,2.4,20,100,12534340,28,0,-1,,0,-1,
h2.4_J20,2.4,20,100,12534340,29,0,-1,,1,11549,577.45
h2.4_J20,2.4,20,100,12534340,30,0,-1,,0,-1,
h2.4_J20,2.4,20,100,12534340,31,1,293,14.65,1,295,14.75
h2.4_J20,2.4,20,100,12534340,32,0,-1,,0,-1,
h2.4_J20,2.4,20,100,12534340,33,0,-1,,0,-1,
h2.4_J20,2.4,20,100,12534340,34,1,11390,569.5,1,2316,115.80000000000001
h2.4_J20,2.4,20,100,12534340,35,1,9999,499.95000000000005,1,10054,502.70000000000005
h2.4_J20,2.4,20,100,12534340,36,1,303,15.15,1,304,15.200000000000001
h2.4_J20,2.4,20,100,12534340,37,0,-1,,0,-1,
h2.4_J20,2.4,20,100,12534340,38,0,-1,,0,-1,
h2.4_J20,2.4,20,100,12534340,39,0,-1,,0,-1,
h2.4_J20,2.4,20,100,12534340,40,0,-1,,0,-1,
h2.4_J20,2.4,20,100,12534340,41,0,-1,,0,-1,
h2.4_J20,2.4,20,100,12534340,42,1,300,15.0,1,303,15.15
h2.4_J20,2.4,20,100,12534340,43,0,-1,,0,-1,
h2.4_J20,2.4,20,100,12534340,44,0,-1,,1,10053,502.65000000000003
h2.4_J20,2.4,20,100,12534340,45,0,-1,,0,-1,
h2.4_J20,2.4,20,100,12534340,46,0,-1,,0,-1,
h2.4_J20,2.4,20,100,12534340,47,1,2864,143.20000000000002,1,2898,144.9
h2.4_J20,2.4,20,100,12534340,48,0,-1,,0,-1,
h2.4_J20,2.4,20,100,12534340,49,0,-1,,1,2495,124.75
h2.4_J20,2.4,20,100,12534340,50,0,-1,,0,-1,
h2.4_J20,2.4,20,100,12534340,51,1,286,14.3,1,286,14.3
h2.4_J20,2.4,20,100,12534340,52,0,-1,,1,11446,572.3000000000001
h2.4_J20,2.4,20,100,12534340,53,0,-1,,0,-1,
h2.4_J20,2.4,20,100,12534340,54,0,-1,,0,-1,
h2.4_J20,2.4,20,100,12534340,55,1,278,13.9,1,279,13.950000000000001
h2.4_J20,2.4,20,100,12534340,56,1,270,13.5,1,271,13.55
h2.4_J20,2.4,20,100,12534340,57,0,-1,,0,-1,
h2.4_J20,2.4,20,100,12534340,58,0,-1,,0,-1,
h2.4_J20,2.4,20,100,12534340,59,0,-1,,0,-1,
h2.4_J20,2.4,20,100,12534340,60,0,-1,,0,-1,
h2.4_J20,2.4,20,100,12534340,61,0,-1,,0,-1,
h2.4_J20,2.4,20,100,12534340,62,1,2218,110.9,1,2241,112.05000000000001
h2.4_J20,2.4,20,100,12534340,63,0,-1,,0,-1,
h2.4_J20,2.4,20,100,12534340,64,1,275,13.75,1,280,14.0
h2.4_J20,2.4,20,100,12534340,65,0,-1,,0,-1,
h2.4_J20,2.4,20,100,12534340,66,0,-1,,0,-1,
h2.4_J20,2.4,20,100,12534340,67,0,-1,,0,-1,
h2.4_J20,2.4,20,100,12534340,68,1,279,13.950000000000001,1,288,14.4
h2.4_J20,2.4,20,100,12534340,69,0,-1,,1,8097,404.85
h2.4_J20,2.4,20,100,12534340,70,1,11994,599.7,1,12054,602.7
h2.4_J20,2.4,20,100,12534340,71,0,-1,,0,-1,
h2.4_J20,2.4,20,100,12534340,72,1,288,14.4,1,290,14.5
h2.4_J20,2.4,20,100,12534340,73,0,-1,,1,396,19.8
h2.4_J20,2.4,20,100,12534340,74,0,-1,,0,-1,
h2.4_J20,2.4,20,100,12534340,75,0,-1,,1,2322,116.10000000000001
h2.4_J20,2.4,20,100,12534340,76,1,16502,825.1,1,16533,826.6500000000001
h2.4_J20,2.4,20,100,12534340,77,0,-1,,0,-1,
h2.4_J20,2.4,20,100,12534340,78,0,-1,,1,16548,827.4000000000001
h2.4_J20,2.4,20,100,12534340,79,1,270,13.5,1,275,13.75
h2.4_J20,2.4,20,100,12534340,80,1,293,14.65,1,298,14.9
h2.4_J20,2.4,20,100,12534340,81,0,-1,,0,-1,
h2.4_J20,2.4,20,100,12534340,82,0,-1,,0,-1,
h2.4_J20,2.4,20,100,12534340,83,0,-1,,0,-1,
h2.4_J20,2.4,20,100,12534340,84,0,-1,,0,-1,
h2.4_J20,2.4,20,100,12534340,85,0,-1,,1,12283,614.15
h2.4_J20,2.4,20,100,12534340,86,1,282,14.100000000000001,1,283,14.15
h2.4_J20,2.4,20,100,12534340,87,0,-1,,0,-1,
h2.4_J20,2.4,20,100,12534340,88,0,-1,,0,-1,
h2.4_J20,2.4,20,100,12534340,89,0,-1,,0,-1,
h2.4_J20,2.4,20,100,12534340,90,1,287,14.350000000000001,0,-1,
h2.4_J20,2.4,20,100,12534340,91,0,-1,,0,-1,
h2.4_J20,2.4,20,100,12534340,92,0,-1,,1,6564,328.20000000000005
h2.4_J20,2.4,20,100,12534340,93,0,-1,,0,-1,
h2.4_J20,2.4,20,100,12534340,94,1,17521,876.0500000000001,1,17546,877.3000000000001
h2.4_J20,2.4,20,100,12534340,95,1,288,14.4,1,288,14.4
h2.4_J20,2.4,20,100,12534340,96,0,-1,,0,-1,
h2.4_J20,2.4,20,100,12534340,97,1,287,14.350000000000001,1,288,14.4
h2.4_J20,2.4,20,100,12534340,98,1,271,13.55,1,275,13.75
h2.4_J20,2.4,20,100,12534340,99,0,-1,,0,-1,
h2.4_J20,2.4,20,100,12534340,100,0,-1,,0,-1,
h2.4_J20,2.4,20,100,12534340,101,1,265,13.25,1,273,13.65
h2.4_J20,2.4,20,100,12534340,102,0,-1,,0,-1,
h2.4_J20,2.4,20,100,12534340,103,1,270,13.5,1,271,13.55
h2.4_J20,2.4,20,100,12534340,104,0,-1,,0,-1,
h2.4_J20,2.4,20,100,12534340,105,0,-1,,0,-1,
h2.4_J20,2.4,20,100,12534340,106,0,-1,,0,-1,
h2.4_J20,2.4,20,100,12534340,107,0,-1,,0,-1,
h2.4_J20,2.4,20,100,12534340,108,0,-1,,0,-1,
h2.4_J20,2.4,20,100,12534340,109,0,-1,,0,-1,
h2.4_J20,2.4,20,100,12534340,110,0,-1,,0,-1,
h2.4_J20,2.4,20,100,12534340,111,0,-1,,0,-1,
h2.4_J20,2.4,20,100,12534340,112,0,-1,,0,-1,
h2.4_J20,2.4,20,100,12534340,113,1,292,14.600000000000001,1,315,15.75
h2.4_J20,2.4,20,100,12534340,114,0,-1,,0,-1,
h2.4_J20,2.4,20,100,12534340,115,0,-1,,0,-1,
h2.4_J20,2.4,20,100,12534340,116,0,-1,,0,-1,
h2.4_J20,2.4,20,100,12534340,117,0,-1,,0,-1,
h2.4_J20,2.4,20,100,12534340,118,0,-1,,1,11330,566.5
h2.4_J20,2.4,20,100,12534340,119,1,16313,815.6500000000001,1,16335,816.75
h2.4_J20,2.4,20,100,12534340,120,1,2833,141.65,1,2842,142.1
h2.4_J20,2.4,20,100,12534340,121,0,-1,,1,16881,844.0500000000001
h2.4_J20,2.4,20,100,12534340,122,0,-1,,0,-1,
h2.4_J20,2.4,20,100,12534340,123,0,-1,,0,-1,
h2.4_J20,2.4,20,100,12534340,124,1,6748,337.40000000000003,1,7728,386.40000000000003
h2.4_J20,2.4,20,100,12534340,125,0,-1,,0,-1,
h2.4_J20,2.4,20,100,12534340,126,0,-1,,0,-1,
h2.4_J20,2.4,20,100,12534340,127,0,-1,,0,-1,
h2.4_J20,2.4,20,100,12534340,128,0,-1,,0,-1,
h2.4_J20,2.4,20,100,12534340,129,0,-1,,0,-1,
h2.4_J20,2.4,20,100,12534340,130,0,-1,,0,-1,
h2.4_J20,2.4,20,100,12534340,131,1,19103,955.1500000000001,0,-1,
h2.4_J20,2.4,20,100,12534340,132,1,273,13.65,1,275,13.75
h2.4_J20,2.4,20,100,12534340,133,1,276,13.8,1,278,13.9
h2.4_J20,2.4,20,100,12534340,134,1,14930,746.5,1,14968,748.4000000000001
h2.4_J20,2.4,20,100,12534340,135,0,-1,,0,-1,
h2.4_J20,2.4,20,100,12534340,136,1,4311,215.55,1,4351,217.55
h2.4_J20,2.4,20,100,12534340,137,0,-1,,0,-1,
h2.4_J20,2.4,20,100,12534340,138,0,-1,,1,11589,579.45
h2.4_J20,2.4,20,100,12534340,139,1,12254,612.7,1,12283,614.15
h2.4_J20,2.4,20,100,12534340,140,0,-1,,0,-1,
h2.4_J20,2.4,20,100,12534340,141,0,-1,,1,5023,251.15
h2.4_J20,2.4,20,100,12534340,142,0,-1,,0,-1,
h2.4_J20,2.4,20,100,12534340,143,0,-1,,1,19302,965.1
h2.4_J20,2.4,20,100,12534340,144,1,277,13.850000000000001,1,280,14.0
h2.4_J20,2.4,20,100,12534340,145,0,-1,,0,-1,
h2.4_J20,2.4,20,100,12534340,146,0,-1,,0,-1,
h2.4_J20,2.4,20,100,12534340,147,0,-1,,0,-1,
h2.4_J20,2.4,20,100,12534340,148,1,292,14.600000000000001,1,307,15.350000000000001
h2.4_J20,2.4,20,100,12534340,149,1,303,15.15,1,307,15.350000000000001
h2.4_J20,2.4,20,100,12534340,150,0,-1,,0,-1,
h2.4_J20,2.4,20,100,12534340,151,0,-1,,0,-1,
h2.4_J20,2.4,20,100,12534340,152,0,-1,,0,-1,
h2.4_J20,2.4,20,100,12534340,153,0,-1,,0,-1,
h2.4_J20,2.4,20,100,12534340,154,0,-1,,1,5591,279.55
h2.4_J20,2.4,20,100,12534340,155,0,-1,,1,12501,625.0500000000001
h2.4_J20,2.4,20,100,12534340,156,1,282,14.100000000000001,1,286,14.3
h2.4_J20,2.4,20,100,12534340,157,0,-1,,0,-1,
h2.4_J20,2.4,20,100,12534340,158,0,-1,,0,-1,
h2.4_J20,2.4,20,100,12534340,159,0,-1,,0,-1,
h2.4_J20,2.4,20,100,12534340,160,0,-1,,1,7618,380.90000000000003
h2.4_J20,2.4,20,100,12534340,161,1,270,13.5,1,277,13.850000000000001
h2.4_J20,2.4,20,100,12534340,162,0,-1,,1,10020,501.0
h2.4_J20,2.4,20,100,12534340,163,0,-1,,1,968,48.400000000000006
h2.4_J20,2.4,20,100,12534340,164,0,-1,,1,17783,889.1500000000001
h2.4_J20,2.4,20,100,12534340,165,0,-1,,1,5981,299.05
h2.4_J20,2.4,20,100,12534340,166,0,-1,,0,-1,
h2.4_J20,2.4,20,100,12534340,167,0,-1,,0,-1,
h2.4_J20,2.4,20,100,12534340,168,0,-1,,0,-1,
h2.4_J20,2.4,20,100,12534340,169,0,-1,,0,-1,
h2.4_J20,2.4,20,100,12534340,170,1,287,14.350000000000001,1,289,14.450000000000001
h2.4_J20,2.4,20,100,12534340,171,0,-1,,1,15139,756.95
h2.4_J20,2.4,20,100,12534340,172,1,296,14.8,1,301,15.05
h2.4_J20,2.4,20,100,12534340,173,1,285,14.25,1,286,14.3
h2.4_J20,2.4,20,100,12534340,174,1,299,14.950000000000001,1,299,14.950000000000001
h2.4_J20,2.4,20,100,12534340,175,0,-1,,0,-1,
h2.4_J20,2.4,20,100,12534340,176,0,-1,,0,-1,
h2.4_J20,2.4,20,100,12534340,177,0,-1,,0,-1,
h2.4_J20,2.4,20,100,12534340,178,1,3277,163.85000000000002,1,3315,165.75
h2.4_J20,2.4,20,100,12534340,179,0,-1,,0,-1,
h2.4_J20,2.4,20,100,12534340,180,0,-1,,0,-1,
h2.4_J20,2.4,20,100,12534340,181,0,-1,,0,-1,
h2.4_J20,2.4,20,100,12534340,182,0,-1,,0,-1,
h2.4_J20,2.4,20,100,12534340,183,0,-1,,1,12970,648.5
h2.4_J20,2.4,20,100,12534340,184,0,-1,,1,8862,443.1
h2.4_J20,2.4,20,100,12534340,185,0,-1,,0,-1,
h2.4_J20,2.4,20,100,12534340,186,1,267,13.350000000000001,1,273,13.65
h2.4_J20,2.4,20,100,12534340,187,0,-1,,0,-1,
h2.4_J20,2.4,20,100,12534340,188,1,279,13.950000000000001,1,280,14.0
h2.4_J20,2.4,20,100,12534340,189,1,269,13.450000000000001,1,270,13.5
h2.4_J20,2.4,20,100,12534340,190,0,-1,,0,-1,
h2.4_J20,2.4,20,100,12534340,191,1,5339,266.95,1,5368,268.40000000000003
h2.4_J20,2.4,20,100,12534340,192,1,289,14.450000000000001,1,292,14.600000000000001
h2.4_J20,2.4,20,100,12534340,193,0,-1,,0,-1,
h2.4_J20,2.4,20,100,12534340,194,0,-1,,0,-1,
h2.4_J20,2.4,20,100,12534340,195,0,-1,,0,-1,
h2.4_J20,2.4,20,100,12534340,196,0,-1,,0,-1,
h2.4_J20,2.4,20,100,12534340,197,1,280,14.0,1,284,14.200000000000001
h2.4_J20,2.4,20,100,12534340,198,0,-1,,0,-1,
h2.4_J20,2.4,20,100,12534340,199,0,-1,,0,-1,
h2.4_J20,2.4,20,100,12534340,200,0,-1,,0,-1,
h2.4_J20,2.4,20,100,12534340,201,1,269,13.450000000000001,1,283,14.15
h2.4_J20,2.4,20,100,12534340,202,1,270,13.5,1,273,13.65
h2.4_J20,2.4,20,100,12534340,203,0,-1,,0,-1,
h2.4_J20,2.4,20,100,12534340,204,0,-1,,0,-1,
h2.4_J20,2.4,20,100,12534340,205,0,-1,,1,16383,819.1500000000001
h2.4_J20,2.4,20,100,12534340,206,1,269,13.450000000000001,1,271,13.55
h2.4_J20,2.4,20,100,12534340,207,1,9025,451.25,1,9042,452.1
h2.4_J20,2.4,20,100,12534340,208,0,-1,,0,-1,
h2.4_J20,2.4,20,100,12534340,209,0,-1,,0,-1,
h2.4_J20,2.4,20,100,12534340,210,0,-1,,0,-1,
h2.4_J20,2.4,20,100,12534340,211,0,-1,,0,-1,
h2.4_J20,2.4,20,100,12534340,212,0,-1,,0,-1,
h2.4_J20,2.4,20,100,12534340,213,0,-1,,0,-1,
h2.4_J20,2.4,20,100,12534340,214,0,-1,,0,-1,
h2.4_J20,2.4,20,100,12534340,215,0,-1,,0,-1,
h2.4_J20,2.4,20,100,12534340,216,0,-1,,0,-1,
h2.4_J20,2.4,20,100,12534340,217,0,-1,,1,10554,527.7
h2.4_J20,2.4,20,100,12534340,218,0,-1,,0,-1,
h2.4_J20,2.4,20,100,12534340,219,0,-1,,0,-1,
h2.4_J20,2.4,20,100,12534340,220,1,293,14.65,1,293,14.65
h2.4_J20,2.4,20,100,12534340,221,0,-1,,0,-1,
h2.4_J20,2.4,20,100,12534340,222,0,-1,,1,3875,193.75
h2.4_J20,2.4,20,100,12534340,223,0,-1,,1,5925,296.25
h2.4_J20,2.4,20,100,12534340,224,0,-1,,0,-1,
h2.4_J20,2.4,20,100,12534340,225,1,3252,162.60000000000002,1,3271,163.55
h2.4_J20,2.4,20,100,12534340,226,0,-1,,0,-1,
h2.4_J20,2.4,20,100,12534340,227,0,-1,,0,-1,
h2.4_J20,2.4,20,100,12534340,228,0,-1,,1,10177,508.85
h2.4_J20,2.4,20,100,12534340,229,0,-1,,0,-1,
h2.4_J20,2.4,20,100,12534340,230,1,270,13.5,1,271,13.55
h2.4_J20,2.4,20,100,12534340,231,0,-1,,1,5536,276.8
h2.4_J20,2.4,20,100,12534340,232,0,-1,,1,19592,979.6
h2.4_J20,2.4,20,100,12534340,233,0,-1,,1,15526,776.3000000000001
h2.4_J20,2.4,20,100,12534340,234,0,-1,,0,-1,
h2.4_J20,2.4,20,100,12534340,235,0,-1,,0,-1,
h2.4_J20,2.4,20,100,12534340,236,0,-1,,0,-1,
h2.4_J20,2.4,20,100,12534340,237,0,-1,,1,17939,896.95
h2.4_J20,2.4,20,100,12534340,238,0,-1,,0,-1,
h2.4_J20,2.4,20,100,12534340,239,1,17553,877.6500000000001,1,17564,878.2
h2.4_J20,2.4,20,100,12534340,240,1,286,14.3,1,291,14.55
h2.4_J20,2.4,20,100,12534340,241,0,-1,,1,15733,786.6500000000001
h2.4_J20,2.4,20,100,12534340,242,0,-1,,0,-1,
h2.4_J20,2.4,20,100,12534340,243,0,-1,,0,-1,
h2.4_J20,2.4,20,100,12534340,244,1,17482,874.1,1,17501,875.0500000000001
h2.4_J20,2.4,20,100,12534340,245,0,-1,,0,-1,
h2.4_J20,2.4,20,100,12534340,246,1,304,15.200000000000001,1,319,15.950000000000001
h2.4_J20,2.4,20,100,12534340,247,0,-1,,0,-1,
h2.4_J20,2.4,20,100,12534340,248,0,-1,,0,-1,
h2.4_J20,2.4,20,100,12534340,249,1,4391,219.55,1,4447,222.35000000000002
h2.4_J20,2.4,20,100,12534340,250,0,-1,,1,13731,686.5500000000001
h2.4_J20,2.4,20,100,12534340,251,0,-1,,1,7960,398.0
h2.4_J20,2.4,20,100,12534340,252,0,-1,,0,-1,
h2.4_J20,2.4,20,100,12534340,253,0,-1,,1,4694,234.70000000000002
h2.4_J20,2.4,20,100,12534340,254,0,-1,,0,-1,
h2.4_J20,2.4,20,100,12534340,255,1,266,13.3,1,270,13.5
h2.4_J20,2.4,20,100,12534340,256,0,-1,,0,-1,
h2.4_J20,2.4,20,100,12534340,257,1,281,14.05,1,284,14.200000000000001
h2.4_J20,2.4,20,100,12534340,258,1,287,14.350000000000001,1,296,14.8
h2.4_J20,2.4,20,100,12534340,259,0,-1,,0,-1,
h2.4_J20,2.4,20,100,12534340,260,0,-1,,0,-1,
h2.4_J20,2.4,20,100,12534340,261,0,-1,,0,-1,
h2.4_J20,2.4,20,100,12534340,262,0,-1,,0,-1,
h2.4_J20,2.4,20,100,12534340,263,0,-1,,0,-1,
h2.4_J20,2.4,20,100,12534340,264,0,-1,,0,-1,
h2.4_J20,2.4,20,100,12534340,265,0,-1,,0,-1,
h2.4_J20,2.4,20,100,12534340,266,0,-1,,1,4523,226.15
h2.4_J20,2.4,20,100,12534340,267,0,-1,,0,-1,
h2.4_J20,2.4,20,100,12534340,268,0,-1,,1,17643,882.1500000000001
h2.4_J20,2.4,20,100,12534340,269,1,265,13.25,1,266,13.3
h2.4_J20,2.4,20,100,12534340,270,0,-1,,1,4244,212.20000000000002
h2.4_J20,2.4,20,100,12534340,271,0,-1,,0,-1,
h2.4_J20,2.4,20,100,12534340,272,0,-1,,1,8830,441.5
h2.4_J20,2.4,20,100,12534340,273,1,273,13.65,1,274,13.700000000000001
h2.4_J20,2.4,20,100,12534340,274,0,-1,,0,-1,
h2.4_J20,2.4,20,100,12534340,275,0,-1,,0,-1,
h2.4_J20,2.4,20,100,12534340,276,0,-1,,0,-1,
h2.4_J20,2.4,20,100,12534340,277,0,-1,,1,16248,812.4000000000001
h2.4_J20,2.4,20,100,12534340,278,0,-1,,0,-1,
h2.4_J20,2.4,20,100,12534340,279,0,-1,,1,18908,945.4000000000001
h2.4_J20,2.4,20,100,12534340,280,1,10482,524.1,0,-1,
h2.4_J20,2.4,20,100,12534340,281,0,-1,,0,-1,
h2.4_J20,2.4,20,100,12534340,282,0,-1,,0,-1,
h2.4_J20,2.4,20,100,12534340,283,0,-1,,0,-1,
h2.4_J20,2.4,20,100,12534340,284,1,272,13.600000000000001,1,274,13.700000000000001
h2.4_J20,2.4,20,100,12534340,285,0,-1,,1,1876,93.80000000000001
h2.4_J20,2.4,20,100,12534340,286,0,-1,,0,-1,
h2.4_J20,2.4,20,100,12534340,287,0,-1,,0,-1,
h2.4_J20,2.4,20,100,12534340,288,0,-1,,1,4806,240.3
h2.4_J20,2.4,20,100,12534340,289,1,277,13.850000000000001,1,280,14.0
h2.4_J20,2.4,20,100,12534340,290,1,19688,984.4000000000001,1,19729,986.45
h2.4_J20,2.4,20,100,12534340,291,0,-1,,0,-1,
h2.4_J20,2.4,20,100,12534340,292,0,-1,,0,-1,
h2.4_J20,2.4,20,100,12534340,293,0,-1,,0,-1,
h2.4_J20,2.4,20,100,12534340,294,0,-1,,0,-1,
h2.4_J20,2.4,20,100,12534340,295,0,-1,,1,6629,331.45000000000005
h2.4_J20,2.4,20,100,12534340,296,1,279,13.950000000000001,1,279,13.950000000000001
h2.4_J20,2.4,20,100,12534340,297,0,-1,,0,-1,
h2.4_J20,2.4,20,100,12534340,298,0,-1,,1,8816,440.8
h2.4_J20,2.4,20,100,12534340,299,0,-1,,0,-1,
h2.4_J20,2.4,20,100,12534340,300,0,-1,,0,-1,
h2.4_J20,2.4,20,100,12534340,301,0,-1,,0,-1,
h2.4_J20,2.4,20,100,12534340,302,0,-1,,0,-1,
h2.4_J20,2.4,20,100,12534340,303,0,-1,,0,-1,
h2.4_J20,2.4,20,100,12534340,304,0,-1,,0,-1,
h2.4_J20,2.4,20,100,12534340,305,0,-1,,1,4401,220.05
h2.4_J20,2.4,20,100,12534340,306,0,-1,,0,-1,
h2.4_J20,2.4,20,100,12534340,307,0,-1,,0,-1,
h2.4_J20,2.4,20,100,12534340,308,0,-1,,0,-1,
h2.4_J20,2.4,20,100,12534340,309,0,-1,,0,-1,
h2.4_J20,2.4,20,100,12534340,310,0,-1,,1,1724,86.2
h2.4_J20,2.4,20,100,12534340,311,0,-1,,0,-1,
h2.4_J20,2.4,20,100,12534340,312,0,-1,,1,16256,812.8000000000001
h2.4_J20,2.4,20,100,12534340,313,0,-1,,0,-1,
h2.4_J20,2.4,20,100,12534340,314,0,-1,,0,-1,
h2.4_J20,2.4,20,100,12534340,315,0,-1,,0,-1,
h2.4_J20,2.4,20,100,12534340,316,0,-1,,0,-1,
h2.4_J20,2.4,20,100,12534340,317,0,-1,,0,-1,
h2.4_J20,2.4,20,100,12534340,318,0,-1,,1,18335,916.75
h2.4_J20,2.4,20,100,12534340,319,0,-1,,0,-1,
h2.4_J20,2.4,20,100,12534340,320,1,297,14.850000000000001,1,15070,753.5
h2.4_J20,2.4,20,100,12534340,321,0,-1,,0,-1,
h2.4_J20,2.4,20,100,12534340,322,0,-1,,0,-1,
h2.4_J20,2.4,20,100,12534340,323,0,-1,,1,18716,935.8000000000001
h2.4_J20,2.4,20,100,12534340,324,0,-1,,0,-1,
h2.4_J20,2.4,20,100,12534340,325,0,-1,,1,12699,634.95
h2.4_J20,2.4,20,100,12534340,326,1,18411,920.5500000000001,1,18439,921.95
h2.4_J20,2.4,20,100,12534340,327,0,-1,,0,-1,
h2.4_J20,2.4,20,100,12534340,328,0,-1,,0,-1,
h2.4_J20,2.4,20,100,12534340,329,0,-1,,1,14316,715.8000000000001
h2.4_J20,2.4,20,100,12534340,330,0,-1,,0,-1,
h2.4_J20,2.4,20,100,12534340,331,0,-1,,0,-1,
h2.4_J20,2.4,20,100,12534340,332,0,-1,,0,-1,
h2.4_J20,2.4,20,100,12534340,333,0,-1,,0,-1,
h2.4_J20,2.4,20,100,12534340,334,0,-1,,0,-1,
h2.4_J20,2.4,20,100,12534340,335,0,-1,,0,-1,
h2.4_J20,2.4,20,100,12534340,336,0,-1,,1,11487,574.35
h2.4_J20,2.4,20,100,12534340,337,0,-1,,0,-1,
h2.4_J20,2.4,20,100,12534340,338,0,-1,,0,-1,
h2.4_J20,2.4,20,100,12534340,339,1,301,15.05,1,305,15.25
h2.4_J20,2.4,20,100,12534340,340,1,2866,143.3,1,2887,144.35
h2.4_J20,2.4,20,100,12534340,341,0,-1,,1,9157,457.85
h2.4_J20,2.4,20,100,12534340,342,0,-1,,0,-1,
h2.4_J20,2.4,20,100,12534340,343,0,-1,,0,-1,
h2.4_J20,2.4,20,100,12534340,344,0,-1,,0,-1,
h2.4_J20,2.4,20,100,12534340,345,0,-1,,0,-1,
h2.4_J20,2.4,20,100,12534340,346,0,-1,,0,-1,
h2.4_J20,2.4,20,100,12534340,347,0,-1,,0,-1,
h2.4_J20,2.4,20,100,12534340,348,0,-1,,0,-1,
h2.4_J20,2.4,20,100,12534340,349,0,-1,,0,-1,
h2.4_J20,2.4,20,100,12534340,350,0,-1,,0,-1,
h2.4_J20,2.4,20,100,12534340,351,0,-1,,1,7039,351.95000000000005
h2.4_J20,2.4,20,100,12534340,352,0,-1,,0,-1,
h2.4_J20,2.4,20,100,12534340,353,1,15347,767.35,1,19581,979.0500000000001
h2.4_J20,2.4,20,100,12534340,354,1,285,14.25,1,292,14.600000000000001
h2.4_J20,2.4,20,100,12534340,355,0,-1,,1,12447,622.35
h2.4_J20,2.4,20,100,12534340,356,0,-1,,1,17957,897.85
h2.4_J20,2.4,20,100,12534340,357,1,284,14.200000000000001,1,284,14.200000000000001
h2.4_J20,2.4,20,100,12534340,358,1,294,14.700000000000001,1,290,14.5
h2.4_J20,2.4,20,100,12534340,359,1,334,16.7,1,338,16.900000000000002
h2.4_J20,2.4,20,100,12534340,360,0,-1,,0,-1,
h2.4_J20,2.4,20,100,12534340,361,0,-1,,0,-1,
h2.4_J20,2.4,20,100,12534340,362,0,-1,,0,-1,
h2.4_J20,2.4,20,100,12534340,363,1,272,13.600000000000001,1,271,13.55
h2.4_J20,2.4,20,100,12534340,364,0,-1,,0,-1,
h2.4_J20,2.4,20,100,12534340,365,0,-1,,0,-1,
h2.4_J20,2.4,20,100,12534340,366,0,-1,,0,-1,
h2.4_J20,2.4,20,100,12534340,367,1,276,13.8,1,280,14.0
h2.4_J20,2.4,20,100,12534340,368,1,271,13.55,1,278,13.9
h2.4_J20,2.4,20,100,12534340,369,0,-1,,0,-1,
h2.4_J20,2.4,20,100,12534340,370,0,-1,,1,6092,304.6
h2.4_J20,2.4,20,100,12534340,371,1,321,16.05,1,324,16.2
h2.4_J20,2.4,20,100,12534340,372,0,-1,,0,-1,
h2.4_J20,2.4,20,100,12534340,373,0,-1,,0,-1,
h2.4_J20,2.4,20,100,12534340,374,0,-1,,0,-1,
h2.4_J20,2.4,20,100,12534340,375,0,-1,,1,11689,584.45
h2.4_J20,2.4,20,100,12534340,376,1,17833,891.6500000000001,0,-1,
h2.4_J20,2.4,20,100,12534340,377,1,5324,266.2,1,5340,267.0
h2.4_J20,2.4,20,100,12534340,378,0,-1,,0,-1,
h2.4_J20,2.4,20,100,12534340,379,0,-1,,1,6556,327.8
h2.4_J20,2.4,20,100,12534340,380,0,-1,,1,17422,871.1
h2.4_J20,2.4,20,100,12534340,381,0,-1,,0,-1,
h2.4_J20,2.4,20,100,12534340,382,1,8782,439.1,1,8810,440.5
h2.4_J20,2.4,20,100,12534340,383,1,282,14.100000000000001,1,283,14.15
h2.4_J20,2.4,20,100,12534340,384,0,-1,,0,-1,
h2.4_J20,2.4,20,100,12534340,385,0,-1,,0,-1,
h2.4_J20,2.4,20,100,12534340,386,0,-1,,0,-1,
h2.4_J20,2.4,20,100,12534340,387,0,-1,,0,-1,
h2.4_J20,2.4,20,100,12534340,388,1,274,13.700000000000001,1,275,13.75
h2.4_J20,2.4,20,100,12534340,389,0,-1,,1,7959,397.95000000000005
h2.4_J20,2.4,20,100,12534340,390,1,272,13.600000000000001,1,275,13.75
h2.4_J20,2.4,20,100,12534340,391,0,-1,,1,1521,76.05
h2.4_J20,2.4,20,100,12534340,392,1,280,14.0,1,283,14.15
h2.4_J20,2.4,20,100,12534340,393,0,-1,,0,-1,
h2.4_J20,2.4,20,100,12534340,394,0,-1,,0,-1,
h2.4_J20,2.4,20,100,12534340,395,0,-1,,0,-1,
h2.4_J20,2.4,20,100,12534340,396,0,-1,,0,-1,
h2.4_J20,2.4,20,100,12534340,397,1,285,14.25,1,302,15.100000000000001
h2.4_J20,2.4,20,100,12534340,398,1,348,17.400000000000002,1,350,17.5
h2.4_J20,2.4,20,100,12534340,399,1,296,14.8,1,279,13.950000000000001
h2.4_J20,2.4,20,100,12534340,400,0,-1,,0,-1,
h2.4_J20,2.4,20,100,12534340,401,1,278,13.9,1,283,14.15
h2.4_J20,2.4,20,100,12534340,402,0,-1,,0,-1,
h2.4_J20,2.4,20,100,12534340,403,0,-1,,0,-1,
h2.4_J20,2.4,20,100,12534340,404,0,-1,,0,-1,
h2.4_J20,2.4,20,100,12534340,405,1,292,14.600000000000001,1,292,14.600000000000001
h2.4_J20,2.4,20,100,12534340,406,0,-1,,0,-1,
h2.4_J20,2.4,20,100,12534340,407,1,275,13.75,1,278,13.9
h2.4_J20,2.4,20,100,12534340,408,0,-1,,0,-1,
h2.4_J20,2.4,20,100,12534340,409,0,-1,,0,-1,
h2.4_J20,2.4,20,100,12534340,410,0,-1,,0,-1,
h2.4_J20,2.4,20,100,12534340,411,0,-1,,0,-1,
h2.4_J20,2.4,20,100,12534340,412,1,269,13.450000000000001,1,269,13.450000000000001
h2.4_J20,2.4,20,100,12534340,413,1,277,13.850000000000001,1,277,13.850000000000001
h2.4_J20,2.4,20,100,12534340,414,0,-1,,0,-1,
h2.4_J20,2.4,20,100,12534340,415,0,-1,,0,-1,
h2.4_J20,2.4,20,100,12534340,416,1,275,13.75,1,278,13.9
h2.4_J20,2.4,20,100,12534340,417,0,-1,,0,-1,
h2.4_J20,2.4,20,100,12534340,418,0,-1,,0,-1,
h2.4_J20,2.4,20,100,12534340,419,0,-1,,0,-1,
h2.4_J20,2.4,20,100,12534340,420,1,328,16.400000000000002,1,331,16.55
h2.4_J20,2.4,20,100,12534340,421,0,-1,,0,-1,
h2.4_J20,2.4,20,100,12534340,422,1,266,13.3,1,270,13.5
h2.4_J20,2.4,20,100,12534340,423,1,280,14.0,1,281,14.05
h2.4_J20,2.4,20,100,12534340,424,0,-1,,0,-1,
h2.4_J20,2.4,20,100,12534340,425,0,-1,,0,-1,
h2.4_J20,2.4,20,100,12534340,426,0,-1,,1,4513,225.65
h2.4_J20,2.4,20,100,12534340,427,0,-1,,0,-1,
h2.4_J20,2.4,20,100,12534340,428,0,-1,,1,5981,299.05
h2.4_J20,2.4,20,100,12534340,429,0,-1,,0,-1,
h2.4_J20,2.4,20,100,12534340,430,0,-1,,1,9902,495.1
h2.4_J20,2.4,20,100,12534340,431,1,280,14.0,1,280,14.0
h2.4_J20,2.4,20,100,12534340,432,0,-1,,0,-1,
h2.4_J20,2.4,20,100,12534340,433,0,-1,,0,-1,
h2.4_J20,2.4,20,100,12534340,434,0,-1,,0,-1,
h2.4_J20,2.4,20,100,12534340,435,0,-1,,1,18897,944.85
h2.4_J20,2.4,20,100,12534340,436,0,-1,,0,-1,
h2.4_J20,2.4,20,100,12534340,437,1,308,15.4,1,346,17.3
h2.4_J20,2.4,20,100,12534340,438,0,-1,,0,-1,
h2.4_J20,2.4,20,100,12534340,439,0,-1,,0,-1,
h2.4_J20,2.4,20,100,12534340,440,0,-1,,0,-1,
h2.4_J20,2.4,20,100,12534340,441,1,266,13.3,1,271,13.55
h2.4_J20,2.4,20,100,12534340,442,0,-1,,0,-1,
h2.4_J20,2.4,20,100,12534340,443,1,280,14.0,1,286,14.3
h2.4_J20,2.4,20,100,12534340,444,0,-1,,1,12217,610.85
h2.4_J20,2.4,20,100,12534340,445,0,-1,,0,-1,
h2.4_J20,2.4,20,100,12534340,446,0,-1,,0,-1,
h2.4_J20,2.4,20,100,12534340,447,1,271,13.55,1,272,13.600000000000001
h2.4_J20,2.4,20,100,12534340,448,0,-1,,0,-1,
h2.4_J20,2.4,20,100,12534340,449,1,305,15.25,1,308,15.4
h2.4_J20,2.4,20,100,12534340,450,0,-1,,1,4909,245.45000000000002
h2.4_J20,2.4,20,100,12534340,451,1,273,13.65,1,274,13.700000000000001
h2.4_J20,2.4,20,100,12534340,452,0,-1,,0,-1,
h2.4_J20,2.4,20,100,12534340,453,1,282,14.100000000000001,1,283,14.15
h2.4_J20,2.4,20,100,12534340,454,1,286,14.3,1,287,14.350000000000001
h2.4_J20,2.4,20,100,12534340,455,0,-1,,0,-1,
h2.4_J20,2.4,20,100,12534340,456,0,-1,,1,14110,705.5
h2.4_J20,2.4,20,100,12534340,457,1,272,13.600000000000001,1,277,13.850000000000001
h2.4_J20,2.4,20,100,12534340,458,0,-1,,0,-1,
h2.4_J20,2.4,20,100,12534340,459,1,17953,897.6500000000001,1,15085,754.25
h2.4_J20,2.4,20,100,12534340,460,0,-1,,0,-1,
h2.4_J20,2.4,20,100,12534340,461,0,-1,,0,-1,
h2.4_J20,2.4,20,100,12534340,462,0,-1,,0,-1,
h2.4_J20,2.4,20,100,12534340,463,1,311,15.55,1,314,15.700000000000001
h2.4_J20,2.4,20,100,12534340,464,0,-1,,1,19521,976.0500000000001
h2.4_J20,2.4,20,100,12534340,465,0,-1,,0,-1,
h2.4_J20,2.4,20,100,12534340,466,1,17973,898.6500000000001,1,18010,900.5
h2.4_J20,2.4,20,100,12534340,467,0,-1,,0,-1,
h2.4_J20,2.4,20,100,12534340,468,0,-1,,0,-1,
h2.4_J20,2.4,20,100,12534340,469,1,276,13.8,0,-1,
h2.4_J20,2.4,20,100,12534340,470,0,-1,,0,-1,
h2.4_J20,2.4,20,100,12534340,471,0,-1,,1,4524,226.20000000000002
h2.4_J20,2.4,20,100,12534340,472,0,-1,,0,-1,
h2.4_J20,2.4,20,100,12534340,473,1,276,13.8,1,278,13.9
h2.4_J20,2.4,20,100,12534340,474,1,283,14.15,1,284,14.200000000000001
h2.4_J20,2.4,20,100,12534340,475,0,-1,,0,-1,
h2.4_J20,2.4,20,100,12534340,476,0,-1,,0,-1,
h2.4_J20,2.4,20,100,12534340,477,0,-1,,1,11385,569.25
h2.4_J20,2.4,20,100,12534340,478,0,-1,,1,5369,268.45
h2.4_J20,2.4,20,100,12534340,479,0,-1,,0,-1,
h2.4_J20,2.4,20,100,12534340,480,1,282,14.100000000000001,1,295,14.75
h2.4_J20,2.4,20,100,12534340,481,1,299,14.950000000000001,1,302,15.100000000000001
h2.4_J20,2.4,20,100,12534340,482,0,-1,,0,-1,
h2.4_J20,2.4,20,100,12534340,483,0,-1,,0,-1,
h2.4_J20,2.4,20,100,12534340,484,0,-1,,0,-1,
h2.4_J20,2.4,20,100,12534340,485,1,297,14.850000000000001,1,302,15.100000000000001
h2.4_J20,2.4,20,100,12534340,486,1,280,14.0,1,283,14.15
h2.4_J20,2.4,20,100,12534340,487,1,274,13.700000000000001,1,281,14.05
h2.4_J20,2.4,20,100,12534340,488,0,-1,,0,-1,
h2.4_J20,2.4,20,100,12534340,489,1,15255,762.75,1,8660,433.0
h2.4_J20,2.4,20,100,12534340,490,0,-1,,0,-1,
h2.4_J20,2.4,20,100,12534340,491,0,-1,,0,-1,
h2.4_J20,2.4,20,100,12534340,492,1,277,13.850000000000001,1,281,14.05
h2.4_J20,2.4,20,100,12534340,493,0,-1,,0,-1,
h2.4_J20,2.4,20,100,12534340,494,0,-1,,0,-1,
h2.4_J20,2.4,20,100,12534340,495,0,-1,,0,-1,
h2.4_J20,2.4,20,100,12534340,496,0,-1,,0,-1,
h2.4_J20,2.4,20,100,12534340,497,0,-1,,0,-1,
h2.4_J20,2.4,20,100,12534340,498,1,14432,721.6,1,14480,724.0
h2.4_J20,2.4,20,100,12534340,499,0,-1,,1,8706,435.3
h2.4_J20,2.4,20,100,12534340,500,0,-1,,1,3813,190.65
h2.4_J20,2.4,20,100,12534340,501,0,-1,,0,-1,
h2.4_J20,2.4,20,100,12534340,502,0,-1,,1,4148,207.4
h2.4_J20,2.4,20,100,12534340,503,1,275,13.75,1,279,13.950000000000001
h2.4_J20,2.4,20,100,12534340,504,0,-1,,0,-1,
h2.4_J20,2.4,20,100,12534340,505,1,281,14.05,1,286,14.3
h2.4_J20,2.4,20,100,12534340,506,0,-1,,0,-1,
h2.4_J20,2.4,20,100,12534340,507,1,295,14.75,1,299,14.950000000000001
h2.4_J20,2.4,20,100,12534340,508,0,-1,,1,14074,703.7
h2.4_J20,2.4,20,100,12534340,509,1,279,13.950000000000001,1,282,14.100000000000001
h2.4_J20,2.4,20,100,12534340,510,0,-1,,1,11011,550.5500000000001
h2.4_J20,2.4,20,100,12534340,511,0,-1,,0,-1,
h2.4_J20,2.4,20,100,12534340,512,0,-1,,0,-1,
h2.4_J20,2.4,20,100,12534340,513,0,-1,,1,10746,537.3000000000001
h2.4_J20,2.4,20,100,12534340,514,1,292,14.600000000000001,1,292,14.600000000000001
h2.4_J20,2.4,20,100,12534340,515,0,-1,,1,12996,649.8000000000001
h2.4_J20,2.4,20,100,12534340,516,0,-1,,0,-1,
h2.4_J20,2.4,20,100,12534340,517,0,-1,,0,-1,
h2.4_J20,2.4,20,100,12534340,518,0,-1,,0,-1,
h2.4_J20,2.4,20,100,12534340,519,0,-1,,0,-1,
h2.4_J20,2.4,20,100,12534340,520,0,-1,,0,-1,
h2.4_J20,2.4,20,100,12534340,521,1,299,14.950000000000001,1,301,15.05
h2.4_J20,2.4,20,100,12534340,522,0,-1,,1,15700,785.0
h2.4_J20,2.4,20,100,12534340,523,0,-1,,0,-1,
h2.4_J20,2.4,20,100,12534340,524,0,-1,,0,-1,
h2.4_J20,2.4,20,100,12534340,525,0,-1,,0,-1,
h2.4_J20,2.4,20,100,12534340,526,1,289,14.450000000000001,1,289,14.450000000000001
h2.4_J20,2.4,20,100,12534340,527,1,355,17.75,1,375,18.75
h2.4_J20,2.4,20,100,12534340,528,0,-1,,0,-1,
h2.4_J20,2.4,20,100,12534340,529,1,283,14.15,1,287,14.350000000000001
h2.4_J20,2.4,20,100,12534340,530,1,297,14.850000000000001,1,9258,462.90000000000003
h2.4_J20,2.4,20,100,12534340,531,0,-1,,0,-1,
h2.4_J20,2.4,20,100,12534340,532,0,-1,,0,-1,
h2.4_J20,2.4,20,100,12534340,533,0,-1,,0,-1,
h2.4_J20,2.4,20,100,12534340,534,0,-1,,1,18446,922.3000000000001
h2.4_J20,2.4,20,100,12534340,535,0,-1,,1,1286,64.3
h2.4_J20,2.4,20,100,12534340,536,0,-1,,0,-1,
h2.4_J20,2.4,20,100,12534340,537,1,312,15.600000000000001,1,296,14.8
h2.4_J20,2.4,20,100,12534340,538,0,-1,,0,-1,
h2.4_J20,2.4,20,100,12534340,539,0,-1,,1,9921,496.05
h2.4_J20,2.4,20,100,12534340,540,0,-1,,0,-1,
h2.4_J20,2.4,20,100,12534340,541,0,-1,,0,-1,
h2.4_J20,2.4,20,100,12534340,542,0,-1,,0,-1,
h2.4_J20,2.4,20,100,12534340,543,0,-1,,1,6859,342.95000000000005
h2.4_J20,2.4,20,100,12534340,544,1,277,13.850000000000001,1,279,13.950000000000001
h2.4_J20,2.4,20,100,12534340,545,0,-1,,1,17692,884.6
h2.4_J20,2.4,20,100,12534340,546,0,-1,,0,-1,
h2.4_J20,2.4,20,100,12534340,547,0,-1,,0,-1,
h2.4_J20,2.4,20,100,12534340,548,1,313,15.65,1,312,15.600000000000001
h2.4_J20,2.4,20,100,12534340,549,0,-1,,1,10049,502.45000000000005
h2.4_J20,2.4,20,100,12534340,550,0,-1,,0,-1,
h2.4_J20,2.4,20,100,12534340,551,0,-1,,0,-1,
h2.4_J20,2.4,20,100,12534340,552,0,-1,,0,-1,
h2.4_J20,2.4,20,100,12534340,553,1,17229,861.45,1,17220,861.0
h2.4_J20,2.4,20,100,12534340,554,0,-1,,0,-1,
h2.4_J20,2.4,20,100,12534340,555,0,-1,,0,-1,
h2.4_J20,2.4,20,100,12534340,556,0,-1,,0,-1,
h2.4_J20,2.4,20,100,12534340,557,0,-1,,0,-1,
h2.4_J20,2.4,20,100,12534340,558,0,-1,,0,-1,
h2.4_J20,2.4,20,100,12534340,559,0,-1,,0,-1,
h2.4_J20,2.4,20,100,12534340,560,1,12160,608.0,1,12208,610.4
h2.4_J20,2.4,20,100,12534340,561,0,-1,,1,16118,805.9000000000001
h2.4_J20,2.4,20,100,12534340,562,1,272,13.600000000000001,1,281,14.05
h2.4_J20,2.4,20,100,12534340,563,0,-1,,0,-1,
h2.4_J20,2.4,20,100,12534340,564,0,-1,,0,-1,
h2.4_J20,2.4,20,100,12534340,565,0,-1,,0,-1,
h2.4_J20,2.4,20,100,12534340,566,0,-1,,0,-1,
h2.4_J20,2.4,20,100,12534340,567,0,-1,,0,-1,
h2.4_J20,2.4,20,100,12534340,568,0,-1,,1,6536,326.8
h2.4_J20,2.4,20,100,12534340,569,1,289,14.450000000000001,1,290,14.5
h2.4_J20,2.4,20,100,12534340,570,0,-1,,0,-1,
h2.4_J20,2.4,20,100,12534340,571,0,-1,,0,-1,
h2.4_J20,2.4,20,100,12534340,572,0,-1,,0,-1,
h2.4_J20,2.4,20,100,12534340,573,0,-1,,1,6665,333.25
h2.4_J20,2.4,20,100,12534340,574,1,327,16.35,1,330,16.5
h2.4_J20,2.4,20,100,12534340,575,1,270,13.5,1,270,13.5
h2.4_J20,2.4,20,100,12534340,576,0,-1,,0,-1,
h2.4_J20,2.4,20,100,12534340,577,0,-1,,0,-1,
h2.4_J20,2.4,20,100,12534340,578,0,-1,,1,7520,376.0
h2.4_J20,2.4,20,100,12534340,579,0,-1,,0,-1,
h2.4_J20,2.4,20,100,12534340,580,0,-1,,1,4234,211.70000000000002
h2.4_J20,2.4,20,100,12534340,581,0,-1,,0,-1,
h2.4_J20,2.4,20,100,12534340,582,1,298,14.9,1,301,15.05
h2.4_J20,2.4,20,100,12534340,583,0,-1,,1,14433,721.6500000000001
h2.4_J20,2.4,20,100,12534340,584,0,-1,,1,12936,646.8000000000001
h2.4_J20,2.4,20,100,12534340,585,0,-1,,0,-1,
h2.4_J20,2.4,20,100,12534340,586,0,-1,,0,-1,
h2.4_J20,2.4,20,100,12534340,587,0,-1,,0,-1,
h2.4_J20,2.4,20,100,12534340,588,0,-1,,0,-1,
h2.4_J20,2.4,20,100,12534340,589,0,-1,,0,-1,
h2.4_J20,2.4,20,100,12534340,590,0,-1,,0,-1,
h2.4_J20,2.4,20,100,12534340,591,0,-1,,1,6321,316.05
h2.4_J20,2.4,20,100,12534340,592,0,-1,,0,-1,
h2.4_J20,2.4,20,100,12534340,593,1,12868,643.4000000000001,1,12979,648.95
h2.4_J20,2.4,20,100,12534340,594,0,-1,,0,-1,
h2.4_J20,2.4,20,100,12534340,595,1,277,13.850000000000001,1,282,14.100000000000001
h2.4_J20,2.4,20,100,12534340,596,0,-1,,1,9640,482.0
h2.4_J20,2.4,20,100,12534340,597,0,-1,,0,-1,
h2.4_J20,2.4,20,100,12534340,598,1,304,15.200000000000001,1,304,15.200000000000001
h2.4_J20,2.4,20,100,12534340,599,0,-1,,0,-1,
h2.4_J20,2.4,20,100,12534340,600,1,274,13.700000000000001,1,277,13.850000000000001
h2.4_J20,2.4,20,100,12534340,601,0,-1,,0,-1,
h2.4_J20,2.4,20,100,12534340,602,0,-1,,0,-1,
h2.4_J20,2.4,20,100,12534340,603,0,-1,,0,-1,
h2.4_J20,2.4,20,100,12534340,604,0,-1,,0,-1,
h2.4_J20,2.4,20,100,12534340,605,1,273,13.65,1,275,13.75
h2.4_J20,2.4,20,100,12534340,606,0,-1,,0,-1,
h2.4_J20,2.4,20,100,12534340,607,1,268,13.4,1,269,13.450000000000001
h2.4_J20,2.4,20,100,12534340,608,0,-1,,0,-1,
h2.4_J20,2.4,20,100,12534340,609,1,283,14.15,1,286,14.3
h2.4_J20,2.4,20,100,12534340,610,0,-1,,0,-1,
h2.4_J20,2.4,20,100,12534340,611,0,-1,,0,-1,
h2.4_J20,2.4,20,100,12534340,612,0,-1,,0,-1,
h2.4_J20,2.4,20,100,12534340,613,0,-1,,0,-1,
h2.4_J20,2.4,20,100,12534340,614,0,-1,,0,-1,
h2.4_J20,2.4,20,100,12534340,615,0,-1,,0,-1,
h2.4_J20,2.4,20,100,12534340,616,0,-1,,0,-1,
h2.4_J20,2.4,20,100,12534340,617,0,-1,,0,-1,
h2.4_J20,2.4,20,100,12534340,618,1,317,15.850000000000001,1,312,15.600000000000001
h2.4_J20,2.4,20,100,12534340,619,1,306,15.3,1,305,15.25
h2.4_J20,2.4,20,100,12534340,620,0,-1,,0,-1,
h2.4_J20,2.4,20,100,12534340,621,1,270,13.5,1,271,13.55
h2.4_J20,2.4,20,100,12534340,622,0,-1,,0,-1,
h2.4_J20,2.4,20,100,12534340,623,0,-1,,0,-1,
h2.4_J20,2.4,20,100,12534340,624,0,-1,,0,-1,
h2.4_J20,2.4,20,100,12534340,625,0,-1,,0,-1,
h2.4_J20,2.4,20,100,12534340,626,0,-1,,0,-1,
h2.4_J20,2.4,20,100,12534340,627,0,-1,,0,-1,
h2.4_J20,2.4,20,100,12534340,628,0,-1,,1,9925,496.25
h2.4_J20,2.4,20,100,12534340,629,1,288,14.4,1,293,14.65
h2.4_J20,2.4,20,100,12534340,630,0,-1,,0,-1,
h2.4_J20,2.4,20,100,12534340,631,0,-1,,1,16285,814.25
h2.4_J20,2.4,20,100,12534340,632,0,-1,,0,-1,
h2.4_J20,2.4,20,100,12534340,633,0,-1,,0,-1,
h2.4_J20,2.4,20,100,12534340,634,0,-1,,0,-1,
h2.4_J20,2.4,20,100,12534340,635,0,-1,,0,-1,
h2.4_J20,2.4,20,100,12534340,636,0,-1,,0,-1,
h2.4_J20,2.4,20,100,12534340,637,0,-1,,0,-1,
h2.4_J20,2.4,20,100,12534340,638,0,-1,,0,-1,
h2.4_J20,2.4,20,100,12534340,639,0,-1,,0,-1,
h2.4_J20,2.4,20,100,12534340,640,0,-1,,0,-1,
h2.4_J20,2.4,20,100,12534340,641,1,13447,672.35,1,13473,673.6500000000001
h2.4_J20,2.4,20,100,12534340,642,0,-1,,0,-1,
h2.4_J20,2.4,20,100,12534340,643,0,-1,,0,-1,
h2.4_J20,2.4,20,100,12534340,644,1,282,14.100000000000001,1,284,14.200000000000001
h2.4_J20,2.4,20,100,12534340,645,0,-1,,1,16889,844.45
h2.4_J20,2.4,20,100,12534340,646,0,-1,,0,-1,
h2.4_J20,2.4,20,100,12534340,647,0,-1,,0,-1,
h2.4_J20,2.4,20,100,12534340,648,0,-1,,0,-1,
h2.4_J20,2.4,20,100,12534340,649,1,17193,859.6500000000001,0,-1,
h2.4_J20,2.4,20,100,12534340,650,1,281,14.05,1,282,14.100000000000001
h2.4_J20,2.4,20,100,12534340,651,0,-1,,0,-1,
h2.4_J20,2.4,20,100,12534340,652,0,-1,,0,-1,
h2.4_J20,2.4,20,100,12534340,653,0,-1,,0,-1,
h2.4_J20,2.4,20,100,12534340,654,0,-1,,0,-1,
h2.4_J20,2.4,20,100,12534340,655,0,-1,,0,-1,
h2.4_J20,2.4,20,100,12534340,656,0,-1,,0,-1,
h2.4_J20,2.4,20,100,12534340,657,0,-1,,0,-1,
h2.4_J20,2.4,20,100,12534340,658,0,-1,,0,-1,
h2.4_J20,2.4,20,100,12534340,659,1,276,13.8,1,286,14.3
h2.4_J20,2.4,20,100,12534340,660,0,-1,,0,-1,
h2.4_J20,2.4,20,100,12534340,661,0,-1,,0,-1,
h2.4_J20,2.4,20,100,12534340,662,1,10715,535.75,1,10770,538.5
h2.4_J20,2.4,20,100,12534340,663,0,-1,,0,-1,
h2.4_J20,2.4,20,100,12534340,664,0,-1,,0,-1,
h2.4_J20,2.4,20,100,12534340,665,1,10738,536.9,1,10766,538.3000000000001
h2.4_J20,2.4,20,100,12534340,666,0,-1,,0,-1,
h2.4_J20,2.4,20,100,12534340,667,1,273,13.65,1,285,14.25
h2.4_J20,2.4,20,100,12534340,668,0,-1,,1,13261,663.0500000000001
h2.4_J20,2.4,20,100,12534340,669,0,-1,,1,13871,693.5500000000001
h2.4_J20,2.4,20,100,12534340,670,0,-1,,0,-1,
h2.4_J20,2.4,20,100,12534340,671,0,-1,,0,-1,
h2.4_J20,2.4,20,100,12534340,672,0,-1,,0,-1,
h2.4_J20,2.4,20,100,12534340,673,0,-1,,0,-1,
h2.4_J20,2.4,20,100,12534340,674,1,272,13.600000000000001,1,273,13.65
h2.4_J20,2.4,20,100,12534340,675,0,-1,,1,5802,290.1
h2.4_J20,2.4,20,100,12534340,676,1,301,15.05,1,303,15.15
h2.4_J20,2.4,20,100,12534340,677,0,-1,,1,11432,571.6
h2.4_J20,2.4,20,100,12534340,678,0,-1,,0,-1,
h2.4_J20,2.4,20,100,12534340,679,0,-1,,1,9873,493.65000000000003
h2.4_J20,2.4,20,100,12534340,680,0,-1,,0,-1,
h2.4_J20,2.4,20,100,12534340,681,0,-1,,0,-1,
h2.4_J20,2.4,20,100,12534340,682,1,276,13.8,1,278,13.9
h2.4_J20,2.4,20,100,12534340,683,0,-1,,0,-1,
h2.4_J20,2.4,20,100,12534340,684,1,266,13.3,1,270,13.5
h2.4_J20,2.4,20,100,12534340,685,0,-1,,0,-1,
h2.4_J20,2.4,20,100,12534340,686,0,-1,,0,-1,
h2.4_J20,2.4,20,100,12534340,687,1,12586,629.3000000000001,1,12640,632.0
h2.4_J20,2.4,20,100,12534340,688,0,-1,,1,2597,129.85
h2.4_J20,2.4,20,100,12534340,689,0,-1,,0,-1,
h2.4_J20,2.4,20,100,12534340,690,1,333,16.650000000000002,1,334,16.7
h2.4_J20,2.4,20,100,12534340,691,0,-1,,0,-1,
h2.4_J20,2.4,20,100,12534340,692,0,-1,,0,-1,
h2.4_J20,2.4,20,100,12534340,693,0,-1,,1,7077,353.85
h2.4_J20,2.4,20,100,12534340,694,0,-1,,0,-1,
h2.4_J20,2.4,20,100,12534340,695,1,319,15.950000000000001,1,321,16.05
h2.4_J20,2.4,20,100,12534340,696,0,-1,,0,-1,
h2.4_J20,2.4,20,100,12534340,697,0,-1,,0,-1,
h2.4_J20,2.4,20,100,12534340,698,0,-1,,1,2055,102.75
h2.4_J20,2.4,20,100,12534340,699,0,-1,,0,-1,
h2.4_J20,2.4,20,100,12534340,700,0,-1,,0,-1,
h2.4_J20,2.4,20,100,12534340,701,0,-1,,0,-1,
h2.4_J20,2.4,20,100,12534340,702,0,-1,,1,19169,958.45
h2.4_J20,2.4,20,100,12534340,703,0,-1,,0,-1,
h2.4_J20,2.4,20,100,12534340,704,0,-1,,0,-1,
h2.4_J20,2.4,20,100,12534340,705,0,-1,,0,-1,
h2.4_J20,2.4,20,100,12534340,706,0,-1,,0,-1,
h2.4_J20,2.4,20,100,12534340,707,0,-1,,1,9317,465.85
h2.4_J20,2.4,20,100,12534340,708,0,-1,,1,15967,798.35
h2.4_J20,2.4,20,100,12534340,709,0,-1,,1,1842,92.10000000000001
h2.4_J20,2.4,20,100,12534340,710,1,271,13.55,1,274,13.700000000000001
h2.4_J20,2.4,20,100,12534340,711,0,-1,,1,16044,802.2
h2.4_J20,2.4,20,100,12534340,712,0,-1,,0,-1,
h2.4_J20,2.4,20,100,12534340,713,0,-1,,1,12688,634.4000000000001
h2.4_J20,2.4,20,100,12534340,714,0,-1,,0,-1,
h2.4_J20,2.4,20,100,12534340,715,1,14040,702.0,1,4913,245.65
h2.4_J20,2.4,20,100,12534340,716,0,-1,,0,-1,
h2.4_J20,2.4,20,100,12534340,717,0,-1,,0,-1,
h2.4_J20,2.4,20,100,12534340,718,0,-1,,1,17005,850.25
h2.4_J20,2.4,20,100,12534340,719,0,-1,,0,-1,
h2.4_J20,2.4,20,100,12534340,720,1,287,14.350000000000001,1,291,14.55
h2.4_J20,2.4,20,100,12534340,721,0,-1,,0,-1,
h2.4_J20,2.4,20,100,12534340,722,1,268,13.4,1,271,13.55
h2.4_J20,2.4,20,100,12534340,723,0,-1,,0,-1,
h2.4_J20,2.4,20,100,12534340,724,1,285,14.25,1,288,14.4
h2.4_J20,2.4,20,100,12534340,725,1,269,13.450000000000001,1,272,13.600000000000001
h2.4_J20,2.4,20,100,12534340,726,1,312,15.600000000000001,1,307,15.350000000000001
h2.4_J20,2.4,20,100,12534340,727,0,-1,,0,-1,
h2.4_J20,2.4,20,100,12534340,728,0,-1,,0,-1,
h2.4_J20,2.4,20,100,12534340,729,0,-1,,0,-1,
h2.4_J20,2.4,20,100,12534340,730,0,-1,,0,-1,
h2.4_J20,2.4,20,100,12534340,731,0,-1,,0,-1,
h2.4_J20,2.4,20,100,12534340,732,0,-1,,0,-1,
h2.4_J20,2.4,20,100,12534340,733,0,-1,,1,14740,737.0
h2.4_J20,2.4,20,100,12534340,734,0,-1,,0,-1,
h2.4_J20,2.4,20,100,12534340,735,0,-1,,0,-1,
h2.4_J20,2.4,20,100,12534340,736,1,277,13.850000000000001,1,278,13.9
h2.4_J20,2.4,20,100,12534340,737,0,-1,,0,-1,
h2.4_J20,2.4,20,100,12534340,738,0,-1,,0,-1,
h2.4_J20,2.4,20,100,12534340,739,0,-1,,0,-1,
h2.4_J20,2.4,20,100,12534340,740,1,297,14.850000000000001,0,-1,
h2.4_J20,2.4,20,100,12534340,741,0,-1,,1,13392,669.6
h2.4_J20,2.4,20,100,12534340,742,1,288,14.4,1,290,14.5
h2.4_J20,2.4,20,100,12534340,743,0,-1,,0,-1,
h2.4_J20,2.4,20,100,12534340,744,0,-1,,0,-1,
h2.4_J20,2.4,20,100,12534340,745,0,-1,,1,8669,433.45000000000005
h2.4_J20,2.4,20,100,12534340,746,0,-1,,0,-1,
h2.4_J20,2.4,20,100,12534340,747,0,-1,,0,-1,
h2.4_J20,2.4,20,100,12534340,748,0,-1,,0,-1,
h2.4_J20,2.4,20,100,12534340,749,0,-1,,0,-1,
h2.4_J20,2.4,20,100,12534340,750,0,-1,,0,-1,
h2.4_J20,2.4,20,100,12534340,751,1,320,16.0,1,328,16.400000000000002
h2.4_J20,2.4,20,100,12534340,752,0,-1,,0,-1,
h2.4_J20,2.4,20,100,12534340,753,1,287,14.350000000000001,1,289,14.450000000000001
h2.4_J20,2.4,20,100,12534340,754,0,-1,,1,10738,536.9
h2.4_J20,2.4,20,100,12534340,755,1,313,15.65,1,324,16.2
h2.4_J20,2.4,20,100,12534340,756,0,-1,,1,10997,549.85
h2.4_J20,2.4,20,100,12534340,757,0,-1,,0,-1,
h2.4_J20,2.4,20,100,12534340,758,1,278,13.9,1,279,13.950000000000001
h2.4_J20,2.4,20,100,12534340,759,0,-1,,0,-1,
h2.4_J20,2.4,20,100,12534340,760,0,-1,,0,-1,
h2.4_J20,2.4,20,100,12534340,761,0,-1,,1,13501,675.0500000000001
h2.4_J20,2.4,20,100,12534340,762,1,302,15.100000000000001,1,308,15.4
h2.4_J20,2.4,20,100,12534340,763,0,-1,,0,-1,
h2.4_J20,2.4,20,100,12534340,764,0,-1,,0,-1,
h2.4_J20,2.4,20,100,12534340,765,0,-1,,0,-1,
h2.4_J20,2.4,20,100,12534340,766,1,9817,490.85,1,9875,493.75
h2.4_J20,2.4,20,100,12534340,767,1,263,13.15,1,269,13.450000000000001
h2.4_J20,2.4,20,100,12534340,768,0,-1,,0,-1,
h2.4_J20,2.4,20,100,12534340,769,1,263,13.15,1,265,13.25
h2.4_J20,2.4,20,100,12534340,770,1,266,13.3,1,269,13.450000000000001
h2.4_J20,2.4,20,100,12534340,771,0,-1,,0,-1,
h2.4_J20,2.4,20,100,12534340,772,0,-1,,1,9352,467.6
h2.4_J20,2.4,20,100,12534340,773,0,-1,,0,-1,
h2.4_J20,2.4,20,100,12534340,774,1,18679,933.95,1,8746,437.3
h2.4_J20,2.4,20,100,12534340,775,1,16067,803.35,1,16080,804.0
h2.4_J20,2.4,20,100,12534340,776,0,-1,,0,-1,
h2.4_J20,2.4,20,100,12534340,777,0,-1,,0,-1,
h2.4_J20,2.4,20,100,12534340,778,0,-1,,0,-1,
h2.4_J20,2.4,20,100,12534340,779,0,-1,,0,-1,
h2.4_J20,2.4,20,100,12534340,780,1,275,13.75,1,278,13.9
h2.4_J20,2.4,20,100,12534340,781,0,-1,,0,-1,
h2.4_J20,2.4,20,100,12534340,782,0,-1,,0,-1,
h2.4_J20,2.4,20,100,12534340,783,0,-1,,1,8811,440.55
h2.4_J20,2.4,20,100,12534340,784,0,-1,,1,10411,520.5500000000001
h2.4_J20,2.4,20,100,12534340,785,0,-1,,0,-1,
h2.4_J20,2.4,20,100,12534340,786,0,-1,,1,7515,375.75
h2.4_J20,2.4,20,100,12534340,787,0,-1,,0,-1,
h2.4_J20,2.4,20,100,12534340,788,0,-1,,0,-1,
h2.4_J20,2.4,20,100,12534340,789,0,-1,,0,-1,
h2.4_J20,2.4,20,100,12534340,790,0,-1,,1,8323,416.15000000000003
h2.4_J20,2.4,20,100,12534340,791,1,281,14.05,1,285,14.25
h2.4_J20,2.4,20,100,12534340,792,1,264,13.200000000000001,1,14508,725.4000000000001
h2.4_J20,2.4,20,100,12534340,793,0,-1,,0,-1,
h2.4_J20,2.4,20,100,12534340,794,0,-1,,0,-1,
h2.4_J20,2.4,20,100,12534340,795,1,6515,325.75,1,6562,328.1
h2.4_J20,2.4,20,100,12534340,796,0,-1,,1,12754,637.7
h2.4_J20,2.4,20,100,12534340,797,0,-1,,0,-1,
h2.4_J20,2.4,20,100,12534340,798,0,-1,,0,-1,
h2.4_J20,2.4,20,100,12534340,799,0,-1,,0,-1,
h2.4_J20,2.4,20,100,12534340,800,0,-1,,1,15028,751.4000000000001
h2.4_J20,2.4,20,100,12534340,801,0,-1,,0,-1,
h2.4_J20,2.4,20,100,12534340,802,0,-1,,0,-1,
h2.4_J20,2.4,20,100,12534340,803,1,271,13.55,1,272,13.600000000000001
h2.4_J20,2.4,20,100,12534340,804,0,-1,,0,-1,
h2.4_J20,2.4,20,100,12534340,805,0,-1,,1,19341,967.0500000000001
h2.4_J20,2.4,20,100,12534340,806,1,2886,144.3,1,2884,144.20000000000002
h2.4_J20,2.4,20,100,12534340,807,0,-1,,0,-1,
h2.4_J20,2.4,20,100,12534340,808,0,-1,,0,-1,
h2.4_J20,2.4,20,100,12534340,809,1,272,13.600000000000001,1,279,13.950000000000001
h2.4_J20,2.4,20,100,12534340,810,0,-1,,1,14591,729.5500000000001
h2.4_J20,2.4,20,100,12534340,811,1,16783,839.1500000000001,1,16804,840.2
h2.4_J20,2.4,20,100,12534340,812,0,-1,,0,-1,
h2.4_J20,2.4,20,100,12534340,813,0,-1,,0,-1,
h2.4_J20,2.4,20,100,12534340,814,0,-1,,1,15156,757.8000000000001
h2.4_J20,2.4,20,100,12534340,815,0,-1,,0,-1,
h2.4_J20,2.4,20,100,12534340,816,0,-1,,1,6876,343.8
h2.4_J20,2.4,20,100,12534340,817,0,-1,,0,-1,
h2.4_J20,2.4,20,100,12534340,818,0,-1,,0,-1,
h2.4_J20,2.4,20,100,12534340,819,0,-1,,1,10439,521.95
h2.4_J20,2.4,20,100,12534340,820,0,-1,,0,-1,
h2.4_J20,2.4,20,100,12534340,821,0,-1,,0,-1,
h2.4_J20,2.4,20,100,12534340,822,0,-1,,0,-1,
h2.4_J20,2.4,20,100,12534340,823,0,-1,,0,-1,
h2.4_J20,2.4,20,100,12534340,824,1,329,16.45,1,362,18.1
h2.4_J20,2.4,20,100,12534340,825,0,-1,,0,-1,
h2.4_J20,2.4,20,100,12534340,826,1,273,13.65,1,279,13.950000000000001
h2.4_J20,2.4,20,100,12534340,827,0,-1,,0,-1,
h2.4_J20,2.4,20,100,12534340,828,0,-1,,0,-1,
h2.4_J20,2.4,20,100,12534340,829,0,-1,,0,-1,
h2.4_J20,2.4,20,100,12534340,830,1,14180,709.0,1,14224,711.2
h2.4_J20,2.4,20,100,12534340,831,0,-1,,0,-1,
h2.4_J20,2.4,20,100,12534340,832,0,-1,,0,-1,
h2.4_J20,2.4,20,100,12534340,833,0,-1,,1,14497,724.85
h2.4_J20,2.4,20,100,12534340,834,0,-1,,0,-1,
h2.4_J20,2.4,20,100,12534340,835,0,-1,,0,-1,
h2.4_J20,2.4,20,100,12534340,836,0,-1,,0,-1,
h2.4_J20,2.4,20,100,12534340,837,0,-1,,0,-1,
h2.4_J20,2.4,20,100,12534340,838,0,-1,,0,-1,
h2.4_J20,2.4,20,100,12534340,839,1,303,15.15,1,301,15.05
h2.4_J20,2.4,20,100,12534340,840,0,-1,,0,-1,
h2.4_J20,2.4,20,100,12534340,841,0,-1,,0,-1,
h2.4_J20,2.4,20,100,12534340,842,0,-1,,0,-1,
h2.4_J20,2.4,20,100,12534340,843,0,-1,,1,15526,776.3000000000001
h2.4_J20,2.4,20,100,12534340,844,1,4119,205.95000000000002,1,4125,206.25
h2.4_J20,2.4,20,100,12534340,845,0,-1,,1,2842,142.1
h2.4_J20,2.4,20,100,12534340,846,0,-1,,0,-1,
h2.4_J20,2.4,20,100,12534340,847,0,-1,,0,-1,
h2.4_J20,2.4,20,100,12534340,848,0,-1,,0,-1,
h2.4_J20,2.4,20,100,12534340,849,1,275,13.75,1,277,13.850000000000001
h2.4_J20,2.4,20,100,12534340,850,0,-1,,0,-1,
h2.4_J20,2.4,20,100,12534340,851,0,-1,,0,-1,
h2.4_J20,2.4,20,100,12534340,852,1,276,13.8,1,278,13.9
h2.4_J20,2.4,20,100,12534340,853,0,-1,,0,-1,
h2.4_J20,2.4,20,100,12534340,854,0,-1,,1,7888,394.40000000000003
h2.4_J20,2.4,20,100,12534340,855,1,9854,492.70000000000005,1,9876,493.8
h2.4_J20,2.4,20,100,12534340,856,1,9541,477.05,1,9588,479.40000000000003
h2.4_J20,2.4,20,100,12534340,857,0,-1,,0,-1,
h2.4_J20,2.4,20,100,12534340,858,0,-1,,1,15389,769.45
h2.4_J20,2.4,20,100,12534340,859,0,-1,,0,-1,
h2.4_J20,2.4,20,100,12534340,860,0,-1,,1,559,27.950000000000003
h2.4_J20,2.4,20,100,12534340,861,0,-1,,0,-1,
h2.4_J20,2.4,20,100,12534340,862,1,6835,341.75,0,-1,
h2.4_J20,2.4,20,100,12534340,863,0,-1,,1,6224,311.20000000000005
h2.4_J20,2.4,20,100,12534340,864,0,-1,,0,-1,
h2.4_J20,2.4,20,100,12534340,865,0,-1,,0,-1,
h2.4_J20,2.4,20,100,12534340,866,0,-1,,0,-1,
h2.4_J20,2.4,20,100,12534340,867,0,-1,,0,-1,
h2.4_J20,2.4,20,100,12534340,868,0,-1,,0,-1,
h2.4_J20,2.4,20,100,12534340,869,0,-1,,0,-1,
h2.4_J20,2.4,20,100,12534340,870,1,281,14.05,0,-1,
h2.4_J20,2.4,20,100,12534340,871,0,-1,,1,12323,616.1500000000001
h2.4_J20,2.4,20,100,12534340,872,0,-1,,0,-1,
h2.4_J20,2.4,20,100,12534340,873,1,4869,243.45000000000002,1,4886,244.3
h2.4_J20,2.4,20,100,12534340,874,0,-1,,0,-1,
h2.4_J20,2.4,20,100,12534340,875,0,-1,,0,-1,
h2.4_J20,2.4,20,100,12534340,876,0,-1,,1,318,15.9
h2.4_J20,2.4,20,100,12534340,877,0,-1,,0,-1,
h2.4_J20,2.4,20,100,12534340,878,1,281,14.05,1,282,14.100000000000001
h2.4_J20,2.4,20,100,12534340,879,0,-1,,1,16741,837.0500000000001
h2.4_J20,2.4,20,100,12534340,880,1,1266,63.300000000000004,1,1245,62.25
h2.4_J20,2.4,20,100,12534340,881,0,-1,,0,-1,
h2.4_J20,2.4,20,100,12534340,882,0,-1,,0,-1,
h2.4_J20,2.4,20,100,12534340,883,1,18864,943.2,1,18856,942.8000000000001
h2.4_J20,2.4,20,100,12534340,884,0,-1,,0,-1,
h2.4_J20,2.4,20,100,12534340,885,0,-1,,0,-1,
h2.4_J20,2.4,20,100,12534340,886,0,-1,,0,-1,
h2.4_J20,2.4,20,100,12534340,887,0,-1,,0,-1,
h2.4_J20,2.4,20,100,12534340,888,0,-1,,0,-1,
h2.4_J20,2.4,20,100,12534340,889,0,-1,,0,-1,
h2.4_J20,2.4,20,100,12534340,890,1,19807,990.35,0,-1,
h2.4_J20,2.4,20,100,12534340,891,0,-1,,0,-1,
h2.4_J20,2.4,20,100,12534340,892,0,-1,,0,-1,
h2.4_J20,2.4,20,100,12534340,893,1,303,15.15,1,310,15.5
h2.4_J20,2.4,20,100,12534340,894,0,-1,,0,-1,
h2.4_J20,2.4,20,100,12534340,895,0,-1,,0,-1,
h2.4_J20,2.4,20,100,12534340,896,0,-1,,0,-1,
h2.4_J20,2.4,20,100,12534340,897,1,280,14.0,1,283,14.15
h2.4_J20,2.4,20,100,12534340,898,1,295,14.75,1,297,14.850000000000001
h2.4_J20,2.4,20,100,12534340,899,0,-1,,0,-1,
h2.4_J20,2.4,20,100,12534340,900,0,-1,,0,-1,
h2.4_J20,2.4,20,100,12534340,901,0,-1,,1,14583,729.1500000000001
h2.4_J20,2.4,20,100,12534340,902,0,-1,,0,-1,
h2.4_J20,2.4,20,100,12534340,903,0,-1,,1,6712,335.6
h2.4_J20,2.4,20,100,12534340,904,1,292,14.600000000000001,1,296,14.8
h2.4_J20,2.4,20,100,12534340,905,0,-1,,0,-1,
h2.4_J20,2.4,20,100,12534340,906,1,266,13.3,1,269,13.450000000000001
h2.4_J20,2.4,20,100,12534340,907,0,-1,,0,-1,
h2.4_J20,2.4,20,100,12534340,908,0,-1,,0,-1,
h2.4_J20,2.4,20,100,12534340,909,0,-1,,1,9476,473.8
h2.4_J20,2.4,20,100,12534340,910,0,-1,,0,-1,
h2.4_J20,2.4,20,100,12534340,911,0,-1,,0,-1,
h2.4_J20,2.4,20,100,12534340,912,0,-1,,0,-1,
h2.4_J20,2.4,20,100,12534340,913,0,-1,,0,-1,
h2.4_J20,2.4,20,100,12534340,914,1,306,15.3,1,307,15.350000000000001
h2.4_J20,2.4,20,100,12534340,915,0,-1,,0,-1,
h2.4_J20,2.4,20,100,12534340,916,0,-1,,0,-1,
h2.4_J20,2.4,20,100,12534340,917,0,-1,,0,-1,
h2.4_J20,2.4,20,100,12534340,918,0,-1,,0,-1,
h2.4_J20,2.4,20,100,12534340,919,0,-1,,0,-1,
h2.4_J20,2.4,20,100,12534340,920,0,-1,,0,-1,
h2.4_J20,2.4,20,100,12534340,921,0,-1,,0,-1,
h2.4_J20,2.4,20,100,12534340,922,0,-1,,0,-1,
h2.4_J20,2.4,20,100,12534340,923,0,-1,,0,-1,
h2.4_J20,2.4,20,100,12534340,924,0,-1,,0,-1,
h2.4_J20,2.4,20,100,12534340,925,0,-1,,0,-1,
h2.4_J20,2.4,20,100,12534340,926,0,-1,,0,-1,
h2.4_J20,2.4,20,100,12534340,927,0,-1,,0,-1,
h2.4_J20,2.4,20,100,12534340,928,1,5090,254.5,1,5125,256.25
h2.4_J20,2.4,20,100,12534340,929,0,-1,,0,-1,
h2.4_J20,2.4,20,100,12534340,930,1,285,14.25,1,280,14.0
h2.4_J20,2.4,20,100,12534340,931,0,-1,,0,-1,
h2.4_J20,2.4,20,100,12534340,932,0,-1,,0,-1,
h2.4_J20,2.4,20,100,12534340,933,1,268,13.4,1,271,13.55
h2.4_J20,2.4,20,100,12534340,934,1,306,15.3,1,307,15.350000000000001
h2.4_J20,2.4,20,100,12534340,935,0,-1,,0,-1,
h2.4_J20,2.4,20,100,12534340,936,0,-1,,0,-1,
h2.4_J20,2.4,20,100,12534340,937,0,-1,,1,8552,427.6
h2.4_J20,2.4,20,100,12534340,938,1,19322,966.1,1,19343,967.1500000000001
h2.4_J20,2.4,20,100,12534340,939,1,290,14.5,1,291,14.55
h2.4_J20,2.4,20,100,12534340,940,0,-1,,1,9750,487.5
h2.4_J20,2.4,20,100,12534340,941,0,-1,,0,-1,
h2.4_J20,2.4,20,100,12534340,942,0,-1,,0,-1,
h2.4_J20,2.4,20,100,12534340,943,0,-1,,0,-1,
h2.4_J20,2.4,20,100,12534340,944,0,-1,,0,-1,
h2.4_J20,2.4,20,100,12534340,945,1,290,14.5,1,291,14.55
h2.4_J20,2.4,20,100,12534340,946,0,-1,,0,-1,
h2.4_J20,2.4,20,100,12534340,947,0,-1,,0,-1,
h2.4_J20,2.4,20,100,12534340,948,0,-1,,0,-1,
h2.4_J20,2.4,20,100,12534340,949,0,-1,,0,-1,
h2.4_J20,2.4,20,100,12534340,950,1,287,14.350000000000001,1,290,14.5
h2.4_J20,2.4,20,100,12534340,951,0,-1,,0,-1,
h2.4_J20,2.4,20,100,12534340,952,0,-1,,0,-1,
h2.4_J20,2.4,20,100,12534340,953,0,-1,,0,-1,
h2.4_J20,2.4,20,100,12534340,954,0,-1,,0,-1,
h2.4_J20,2.4,20,100,12534340,955,0,-1,,0,-1,
h2.4_J20,2.4,20,100,12534340,956,0,-1,,0,-1,
h2.4_J20,2.4,20,100,12534340,957,0,-1,,1,11750,587.5
h2.4_J20,2.4,20,100,12534340,958,0,-1,,0,-1,
h2.4_J20,2.4,20,100,12534340,959,0,-1,,0,-1,
h2.4_J20,2.4,20,100,12534340,960,1,282,14.100000000000001,1,287,14.350000000000001
h2.4_J20,2.4,20,100,12534340,961,1,13032,651.6,1,13050,652.5
h2.4_J20,2.4,20,100,12534340,962,1,15080,754.0,1,15127,756.35
h2.4_J20,2.4,20,100,12534340,963,0,-1,,1,17842,892.1
h2.4_J20,2.4,20,100,12534340,964,0,-1,,1,9248,462.40000000000003
h2.4_J20,2.4,20,100,12534340,965,0,-1,,1,1732,86.60000000000001
h2.4_J20,2.4,20,100,12534340,966,0,-1,,0,-1,
h2.4_J20,2.4,20,100,12534340,967,1,318,15.9,1,322,16.1
h2.4_J20,2.4,20,100,12534340,968,0,-1,,0,-1,
h2.4_J20,2.4,20,100,12534340,969,0,-1,,1,6987,349.35
h2.4_J20,2.4,20,100,12534340,970,0,-1,,0,-1,
h2.4_J20,2.4,20,100,12534340,971,0,-1,,0,-1,
h2.4_J20,2.4,20,100,12534340,972,1,385,19.25,1,389,19.450000000000003
h2.4_J20,2.4,20,100,12534340,973,0,-1,,0,-1,
h2.4_J20,2.4,20,100,12534340,974,0,-1,,0,-1,
h2.4_J20,2.4,20,100,12534340,975,1,310,15.5,1,314,15.700000000000001
h2.4_J20,2.4,20,100,12534340,976,0,-1,,0,-1,
h2.4_J20,2.4,20,100,12534340,977,1,291,14.55,1,296,14.8
h2.4_J20,2.4,20,100,12534340,978,1,279,13.950000000000001,1,281,14.05
h2.4_J20,2.4,20,100,12534340,979,0,-1,,1,3703,185.15
h2.4_J20,2.4,20,100,12534340,980,0,-1,,0,-1,
h2.4_J20,2.4,20,100,12534340,981,0,-1,,0,-1,
h2.4_J20,2.4,20,100,12534340,982,0,-1,,0,-1,
h2.4_J20,2.4,20,100,12534340,983,0,-1,,0,-1,
h2.4_J20,2.4,20,100,12534340,984,0,-1,,0,-1,
h2.4_J20,2.4,20,100,12534340,985,0,-1,,0,-1,
h2.4_J20,2.4,20,100,12534340,986,1,286,14.3,1,289,14.450000000000001
h2.4_J20,2.4,20,100,12534340,987,0,-1,,0,-1,
h2.4_J20,2.4,20,100,12534340,988,0,-1,,0,-1,
h2.4_J20,2.4,20,100,12534340,989,1,292,14.600000000000001,1,293,14.65
h2.4_J20,2.4,20,100,12534340,990,0,-1,,0,-1,
h2.4_J20,2.4,20,100,12534340,991,0,-1,,1,3422,171.10000000000002
h2.4_J20,2.4,20,100,12534340,992,1,8019,400.95000000000005,0,-1,
h2.4_J20,2.4,20,100,12534340,993,0,-1,,0,-1,
h2.4_J20,2.4,20,100,12534340,994,1,273,13.65,1,278,13.9
h2.4_J20,2.4,20,100,12534340,995,0,-1,,1,19972,998.6
h2.4_J20,2.4,20,100,12534340,996,1,286,14.3,1,285,14.25
h2.4_J20,2.4,20,100,12534340,997,0,-1,,0,-1,
h2.4_J20,2.4,20,100,12534340,998,0,-1,,1,1085,54.25
h2.4_J20,2.4,20,100,12534340,999,0,-1,,1,16962,848.1
h2.4_J20,2.4,20,100,12534340,1000,0,-1,,0,-1,
h2.4_J20,2.4,20,100,12534340,1001,0,-1,,0,-1,
h2.4_J20,2.4,20,100,12534340,1002,0,-1,,0,-1,
h2.4_J20,2.4,20,100,12534340,1003,0,-1,,0,-1,
h2.4_J20,2.4,20,100,12534340,1004,1,18663,933.1500000000001,1,18696,934.8000000000001
h2.4_J20,2.4,20,100,12534340,1005,0,-1,,0,-1,
h2.4_J20,2.4,20,100,12534340,1006,0,-1,,0,-1,
h2.4_J20,2.4,20,100,12534340,1007,0,-1,,1,10961,548.0500000000001
h2.4_J20,2.4,20,100,12534340,1008,1,269,13.450000000000001,1,271,13.55
h2.4_J20,2.4,20,100,12534340,1009,0,-1,,0,-1,
h2.4_J20,2.4,20,100,12534340,1010,0,-1,,0,-1,
h2.4_J20,2.4,20,100,12534340,1011,1,7431,371.55,1,7491,374.55
h2.4_J20,2.4,20,100,12534340,1012,0,-1,,1,8896,444.8
h2.4_J20,2.4,20,100,12534340,1013,0,-1,,1,18349,917.45
h2.4_J20,2.4,20,100,12534340,1014,1,307,15.350000000000001,1,312,15.600000000000001
h2.4_J20,2.4,20,100,12534340,1015,1,272,13.600000000000001,1,276,13.8
h2.4_J20,2.4,20,100,12534340,1016,0,-1,,0,-1,
h2.4_J20,2.4,20,100,12534340,1017,1,15978,798.9000000000001,1,9023,451.15000000000003
h2.4_J20,2.4,20,100,12534340,1018,0,-1,,0,-1,
h2.4_J20,2.4,20,100,12534340,1019,0,-1,,0,-1,
h2.4_J20,2.4,20,100,12534340,1020,1,277,13.850000000000001,1,282,14.100000000000001
h2.4_J20,2.4,20,100,12534340,1021,0,-1,,0,-1,
h2.4_J20,2.4,20,100,12534340,1022,0,-1,,0,-1,
h2.4_J20,2.4,20,100,12534340,1023,0,-1,,1,13869,693.45
h2.4_J20,2.4,20,100,12534340,1024,0,-1,,0,-1,
h2.4_J20,2.4,20,100,12534340,1025,0,-1,,0,-1,
h2.4_J20,2.4,20,100,12534340,1026,0,-1,,1,11351,567.5500000000001
h2.4_J20,2.4,20,100,12534340,1027,1,285,14.25,1,290,14.5
h2.4_J20,2.4,20,100,12534340,1028,0,-1,,0,-1,
h2.4_J20,2.4,20,100,12534340,1029,0,-1,,0,-1,
h2.4_J20,2.4,20,100,12534340,1030,1,300,15.0,1,301,15.05
h2.4_J20,2.4,20,100,12534340,1031,0,-1,,0,-1,
h2.4_J20,2.4,20,100,12534340,1032,0,-1,,1,17565,878.25
h2.4_J20,2.4,20,100,12534340,1033,1,270,13.5,1,271,13.55
h2.4_J20,2.4,20,100,12534340,1034,0,-1,,0,-1,
h2.4_J20,2.4,20,100,12534340,1035,0,-1,,0,-1,
h2.4_J20,2.4,20,100,12534340,1036,0,-1,,1,7705,385.25
h2.4_J20,2.4,20,100,12534340,1037,0,-1,,0,-1,
h2.4_J20,2.4,20,100,12534340,1038,1,274,13.700000000000001,1,276,13.8
h2.4_J20,2.4,20,100,12534340,1039,1,276,13.8,1,279,13.950000000000001
h2.4_J20,2.4,20,100,12534340,1040,0,-1,,0,-1,
h2.4_J20,2.4,20,100,12534340,1041,0,-1,,0,-1,
h2.4_J20,2.4,20,100,12534340,1042,0,-1,,1,15385,769.25
h2.4_J20,2.4,20,100,12534340,1043,0,-1,,0,-1,
h2.4_J20,2.4,20,100,12534340,1044,0,-1,,0,-1,
h2.4_J20,2.4,20,100,12534340,1045,0,-1,,1,939,46.95
h2.4_J20,2.4,20,100,12534340,1046,0,-1,,0,-1,
h2.4_J20,2.4,20,100,12534340,1047,0,-1,,0,-1,
h2.4_J20,2.4,20,100,12534340,1048,1,3271,163.55,1,3310,165.5
h2.4_J20,2.4,20,100,12534340,1049,0,-1,,1,1350,67.5
h2.4_J20,2.4,20,100,12534340,1050,1,268,13.4,1,280,14.0
h2.4_J20,2.4,20,100,12534340,1051,0,-1,,0,-1,
h2.4_J20,2.4,20,100,12534340,1052,0,-1,,0,-1,
h2.4_J20,2.4,20,100,12534340,1053,0,-1,,0,-1,
h2.4_J20,2.4,20,100,12534340,1054,0,-1,,0,-1,
h2.4_J20,2.4,20,100,12534340,1055,1,402,20.1,1,404,20.200000000000003
h2.4_J20,2.4,20,100,12534340,1056,0,-1,,0,-1,
h2.4_J20,2.4,20,100,12534340,1057,0,-1,,1,11095,554.75
h2.4_J20,2.4,20,100,12534340,1058,0,-1,,0,-1,
h2.4_J20,2.4,20,100,12534340,1059,0,-1,,0,-1,
h2.4_J20,2.4,20,100,12534340,1060,0,-1,,0,-1,
h2.4_J20,2.4,20,100,12534340,1061,1,271,13.55,1,273,13.65
h2.4_J20,2.4,20,100,12534340,1062,0,-1,,0,-1,
h2.4_J20,2.4,20,100,12534340,1063,0,-1,,0,-1,
h2.4_J20,2.4,20,100,12534340,1064,0,-1,,0,-1,
h2.4_J20,2.4,20,100,12534340,1065,0,-1,,0,-1,
h2.4_J20,2.4,20,100,12534340,1066,0,-1,,1,5414,270.7
h2.4_J20,2.4,20,100,12534340,1067,0,-1,,0,-1,
h2.4_J20,2.4,20,100,12534340,1068,0,-1,,0,-1,
h2.4_J20,2.4,20,100,12534340,1069,1,276,13.8,1,278,13.9
h2.4_J20,2.4,20,100,12534340,1070,0,-1,,0,-1,
h2.4_J20,2.4,20,100,12534340,1071,0,-1,,0,-1,
h2.4_J20,2.4,20,100,12534340,1072,0,-1,,0,-1,
h2.4_J20,2.4,20,100,12534340,1073,0,-1,,0,-1,
h2.4_J20,2.4,20,100,12534340,1074,1,273,13.65,1,273,13.65
h2.4_J20,2.4,20,100,12534340,1075,0,-1,,0,-1,
h2.4_J20,2.4,20,100,12534340,1076,1,9160,458.0,1,9185,459.25
h2.4_J20,2.4,20,100,12534340,1077,0,-1,,1,3412,170.60000000000002
h2.4_J20,2.4,20,100,12534340,1078,0,-1,,1,15337,766.85
h2.4_J20,2.4,20,100,12534340,1079,1,282,14.100000000000001,1,292,14.600000000000001
h2.4_J20,2.4,20,100,12534340,1080,0,-1,,0,-1,
h2.4_J20,2.4,20,100,12534340,1081,0,-1,,0,-1,
h2.4_J20,2.4,20,100,12534340,1082,0,-1,,0,-1,
h2.4_J20,2.4,20,100,12534340,1083,1,290,14.5,1,292,14.600000000000001
h2.4_J20,2.4,20,100,12534340,1084,0,-1,,0,-1,
h2.4_J20,2.4,20,100,12534340,1085,0,-1,,0,-1,
h2.4_J20,2.4,20,100,12534340,1086,0,-1,,0,-1,
h2.4_J20,2.4,20,100,12534340,1087,1,273,13.65,1,277,13.850000000000001
h2.4_J20,2.4,20,100,12534340,1088,1,297,14.850000000000001,1,296,14.8
h2.4_J20,2.4,20,100,12534340,1089,0,-1,,0,-1,
h2.4_J20,2.4,20,100,12534340,1090,0,-1,,0,-1,
h2.4_J20,2.4,20,100,12534340,1091,0,-1,,0,-1,
h2.4_J20,2.4,20,100,12534340,1092,1,17472,873.6,1,17514,875.7
h2.4_J20,2.4,20,100,12534340,1093,0,-1,,0,-1,
h2.4_J20,2.4,20,100,12534340,1094,0,-1,,0,-1,
h2.4_J20,2.4,20,100,12534340,1095,1,308,15.4,1,6510,325.5
h2.4_J20,2.4,20,100,12534340,1096,0,-1,,1,12820,641.0
h2.4_J20,2.4,20,100,12534340,1097,1,301,15.05,1,302,15.100000000000001
h2.4_J20,2.4,20,100,12534340,1098,0,-1,,0,-1,
h2.4_J20,2.4,20,100,12534340,1099,0,-1,,0,-1,
h2.4_J20,2.4,20,100,12534340,1100,0,-1,,1,18720,936.0
h2.4_J20,2.4,20,100,12534340,1101,0,-1,,0,-1,
h2.4_J20,2.4,20,100,12534340,1102,1,275,13.75,1,281,14.05
h2.4_J20,2.4,20,100,12534340,1103,0,-1,,0,-1,
h2.4_J20,2.4,20,100,12534340,1104,1,2758,137.9,0,-1,
h2.4_J20,2.4,20,100,12534340,1105,0,-1,,1,3616,180.8
h2.4_J20,2.4,20,100,12534340,1106,0,-1,,1,10926,546.3000000000001
h2.4_J20,2.4,20,100,12534340,1107,1,15027,751.35,1,15036,751.8000000000001
h2.4_J20,2.4,20,100,12534340,1108,0,-1,,0,-1,
h2.4_J20,2.4,20,100,12534340,1109,0,-1,,0,-1,
h2.4_J20,2.4,20,100,12534340,1110,0,-1,,1,16292,814.6
h2.4_J20,2.4,20,100,12534340,1111,0,-1,,0,-1,
h2.4_J20,2.4,20,100,12534340,1112,0,-1,,1,10799,539.95
h2.4_J20,2.4,20,100,12534340,1113,0,-1,,0,-1,
h2.4_J20,2.4,20,100,12534340,1114,0,-1,,1,10984,549.2
h2.4_J20,2.4,20,100,12534340,1115,0,-1,,0,-1,
h2.4_J20,2.4,20,100,12534340,1116,0,-1,,0,-1,
h2.4_J20,2.4,20,100,12534340,1117,0,-1,,1,5528,276.40000000000003
h2.4_J20,2.4,20,100,12534340,1118,0,-1,,0,-1,
h2.4_J20,2.4,20,100,12534340,1119,0,-1,,0,-1,
h2.4_J20,2.4,20,100,12534340,1120,0,-1,,0,-1,
h2.4_J20,2.4,20,100,12534340,1121,0,-1,,0,-1,
h2.4_J20,2.4,20,100,12534340,1122,0,-1,,0,-1,
h2.4_J20,2.4,20,100,12534340,1123,0,-1,,0,-1,
h2.4_J20,2.4,20,100,12534340,1124,0,-1,,0,-1,
h2.4_J20,2.4,20,100,12534340,1125,0,-1,,1,8903,445.15000000000003
h2.4_J20,2.4,20,100,12534340,1126,1,275,13.75,1,277,13.850000000000001
h2.4_J20,2.4,20,100,12534340,1127,1,15515,775.75,1,6773,338.65000000000003
h2.4_J20,2.4,20,100,12534340,1128,0,-1,,0,-1,
h2.4_J20,2.4,20,100,12534340,1129,0,-1,,0,-1,
h2.4_J20,2.4,20,100,12534340,1130,0,-1,,0,-1,
h2.4_J20,2.4,20,100,12534340,1131,0,-1,,0,-1,
h2.4_J20,2.4,20,100,12534340,1132,0,-1,,0,-1,
h2.4_J20,2.4,20,100,12534340,1133,0,-1,,0,-1,
h2.4_J20,2.4,20,100,12534340,1134,0,-1,,0,-1,
h2.4_J20,2.4,20,100,12534340,1135,0,-1,,0,-1,
h2.4_J20,2.4,20,100,12534340,1136,0,-1,,0,-1,
h2.4_J20,2.4,20,100,12534340,1137,1,265,13.25,1,266,13.3
h2.4_J20,2.4,20,100,12534340,1138,0,-1,,0,-1,
h2.4_J20,2.4,20,100,12534340,1139,1,270,13.5,1,272,13.600000000000001
h2.4_J20,2.4,20,100,12534340,1140,0,-1,,0,-1,
h2.4_J20,2.4,20,100,12534340,1141,0,-1,,0,-1,
h2.4_J20,2.4,20,100,12534340,1142,0,-1,,0,-1,
h2.4_J20,2.4,20,100,12534340,1143,1,14047,702.35,1,14089,704.45
h2.4_J20,2.4,20,100,12534340,1144,0,-1,,0,-1,
h2.4_J20,2.4,20,100,12534340,1145,0,-1,,0,-1,
h2.4_J20,2.4,20,100,12534340,1146,0,-1,,0,-1,
h2.4_J20,2.4,20,100,12534340,1147,1,293,14.65,1,294,14.700000000000001
h2.4_J20,2.4,20,100,12534340,1148,1,2215,110.75,1,2236,111.80000000000001
h2.4_J20,2.4,20,100,12534340,1149,0,-1,,1,17305,865.25
h2.4_J20,2.4,20,100,12534340,1150,1,317,15.850000000000001,1,314,15.700000000000001
h2.4_J20,2.4,20,100,12534340,1151,0,-1,,0,-1,
h2.4_J20,2.4,20,100,12534340,1152,0,-1,,0,-1,
h2.4_J20,2.4,20,100,12534340,1153,1,17639,881.95,1,17645,882.25
h2.4_J20,2.4,20,100,12534340,1154,0,-1,,0,-1,
h2.4_J20,2.4,20,100,12534340,1155,1,298,14.9,1,305,15.25
h2.4_J20,2.4,20,100,12534340,1156,0,-1,,0,-1,
h2.4_J20,2.4,20,100,12534340,1157,0,-1,,0,-1,
h2.4_J20,2.4,20,100,12534340,1158,0,-1,,0,-1,
h2.4_J20,2.4,20,100,12534340,1159,1,322,16.1,1,307,15.350000000000001
h2.4_J20,2.4,20,100,12534340,1160,1,278,13.9,1,278,13.9
h2.4_J20,2.4,20,100,12534340,1161,0,-1,,0,-1,
h2.4_J20,2.4,20,100,12534340,1162,0,-1,,0,-1,
h2.4_J20,2.4,20,100,12534340,1163,0,-1,,0,-1,
h2.4_J20,2.4,20,100,12534340,1164,0,-1,,0,-1,
h2.4_J20,2.4,20,100,12534340,1165,0,-1,,1,2110,105.5
h2.4_J20,2.4,20,100,12534340,1166,0,-1,,0,-1,
h2.4_J20,2.4,20,100,12534340,1167,0,-1,,0,-1,
h2.4_J20,2.4,20,100,12534340,1168,0,-1,,0,-1,
h2.4_J20,2.4,20,100,12534340,1169,0,-1,,0,-1,
h2.4_J20,2.4,20,100,12534340,1170,1,297,14.850000000000001,1,301,15.05
h2.4_J20,2.4,20,100,12534340,1171,0,-1,,1,990,49.5
h2.4_J20,2.4,20,100,12534340,1172,1,270,13.5,1,272,13.600000000000001
h2.4_J20,2.4,20,100,12534340,1173,0,-1,,0,-1,
h2.4_J20,2.4,20,100,12534340,1174,0,-1,,0,-1,
h2.4_J20,2.4,20,100,12534340,1175,0,-1,,0,-1,
h2.4_J20,2.4,20,100,12534340,1176,0,-1,,0,-1,
h2.4_J20,2.4,20,100,12534340,1177,0,-1,,1,5285,264.25
h2.4_J20,2.4,20,100,12534340,1178,0,-1,,0,-1,
h2.4_J20,2.4,20,100,12534340,1179,0,-1,,0,-1,
h2.4_J20,2.4,20,100,12534340,1180,0,-1,,0,-1,
h2.4_J20,2.4,20,100,12534340,1181,0,-1,,0,-1,
h2.4_J20,2.4,20,100,12534340,1182,0,-1,,0,-1,
h2.4_J20,2.4,20,100,12534340,1183,0,-1,,0,-1,
h2.4_J20,2.4,20,100,12534340,1184,1,266,13.3,1,14245,712.25
h2.4_J20,2.4,20,100,12534340,1185,0,-1,,1,3343,167.15
h2.4_J20,2.4,20,100,12534340,1186,0,-1,,0,-1,
h2.4_J20,2.4,20,100,12534340,1187,0,-1,,1,16974,848.7
h2.4_J20,2.4,20,100,12534340,1188,0,-1,,1,13171,658.5500000000001
h2.4_J20,2.4,20,100,12534340,1189,1,281,14.05,1,285,14.25
h2.4_J20,2.4,20,100,12534340,1190,0,-1,,0,-1,
h2.4_J20,2.4,20,100,12534340,1191,0,-1,,0,-1,
h2.4_J20,2.4,20,100,12534340,1192,0,-1,,0,-1,
h2.4_J20,2.4,20,100,12534340,1193,0,-1,,0,-1,
h2.4_J20,2.4,20,100,12534340,1194,1,12661,633.0500000000001,1,12704,635.2
h2.4_J20,2.4,20,100,12534340,1195,0,-1,,0,-1,
h2.4_J20,2.4,20,100,12534340,1196,0,-1,,0,-1,
h2.4_J20,2.4,20,100,12534340,1197,0,-1,,0,-1,
h2.4_J20,2.4,20,100,12534340,1198,0,-1,,1,15288,764.4000000000001
h2.4_J20,2.4,20,100,12534340,1199,1,274,13.700000000000001,1,278,13.9
h2.4_J20,2.4,20,100,12534340,1200,0,-1,,0,-1,
h2.4_J20,2.4,20,100,12534340,1201,0,-1,,1,12886,644.3000000000001
h2.4_J20,2.4,20,100,12534340,1202,0,-1,,0,-1,
h2.4_J20,2.4,20,100,12534340,1203,0,-1,,0,-1,
h2.4_J20,2.4,20,100,12534340,1204,0,-1,,0,-1,
h2.4_J20,2.4,20,100,12534340,1205,1,568,28.400000000000002,0,-1,
h2.4_J20,2.4,20,100,12534340,1206,0,-1,,1,5966,298.3
h2.4_J20,2.4,20,100,12534340,1207,1,284,14.200000000000001,1,287,14.350000000000001
h2.4_J20,2.4,20,100,12534340,1208,0,-1,,0,-1,
h2.4_J20,2.4,20,100,12534340,1209,0,-1,,0,-1,
h2.4_J20,2.4,20,100,12534340,1210,0,-1,,0,-1,
h2.4_J20,2.4,20,100,12534340,1211,1,6158,307.90000000000003,1,9897,494.85
h2.4_J20,2.4,20,100,12534340,1212,0,-1,,0,-1,
h2.4_J20,2.4,20,100,12534340,1213,1,10958,547.9,1,8044,402.20000000000005
h2.4_J20,2.4,20,100,12534340,1214,1,301,15.05,1,297,14.850000000000001
h2.4_J20,2.4,20,100,12534340,1215,0,-1,,0,-1,
h2.4_J20,2.4,20,100,12534340,1216,0,-1,,1,19732,986.6
h2.4_J20,2.4,20,100,12534340,1217,0,-1,,0,-1,
h2.4_J20,2.4,20,100,12534340,1218,0,-1,,1,13447,672.35
h2.4_J20,2.4,20,100,12534340,1219,0,-1,,0,-1,
h2.4_J20,2.4,20,100,12534340,1220,0,-1,,0,-1,
h2.4_J20,2.4,20,100,12534340,1221,1,275,13.75,1,304,15.200000000000001
h2.4_J20,2.4,20,100,12534340,1222,1,277,13.850000000000001,1,279,13.950000000000001
h2.4_J20,2.4,20,100,12534340,1223,0,-1,,0,-1,
h2.4_J20,2.4,20,100,12534340,1224,0,-1,,0,-1,
h2.4_J20,2.4,20,100,12534340,1225,0,-1,,0,-1,
h2.4_J20,2.4,20,100,12534340,1226,1,19628,981.4000000000001,1,19599,979.95
h2.4_J20,2.4,20,100,12534340,1227,1,272,13.600000000000001,1,275,13.75
h2.4_J20,2.4,20,100,12534340,1228,0,-1,,0,-1,
h2.4_J20,2.4,20,100,12534340,1229,1,291,14.55,1,293,14.65
h2.4_J20,2.4,20,100,12534340,1230,0,-1,,0,-1,
h2.4_J20,2.4,20,100,12534340,1231,1,269,13.450000000000001,1,274,13.700000000000001
h2.4_J20,2.4,20,100,12534340,1232,0,-1,,1,9035,451.75
h2.4_J20,2.4,20,100,12534340,1233,0,-1,,0,-1,
h2.4_J20,2.4,20,100,12534340,1234,0,-1,,0,-1,
h2.4_J20,2.4,20,100,12534340,1235,0,-1,,0,-1,
h2.4_J20,2.4,20,100,12534340,1236,0,-1,,0,-1,
h2.4_J20,2.4,20,100,12534340,1237,1,6835,341.75,0,-1,
h2.4_J20,2.4,20,100,12534340,1238,0,-1,,0,-1,
h2.4_J20,2.4,20,100,12534340,1239,0,-1,,1,12491,624.5500000000001
h2.4_J20,2.4,20,100,12534340,1240,0,-1,,1,8528,426.40000000000003
h2.4_J20,2.4,20,100,12534340,1241,0,-1,,0,-1,
h2.4_J20,2.4,20,100,12534340,1242,0,-1,,0,-1,
h2.4_J20,2.4,20,100,12534340,1243,0,-1,,0,-1,
h2.4_J20,2.4,20,100,12534340,1244,0,-1,,1,11565,578.25
h2.4_J20,2.4,20,100,12534340,1245,0,-1,,0,-1,
h2.4_J20,2.4,20,100,12534340,1246,0,-1,,0,-1,
h2.4_J20,2.4,20,100,12534340,1247,1,290,14.5,1,291,14.55
h2.4_J20,2.4,20,100,12534340,1248,0,-1,,0,-1,
h2.4_J20,2.4,20,100,12534340,1249,0,-1,,1,1083,54.150000000000006
h2.4_J20,2.4,20,100,12534340,1250,0,-1,,0,-1,
h2.4_J20,2.4,20,100,12534340,1251,0,-1,,1,7723,386.15000000000003
h2.4_J20,2.4,20,100,12534340,1252,0,-1,,0,-1,
h2.4_J20,2.4,20,100,12534340,1253,0,-1,,0,-1,
h2.4_J20,2.4,20,100,12534340,1254,0,-1,,0,-1,
h2.4_J20,2.4,20,100,12534340,1255,1,13820,691.0,1,13865,693.25
h2.4_J20,2.4,20,100,12534340,1256,0,-1,,0,-1,
h2.4_J20,2.4,20,100,12534340,1257,0,-1,,0,-1,
h2.4_J20,2.4,20,100,12534340,1258,0,-1,,0,-1,
h2.4_J20,2.4,20,100,12534340,1259,0,-1,,0,-1,
h2.4_J20,2.4,20,100,12534340,1260,0,-1,,0,-1,
h2.4_J20,2.4,20,100,12534340,1261,1,288,14.4,1,291,14.55
h2.4_J20,2.4,20,100,12534340,1262,0,-1,,0,-1,
h2.4_J20,2.4,20,100,12534340,1263,1,287,14.350000000000001,1,287,14.350000000000001
h2.4_J20,2.4,20,100,12534340,1264,1,268,13.4,1,270,13.5
h2.4_J20,2.4,20,100,12534340,1265,1,12234,611.7,0,-1,
h2.4_J20,2.4,20,100,12534340,1266,0,-1,,0,-1,
h2.4_J20,2.4,20,100,12534340,1267,1,269,13.450000000000001,1,290,14.5
h2.4_J20,2.4,20,100,12534340,1268,0,-1,,0,-1,
h2.4_J20,2.4,20,100,12534340,1269,0,-1,,0,-1,
h2.4_J20,2.4,20,100,12534340,1270,1,305,15.25,1,313,15.65
h2.4_J20,2.4,20,100,12534340,1271,1,283,14.15,1,295,14.75
h2.4_J20,2.4,20,100,12534340,1272,1,12192,609.6,1,12220,611.0
h2.4_J20,2.4,20,100,12534340,1273,0,-1,,0,-1,
h2.4_J20,2.4,20,100,12534340,1274,1,5258,262.90000000000003,1,5285,264.25
h2.4_J20,2.4,20,100,12534340,1275,1,293,14.65,1,313,15.65
h2.4_J20,2.4,20,100,12534340,1276,0,-1,,0,-1,
h2.4_J20,2.4,20,100,12534340,1277,0,-1,,0,-1,
h2.4_J20,2.4,20,100,12534340,1278,1,10604,530.2,1,10653,532.65
h2.4_J20,2.4,20,100,12534340,1279,0,-1,,0,-1,
h2.4_J20,2.4,20,100,12534340,1280,0,-1,,0,-1,
h2.4_J20,2.4,20,100,12534340,1281,0,-1,,1,1760,88.0
h2.4_J20,2.4,20,100,12534340,1282,0,-1,,0,-1,
h2.4_J20,2.4,20,100,12534340,1283,0,-1,,0,-1,
h2.4_J20,2.4,20,100,12534340,1284,1,5694,284.7,1,5748,287.40000000000003
h2.4_J20,2.4,20,100,12534340,1285,0,-1,,0,-1,
h2.4_J20,2.4,20,100,12534340,1286,1,285,14.25,1,288,14.4
h2.4_J20,2.4,20,100,12534340,1287,0,-1,,0,-1,
h2.4_J20,2.4,20,100,12534340,1288,0,-1,,1,1023,51.150000000000006
h2.4_J20,2.4,20,100,12534340,1289,0,-1,,0,-1,
h2.4_J20,2.4,20,100,12534340,1290,0,-1,,1,2703,135.15
h2.4_J20,2.4,20,100,12534340,1291,0,-1,,1,4658,232.9
h2.4_J20,2.4,20,100,12534340,1292,0,-1,,0,-1,
h2.4_J20,2.4,20,100,12534340,1293,0,-1,,0,-1,
h2.4_J20,2.4,20,100,12534340,1294,1,285,14.25,1,286,14.3
h2.4_J20,2.4,20,100,12534340,1295,0,-1,,0,-1,
h2.4_J20,2.4,20,100,12534340,1296,0,-1,,0,-1,
h2.4_J20,2.4,20,100,12534340,1297,0,-1,,1,3030,151.5
h2.4_J20,2.4,20,100,12534340,1298,0,-1,,0,-1,
h2.4_J20,2.4,20,100,12534340,1299,0,-1,,0,-1,
h2.4_J20,2.4,20,100,12534340,1300,1,276,13.8,1,276,13.8
h2.4_J20,2.4,20,100,12534340,1301,1,272,13.600000000000001,1,271,13.55
h2.4_J20,2.4,20,100,12534340,1302,1,301,15.05,1,302,15.100000000000001
h2.4_J20,2.4,20,100,12534340,1303,0,-1,,0,-1,
h2.4_J20,2.4,20,100,12534340,1304,1,3996,199.8,1,4006,200.3
h2.4_J20,2.4,20,100,12534340,1305,0,-1,,0,-1,
h2.4_J20,2.4,20,100,12534340,1306,0,-1,,1,9820,491.0
h2.4_J20,2.4,20,100,12534340,1307,0,-1,,0,-1,
h2.4_J20,2.4,20,100,12534340,1308,0,-1,,1,9202,460.1
h2.4_J20,2.4,20,100,12534340,1309,0,-1,,0,-1,
h2.4_J20,2.4,20,100,12534340,1310,0,-1,,0,-1,
h2.4_J20,2.4,20,100,12534340,1311,1,266,13.3,1,268,13.4
h2.4_J20,2.4,20,100,12534340,1312,1,292,14.600000000000001,1,294,14.700000000000001
h2.4_J20,2.4,20,100,12534340,1313,0,-1,,1,18203,910.1500000000001
h2.4_J20,2.4,20,100,12534340,1314,0,-1,,0,-1,
h2.4_J20,2.4,20,100,12534340,1315,0,-1,,0,-1,
h2.4_J20,2.4,20,100,12534340,1316,0,-1,,0,-1,
h2.4_J20,2.4,20,100,12534340,1317,1,266,13.3,1,268,13.4
h2.4_J20,2.4,20,100,12534340,1318,0,-1,,0,-1,
h2.4_J20,2.4,20,100,12534340,1319,0,-1,,0,-1,
h2.4_J20,2.4,20,100,12534340,1320,1,278,13.9,1,280,14.0
h2.4_J20,2.4,20,100,12534340,1321,1,288,14.4,1,294,14.700000000000001
h2.4_J20,2.4,20,100,12534340,1322,0,-1,,0,-1,
h2.4_J20,2.4,20,100,12534340,1323,0,-1,,0,-1,
h2.4_J20,2.4,20,100,12534340,1324,0,-1,,0,-1,
h2.4_J20,2.4,20,100,12534340,1325,0,-1,,1,7520,376.0
h2.4_J20,2.4,20,100,12534340,1326,1,302,15.100000000000001,1,303,15.15
h2.4_J20,2.4,20,100,12534340,1327,0,-1,,0,-1,
h2.4_J20,2.4,20,100,12534340,1328,0,-1,,0,-1,
h2.4_J20,2.4,20,100,12534340,1329,1,8872,443.6,1,3405,170.25
h2.4_J20,2.4,20,100,12534340,1330,0,-1,,0,-1,
h2.4_J20,2.4,20,100,12534340,1331,0,-1,,0,-1,
h2.4_J20,2.4,20,100,12534340,1332,0,-1,,0,-1,
h2.4_J20,2.4,20,100,12534340,1333,0,-1,,0,-1,
h2.4_J20,2.4,20,100,12534340,1334,0,-1,,0,-1,
h2.4_J20,2.4,20,100,12534340,1335,0,-1,,0,-1,
h2.4_J20,2.4,20,100,12534340,1336,1,267,13.350000000000001,1,267,13.350000000000001
h2.4_J20,2.4,20,100,12534340,1337,0,-1,,0,-1,
h2.4_J20,2.4,20,100,12534340,1338,0,-1,,0,-1,
h2.4_J20,2.4,20,100,12534340,1339,0,-1,,1,6891,344.55
h2.4_J20,2.4,20,100,12534340,1340,0,-1,,0,-1,
h2.4_J20,2.4,20,100,12534340,1341,0,-1,,0,-1,
h2.4_J20,2.4,20,100,12534340,1342,0,-1,,1,12304,615.2
h2.4_J20,2.4,20,100,12534340,1343,0,-1,,1,9374,468.70000000000005
h2.4_J20,2.4,20,100,12534340,1344,0,-1,,0,-1,
h2.4_J20,2.4,20,100,12534340,1345,0,-1,,0,-1,
h2.4_J20,2.4,20,100,12534340,1346,1,277,13.850000000000001,1,275,13.75
h2.4_J20,2.4,20,100,12534340,1347,0,-1,,0,-1,
h2.4_J20,2.4,20,100,12534340,1348,0,-1,,1,555,27.75
h2.4_J20,2.4,20,100,12534340,1349,0,-1,,0,-1,
h2.4_J20,2.4,20,100,12534340,1350,0,-1,,0,-1,
h2.4_J20,2.4,20,100,12534340,1351,0,-1,,0,-1,
h2.4_J20,2.4,20,100,12534340,1352,0,-1,,0,-1,
h2.4_J20,2.4,20,100,12534340,1353,1,303,15.15,1,312,15.600000000000001
h2.4_J20,2.4,20,100,12534340,1354,0,-1,,0,-1,
h2.4_J20,2.4,20,100,12534340,1355,0,-1,,0,-1,
h2.4_J20,2.4,20,100,12534340,1356,0,-1,,1,10867,543.35
h2.4_J20,2.4,20,100,12534340,1357,0,-1,,0,-1,
h2.4_J20,2.4,20,100,12534340,1358,1,16150,807.5,1,16162,808.1
h2.4_J20,2.4,20,100,12534340,1359,1,7235,361.75,1,11350,567.5
h2.4_J20,2.4,20,100,12534340,1360,1,288,14.4,1,291,14.55
h2.4_J20,2.4,20,100,12534340,1361,1,270,13.5,1,270,13.5
h2.4_J20,2.4,20,100,12534340,1362,1,271,13.55,1,273,13.65
h2.4_J20,2.4,20,100,12534340,1363,0,-1,,0,-1,
h2.4_J20,2.4,20,100,12534340,1364,0,-1,,0,-1,
h2.4_J20,2.4,20,100,12534340,1365,1,289,14.450000000000001,1,287,14.350000000000001
h2.4_J20,2.4,20,100,12534340,1366,0,-1,,0,-1,
h2.4_J20,2.4,20,100,12534340,1367,0,-1,,0,-1,
h2.4_J20,2.4,20,100,12534340,1368,0,-1,,0,-1,
h2.4_J20,2.4,20,100,12534340,1369,0,-1,,1,12509,625.45
h2.4_J20,2.4,20,100,12534340,1370,0,-1,,0,-1,
h2.4_J20,2.4,20,100,12534340,1371,0,-1,,0,-1,
h2.4_J20,2.4,20,100,12534340,1372,0,-1,,0,-1,
h2.4_J20,2.4,20,100,12534340,1373,0,-1,,0,-1,
h2.4_J20,2.4,20,100,12534340,1374,0,-1,,0,-1,
h2.4_J20,2.4,20,100,12534340,1375,0,-1,,0,-1,
h2.4_J20,2.4,20,100,12534340,1376,0,-1,,0,-1,
h2.4_J20,2.4,20,100,12534340,1377,0,-1,,0,-1,
h2.4_J20,2.4,20,100,12534340,1378,1,6464,323.20000000000005,1,5745,287.25
h2.4_J20,2.4,20,100,12534340,1379,0,-1,,0,-1,
h2.4_J20,2.4,20,100,12534340,1380,0,-1,,0,-1,
h2.4_J20,2.4,20,100,12534340,1381,1,290,14.5,1,291,14.55
h2.4_J20,2.4,20,100,12534340,1382,0,-1,,0,-1,
h2.4_J20,2.4,20,100,12534340,1383,0,-1,,0,-1,
h2.4_J20,2.4,20,100,12534340,1384,0,-1,,1,6668,333.40000000000003
h2.4_J20,2.4,20,100,12534340,1385,1,3344,167.20000000000002,1,3364,168.20000000000002
h2.4_J20,2.4,20,100,12534340,1386,1,288,14.4,1,304,15.200000000000001
h2.4_J20,2.4,20,100,12534340,1387,1,276,13.8,1,282,14.100000000000001
h2.4_J20,2.4,20,100,12534340,1388,1,17306,865.3000000000001,1,17296,864.8000000000001
h2.4_J20,2.4,20,100,12534340,1389,1,270,13.5,1,271,13.55
h2.4_J20,2.4,20,100,12534340,1390,0,-1,,1,3423,171.15
h2.4_J20,2.4,20,100,12534340,1391,0,-1,,0,-1,
h2.4_J20,2.4,20,100,12534340,1392,0,-1,,1,16641,832.0500000000001
h2.4_J20,2.4,20,100,12534340,1393,0,-1,,0,-1,
h2.4_J20,2.4,20,100,12534340,1394,0,-1,,0,-1,
h2.4_J20,2.4,20,100,12534340,1395,0,-1,,0,-1,
h2.4_J20,2.4,20,100,12534340,1396,0,-1,,0,-1,
h2.4_J20,2.4,20,100,12534340,1397,0,-1,,1,18476,923.8000000000001
h2.4_J20,2.4,20,100,12534340,1398,0,-1,,1,3568,178.4
h2.4_J20,2.4,20,100,12534340,1399,1,16114,805.7,1,13290,664.5
h2.4_J20,2.4,20,100,12534340,1400,1,284,14.200000000000001,1,287,14.350000000000001
h2.4_J20,2.4,20,100,12534340,1401,0,-1,,0,-1,
h2.4_J20,2.4,20,100,12534340,1402,1,295,14.75,1,301,15.05
h2.4_J20,2.4,20,100,12534340,1403,0,-1,,0,-1,
h2.4_J20,2.4,20,100,12534340,1404,0,-1,,0,-1,
h2.4_J20,2.4,20,100,12534340,1405,0,-1,,0,-1,
h2.4_J20,2.4,20,100,12534340,1406,0,-1,,1,4293,214.65
h2.4_J20,2.4,20,100,12534340,1407,0,-1,,0,-1,
h2.4_J20,2.4,20,100,12534340,1408,0,-1,,0,-1,
h2.4_J20,2.4,20,100,12534340,1409,0,-1,,0,-1,
h2.4_J20,2.4,20,100,12534340,1410,1,291,14.55,1,296,14.8
h2.4_J20,2.4,20,100,12534340,1411,1,279,13.950000000000001,1,281,14.05
h2.4_J20,2.4,20,100,12534340,1412,0,-1,,0,-1,
h2.4_J20,2.4,20,100,12534340,1413,1,273,13.65,1,276,13.8
h2.4_J20,2.4,20,100,12534340,1414,0,-1,,0,-1,
h2.4_J20,2.4,20,100,12534340,1415,0,-1,,0,-1,
h2.4_J20,2.4,20,100,12534340,1416,0,-1,,1,18562,928.1
h2.4_J20,2.4,20,100,12534340,1417,1,299,14.950000000000001,1,303,15.15
h2.4_J20,2.4,20,100,12534340,1418,0,-1,,0,-1,
h2.4_J20,2.4,20,100,12534340,1419,1,276,13.8,1,283,14.15
h2.4_J20,2.4,20,100,12534340,1420,0,-1,,0,-1,
h2.4_J20,2.4,20,100,12534340,1421,1,265,13.25,1,269,13.450000000000001
h2.4_J20,2.4,20,100,12534340,1422,0,-1,,0,-1,
h2.4_J20,2.4,20,100,12534340,1423,0,-1,,0,-1,
h2.4_J20,2.4,20,100,12534340,1424,0,-1,,1,2943,147.15
h2.4_J20,2.4,20,100,12534340,1425,0,-1,,0,-1,
h2.4_J20,2.4,20,100,12534340,1426,1,311,15.55,1,305,15.25
h2.4_J20,2.4,20,100,12534340,1427,1,6902,345.1,0,-1,
h2.4_J20,2.4,20,100,12534340,1428,0,-1,,1,14877,743.85
h2.4_J20,2.4,20,100,12534340,1429,0,-1,,0,-1,
h2.4_J20,2.4,20,100,12534340,1430,0,-1,,1,10924,546.2
h2.4_J20,2.4,20,100,12534340,1431,1,319,15.950000000000001,1,314,15.700000000000001
h2.4_J20,2.4,20,100,12534340,1432,0,-1,,1,1306,65.3
h2.4_J20,2.4,20,100,12534340,1433,1,279,13.950000000000001,1,282,14.100000000000001
h2.4_J20,2.4,20,100,12534340,1434,0,-1,,0,-1,
h2.4_J20,2.4,20,100,12534340,1435,0,-1,,0,-1,
h2.4_J20,2.4,20,100,12534340,1436,0,-1,,1,18695,934.75
h2.4_J20,2.4,20,100,12534340,1437,1,1624,81.2,1,1640,82.0
h2.4_J20,2.4,20,100,12534340,1438,1,273,13.65,1,277,13.850000000000001
h2.4_J20,2.4,20,100,12534340,1439,1,286,14.3,1,287,14.350000000000001
h2.4_J20,2.4,20,100,12534340,1440,0,-1,,1,16149,807.45
h2.4_J20,2.4,20,100,12534340,1441,0,-1,,0,-1,
h2.4_J20,2.4,20,100,12534340,1442,0,-1,,1,4855,242.75
h2.4_J20,2.4,20,100,12534340,1443,0,-1,,1,1964,98.2
h2.4_J20,2.4,20,100,12534340,1444,0,-1,,1,10011,500.55
h2.4_J20,2.4,20,100,12534340,1445,0,-1,,0,-1,
h2.4_J20,2.4,20,100,12534340,1446,1,276,13.8,1,279,13.950000000000001
h2.4_J20,2.4,20,100,12534340,1447,0,-1,,0,-1,
h2.4_J20,2.4,20,100,12534340,1448,1,271,13.55,1,276,13.8
h2.4_J20,2.4,20,100,12534340,1449,1,281,14.05,1,282,14.100000000000001
h2.4_J20,2.4,20,100,12534340,1450,0,-1,,1,16804,840.2
h2.4_J20,2.4,20,100,12534340,1451,0,-1,,0,-1,
h2.4_J20,2.4,20,100,12534340,1452,0,-1,,0,-1,
h2.4_J20,2.4,20,100,12534340,1453,0,-1,,0,-1,
h2.4_J20,2.4,20,100,12534340,1454,0,-1,,0,-1,
h2.4_J20,2.4,20,100,12534340,1455,1,302,15.100000000000001,1,302,15.100000000000001
h2.4_J20,2.4,20,100,12534340,1456,0,-1,,1,17902,895.1
h2.4_J20,2.4,20,100,12534340,1457,1,8237,411.85,1,8266,413.3
h2.4_J20,2.4,20,100,12534340,1458,0,-1,,1,8132,406.6
h2.4_J20,2.4,20,100,12534340,1459,0,-1,,1,12888,644.4000000000001
h2.4_J20,2.4,20,100,12534340,1460,0,-1,,0,-1,
h2.4_J20,2.4,20,100,12534340,1461,0,-1,,0,-1,
h2.4_J20,2.4,20,100,12534340,1462,0,-1,,0,-1,
h2.4_J20,2.4,20,100,12534340,1463,0,-1,,0,-1,
h2.4_J20,2.4,20,100,12534340,1464,1,384,19.200000000000003,1,405,20.25
h2.4_J20,2.4,20,100,12534340,1465,0,-1,,0,-1,
h2.4_J20,2.4,20,100,12534340,1466,0,-1,,0,-1,
h2.4_J20,2.4,20,100,12534340,1467,0,-1,,1,7009,350.45000000000005
h2.4_J20,2.4,20,100,12534340,1468,0,-1,,1,1923,96.15
h2.4_J20,2.4,20,100,12534340,1469,1,11301,565.0500000000001,1,10110,505.5
h2.4_J20,2.4,20,100,12534340,1470,0,-1,,1,332,16.6
h2.4_J20,2.4,20,100,12534340,1471,0,-1,,1,686,34.300000000000004
h2.4_J20,2.4,20,100,12534340,1472,0,-1,,0,-1,
h2.4_J20,2.4,20,100,12534340,1473,1,305,15.25,1,310,15.5
h2.4_J20,2.4,20,100,12534340,1474,0,-1,,0,-1,
h2.4_J20,2.4,20,100,12534340,1475,0,-1,,0,-1,
h2.4_J20,2.4,20,100,12534340,1476,0,-1,,0,-1,
h2.4_J20,2.4,20,100,12534340,1477,1,9137,456.85,1,9164,458.20000000000005
h2.4_J20,2.4,20,100,12534340,1478,0,-1,,0,-1,
h2.4_J20,2.4,20,100,12534340,1479,0,-1,,0,-1,
h2.4_J20,2.4,20,100,12534340,1480,0,-1,,0,-1,
h2.4_J20,2.4,20,100,12534340,1481,0,-1,,0,-1,
h2.4_J20,2.4,20,100,12534340,1482,0,-1,,0,-1,
h2.4_J20,2.4,20,100,12534340,1483,0,-1,,0,-1,
h2.4_J20,2.4,20,100,12534340,1484,0,-1,,0,-1,
h2.4_J20,2.4,20,100,12534340,1485,0,-1,,0,-1,
h2.4_J20,2.4,20,100,12534340,1486,0,-1,,0,-1,
h2.4_J20,2.4,20,100,12534340,1487,1,5418,270.90000000000003,1,839,41.95
h2.4_J20,2.4,20,100,12534340,1488,0,-1,,0,-1,
h2.4_J20,2.4,20,100,12534340,1489,0,-1,,0,-1,
h2.4_J20,2.4,20,100,12534340,1490,0,-1,,0,-1,
h2.4_J20,2.4,20,100,12534340,1491,1,301,15.05,1,309,15.450000000000001
h2.4_J20,2.4,20,100,12534340,1492,0,-1,,1,18389,919.45
h2.4_J20,2.4,20,100,12534340,1493,0,-1,,1,17429,871.45
h2.4_J20,2.4,20,100,12534340,1494,1,279,13.950000000000001,1,304,15.200000000000001
h2.4_J20,2.4,20,100,12534340,1495,0,-1,,0,-1,
h2.4_J20,2.4,20,100,12534340,1496,0,-1,,0,-1,
h2.4_J20,2.4,20,100,12534340,1497,0,-1,,0,-1,
h2.4_J20,2.4,20,100,12534340,1498,1,293,14.65,1,297,14.850000000000001
h2.4_J20,2.4,20,100,12534340,1499,1,448,22.400000000000002,1,454,22.700000000000003
h2.4_J20,2.4,20,100,12534340,1500,0,-1,,0,-1,
h2.4_J20,2.4,20,100,12534340,1501,0,-1,,0,-1,
h2.4_J20,2.4,20,100,12534340,1502,0,-1,,0,-1,
h2.4_J20,2.4,20,100,12534340,1503,1,291,14.55,1,304,15.200000000000001
h2.4_J20,2.4,20,100,12534340,1504,0,-1,,0,-1,
h2.4_J20,2.4,20,100,12534340,1505,0,-1,,0,-1,
h2.4_J20,2.4,20,100,12534340,1506,1,294,14.700000000000001,1,295,14.75
h2.4_J20,2.4,20,100,12534340,1507,0,-1,,1,9762,488.1
h2.4_J20,2.4,20,100,12534340,1508,0,-1,,0,-1,
h2.4_J20,2.4,20,100,12534340,1509,1,372,18.6,1,2295,114.75
h2.4_J20,2.4,20,100,12534340,1510,1,281,14.05,1,283,14.15
h2.4_J20,2.4,20,100,12534340,1511,0,-1,,0,-1,
h2.4_J20,2.4,20,100,12534340,1512,0,-1,,0,-1,
h2.4_J20,2.4,20,100,12534340,1513,0,-1,,0,-1,
h2.4_J20,2.4,20,100,12534340,1514,1,306,15.3,1,310,15.5
h2.4_J20,2.4,20,100,12534340,1515,0,-1,,0,-1,
h2.4_J20,2.4,20,100,12534340,1516,1,268,13.4,1,270,13.5
h2.4_J20,2.4,20,100,12534340,1517,0,-1,,0,-1,
h2.4_J20,2.4,20,100,12534340,1518,0,-1,,0,-1,
h2.4_J20,2.4,20,100,12534340,1519,1,266,13.3,1,268,13.4
h2.4_J20,2.4,20,100,12534340,1520,0,-1,,0,-1,
h2.4_J20,2.4,20,100,12534340,1521,0,-1,,0,-1,
h2.4_J20,2.4,20,100,12534340,1522,0,-1,,0,-1,
h2.4_J20,2.4,20,100,12534340,1523,0,-1,,0,-1,
h2.4_J20,2.4,20,100,12534340,1524,0,-1,,0,-1,
h2.4_J20,2.4,20,100,12534340,1525,0,-1,,0,-1,
h2.4_J20,2.4,20,100,12534340,1526,0,-1,,0,-1,
h2.4_J20,2.4,20,100,12534340,1527,0,-1,,1,11038,551.9
h2.4_J20,2.4,20,100,12534340,1528,1,272,13.600000000000001,1,274,13.700000000000001
h2.4_J20,2.4,20,100,12534340,1529,0,-1,,1,15860,793.0
h2.4_J20,2.4,20,100,12534340,1530,0,-1,,0,-1,
h2.4_J20,2.4,20,100,12534340,1531,1,1015,50.75,0,-1,
h2.4_J20,2.4,20,100,12534340,1532,0,-1,,0,-1,
h2.4_J20,2.4,20,100,12534340,1533,0,-1,,0,-1,
h2.4_J20,2.4,20,100,12534340,1534,1,277,13.850000000000001,1,278,13.9
h2.4_J20,2.4,20,100,12534340,1535,0,-1,,0,-1,
h2.4_J20,2.4,20,100,12534340,1536,0,-1,,0,-1,
h2.4_J20,2.4,20,100,12534340,1537,1,336,16.8,1,337,16.85
h2.4_J20,2.4,20,100,12534340,1538,0,-1,,0,-1,
h2.4_J20,2.4,20,100,12534340,1539,1,268,13.4,1,270,13.5
h2.4_J20,2.4,20,100,12534340,1540,0,-1,,1,11626,581.3000000000001
h2.4_J20,2.4,20,100,12534340,1541,1,268,13.4,1,270,13.5
h2.4_J20,2.4,20,100,12534340,1542,0,-1,,0,-1,
h2.4_J20,2.4,20,100,12534340,1543,0,-1,,0,-1,
h2.4_J20,2.4,20,100,12534340,1544,0,-1,,0,-1,
h2.4_J20,2.4,20,100,12534340,1545,0,-1,,1,9430,471.5
h2.4_J20,2.4,20,100,12534340,1546,0,-1,,0,-1,
h2.4_J20,2.4,20,100,12534340,1547,0,-1,,0,-1,
h2.4_J20,2.4,20,100,12534340,1548,0,-1,,0,-1,
h2.4_J20,2.4,20,100,12534340,1549,1,275,13.75,1,275,13.75
h2.4_J20,2.4,20,100,12534340,1550,1,263,13.15,1,265,13.25
h2.4_J20,2.4,20,100,12534340,1551,1,18640,932.0,1,18673,933.6500000000001
h2.4_J20,2.4,20,100,12534340,1552,0,-1,,0,-1,
h2.4_J20,2.4,20,100,12534340,1553,1,2000,100.0,1,2026,101.30000000000001
h2.4_J20,2.4,20,100,12534340,1554,0,-1,,0,-1,
h2.4_J20,2.4,20,100,12534340,1555,0,-1,,0,-1,
h2.4_J20,2.4,20,100,12534340,1556,0,-1,,0,-1,
h2.4_J20,2.4,20,100,12534340,1557,0,-1,,0,-1,
h2.4_J20,2.4,20,100,12534340,1558,0,-1,,0,-1,
h2.4_J20,2.4,20,100,12534340,1559,0,-1,,1,15021,751.0500000000001
h2.4_J20,2.4,20,100,12534340,1560,0,-1,,0,-1,
h2.4_J20,2.4,20,100,12534340,1561,0,-1,,0,-1,
h2.4_J20,2.4,20,100,12534340,1562,0,-1,,0,-1,
h2.4_J20,2.4,20,100,12534340,1563,0,-1,,0,-1,
h2.4_J20,2.4,20,100,12534340,1564,0,-1,,1,9368,468.40000000000003
h2.4_J20,2.4,20,100,12534340,1565,0,-1,,0,-1,
h2.4_J20,2.4,20,100,12534340,1566,0,-1,,1,5870,293.5
h2.4_J20,2.4,20,100,12534340,1567,0,-1,,0,-1,
h2.4_J20,2.4,20,100,12534340,1568,0,-1,,0,-1,
h2.4_J20,2.4,20,100,12534340,1569,0,-1,,0,-1,
h2.4_J20,2.4,20,100,12534340,1570,0,-1,,1,2019,100.95
h2.4_J20,2.4,20,100,12534340,1571,1,286,14.3,1,290,14.5
h2.4_J20,2.4,20,100,12534340,1572,0,-1,,0,-1,
h2.4_J20,2.4,20,100,12534340,1573,0,-1,,0,-1,
h2.4_J20,2.4,20,100,12534340,1574,1,329,16.45,1,336,16.8
h2.4_J20,2.4,20,100,12534340,1575,0,-1,,1,3198,159.9
h2.4_J20,2.4,20,100,12534340,1576,0,-1,,0,-1,
h2.4_J20,2.4,20,100,12534340,1577,0,-1,,0,-1,
h2.4_J20,2.4,20,100,12534340,1578,0,-1,,0,-1,
h2.4_J20,2.4,20,100,12534340,1579,0,-1,,0,-1,
h2.4_J20,2.4,20,100,12534340,1580,0,-1,,0,-1,
h2.4_J20,2.4,20,100,12534340,1581,0,-1,,0,-1,
h2.4_J20,2.4,20,100,12534340,1582,0,-1,,0,-1,
h2.4_J20,2.4,20,100,12534340,1583,0,-1,,0,-1,
h2.4_J20,2.4,20,100,12534340,1584,0,-1,,0,-1,
h2.4_J20,2.4,20,100,12534340,1585,0,-1,,0,-1,
h2.4_J20,2.4,20,100,12534340,1586,0,-1,,0,-1,
h2.4_J20,2.4,20,100,12534340,1587,0,-1,,0,-1,
h2.4_J20,2.4,20,100,12534340,1588,0,-1,,0,-1,
h2.4_J20,2.4,20,100,12534340,1589,1,10243,512.15,0,-1,
h2.4_J20,2.4,20,100,12534340,1590,0,-1,,0,-1,
h2.4_J20,2.4,20,100,12534340,1591,0,-1,,0,-1,
h2.4_J20,2.4,20,100,12534340,1592,0,-1,,0,-1,
h2.4_J20,2.4,20,100,12534340,1593,0,-1,,0,-1,
h2.4_J20,2.4,20,100,12534340,1594,1,290,14.5,1,290,14.5
h2.4_J20,2.4,20,100,12534340,1595,0,-1,,0,-1,
h2.4_J20,2.4,20,100,12534340,1596,0,-1,,0,-1,
h2.4_J20,2.4,20,100,12534340,1597,1,281,14.05,1,288,14.4
h2.4_J20,2.4,20,100,12534340,1598,0,-1,,0,-1,
h2.4_J20,2.4,20,100,12534340,1599,0,-1,,0,-1,
h2.4_J20,2.4,20,100,12534340,1600,0,-1,,1,8758,437.90000000000003
h2.4_J20,2.4,20,100,12534340,1601,0,-1,,1,8231,411.55
h2.4_J20,2.4,20,100,12534340,1602,0,-1,,0,-1,
h2.4_J20,2.4,20,100,12534340,1603,0,-1,,0,-1,
h2.4_J20,2.4,20,100,12534340,1604,0,-1,,1,7054,352.70000000000005
h2.4_J20,2.4,20,100,12534340,1605,0,-1,,0,-1,
h2.4_J20,2.4,20,100,12534340,1606,0,-1,,0,-1,
h2.4_J20,2.4,20,100,12534340,1607,0,-1,,0,-1,
h2.4_J20,2.4,20,100,12534340,1608,0,-1,,0,-1,
h2.4_J20,2.4,20,100,12534340,1609,1,272,13.600000000000001,1,278,13.9
h2.4_J20,2.4,20,100,12534340,1610,1,286,14.3,1,306,15.3
h2.4_J20,2.4,20,100,12534340,1611,0,-1,,0,-1,
h2.4_J20,2.4,20,100,12534340,1612,0,-1,,1,19017,950.85
h2.4_J20,2.4,20,100,12534340,1613,0,-1,,0,-1,
h2.4_J20,2.4,20,100,12534340,1614,0,-1,,0,-1,
h2.4_J20,2.4,20,100,12534340,1615,0,-1,,0,-1,
h2.4_J20,2.4,20,100,12534340,1616,0,-1,,0,-1,
h2.4_J20,2.4,20,100,12534340,1617,0,-1,,0,-1,
h2.4_J20,2.4,20,100,12534340,1618,0,-1,,0,-1,
h2.4_J20,2.4,20,100,12534340,1619,0,-1,,1,5528,276.40000000000003
h2.4_J20,2.4,20,100,12534340,1620,1,13588,679.4000000000001,1,10242,512.1
h2.4_J20,2.4,20,100,12534340,1621,0,-1,,0,-1,
h2.4_J20,2.4,20,100,12534340,1622,0,-1,,1,15983,799.1500000000001
h2.4_J20,2.4,20,100,12534340,1623,0,-1,,0,-1,
h2.4_J20,2.4,20,100,12534340,1624,0,-1,,1,7266,363.3
h2.4_J20,2.4,20,100,12534340,1625,1,11309,565.45,1,11342,567.1
h2.4_J20,2.4,20,100,12534340,1626,0,-1,,0,-1,
h2.4_J20,2.4,20,100,12534340,1627,0,-1,,0,-1,
h2.4_J20,2.4,20,100,12534340,1628,0,-1,,0,-1,
h2.4_J20,2.4,20,100,12534340,1629,0,-1,,0,-1,
h2.4_J20,2.4,20,100,12534340,1630,0,-1,,1,4992,249.60000000000002
h2.4_J20,2.4,20,100,12534340,1631,1,320,16.0,1,314,15.700000000000001
h2.4_J20,2.4,20,100,12534340,1632,0,-1,,0,-1,
h2.4_J20,2.4,20,100,12534340,1633,0,-1,,0,-1,
h2.4_J20,2.4,20,100,12534340,1634,0,-1,,0,-1,
h2.4_J20,2.4,20,100,12534340,1635,0,-1,,1,2311,115.55000000000001
h2.4_J20,2.4,20,100,12534340,1636,0,-1,,0,-1,
h2.4_J20,2.4,20,100,12534340,1637,1,268,13.4,0,-1,
h2.4_J20,2.4,20,100,12534340,1638,0,-1,,0,-1,
h2.4_J20,2.4,20,100,12534340,1639,0,-1,,0,-1,
h2.4_J20,2.4,20,100,12534340,1640,1,6567,328.35,1,6574,328.70000000000005
h2.4_J20,2.4,20,100,12534340,1641,0,-1,,0,-1,
h2.4_J20,2.4,20,100,12534340,1642,1,296,14.8,1,295,14.75
h2.4_J20,2.4,20,100,12534340,1643,0,-1,,1,4132,206.60000000000002
h2.4_J20,2.4,20,100,12534340,1644,0,-1,,0,-1,
h2.4_J20,2.4,20,100,12534340,1645,0,-1,,1,3909,195.45000000000002
h2.4_J20,2.4,20,100,12534340,1646,0,-1,,0,-1,
h2.4_J20,2.4,20,100,12534340,1647,0,-1,,0,-1,
h2.4_J20,2.4,20,100,12534340,1648,0,-1,,0,-1,
h2.4_J20,2.4,20,100,12534340,1649,1,278,13.9,1,282,14.100000000000001
h2.4_J20,2.4,20,100,12534340,1650,0,-1,,0,-1,
h2.4_J20,2.4,20,100,12534340,1651,1,7443,372.15000000000003,1,7502,375.1
h2.4_J20,2.4,20,100,12534340,1652,0,-1,,0,-1,
h2.4_J20,2.4,20,100,12534340,1653,1,292,14.600000000000001,0,-1,
h2.4_J20,2.4,20,100,12534340,1654,0,-1,,0,-1,
h2.4_J20,2.4,20,100,12534340,1655,0,-1,,0,-1,
h2.4_J20,2.4,20,100,12534340,1656,1,279,13.950000000000001,1,279,13.950000000000001
h2.4_J20,2.4,20,100,12534340,1657,0,-1,,1,6037,301.85
h2.4_J20,2.4,20,100,12534340,1658,0,-1,,0,-1,
h2.4_J20,2.4,20,100,12534340,1659,0,-1,,1,10486,524.3000000000001
h2.4_J20,2.4,20,100,12534340,1660,0,-1,,0,-1,
h2.4_J20,2.4,20,100,12534340,1661,0,-1,,0,-1,
h2.4_J20,2.4,20,100,12534340,1662,0,-1,,0,-1,
h2.4_J20,2.4,20,100,12534340,1663,0,-1,,0,-1,
h2.4_J20,2.4,20,100,12534340,1664,0,-1,,0,-1,
h2.4_J20,2.4,20,100,12534340,1665,0,-1,,0,-1,
h2.4_J20,2.4,20,100,12534340,1666,0,-1,,1,3866,193.3
h2.4_J20,2.4,20,100,12534340,1667,0,-1,,0,-1,
h2.4_J20,2.4,20,100,12534340,1668,0,-1,,0,-1,
h2.4_J20,2.4,20,100,12534340,1669,0,-1,,0,-1,
h2.4_J20,2.4,20,100,12534340,1670,0,-1,,1,13042,652.1
h2.4_J20,2.4,20,100,12534340,1671,0,-1,,0,-1,
h2.4_J20,2.4,20,100,12534340,1672,0,-1,,0,-1,
h2.4_J20,2.4,20,100,12534340,1673,0,-1,,0,-1,
h2.4_J20,2.4,20,100,12534340,1674,0,-1,,0,-1,
h2.4_J20,2.4,20,100,12534340,1675,0,-1,,0,-1,
h2.4_J20,2.4,20,100,12534340,1676,0,-1,,0,-1,
h2.4_J20,2.4,20,100,12534340,1677,0,-1,,1,9585,479.25
h2.4_J20,2.4,20,100,12534340,1678,1,289,14.450000000000001,1,292,14.600000000000001
h2.4_J20,2.4,20,100,12534340,1679,0,-1,,0,-1,
h2.4_J20,2.4,20,100,12534340,1680,0,-1,,0,-1,
h2.4_J20,2.4,20,100,12534340,1681,0,-1,,0,-1,
h2.4_J20,2.4,20,100,12534340,1682,0,-1,,0,-1,
h2.4_J20,2.4,20,100,12534340,1683,0,-1,,0,-1,
h2.4_J20,2.4,20,100,12534340,1684,0,-1,,0,-1,
h2.4_J20,2.4,20,100,12534340,1685,0,-1,,0,-1,
h2.4_J20,2.4,20,100,12534340,1686,0,-1,,0,-1,
h2.4_J20,2.4,20,100,12534340,1687,0,-1,,0,-1,
h2.4_J20,2.4,20,100,12534340,1688,1,273,13.65,1,275,13.75
h2.4_J20,2.4,20,100,12534340,1689,0,-1,,1,6059,302.95
h2.4_J20,2.4,20,100,12534340,1690,0,-1,,1,14872,743.6
h2.4_J20,2.4,20,100,12534340,1691,0,-1,,0,-1,
h2.4_J20,2.4,20,100,12534340,1692,0,-1,,0,-1,
h2.4_J20,2.4,20,100,12534340,1693,0,-1,,1,9679,483.95000000000005
h2.4_J20,2.4,20,100,12534340,1694,1,276,13.8,1,274,13.700000000000001
h2.4_J20,2.4,20,100,12534340,1695,0,-1,,0,-1,
h2.4_J20,2.4,20,100,12534340,1696,0,-1,,0,-1,
h2.4_J20,2.4,20,100,12534340,1697,0,-1,,0,-1,
h2.4_J20,2.4,20,100,12534340,1698,0,-1,,1,6106,305.3
h2.4_J20,2.4,20,100,12534340,1699,0,-1,,0,-1,
h2.4_J20,2.4,20,100,12534340,1700,0,-1,,0,-1,
h2.4_J20,2.4,20,100,12534340,1701,0,-1,,0,-1,
h2.4_J20,2.4,20,100,12534340,1702,0,-1,,0,-1,
h2.4_J20,2.4,20,100,12534340,1703,0,-1,,0,-1,
h2.4_J20,2.4,20,100,12534340,1704,0,-1,,0,-1,
h2.4_J20,2.4,20,100,12534340,1705,1,269,13.450000000000001,1,273,13.65
h2.4_J20,2.4,20,100,12534340,1706,0,-1,,0,-1,
h2.4_J20,2.4,20,100,12534340,1707,1,271,13.55,1,273,13.65
h2.4_J20,2.4,20,100,12534340,1708,0,-1,,0,-1,
h2.4_J20,2.4,20,100,12534340,1709,0,-1,,0,-1,
h2.4_J20,2.4,20,100,12534340,1710,0,-1,,0,-1,
h2.4_J20,2.4,20,100,12534340,1711,0,-1,,0,-1,
h2.4_J20,2.4,20,100,12534340,1712,0,-1,,0,-1,
h2.4_J20,2.4,20,100,12534340,1713,0,-1,,0,-1,
h2.4_J20,2.4,20,100,12534340,1714,0,-1,,0,-1,
h2.4_J20,2.4,20,100,12534340,1715,0,-1,,0,-1,
h2.4_J20,2.4,20,100,12534340,1716,0,-1,,0,-1,
h2.4_J20,2.4,20,100,12534340,1717,0,-1,,0,-1,
h2.4_J20,2.4,20,100,12534340,1718,0,-1,,0,-1,
h2.4_J20,2.4,20,100,12534340,1719,0,-1,,0,-1,
h2.4_J20,2.4,20,100,12534340,1720,0,-1,,0,-1,
h2.4_J20,2.4,20,100,12534340,1721,0,-1,,0,-1,
h2.4_J20,2.4,20,100,12534340,1722,0,-1,,0,-1,
h2.4_J20,2.4,20,100,12534340,1723,0,-1,,0,-1,
h2.4_J20,2.4,20,100,12534340,1724,0,-1,,1,15432,771.6
h2.4_J20,2.4,20,100,12534340,1725,0,-1,,0,-1,
h2.4_J20,2.4,20,100,12534340,1726,0,-1,,1,4791,239.55
h2.4_J20,2.4,20,100,12534340,1727,1,274,13.700000000000001,1,302,15.100000000000001
h2.4_J20,2.4,20,100,12534340,1728,0,-1,,1,8760,438.0
h2.4_J20,2.4,20,100,12534340,1729,0,-1,,0,-1,
h2.4_J20,2.4,20,100,12534340,1730,0,-1,,0,-1,
h2.4_J20,2.4,20,100,12534340,1731,1,274,13.700000000000001,1,275,13.75
h2.4_J20,2.4,20,100,12534340,1732,0,-1,,1,12631,631.5500000000001
h2.4_J20,2.4,20,100,12534340,1733,1,11579,578.95,1,11637,581.85
h2.4_J20,2.4,20,100,12534340,1734,0,-1,,0,-1,
h2.4_J20,2.4,20,100,12534340,1735,1,282,14.100000000000001,1,291,14.55
h2.4_J20,2.4,20,100,12534340,1736,0,-1,,0,-1,
h2.4_J20,2.4,20,100,12534340,1737,0,-1,,0,-1,
h2.4_J20,2.4,20,100,12534340,1738,1,306,15.3,1,314,15.700000000000001
h2.4_J20,2.4,20,100,12534340,1739,0,-1,,0,-1,
h2.4_J20,2.4,20,100,12534340,1740,0,-1,,1,15049,752.45
h2.4_J20,2.4,20,100,12534340,1741,1,283,14.15,1,289,14.450000000000001
h2.4_J20,2.4,20,100,12534340,1742,0,-1,,0,-1,
h2.4_J20,2.4,20,100,12534340,1743,1,17038,851.9000000000001,1,17078,853.9000000000001
h2.4_J20,2.4,20,100,12534340,1744,0,-1,,0,-1,
h2.4_J20,2.4,20,100,12534340,1745,0,-1,,0,-1,
h2.4_J20,2.4,20,100,12534340,1746,0,-1,,0,-1,
h2.4_J20,2.4,20,100,12534340,1747,0,-1,,1,6139,306.95
h2.4_J20,2.4,20,100,12534340,1748,0,-1,,0,-1,
h2.4_J20,2.4,20,100,12534340,1749,1,304,15.200000000000001,1,310,15.5
h2.4_J20,2.4,20,100,12534340,1750,0,-1,,1,2658,132.9
h2.4_J20,2.4,20,100,12534340,1751,0,-1,,0,-1,
h2.4_J20,2.4,20,100,12534340,1752,0,-1,,0,-1,
h2.4_J20,2.4,20,100,12534340,1753,0,-1,,0,-1,
h2.4_J20,2.4,20,100,12534340,1754,0,-1,,0,-1,
h2.4_J20,2.4,20,100,12534340,1755,0,-1,,0,-1,
h2.4_J20,2.4,20,100,12534340,1756,1,280,14.0,1,281,14.05
h2.4_J20,2.4,20,100,12534340,1757,0,-1,,0,-1,
h2.4_J20,2.4,20,100,12534340,1758,0,-1,,0,-1,
h2.4_J20,2.4,20,100,12534340,1759,0,-1,,0,-1,
h2.4_J20,2.4,20,100,12534340,1760,1,321,16.05,1,312,15.600000000000001
h2.4_J20,2.4,20,100,12534340,1761,0,-1,,0,-1,
h2.4_J20,2.4,20,100,12534340,1762,0,-1,,0,-1,
h2.4_J20,2.4,20,100,12534340,1763,0,-1,,0,-1,
h2.4_J20,2.4,20,100,12534340,1764,1,6866,343.3,0,-1,
h2.4_J20,2.4,20,100,12534340,1765,0,-1,,0,-1,
h2.4_J20,2.4,20,100,12534340,1766,1,268,13.4,1,273,13.65
h2.4_J20,2.4,20,100,12534340,1767,0,-1,,0,-1,
h2.4_J20,2.4,20,100,12534340,1768,1,297,14.850000000000001,1,302,15.100000000000001
h2.4_J20,2.4,20,100,12534340,1769,0,-1,,0,-1,
h2.4_J20,2.4,20,100,12534340,1770,1,12509,625.45,1,12531,626.5500000000001
h2.4_J20,2.4,20,100,12534340,1771,0,-1,,1,8268,413.40000000000003
h2.4_J20,2.4,20,100,12534340,1772,0,-1,,0,-1,
h2.4_J20,2.4,20,100,12534340,1773,0,-1,,1,3611,180.55
h2.4_J20,2.4,20,100,12534340,1774,1,16287,814.35,1,16322,816.1
h2.4_J20,2.4,20,100,12534340,1775,0,-1,,1,4963,248.15
h2.4_J20,2.4,20,100,12534340,1776,1,271,13.55,1,276,13.8
h2.4_J20,2.4,20,100,12534340,1777,0,-1,,0,-1,
h2.4_J20,2.4,20,100,12534340,1778,0,-1,,0,-1,
h2.4_J20,2.4,20,100,12534340,1779,0,-1,,0,-1,
h2.4_J20,2.4,20,100,12534340,1780,1,315,15.75,1,11878,593.9
h2.4_J20,2.4,20,100,12534340,1781,0,-1,,0,-1,
h2.4_J20,2.4,20,100,12534340,1782,0,-1,,1,13513,675.6500000000001
h2.4_J20,2.4,20,100,12534340,1783,0,-1,,0,-1,
h2.4_J20,2.4,20,100,12534340,1784,1,272,13.600000000000001,1,278,13.9
h2.4_J20,2.4,20,100,12534340,1785,0,-1,,1,12121,606.0500000000001
h2.4_J20,2.4,20,100,12534340,1786,0,-1,,0,-1,
h2.4_J20,2.4,20,100,12534340,1787,0,-1,,0,-1,
h2.4_J20,2.4,20,100,12534340,1788,0,-1,,0,-1,
h2.4_J20,2.4,20,100,12534340,1789,1,13822,691.1,1,2223,111.15
h2.4_J20,2.4,20,100,12534340,1790,1,284,14.200000000000001,1,297,14.850000000000001
h2.4_J20,2.4,20,100,12534340,1791,1,279,13.950000000000001,1,288,14.4
h2.4_J20,2.4,20,100,12534340,1792,1,270,13.5,1,273,13.65
h2.4_J20,2.4,20,100,12534340,1793,0,-1,,0,-1,
h2.4_J20,2.4,20,100,12534340,1794,0,-1,,0,-1,
h2.4_J20,2.4,20,100,12534340,1795,0,-1,,0,-1,
h2.4_J20,2.4,20,100,12534340,1796,0,-1,,1,9840,492.0
h2.4_J20,2.4,20,100,12534340,1797,0,-1,,0,-1,
h2.4_J20,2.4,20,100,12534340,1798,0,-1,,1,13885,694.25
h2.4_J20,2.4,20,100,12534340,1799,0,-1,,0,-1,
h2.4_J20,2.4,20,100,12534340,1800,1,290,14.5,1,291,14.55
h2.4_J20,2.4,20,100,12534340,1801,0,-1,,0,-1,
h2.4_J20,2.4,20,100,12534340,1802,0,-1,,0,-1,
h2.4_J20,2.4,20,100,12534340,1803,0,-1,,0,-1,
h2.4_J20,2.4,20,100,12534340,1804,1,19447,972.35,1,19461,973.0500000000001
h2.4_J20,2.4,20,100,12534340,1805,0,-1,,0,-1,
h2.4_J20,2.4,20,100,12534340,1806,0,-1,,0,-1,
h2.4_J20,2.4,20,100,12534340,1807,0,-1,,0,-1,
h2.4_J20,2.4,20,100,12534340,1808,1,9887,494.35,1,9896,494.8
h2.4_J20,2.4,20,100,12534340,1809,0,-1,,1,13067,653.35
h2.4_J20,2.4,20,100,12534340,1810,1,293,14.65,1,297,14.850000000000001
h2.4_J20,2.4,20,100,12534340,1811,0,-1,,0,-1,
h2.4_J20,2.4,20,100,12534340,1812,0,-1,,0,-1,
h2.4_J20,2.4,20,100,12534340,1813,0,-1,,0,-1,
h2.4_J20,2.4,20,100,12534340,1814,0,-1,,0,-1,
h2.4_J20,2.4,20,100,12534340,1815,0,-1,,1,2907,145.35
h2.4_J20,2.4,20,100,12534340,1816,0,-1,,0,-1,
h2.4_J20,2.4,20,100,12534340,1817,1,275,13.75,1,276,13.8
h2.4_J20,2.4,20,100,12534340,1818,1,267,13.350000000000001,1,270,13.5
h2.4_J20,2.4,20,100,12534340,1819,0,-1,,0,-1,
h2.4_J20,2.4,20,100,12534340,1820,0,-1,,0,-1,
h2.4_J20,2.4,20,100,12534340,1821,1,270,13.5,1,272,13.600000000000001
h2.4_J20,2.4,20,100,12534340,1822,0,-1,,0,-1,
h2.4_J20,2.4,20,100,12534340,1823,1,267,13.350000000000001,1,269,13.450000000000001
h2.4_J20,2.4,20,100,12534340,1824,1,271,13.55,1,272,13.600000000000001
h2.4_J20,2.4,20,100,12534340,1825,0,-1,,0,-1,
h2.4_J20,2.4,20,100,12534340,1826,1,16503,825.1500000000001,1,12330,616.5
h2.4_J20,2.4,20,100,12534340,1827,0,-1,,0,-1,
h2.4_J20,2.4,20,100,12534340,1828,0,-1,,0,-1,
h2.4_J20,2.4,20,100,12534340,1829,0,-1,,0,-1,
h2.4_J20,2.4,20,100,12534340,1830,0,-1,,0,-1,
h2.4_J20,2.4,20,100,12534340,1831,0,-1,,0,-1,
h2.4_J20,2.4,20,100,12534340,1832,0,-1,,0,-1,
h2.4_J20,2.4,20,100,12534340,1833,1,286,14.3,1,283,14.15
h2.4_J20,2.4,20,100,12534340,1834,0,-1,,0,-1,
h2.4_J20,2.4,20,100,12534340,1835,1,274,13.700000000000001,1,276,13.8
h2.4_J20,2.4,20,100,12534340,1836,0,-1,,0,-1,
h2.4_J20,2.4,20,100,12534340,1837,0,-1,,1,8205,410.25
h2.4_J20,2.4,20,100,12534340,1838,0,-1,,0,-1,
h2.4_J20,2.4,20,100,12534340,1839,1,271,13.55,1,274,13.700000000000001
h2.4_J20,2.4,20,100,12534340,1840,0,-1,,0,-1,
h2.4_J20,2.4,20,100,12534340,1841,0,-1,,0,-1,
h2.4_J20,2.4,20,100,12534340,1842,0,-1,,0,-1,
h2.4_J20,2.4,20,100,12534340,1843,1,270,13.5,1,273,13.65
h2.4_J20,2.4,20,100,12534340,1844,1,273,13.65,1,276,13.8
h2.4_J20,2.4,20,100,12534340,1845,0,-1,,0,-1,
h2.4_J20,2.4,20,100,12534340,1846,1,289,14.450000000000001,1,291,14.55
h2.4_J20,2.4,20,100,12534340,1847,1,277,13.850000000000001,1,278,13.9
h2.4_J20,2.4,20,100,12534340,1848,1,264,13.200000000000001,1,266,13.3
h2.4_J20,2.4,20,100,12534340,1849,0,-1,,0,-1,
h2.4_J20,2.4,20,100,12534340,1850,0,-1,,1,9470,473.5
h2.4_J20,2.4,20,100,12534340,1851,0,-1,,0,-1,
h2.4_J20,2.4,20,100,12534340,1852,0,-1,,0,-1,
h2.4_J20,2.4,20,100,12534340,1853,0,-1,,0,-1,
h2.4_J20,2.4,20,100,12534340,1854,1,10297,514.85,0,-1,
h2.4_J20,2.4,20,100,12534340,1855,0,-1,,0,-1,
h2.4_J20,2.4,20,100,12534340,1856,0,-1,,0,-1,
h2.4_J20,2.4,20,100,12534340,1857,0,-1,,1,15274,763.7
h2.4_J20,2.4,20,100,12534340,1858,0,-1,,0,-1,
h2.4_J20,2.4,20,100,12534340,1859,1,3207,160.35000000000002,1,3250,162.5
h2.4_J20,2.4,20,100,12534340,1860,0,-1,,1,11631,581.5500000000001
h2.4_J20,2.4,20,100,12534340,1861,0,-1,,0,-1,
h2.4_J20,2.4,20,100,12534340,1862,1,9340,467.0,1,9365,468.25
h2.4_J20,2.4,20,100,12534340,1863,0,-1,,0,-1,
h2.4_J20,2.4,20,100,12534340,1864,0,-1,,0,-1,
h2.4_J20,2.4,20,100,12534340,1865,0,-1,,0,-1,
h2.4_J20,2.4,20,100,12534340,1866,0,-1,,0,-1,
h2.4_J20,2.4,20,100,12534340,1867,0,-1,,0,-1,
h2.4_J20,2.4,20,100,12534340,1868,0,-1,,1,17404,870.2
h2.4_J20,2.4,20,100,12534340,1869,0,-1,,0,-1,
h2.4_J20,2.4,20,100,12534340,1870,0,-1,,1,10810,540.5
h2.4_J20,2.4,20,100,12534340,1871,0,-1,,1,9894,494.70000000000005
h2.4_J20,2.4,20,100,12534340,1872,0,-1,,0,-1,
h2.4_J20,2.4,20,100,12534340,1873,0,-1,,0,-1,
h2.4_J20,2.4,20,100,12534340,1874,0,-1,,1,1614,80.7
h2.4_J20,2.4,20,100,12534340,1875,1,276,13.8,1,281,14.05
h2.4_J20,2.4,20,100,12534340,1876,0,-1,,0,-1,
h2.4_J20,2.4,20,100,12534340,1877,0,-1,,0,-1,
h2.4_J20,2.4,20,100,12534340,1878,0,-1,,0,-1,
h2.4_J20,2.4,20,100,12534340,1879,0,-1,,0,-1,
h2.4_J20,2.4,20,100,12534340,1880,0,-1,,0,-1,
h2.4_J20,2.4,20,100,12534340,1881,0,-1,,0,-1,
h2.4_J20,2.4,20,100,12534340,1882,0,-1,,0,-1,
h2.4_J20,2.4,20,100,12534340,1883,0,-1,,0,-1,
h2.4_J20,2.4,20,100,12534340,1884,0,-1,,0,-1,
h2.4_J20,2.4,20,100,12534340,1885,0,-1,,0,-1,
h2.4_J20,2.4,20,100,12534340,1886,0,-1,,0,-1,
h2.4_J20,2.4,20,100,12534340,1887,1,308,15.4,1,308,15.4
h2.4_J20,2.4,20,100,12534340,1888,0,-1,,0,-1,
h2.4_J20,2.4,20,100,12534340,1889,0,-1,,0,-1,
h2.4_J20,2.4,20,100,12534340,1890,0,-1,,0,-1,
h2.4_J20,2.4,20,100,12534340,1891,0,-1,,0,-1,
h2.4_J20,2.4,20,100,12534340,1892,0,-1,,0,-1,
h2.4_J20,2.4,20,100,12534340,1893,0,-1,,0,-1,
h2.4_J20,2.4,20,100,12534340,1894,0,-1,,1,7840,392.0
h2.4_J20,2.4,20,100,12534340,1895,0,-1,,1,5292,264.6
h2.4_J20,2.4,20,100,12534340,1896,0,-1,,0,-1,
h2.4_J20,2.4,20,100,12534340,1897,1,9545,477.25,1,9559,477.95000000000005
h2.4_J20,2.4,20,100,12534340,1898,0,-1,,0,-1,
h2.4_J20,2.4,20,100,12534340,1899,1,290,14.5,1,290,14.5
h2.4_J20,2.4,20,100,12534340,1900,0,-1,,0,-1,
h2.4_J20,2.4,20,100,12534340,1901,0,-1,,0,-1,
h2.4_J20,2.4,20,100,12534340,1902,0,-1,,1,4616,230.8
h2.4_J20,2.4,20,100,12534340,1903,0,-1,,0,-1,
h2.4_J20,2.4,20,100,12534340,1904,0,-1,,0,-1,
h2.4_J20,2.4,20,100,12534340,1905,0,-1,,0,-1,
h2.4_J20,2.4,20,100,12534340,1906,0,-1,,1,5283,264.15000000000003
h2.4_J20,2.4,20,100,12534340,1907,0,-1,,0,-1,
h2.4_J20,2.4,20,100,12534340,1908,0,-1,,0,-1,
h2.4_J20,2.4,20,100,12534340,1909,1,270,13.5,1,278,13.9
h2.4_J20,2.4,20,100,12534340,1910,0,-1,,1,7618,380.90000000000003
h2.4_J20,2.4,20,100,12534340,1911,0,-1,,0,-1,
h2.4_J20,2.4,20,100,12534340,1912,0,-1,,1,6460,323.0
h2.4_J20,2.4,20,100,12534340,1913,1,310,15.5,1,316,15.8
h2.4_J20,2.4,20,100,12534340,1914,0,-1,,0,-1,
h2.4_J20,2.4,20,100,12534340,1915,0,-1,,0,-1,
h2.4_J20,2.4,20,100,12534340,1916,0,-1,,0,-1,
h2.4_J20,2.4,20,100,12534340,1917,0,-1,,0,-1,
h2.4_J20,2.4,20,100,12534340,1918,0,-1,,0,-1,
h2.4_J20,2.4,20,100,12534340,1919,1,12240,612.0,1,6590,329.5
h2.4_J20,2.4,20,100,12534340,1920,0,-1,,1,7268,363.40000000000003
h2.4_J20,2.4,20,100,12534340,1921,1,275,13.75,1,276,13.8
h2.4_J20,2.4,20,100,12534340,1922,0,-1,,0,-1,
h2.4_J20,2.4,20,100,12534340,1923,0,-1,,0,-1,
h2.4_J20,2.4,20,100,12534340,1924,0,-1,,0,-1,
h2.4_J20,2.4,20,100,12534340,1925,0,-1,,0,-1,
h2.4_J20,2.4,20,100,12534340,1926,0,-1,,0,-1,
h2.4_J20,2.4,20,100,12534340,1927,0,-1,,0,-1,
h2.4_J20,2.4,20,100,12534340,1928,0,-1,,0,-1,
h2.4_J20,2.4,20,100,12534340,1929,1,300,15.0,1,302,15.100000000000001
h2.4_J20,2.4,20,100,12534340,1930,0,-1,,0,-1,
h2.4_J20,2.4,20,100,12534340,1931,0,-1,,0,-1,
h2.4_J20,2.4,20,100,12534340,1932,0,-1,,1,16397,819.85
h2.4_J20,2.4,20,100,12534340,1933,0,-1,,0,-1,
h2.4_J20,2.4,20,100,12534340,1934,0,-1,,0,-1,
h2.4_J20,2.4,20,100,12534340,1935,0,-1,,0,-1,
h2.4_J20,2.4,20,100,12534340,1936,0,-1,,0,-1,
h2.4_J20,2.4,20,100,12534340,1937,0,-1,,0,-1,
h2.4_J20,2.4,20,100,12534340,1938,1,275,13.75,1,277,13.850000000000001
h2.4_J20,2.4,20,100,12534340,1939,0,-1,,0,-1,
h2.4_J20,2.4,20,100,12534340,1940,0,-1,,1,6654,332.70000000000005
h2.4_J20,2.4,20,100,12534340,1941,0,-1,,0,-1,
h2.4_J20,2.4,20,100,12534340,1942,0,-1,,0,-1,
h2.4_J20,2.4,20,100,12534340,1943,1,283,14.15,1,290,14.5
h2.4_J20,2.4,20,100,12534340,1944,1,280,14.0,1,284,14.200000000000001
h2.4_J20,2.4,20,100,12534340,1945,0,-1,,0,-1,
h2.4_J20,2.4,20,100,12534340,1946,0,-1,,0,-1,
h2.4_J20,2.4,20,100,12534340,1947,0,-1,,0,-1,
h2.4_J20,2.4,20,100,12534340,1948,0,-1,,1,9206,460.3
h2.4_J20,2.4,20,100,12534340,1949,1,6989,349.45000000000005,1,699,34.95
h2.4_J20,2.4,20,100,12534340,1950,0,-1,,0,-1,
h2.4_J20,2.4,20,100,12534340,1951,1,6521,326.05,1,2092,104.60000000000001
h2.4_J20,2.4,20,100,12534340,1952,1,291,14.55,1,290,14.5
h2.4_J20,2.4,20,100,12534340,1953,1,281,14.05,1,282,14.100000000000001
h2.4_J20,2.4,20,100,12534340,1954,0,-1,,1,14850,742.5
h2.4_J20,2.4,20,100,12534340,1955,0,-1,,0,-1,
h2.4_J20,2.4,20,100,12534340,1956,0,-1,,0,-1,
h2.4_J20,2.4,20,100,12534340,1957,1,11435,571.75,1,11430,571.5
h2.4_J20,2.4,20,100,12534340,1958,1,16060,803.0,1,16087,804.35
h2.4_J20,2.4,20,100,12534340,1959,1,9985,499.25,0,-1,
h2.4_J20,2.4,20,100,12534340,1960,0,-1,,1,11427,571.35
h2.4_J20,2.4,20,100,12534340,1961,0,-1,,0,-1,
h2.4_J20,2.4,20,100,12534340,1962,0,-1,,0,-1,
h2.4_J20,2.4,20,100,12534340,1963,0,-1,,0,-1,
h2.4_J20,2.4,20,100,12534340,1964,1,281,14.05,1,284,14.200000000000001
h2.4_J20,2.4,20,100,12534340,1965,0,-1,,0,-1,
h2.4_J20,2.4,20,100,12534340,1966,0,-1,,0,-1,
h2.4_J20,2.4,20,100,12534340,1967,0,-1,,0,-1,
h2.4_J20,2.4,20,100,12534340,1968,0,-1,,0,-1,
h2.4_J20,2.4,20,100,12534340,1969,0,-1,,0,-1,
h2.4_J20,2.4,20,100,12534340,1970,0,-1,,0,-1,
h2.4_J20,2.4,20,100,12534340,1971,0,-1,,0,-1,
h2.4_J20,2.4,20,100,12534340,1972,0,-1,,0,-1,
h2.4_J20,2.4,20,100,12534340,1973,1,316,15.8,1,319,15.950000000000001
h2.4_J20,2.4,20,100,12534340,1974,1,269,13.450000000000001,1,271,13.55
h2.4_J20,2.4,20,100,12534340,1975,0,-1,,0,-1,
h2.4_J20,2.4,20,100,12534340,1976,0,-1,,1,19324,966.2
h2.4_J20,2.4,20,100,12534340,1977,0,-1,,1,14709,735.45
h2.4_J20,2.4,20,100,12534340,1978,1,9968,498.40000000000003,1,9994,499.70000000000005
h2.4_J20,2.4,20,100,12534340,1979,0,-1,,0,-1,
h2.4_J20,2.4,20,100,12534340,1980,0,-1,,0,-1,
h2.4_J20,2.4,20,100,12534340,1981,0,-1,,0,-1,
h2.4_J20,2.4,20,100,12534340,1982,0,-1,,0,-1,
h2.4_J20,2.4,20,100,12534340,1983,0,-1,,0,-1,
h2.4_J20,2.4,20,100,12534340,1984,0,-1,,0,-1,
h2.4_J20,2.4,20,100,12534340,1985,1,297,14.850000000000001,1,295,14.75
h2.4_J20,2.4,20,100,12534340,1986,0,-1,,0,-1,
h2.4_J20,2.4,20,100,12534340,1987,1,8054,402.70000000000005,1,8061,403.05
h2.4_J20,2.4,20,100,12534340,1988,0,-1,,0,-1,
h2.4_J20,2.4,20,100,12534340,1989,0,-1,,0,-1,
h2.4_J20,2.4,20,100,12534340,1990,0,-1,,0,-1,
h2.4_J20,2.4,20,100,12534340,1991,1,271,13.55,1,274,13.700000000000001
h2.4_J20,2.4,20,100,12534340,1992,0,-1,,1,15784,789.2
h2.4_J20,2.4,20,100,12534340,1993,0,-1,,0,-1,
h2.4_J20,2.4,20,100,12534340,1994,0,-1,,1,13605,680.25
h2.4_J20,2.4,20,100,12534340,1995,0,-1,,0,-1,
h2.4_J20,2.4,20,100,12534340,1996,0,-1,,0,-1,
h2.4_J20,2.4,20,100,12534340,1997,1,4275,213.75,1,4292,214.60000000000002
h2.4_J20,2.4,20,100,12534340,1998,0,-1,,0,-1,
h2.4_J20,2.4,20,100,12534340,1999,1,12629,631.45,0,-1,
h5.0_J15,5.0,15,100,13534343,0,0,-1,,0,-1,
h5.0_J15,5.0,15,100,13534343,1,0,-1,,0,-1,
h5.0_J15,5.0,15,100,13534343,2,0,-1,,0,-1,
h5.0_J15,5.0,15,100,13534343,3,0,-1,,0,-1,
h5.0_J15,5.0,15,100,13534343,4,0,-1,,0,-1,
h5.0_J15,5.0,15,100,13534343,5,0,-1,,0,-1,
h5.0_J15,5.0,15,100,13534343,6,0,-1,,0,-1,
h5.0_J15,5.0,15,100,13534343,7,0,-1,,0,-1,
h5.0_J15,5.0,15,100,13534343,8,0,-1,,0,-1,
h5.0_J15,5.0,15,100,13534343,9,0,-1,,0,-1,
h5.0_J15,5.0,15,100,13534343,10,0,-1,,0,-1,
h5.0_J15,5.0,15,100,13534343,11,0,-1,,0,-1,
h5.0_J15,5.0,15,100,13534343,12,0,-1,,0,-1,
h5.0_J15,5.0,15,100,13534343,13,0,-1,,0,-1,
h5.0_J15,5.0,15,100,13534343,14,0,-1,,0,-1,
h5.0_J15,5.0,15,100,13534343,15,0,-1,,0,-1,
h5.0_J15,5.0,15,100,13534343,16,0,-1,,1,18292,914.6
h5.0_J15,5.0,15,100,13534343,17,0,-1,,0,-1,
h5.0_J15,5.0,15,100,13534343,18,0,-1,,0,-1,
h5.0_J15,5.0,15,100,13534343,19,0,-1,,0,-1,
h5.0_J15,5.0,15,100,13534343,20,1,285,14.25,0,-1,
h5.0_J15,5.0,15,100,13534343,21,0,-1,,0,-1,
h5.0_J15,5.0,15,100,13534343,22,0,-1,,0,-1,
h5.0_J15,5.0,15,100,13534343,23,0,-1,,0,-1,
h5.0_J15,5.0,15,100,13534343,24,0,-1,,0,-1,
h5.0_J15,5.0,15,100,13534343,25,0,-1,,0,-1,
h5.0_J15,5.0,15,100,13534343,26,0,-1,,0,-1,
h5.0_J15,5.0,15,100,13534343,27,0,-1,,0,-1,
h5.0_J15,5.0,15,100,13534343,28,0,-1,,0,-1,
h5.0_J15,5.0,15,100,13534343,29,0,-1,,0,-1,
h5.0_J15,5.0,15,100,13534343,30,0,-1,,0,-1,
h5.0_J15,5.0,15,100,13534343,31,0,-1,,0,-1,
h5.0_J15,5.0,15,100,13534343,32,0,-1,,0,-1,
h5.0_J15,5.0,15,100,13534343,33,0,-1,,0,-1,
h5.0_J15,5.0,15,100,13534343,34,0,-1,,0,-1,
h5.0_J15,5.0,15,100,13534343,35,0,-1,,0,-1,
h5.0_J15,5.0,15,100,13534343,36,0,-1,,0,-1,
h5.0_J15,5.0,15,100,13534343,37,0,-1,,0,-1,
h5.0_J15,5.0,15,100,13534343,38,0,-1,,0,-1,
h5.0_J15,5.0,15,100,13534343,39,0,-1,,0,-1,
h5.0_J15,5.0,15,100,13534343,40,0,-1,,0,-1,
h5.0_J15,5.0,15,100,13534343,41,0,-1,,0,-1,
h5.0_J15,5.0,15,100,13534343,42,0,-1,,0,-1,
h5.0_J15,5.0,15,100,13534343,43,0,-1,,0,-1,
h5.0_J15,5.0,15,100,13534343,44,0,-1,,0,-1,
h5.0_J15,5.0,15,100,13534343,45,0,-1,,0,-1,
h5.0_J15,5.0,15,100,13534343,46,0,-1,,0,-1,
h5.0_J15,5.0,15,100,13534343,47,0,-1,,0,-1,
h5.0_J15,5.0,15,100,13534343,48,0,-1,,0,-1,
h5.0_J15,5.0,15,100,13534343,49,0,-1,,0,-1,
h5.0_J15,5.0,15,100,13534343,50,0,-1,,0,-1,
h5.0_J15,5.0,15,100,13534343,51,0,-1,,0,-1,
h5.0_J15,5.0,15,100,13534343,52,0,-1,,0,-1,
h5.0_J15,5.0,15,100,13534343,53,0,-1,,0,-1,
h5.0_J15,5.0,15,100,13534343,54,0,-1,,0,-1,
h5.0_J15,5.0,15,100,13534343,55,0,-1,,0,-1,
h5.0_J15,5.0,15,100,13534343,56,0,-1,,0,-1,
h5.0_J15,5.0,15,100,13534343,57,0,-1,,0,-1,
h5.0_J15,5.0,15,100,13534343,58,0,-1,,0,-1,
h5.0_J15,5.0,15,100,13534343,59,0,-1,,0,-1,
h5.0_J15,5.0,15,100,13534343,60,0,-1,,0,-1,
h5.0_J15,5.0,15,100,13534343,61,0,-1,,0,-1,
h5.0_J15,5.0,15,100,13534343,62,0,-1,,0,-1,
h5.0_J15,5.0,15,100,13534343,63,0,-1,,0,-1,
h5.0_J15,5.0,15,100,13534343,64,0,-1,,0,-1,
h5.0_J15,5.0,15,100,13534343,65,0,-1,,0,-1,
h5.0_J15,5.0,15,100,13534343,66,0,-1,,0,-1,
h5.0_J15,5.0,15,100,13534343,67,0,-1,,0,-1,
h5.0_J15,5.0,15,100,13534343,68,0,-1,,0,-1,
h5.0_J15,5.0,15,100,13534343,69,0,-1,,0,-1,
h5.0_J15,5.0,15,100,13534343,70,0,-1,,0,-1,
h5.0_J15,5.0,15,100,13534343,71,0,-1,,0,-1,
h5.0_J15,5.0,15,100,13534343,72,0,-1,,0,-1,
h5.0_J15,5.0,15,100,13534343,73,0,-1,,0,-1,
h5.0_J15,5.0,15,100,13534343,74,0,-1,,0,-1,
h5.0_J15,5.0,15,100,13534343,75,0,-1,,0,-1,
h5.0_J15,5.0,15,100,13534343,76,0,-1,,0,-1,
h5.0_J15,5.0,15,100,13534343,77,0,-1,,0,-1,
h5.0_J15,5.0,15,100,13534343,78,0,-1,,0,-1,
h5.0_J15,5.0,15,100,13534343,79,0,-1,,0,-1,
h5.0_J15,5.0,15,100,13534343,80,0,-1,,0,-1,
h5.0_J15,5.0,15,100,13534343,81,0,-1,,0,-1,
h5.0_J15,5.0,15,100,13534343,82,0,-1,,0,-1,
h5.0_J15,5.0,15,100,13534343,83,0,-1,,0,-1,
h5.0_J15,5.0,15,100,13534343,84,0,-1,,0,-1,
h5.0_J15,5.0,15,100,13534343,85,0,-1,,0,-1,
h5.0_J15,5.0,15,100,13534343,86,0,-1,,0,-1,
h5.0_J15,5.0,15,100,13534343,87,0,-1,,0,-1,
h5.0_J15,5.0,15,100,13534343,88,0,-1,,0,-1,
h5.0_J15,5.0,15,100,13534343,89,0,-1,,0,-1,
h5.0_J15,5.0,15,100,13534343,90,0,-1,,0,-1,
h5.0_J15,5.0,15,100,13534343,91,0,-1,,0,-1,
h5.0_J15,5.0,15,100,13534343,92,0,-1,,0,-1,
h5.0_J15,5.0,15,100,13534343,93,0,-1,,0,-1,
h5.0_J15,5.0,15,100,13534343,94,0,-1,,0,-1,
h5.0_J15,5.0,15,100,13534343,95,0,-1,,0,-1,
h5.0_J15,5.0,15,100,13534343,96,0,-1,,0,-1,
h5.0_J15,5.0,15,100,13534343,97,0,-1,,0,-1,
h5.0_J15,5.0,15,100,13534343,98,0,-1,,0,-1,
h5.0_J15,5.0,15,100,13534343,99,0,-1,,0,-1,
h5.0_J15,5.0,15,100,13534343,100,0,-1,,0,-1,
h5.0_J15,5.0,15,100,13534343,101,0,-1,,0,-1,
h5.0_J15,5.0,15,100,13534343,102,0,-1,,0,-1,
h5.0_J15,5.0,15,100,13534343,103,0,-1,,0,-1,
h5.0_J15,5.0,15,100,13534343,104,0,-1,,0,-1,
h5.0_J15,5.0,15,100,13534343,105,0,-1,,0,-1,
h5.0_J15,5.0,15,100,13534343,106,0,-1,,0,-1,
h5.0_J15,5.0,15,100,13534343,107,0,-1,,0,-1,
h5.0_J15,5.0,15,100,13534343,108,0,-1,,0,-1,
h5.0_J15,5.0,15,100,13534343,109,0,-1,,0,-1,
h5.0_J15,5.0,15,100,13534343,110,0,-1,,0,-1,
h5.0_J15,5.0,15,100,13534343,111,0,-1,,0,-1,
h5.0_J15,5.0,15,100,13534343,112,0,-1,,0,-1,
h5.0_J15,5.0,15,100,13534343,113,0,-1,,0,-1,
h5.0_J15,5.0,15,100,13534343,114,0,-1,,0,-1,
h5.0_J15,5.0,15,100,13534343,115,0,-1,,0,-1,
h5.0_J15,5.0,15,100,13534343,116,0,-1,,0,-1,
h5.0_J15,5.0,15,100,13534343,117,1,6923,346.15000000000003,0,-1,
h5.0_J15,5.0,15,100,13534343,118,0,-1,,0,-1,
h5.0_J15,5.0,15,100,13534343,119,0,-1,,0,-1,
h5.0_J15,5.0,15,100,13534343,120,0,-1,,0,-1,
h5.0_J15,5.0,15,100,13534343,121,0,-1,,0,-1,
h5.0_J15,5.0,15,100,13534343,122,0,-1,,0,-1,
h5.0_J15,5.0,15,100,13534343,123,0,-1,,0,-1,
h5.0_J15,5.0,15,100,13534343,124,0,-1,,0,-1,
h5.0_J15,5.0,15,100,13534343,125,0,-1,,0,-1,
h5.0_J15,5.0,15,100,13534343,126,0,-1,,0,-1,
h5.0_J15,5.0,15,100,13534343,127,0,-1,,0,-1,
h5.0_J15,5.0,15,100,13534343,128,0,-1,,0,-1,
h5.0_J15,5.0,15,100,13534343,129,1,282,14.100000000000001,1,296,14.8
h5.0_J15,5.0,15,100,13534343,130,0,-1,,0,-1,
h5.0_J15,5.0,15,100,13534343,131,0,-1,,0,-1,
h5.0_J15,5.0,15,100,13534343,132,0,-1,,0,-1,
h5.0_J15,5.0,15,100,13534343,133,0,-1,,0,-1,
h5.0_J15,5.0,15,100,13534343,134,0,-1,,0,-1,
h5.0_J15,5.0,15,100,13534343,135,0,-1,,0,-1,
h5.0_J15,5.0,15,100,13534343,136,0,-1,,0,-1,
h5.0_J15,5.0,15,100,13534343,137,0,-1,,0,-1,
h5.0_J15,5.0,15,100,13534343,138,0,-1,,0,-1,
h5.0_J15,5.0,15,100,13534343,139,0,-1,,0,-1,
h5.0_J15,5.0,15,100,13534343,140,0,-1,,0,-1,
h5.0_J15,5.0,15,100,13534343,141,0,-1,,0,-1,
h5.0_J15,5.0,15,100,13534343,142,0,-1,,0,-1,
h5.0_J15,5.0,15,100,13534343,143,0,-1,,0,-1,
h5.0_J15,5.0,15,100,13534343,144,0,-1,,0,-1,
h5.0_J15,5.0,15,100,13534343,145,0,-1,,0,-1,
h5.0_J15,5.0,15,100,13534343,146,0,-1,,0,-1,
h5.0_J15,5.0,15,100,13534343,147,0,-1,,0,-1,
h5.0_J15,5.0,15,100,13534343,148,0,-1,,0,-1,
h5.0_J15,5.0,15,100,13534343,149,0,-1,,0,-1,
h5.0_J15,5.0,15,100,13534343,150,0,-1,,0,-1,
h5.0_J15,5.0,15,100,13534343,151,0,-1,,0,-1,
h5.0_J15,5.0,15,100,13534343,152,0,-1,,0,-1,
h5.0_J15,5.0,15,100,13534343,153,0,-1,,0,-1,
h5.0_J15,5.0,15,100,13534343,154,0,-1,,0,-1,
h5.0_J15,5.0,15,100,13534343,155,0,-1,,0,-1,
h5.0_J15,5.0,15,100,13534343,156,0,-1,,0,-1,
h5.0_J15,5.0,15,100,13534343,157,0,-1,,0,-1,
h5.0_J15,5.0,15,100,13534343,158,0,-1,,0,-1,
h5.0_J15,5.0,15,100,13534343,159,0,-1,,0,-1,
h5.0_J15,5.0,15,100,13534343,160,0,-1,,0,-1,
h5.0_J15,5.0,15,100,13534343,161,0,-1,,0,-1,
h5.0_J15,5.0,15,100,13534343,162,0,-1,,0,-1,
h5.0_J15,5.0,15,100,13534343,163,0,-1,,0,-1,
h5.0_J15,5.0,15,100,13534343,164,0,-1,,0,-1,
h5.0_J15,5.0,15,100,13534343,165,0,-1,,0,-1,
h5.0_J15,5.0,15,100,13534343,166,0,-1,,0,-1,
h5.0_J15,5.0,15,100,13534343,167,0,-1,,0,-1,
h5.0_J15,5.0,15,100,13534343,168,0,-1,,0,-1,
h5.0_J15,5.0,15,100,13534343,169,0,-1,,0,-1,
h5.0_J15,5.0,15,100,13534343,170,0,-1,,0,-1,
h5.0_J15,5.0,15,100,13534343,171,0,-1,,0,-1,
h5.0_J15,5.0,15,100,13534343,172,0,-1,,0,-1,
h5.0_J15,5.0,15,100,13534343,173,0,-1,,0,-1,
h5.0_J15,5.0,15,100,13534343,174,0,-1,,0,-1,
h5.0_J15,5.0,15,100,13534343,175,0,-1,,0,-1,
h5.0_J15,5.0,15,100,13534343,176,0,-1,,0,-1,
h5.0_J15,5.0,15,100,13534343,177,0,-1,,0,-1,
h5.0_J15,5.0,15,100,13534343,178,0,-1,,0,-1,
h5.0_J15,5.0,15,100,13534343,179,0,-1,,0,-1,
h5.0_J15,5.0,15,100,13534343,180,0,-1,,0,-1,
h5.0_J15,5.0,15,100,13534343,181,0,-1,,0,-1,
h5.0_J15,5.0,15,100,13534343,182,0,-1,,0,-1,
h5.0_J15,5.0,15,100,13534343,183,0,-1,,0,-1,
h5.0_J15,5.0,15,100,13534343,184,0,-1,,0,-1,
h5.0_J15,5.0,15,100,13534343,185,0,-1,,0,-1,
h5.0_J15,5.0,15,100,13534343,186,0,-1,,0,-1,
h5.0_J15,5.0,15,100,13534343,187,0,-1,,0,-1,
h5.0_J15,5.0,15,100,13534343,188,0,-1,,0,-1,
h5.0_J15,5.0,15,100,13534343,189,0,-1,,0,-1,
h5.0_J15,5.0,15,100,13534343,190,0,-1,,0,-1,
h5.0_J15,5.0,15,100,13534343,191,0,-1,,0,-1,
h5.0_J15,5.0,15,100,13534343,192,0,-1,,0,-1,
h5.0_J15,5.0,15,100,13534343,193,0,-1,,0,-1,
h5.0_J15,5.0,15,100,13534343,194,0,-1,,0,-1,
h5.0_J15,5.0,15,100,13534343,195,0,-1,,0,-1,
h5.0_J15,5.0,15,100,13534343,196,0,-1,,0,-1,
h5.0_J15,5.0,15,100,13534343,197,0,-1,,0,-1,
h5.0_J15,5.0,15,100,13534343,198,0,-1,,0,-1,
h5.0_J15,5.0,15,100,13534343,199,0,-1,,0,-1,
h5.0_J15,5.0,15,100,13534343,200,0,-1,,0,-1,
h5.0_J15,5.0,15,100,13534343,201,0,-1,,0,-1,
h5.0_J15,5.0,15,100,13534343,202,0,-1,,0,-1,
h5.0_J15,5.0,15,100,13534343,203,0,-1,,0,-1,
h5.0_J15,5.0,15,100,13534343,204,0,-1,,0,-1,
h5.0_J15,5.0,15,100,13534343,205,0,-1,,0,-1,
h5.0_J15,5.0,15,100,13534343,206,0,-1,,0,-1,
h5.0_J15,5.0,15,100,13534343,207,1,1760,88.0,1,1820,91.0
h5.0_J15,5.0,15,100,13534343,208,0,-1,,0,-1,
h5.0_J15,5.0,15,100,13534343,209,0,-1,,0,-1,
h5.0_J15,5.0,15,100,13534343,210,0,-1,,0,-1,
h5.0_J15,5.0,15,100,13534343,211,0,-1,,0,-1,
h5.0_J15,5.0,15,100,13534343,212,0,-1,,0,-1,
h5.0_J15,5.0,15,100,13534343,213,0,-1,,0,-1,
h5.0_J15,5.0,15,100,13534343,214,0,-1,,0,-1,
h5.0_J15,5.0,15,100,13534343,215,0,-1,,0,-1,
h5.0_J15,5.0,15,100,13534343,216,1,285,14.25,1,288,14.4
h5.0_J15,5.0,15,100,13534343,217,0,-1,,0,-1,
h5.0_J15,5.0,15,100,13534343,218,0,-1,,0,-1,
h5.0_J15,5.0,15,100,13534343,219,0,-1,,0,-1,
h5.0_J15,5.0,15,100,13534343,220,1,263,13.15,1,268,13.4
h5.0_J15,5.0,15,100,13534343,221,0,-1,,0,-1,
h5.0_J15,5.0,15,100,13534343,222,0,-1,,0,-1,
h5.0_J15,5.0,15,100,13534343,223,0,-1,,0,-1,
h5.0_J15,5.0,15,100,13534343,224,0,-1,,0,-1,
h5.0_J15,5.0,15,100,13534343,225,0,-1,,0,-1,
h5.0_J15,5.0,15,100,13534343,226,0,-1,,0,-1,
h5.0_J15,5.0,15,100,13534343,227,0,-1,,0,-1,
h5.0_J15,5.0,15,100,13534343,228,0,-1,,0,-1,
h5.0_J15,5.0,15,100,13534343,229,0,-1,,0,-1,
h5.0_J15,5.0,15,100,13534343,230,0,-1,,0,-1,
h5.0_J15,5.0,15,100,13534343,231,0,-1,,0,-1,
h5.0_J15,5.0,15,100,13534343,232,0,-1,,0,-1,
h5.0_J15,5.0,15,100,13534343,233,0,-1,,0,-1,
h5.0_J15,5.0,15,100,13534343,234,0,-1,,0,-1,
h5.0_J15,5.0,15,100,13534343,235,1,267,13.350000000000001,1,274,13.700000000000001
h5.0_J15,5.0,15,100,13534343,236,0,-1,,0,-1,
h5.0_J15,5.0,15,100,13534343,237,0,-1,,0,-1,
h5.0_J15,5.0,15,100,13534343,238,0,-1,,0,-1,
h5.0_J15,5.0,15,100,13534343,239,0,-1,,0,-1,
h5.0_J15,5.0,15,100,13534343,240,0,-1,,0,-1,
h5.0_J15,5.0,15,100,13534343,241,1,10200,510.0,1,10216,510.8
h5.0_J15,5.0,15,100,13534343,242,0,-1,,0,-1,
h5.0_J15,5.0,15,100,13534343,243,0,-1,,0,-1,
h5.0_J15,5.0,15,100,13534343,244,0,-1,,0,-1,
h5.0_J15,5.0,15,100,13534343,245,0,-1,,0,-1,
h5.0_J15,5.0,15,100,13534343,246,0,-1,,1,17970,898.5
h5.0_J15,5.0,15,100,13534343,247,0,-1,,0,-1,
h5.0_J15,5.0,15,100,13534343,248,0,-1,,0,-1,
h5.0_J15,5.0,15,100,13534343,249,0,-1,,0,-1,
h5.0_J15,5.0,15,100,13534343,250,1,269,13.450000000000001,1,273,13.65
h5.0_J15,5.0,15,100,13534343,251,0,-1,,0,-1,
h5.0_J15,5.0,15,100,13534343,252,0,-1,,0,-1,
h5.0_J15,5.0,15,100,13534343,253,0,-1,,1,7765,388.25
h5.0_J15,5.0,15,100,13534343,254,0,-1,,0,-1,
h5.0_J15,5.0,15,100,13534343,255,0,-1,,0,-1,
h5.0_J15,5.0,15,100,13534343,256,0,-1,,0,-1,
h5.0_J15,5.0,15,100,13534343,257,0,-1,,0,-1,
h5.0_J15,5.0,15,100,13534343,258,0,-1,,0,-1,
h5.0_J15,5.0,15,100,13534343,259,0,-1,,0,-1,
h5.0_J15,5.0,15,100,13534343,260,0,-1,,0,-1,
h5.0_J15,5.0,15,100,13534343,261,1,290,14.5,1,314,15.700000000000001
h5.0_J15,5.0,15,100,13534343,262,0,-1,,0,-1,
h5.0_J15,5.0,15,100,13534343,263,0,-1,,0,-1,
h5.0_J15,5.0,15,100,13534343,264,0,-1,,0,-1,
h5.0_J15,5.0,15,100,13534343,265,0,-1,,0,-1,
h5.0_J15,5.0,15,100,13534343,266,0,-1,,0,-1,
h5.0_J15,5.0,15,100,13534343,267,0,-1,,0,-1,
h5.0_J15,5.0,15,100,13534343,268,0,-1,,0,-1,
h5.0_J15,5.0,15,100,13534343,269,1,280,14.0,1,282,14.100000000000001
h5.0_J15,5.0,15,100,13534343,270,0,-1,,0,-1,
h5.0_J15,5.0,15,100,13534343,271,0,-1,,0,-1,
h5.0_J15,5.0,15,100,13534343,272,0,-1,,0,-1,
h5.0_J15,5.0,15,100,13534343,273,0,-1,,0,-1,
h5.0_J15,5.0,15,100,13534343,274,0,-1,,0,-1,
h5.0_J15,5.0,15,100,13534343,275,0,-1,,0,-1,
h5.0_J15,5.0,15,100,13534343,276,0,-1,,0,-1,
h5.0_J15,5.0,15,100,13534343,277,0,-1,,0,-1,
h5.0_J15,5.0,15,100,13534343,278,0,-1,,0,-1,
h5.0_J15,5.0,15,100,13534343,279,1,307,15.350000000000001,0,-1,
h5.0_J15,5.0,15,100,13534343,280,0,-1,,0,-1,
h5.0_J15,5.0,15,100,13534343,281,0,-1,,0,-1,
h5.0_J15,5.0,15,100,13534343,282,0,-1,,0,-1,
h5.0_J15,5.0,15,100,13534343,283,0,-1,,0,-1,
h5.0_J15,5.0,15,100,13534343,284,0,-1,,0,-1,
h5.0_J15,5.0,15,100,13534343,285,0,-1,,0,-1,
h5.0_J15,5.0,15,100,13534343,286,0,-1,,0,-1,
h5.0_J15,5.0,15,100,13534343,287,0,-1,,0,-1,
h5.0_J15,5.0,15,100,13534343,288,0,-1,,0,-1,
h5.0_J15,5.0,15,100,13534343,289,0,-1,,0,-1,
h5.0_J15,5.0,15,100,13534343,290,0,-1,,0,-1,
h5.0_J15,5.0,15,100,13534343,291,0,-1,,0,-1,
h5.0_J15,5.0,15,100,13534343,292,0,-1,,0,-1,
h5.0_J15,5.0,15,100,13534343,293,0,-1,,0,-1,
h5.0_J15,5.0,15,100,13534343,294,0,-1,,0,-1,
h5.0_J15,5.0,15,100,13534343,295,0,-1,,0,-1,
h5.0_J15,5.0,15,100,13534343,296,0,-1,,0,-1,
h5.0_J15,5.0,15,100,13534343,297,0,-1,,0,-1,
h5.0_J15,5.0,15,100,13534343,298,1,8708,435.40000000000003,1,8712,435.6
h5.0_J15,5.0,15,100,13534343,299,0,-1,,0,-1,
h5.0_J15,5.0,15,100,13534343,300,0,-1,,0,-1,
h5.0_J15,5.0,15,100,13534343,301,0,-1,,0,-1,
h5.0_J15,5.0,15,100,13534343,302,0,-1,,0,-1,
h5.0_J15,5.0,15,100,13534343,303,0,-1,,0,-1,
h5.0_J15,5.0,15,100,13534343,304,0,-1,,0,-1,
h5.0_J15,5.0,15,100,13534343,305,0,-1,,0,-1,
h5.0_J15,5.0,15,100,13534343,306,0,-1,,0,-1,
h5.0_J15,5.0,15,100,13534343,307,0,-1,,0,-1,
h5.0_J15,5.0,15,100,13534343,308,0,-1,,0,-1,
h5.0_J15,5.0,15,100,13534343,309,0,-1,,0,-1,
h5.0_J15,5.0,15,100,13534343,310,0,-1,,0,-1,
h5.0_J15,5.0,15,100,13534343,311,0,-1,,0,-1,
h5.0_J15,5.0,15,100,13534343,312,0,-1,,0,-1,
h5.0_J15,5.0,15,100,13534343,313,0,-1,,0,-1,
h5.0_J15,5.0,15,100,13534343,314,0,-1,,0,-1,
h5.0_J15,5.0,15,100,13534343,315,0,-1,,0,-1,
h5.0_J15,5.0,15,100,13534343,316,0,-1,,0,-1,
h5.0_J15,5.0,15,100,13534343,317,0,-1,,0,-1,
h5.0_J15,5.0,15,100,13534343,318,0,-1,,0,-1,
h5.0_J15,5.0,15,100,13534343,319,0,-1,,0,-1,
h5.0_J15,5.0,15,100,13534343,320,0,-1,,0,-1,
h5.0_J15,5.0,15,100,13534343,321,0,-1,,0,-1,
h5.0_J15,5.0,15,100,13534343,322,0,-1,,0,-1,
h5.0_J15,5.0,15,100,13534343,323,0,-1,,0,-1,
h5.0_J15,5.0,15,100,13534343,324,0,-1,,0,-1,
h5.0_J15,5.0,15,100,13534343,325,0,-1,,0,-1,
h5.0_J15,5.0,15,100,13534343,326,0,-1,,0,-1,
h5.0_J15,5.0,15,100,13534343,327,0,-1,,0,-1,
h5.0_J15,5.0,15,100,13534343,328,0,-1,,0,-1,
h5.0_J15,5.0,15,100,13534343,329,0,-1,,0,-1,
h5.0_J15,5.0,15,100,13534343,330,0,-1,,0,-1,
h5.0_J15,5.0,15,100,13534343,331,0,-1,,0,-1,
h5.0_J15,5.0,15,100,13534343,332,0,-1,,0,-1,
h5.0_J15,5.0,15,100,13534343,333,0,-1,,0,-1,
h5.0_J15,5.0,15,100,13534343,334,0,-1,,0,-1,
h5.0_J15,5.0,15,100,13534343,335,1,267,13.350000000000001,1,269,13.450000000000001
h5.0_J15,5.0,15,100,13534343,336,0,-1,,0,-1,
h5.0_J15,5.0,15,100,13534343,337,0,-1,,0,-1,
h5.0_J15,5.0,15,100,13534343,338,0,-1,,0,-1,
h5.0_J15,5.0,15,100,13534343,339,1,284,14.200000000000001,0,-1,
h5.0_J15,5.0,15,100,13534343,340,1,285,14.25,1,284,14.200000000000001
h5.0_J15,5.0,15,100,13534343,341,1,268,13.4,1,271,13.55
h5.0_J15,5.0,15,100,13534343,342,0,-1,,0,-1,
h5.0_J15,5.0,15,100,13534343,343,0,-1,,0,-1,
h5.0_J15,5.0,15,100,13534343,344,0,-1,,0,-1,
h5.0_J15,5.0,15,100,13534343,345,0,-1,,0,-1,
h5.0_J15,5.0,15,100,13534343,346,0,-1,,0,-1,
h5.0_J15,5.0,15,100,13534343,347,0,-1,,0,-1,
h5.0_J15,5.0,15,100,13534343,348,0,-1,,0,-1,
h5.0_J15,5.0,15,100,13534343,349,0,-1,,0,-1,
h5.0_J15,5.0,15,100,13534343,350,0,-1,,0,-1,
h5.0_J15,5.0,15,100,13534343,351,0,-1,,0,-1,
h5.0_J15,5.0,15,100,13534343,352,0,-1,,0,-1,
h5.0_J15,5.0,15,100,13534343,353,0,-1,,0,-1,
h5.0_J15,5.0,15,100,13534343,354,0,-1,,0,-1,
h5.0_J15,5.0,15,100,13534343,355,0,-1,,0,-1,
h5.0_J15,5.0,15,100,13534343,356,0,-1,,0,-1,
h5.0_J15,5.0,15,100,13534343,357,0,-1,,0,-1,
h5.0_J15,5.0,15,100,13534343,358,0,-1,,0,-1,
h5.0_J15,5.0,15,100,13534343,359,0,-1,,0,-1,
h5.0_J15,5.0,15,100,13534343,360,0,-1,,0,-1,
h5.0_J15,5.0,15,100,13534343,361,0,-1,,0,-1,
h5.0_J15,5.0,15,100,13534343,362,0,-1,,0,-1,
h5.0_J15,5.0,15,100,13534343,363,0,-1,,0,-1,
h5.0_J15,5.0,15,100,13534343,364,0,-1,,0,-1,
h5.0_J15,5.0,15,100,13534343,365,0,-1,,0,-1,
h5.0_J15,5.0,15,100,13534343,366,0,-1,,0,-1,
h5.0_J15,5.0,15,100,13534343,367,0,-1,,0,-1,
h5.0_J15,5.0,15,100,13534343,368,0,-1,,0,-1,
h5.0_J15,5.0,15,100,13534343,369,0,-1,,0,-1,
h5.0_J15,5.0,15,100,13534343,370,0,-1,,0,-1,
h5.0_J15,5.0,15,100,13534343,371,0,-1,,0,-1,
h5.0_J15,5.0,15,100,13534343,372,0,-1,,0,-1,
h5.0_J15,5.0,15,100,13534343,373,0,-1,,0,-1,
h5.0_J15,5.0,15,100,13534343,374,0,-1,,0,-1,
h5.0_J15,5.0,15,100,13534343,375,1,285,14.25,1,292,14.600000000000001
h5.0_J15,5.0,15,100,13534343,376,0,-1,,0,-1,
h5.0_J15,5.0,15,100,13534343,377,0,-1,,0,-1,
h5.0_J15,5.0,15,100,13534343,378,0,-1,,0,-1,
h5.0_J15,5.0,15,100,13534343,379,0,-1,,0,-1,
h5.0_J15,5.0,15,100,13534343,380,0,-1,,0,-1,
h5.0_J15,5.0,15,100,13534343,381,0,-1,,0,-1,
h5.0_J15,5.0,15,100,13534343,382,0,-1,,0,-1,
h5.0_J15,5.0,15,100,13534343,383,0,-1,,0,-1,
h5.0_J15,5.0,15,100,13534343,384,0,-1,,0,-1,
h5.0_J15,5.0,15,100,13534343,385,1,270,13.5,1,274,13.700000000000001
h5.0_J15,5.0,15,100,13534343,386,0,-1,,0,-1,
h5.0_J15,5.0,15,100,13534343,387,0,-1,,0,-1,
h5.0_J15,5.0,15,100,13534343,388,0,-1,,0,-1,
h5.0_J15,5.0,15,100,13534343,389,0,-1,,0,-1,
h5.0_J15,5.0,15,100,13534343,390,0,-1,,0,-1,
h5.0_J15,5.0,15,100,13534343,391,0,-1,,0,-1,
h5.0_J15,5.0,15,100,13534343,392,0,-1,,0,-1,
h5.0_J15,5.0,15,100,13534343,393,0,-1,,0,-1,
h5.0_J15,5.0,15,100,13534343,394,0,-1,,0,-1,
h5.0_J15,5.0,15,100,13534343,395,0,-1,,0,-1,
h5.0_J15,5.0,15,100,13534343,396,0,-1,,0,-1,
h5.0_J15,5.0,15,100,13534343,397,0,-1,,0,-1,
h5.0_J15,5.0,15,100,13534343,398,0,-1,,0,-1,
h5.0_J15,5.0,15,100,13534343,399,0,-1,,0,-1,
h5.0_J15,5.0,15,100,13534343,400,0,-1,,0,-1,
h5.0_J15,5.0,15,100,13534343,401,0,-1,,0,-1,
h5.0_J15,5.0,15,100,13534343,402,0,-1,,0,-1,
h5.0_J15,5.0,15,100,13534343,403,0,-1,,0,-1,
h5.0_J15,5.0,15,100,13534343,404,0,-1,,0,-1,
h5.0_J15,5.0,15,100,13534343,405,0,-1,,0,-1,
h5.0_J15,5.0,15,100,13534343,406,0,-1,,0,-1,
h5.0_J15,5.0,15,100,13534343,407,0,-1,,0,-1,
h5.0_J15,5.0,15,100,13534343,408,0,-1,,0,-1,
h5.0_J15,5.0,15,100,13534343,409,0,-1,,0,-1,
h5.0_J15,5.0,15,100,13534343,410,0,-1,,0,-1,
h5.0_J15,5.0,15,100,13534343,411,0,-1,,0,-1,
h5.0_J15,5.0,15,100,13534343,412,0,-1,,0,-1,
h5.0_J15,5.0,15,100,13534343,413,0,-1,,0,-1,
h5.0_J15,5.0,15,100,13534343,414,0,-1,,0,-1,
h5.0_J15,5.0,15,100,13534343,415,0,-1,,0,-1,
h5.0_J15,5.0,15,100,13534343,416,0,-1,,0,-1,
h5.0_J15,5.0,15,100,13534343,417,0,-1,,0,-1,
h5.0_J15,5.0,15,100,13534343,418,0,-1,,0,-1,
h5.0_J15,5.0,15,100,13534343,419,0,-1,,0,-1,
h5.0_J15,5.0,15,100,13534343,420,0,-1,,0,-1,
h5.0_J15,5.0,15,100,13534343,421,0,-1,,0,-1,
h5.0_J15,5.0,15,100,13534343,422,0,-1,,0,-1,
h5.0_J15,5.0,15,100,13534343,423,0,-1,,0,-1,
h5.0_J15,5.0,15,100,13534343,424,1,398,19.900000000000002,1,407,20.35
h5.0_J15,5.0,15,100,13534343,425,0,-1,,0,-1,
h5.0_J15,5.0,15,100,13534343,426,0,-1,,0,-1,
h5.0_J15,5.0,15,100,13534343,427,0,-1,,0,-1,
h5.0_J15,5.0,15,100,13534343,428,0,-1,,0,-1,
h5.0_J15,5.0,15,100,13534343,429,0,-1,,0,-1,
h5.0_J15,5.0,15,100,13534343,430,0,-1,,0,-1,
h5.0_J15,5.0,15,100,13534343,431,0,-1,,0,-1,
h5.0_J15,5.0,15,100,13534343,432,0,-1,,0,-1,
h5.0_J15,5.0,15,100,13534343,433,0,-1,,0,-1,
h5.0_J15,5.0,15,100,13534343,434,0,-1,,0,-1,
h5.0_J15,5.0,15,100,13534343,435,0,-1,,0,-1,
h5.0_J15,5.0,15,100,13534343,436,0,-1,,0,-1,
h5.0_J15,5.0,15,100,13534343,437,0,-1,,0,-1,
h5.0_J15,5.0,15,100,13534343,438,0,-1,,0,-1,
h5.0_J15,5.0,15,100,13534343,439,0,-1,,0,-1,
h5.0_J15,5.0,15,100,13534343,440,0,-1,,0,-1,
h5.0_J15,5.0,15,100,13534343,441,0,-1,,0,-1,
h5.0_J15,5.0,15,100,13534343,442,0,-1,,0,-1,
h5.0_J15,5.0,15,100,13534343,443,0,-1,,0,-1,
h5.0_J15,5.0,15,100,13534343,444,0,-1,,0,-1,
h5.0_J15,5.0,15,100,13534343,445,0,-1,,0,-1,
h5.0_J15,5.0,15,100,13534343,446,0,-1,,0,-1,
h5.0_J15,5.0,15,100,13534343,447,0,-1,,0,-1,
h5.0_J15,5.0,15,100,13534343,448,0,-1,,0,-1,
h5.0_J15,5.0,15,100,13534343,449,0,-1,,0,-1,
h5.0_J15,5.0,15,100,13534343,450,0,-1,,0,-1,
h5.0_J15,5.0,15,100,13534343,451,0,-1,,0,-1,
h5.0_J15,5.0,15,100,13534343,452,0,-1,,0,-1,
h5.0_J15,5.0,15,100,13534343,453,0,-1,,0,-1,
h5.0_J15,5.0,15,100,13534343,454,0,-1,,0,-1,
h5.0_J15,5.0,15,100,13534343,455,0,-1,,0,-1,
h5.0_J15,5.0,15,100,13534343,456,0,-1,,0,-1,
h5.0_J15,5.0,15,100,13534343,457,0,-1,,0,-1,
h5.0_J15,5.0,15,100,13534343,458,0,-1,,0,-1,
h5.0_J15,5.0,15,100,13534343,459,0,-1,,0,-1,
h5.0_J15,5.0,15,100,13534343,460,0,-1,,0,-1,
h5.0_J15,5.0,15,100,13534343,461,0,-1,,0,-1,
h5.0_J15,5.0,15,100,13534343,462,0,-1,,0,-1,
h5.0_J15,5.0,15,100,13534343,463,0,-1,,0,-1,
h5.0_J15,5.0,15,100,13534343,464,0,-1,,0,-1,
h5.0_J15,5.0,15,100,13534343,465,0,-1,,0,-1,
h5.0_J15,5.0,15,100,13534343,466,0,-1,,0,-1,
h5.0_J15,5.0,15,100,13534343,467,0,-1,,0,-1,
h5.0_J15,5.0,15,100,13534343,468,0,-1,,0,-1,
h5.0_J15,5.0,15,100,13534343,469,0,-1,,0,-1,
h5.0_J15,5.0,15,100,13534343,470,0,-1,,0,-1,
h5.0_J15,5.0,15,100,13534343,471,0,-1,,0,-1,
h5.0_J15,5.0,15,100,13534343,472,0,-1,,1,16652,832.6
h5.0_J15,5.0,15,100,13534343,473,0,-1,,0,-1,
h5.0_J15,5.0,15,100,13534343,474,0,-1,,0,-1,
h5.0_J15,5.0,15,100,13534343,475,0,-1,,0,-1,
h5.0_J15,5.0,15,100,13534343,476,0,-1,,0,-1,
h5.0_J15,5.0,15,100,13534343,477,0,-1,,0,-1,
h5.0_J15,5.0,15,100,13534343,478,0,-1,,0,-1,
h5.0_J15,5.0,15,100,13534343,479,0,-1,,0,-1,
h5.0_J15,5.0,15,100,13534343,480,0,-1,,0,-1,
h5.0_J15,5.0,15,100,13534343,481,0,-1,,0,-1,
h5.0_J15,5.0,15,100,13534343,482,0,-1,,0,-1,
h5.0_J15,5.0,15,100,13534343,483,0,-1,,0,-1,
h5.0_J15,5.0,15,100,13534343,484,0,-1,,0,-1,
h5.0_J15,5.0,15,100,13534343,485,0,-1,,0,-1,
h5.0_J15,5.0,15,100,13534343,486,0,-1,,0,-1,
h5.0_J15,5.0,15,100,13534343,487,0,-1,,0,-1,
h5.0_J15,5.0,15,100,13534343,488,0,-1,,0,-1,
h5.0_J15,5.0,15,100,13534343,489,0,-1,,0,-1,
h5.0_J15,5.0,15,100,13534343,490,0,-1,,0,-1,
h5.0_J15,5.0,15,100,13534343,491,0,-1,,0,-1,
h5.0_J15,5.0,15,100,13534343,492,0,-1,,0,-1,
h5.0_J15,5.0,15,100,13534343,493,0,-1,,0,-1,
h5.0_J15,5.0,15,100,13534343,494,0,-1,,1,5340,267.0
h5.0_J15,5.0,15,100,13534343,495,0,-1,,0,-1,
h5.0_J15,5.0,15,100,13534343,496,0,-1,,0,-1,
h5.0_J15,5.0,15,100,13534343,497,0,-1,,0,-1,
h5.0_J15,5.0,15,100,13534343,498,0,-1,,0,-1,
h5.0_J15,5.0,15,100,13534343,499,0,-1,,0,-1,
h5.0_J15,5.0,15,100,13534343,500,0,-1,,0,-1,
h5.0_J15,5.0,15,100,13534343,501,0,-1,,0,-1,
h5.0_J15,5.0,15,100,13534343,502,0,-1,,0,-1,
h5.0_J15,5.0,15,100,13534343,503,0,-1,,0,-1,
h5.0_J15,5.0,15,100,13534343,504,0,-1,,0,-1,
h5.0_J15,5.0,15,100,13534343,505,0,-1,,1,7770,388.5
h5.0_J15,5.0,15,100,13534343,506,0,-1,,0,-1,
h5.0_J15,5.0,15,100,13534343,507,0,-1,,0,-1,
h5.0_J15,5.0,15,100,13534343,508,0,-1,,0,-1,
h5.0_J15,5.0,15,100,13534343,509,0,-1,,0,-1,
h5.0_J15,5.0,15,100,13534343,510,0,-1,,0,-1,
h5.0_J15,5.0,15,100,13534343,511,0,-1,,0,-1,
h5.0_J15,5.0,15,100,13534343,512,0,-1,,0,-1,
h5.0_J15,5.0,15,100,13534343,513,0,-1,,0,-1,
h5.0_J15,5.0,15,100,13534343,514,0,-1,,0,-1,
h5.0_J15,5.0,15,100,13534343,515,0,-1,,0,-1,
h5.0_J15,5.0,15,100,13534343,516,0,-1,,0,-1,
h5.0_J15,5.0,15,100,13534343,517,0,-1,,0,-1,
h5.0_J15,5.0,15,100,13534343,518,0,-1,,0,-1,
h5.0_J15,5.0,15,100,13534343,519,0,-1,,0,-1,
h5.0_J15,5.0,15,100,13534343,520,0,-1,,0,-1,
h5.0_J15,5.0,15,100,13534343,521,0,-1,,0,-1,
h5.0_J15,5.0,15,100,13534343,522,0,-1,,0,-1,
h5.0_J15,5.0,15,100,13534343,523,0,-1,,0,-1,
h5.0_J15,5.0,15,100,13534343,524,0,-1,,0,-1,
h5.0_J15,5.0,15,100,13534343,525,0,-1,,0,-1,
h5.0_J15,5.0,15,100,13534343,526,0,-1,,0,-1,
h5.0_J15,5.0,15,100,13534343,527,0,-1,,0,-1,
h5.0_J15,5.0,15,100,13534343,528,0,-1,,0,-1,
h5.0_J15,5.0,15,100,13534343,529,0,-1,,0,-1,
h5.0_J15,5.0,15,100,13534343,530,0,-1,,0,-1,
h5.0_J15,5.0,15,100,13534343,531,0,-1,,0,-1,
h5.0_J15,5.0,15,100,13534343,532,0,-1,,0,-1,
h5.0_J15,5.0,15,100,13534343,533,0,-1,,0,-1,
h5.0_J15,5.0,15,100,13534343,534,0,-1,,0,-1,
h5.0_J15,5.0,15,100,13534343,535,0,-1,,0,-1,
h5.0_J15,5.0,15,100,13534343,536,0,-1,,0,-1,
h5.0_J15,5.0,15,100,13534343,537,0,-1,,0,-1,
h5.0_J15,5.0,15,100,13534343,538,0,-1,,0,-1,
h5.0_J15,5.0,15,100,13534343,539,0,-1,,0,-1,
h5.0_J15,5.0,15,100,13534343,540,0,-1,,0,-1,
h5.0_J15,5.0,15,100,13534343,541,0,-1,,0,-1,
h5.0_J15,5.0,15,100,13534343,542,0,-1,,0,-1,
h5.0_J15,5.0,15,100,13534343,543,0,-1,,0,-1,
h5.0_J15,5.0,15,100,13534343,544,0,-1,,0,-1,
h5.0_J15,5.0,15,100,13534343,545,0,-1,,0,-1,
h5.0_J15,5.0,15,100,13534343,546,0,-1,,0,-1,
h5.0_J15,5.0,15,100,13534343,547,0,-1,,0,-1,
h5.0_J15,5.0,15,100,13534343,548,0,-1,,0,-1,
h5.0_J15,5.0,15,100,13534343,549,0,-1,,0,-1,
h5.0_J15,5.0,15,100,13534343,550,0,-1,,0,-1,
h5.0_J15,5.0,15,100,13534343,551,0,-1,,0,-1,
h5.0_J15,5.0,15,100,13534343,552,0,-1,,0,-1,
h5.0_J15,5.0,15,100,13534343,553,0,-1,,0,-1,
h5.0_J15,5.0,15,100,13534343,554,0,-1,,0,-1,
h5.0_J15,5.0,15,100,13534343,555,0,-1,,0,-1,
h5.0_J15,5.0,15,100,13534343,556,0,-1,,1,19027,951.35
h5.0_J15,5.0,15,100,13534343,557,0,-1,,0,-1,
h5.0_J15,5.0,15,100,13534343,558,0,-1,,0,-1,
h5.0_J15,5.0,15,100,13534343,559,0,-1,,0,-1,
h5.0_J15,5.0,15,100,13534343,560,0,-1,,0,-1,
h5.0_J15,5.0,15,100,13534343,561,0,-1,,0,-1,
h5.0_J15,5.0,15,100,13534343,562,0,-1,,0,-1,
h5.0_J15,5.0,15,100,13534343,563,0,-1,,0,-1,
h5.0_J15,5.0,15,100,13534343,564,0,-1,,0,-1,
h5.0_J15,5.0,15,100,13534343,565,0,-1,,0,-1,
h5.0_J15,5.0,15,100,13534343,566,0,-1,,0,-1,
h5.0_J15,5.0,15,100,13534343,567,0,-1,,0,-1,
h5.0_J15,5.0,15,100,13534343,568,0,-1,,0,-1,
h5.0_J15,5.0,15,100,13534343,569,0,-1,,0,-1,
h5.0_J15,5.0,15,100,13534343,570,0,-1,,0,-1,
h5.0_J15,5.0,15,100,13534343,571,0,-1,,0,-1,
h5.0_J15,5.0,15,100,13534343,572,0,-1,,0,-1,
h5.0_J15,5.0,15,100,13534343,573,0,-1,,0,-1,
h5.0_J15,5.0,15,100,13534343,574,0,-1,,0,-1,
h5.0_J15,5.0,15,100,13534343,575,0,-1,,0,-1,
h5.0_J15,5.0,15,100,13534343,576,0,-1,,0,-1,
h5.0_J15,5.0,15,100,13534343,577,0,-1,,0,-1,
h5.0_J15,5.0,15,100,13534343,578,0,-1,,0,-1,
h5.0_J15,5.0,15,100,13534343,579,0,-1,,1,5906,295.3
h5.0_J15,5.0,15,100,13534343,580,0,-1,,0,-1,
h5.0_J15,5.0,15,100,13534343,581,1,18711,935.5500000000001,1,4060,203.0
h5.0_J15,5.0,15,100,13534343,582,0,-1,,0,-1,
h5.0_J15,5.0,15,100,13534343,583,0,-1,,0,-1,
h5.0_J15,5.0,15,100,13534343,584,0,-1,,0,-1,
h5.0_J15,5.0,15,100,13534343,585,0,-1,,0,-1,
h5.0_J15,5.0,15,100,13534343,586,0,-1,,0,-1,
h5.0_J15,5.0,15,100,13534343,587,0,-1,,0,-1,
h5.0_J15,5.0,15,100,13534343,588,0,-1,,0,-1,
h5.0_J15,5.0,15,100,13534343,589,0,-1,,0,-1,
h5.0_J15,5.0,15,100,13534343,590,0,-1,,0,-1,
h5.0_J15,5.0,15,100,13534343,591,0,-1,,0,-1,
h5.0_J15,5.0,15,100,13534343,592,0,-1,,0,-1,
h5.0_J15,5.0,15,100,13534343,593,0,-1,,0,-1,
h5.0_J15,5.0,15,100,13534343,594,0,-1,,0,-1,
h5.0_J15,5.0,15,100,13534343,595,0,-1,,0,-1,
h5.0_J15,5.0,15,100,13534343,596,0,-1,,0,-1,
h5.0_J15,5.0,15,100,13534343,597,0,-1,,0,-1,
h5.0_J15,5.0,15,100,13534343,598,0,-1,,0,-1,
h5.0_J15,5.0,15,100,13534343,599,0,-1,,0,-1,
h5.0_J15,5.0,15,100,13534343,600,0,-1,,0,-1,
h5.0_J15,5.0,15,100,13534343,601,0,-1,,0,-1,
h5.0_J15,5.0,15,100,13534343,602,0,-1,,0,-1,
h5.0_J15,5.0,15,100,13534343,603,0,-1,,0,-1,
h5.0_J15,5.0,15,100,13534343,604,0,-1,,0,-1,
h5.0_J15,5.0,15,100,13534343,605,0,-1,,0,-1,
h5.0_J15,5.0,15,100,13534343,606,0,-1,,0,-1,
h5.0_J15,5.0,15,100,13534343,607,0,-1,,0,-1,
h5.0_J15,5.0,15,100,13534343,608,0,-1,,0,-1,
h5.0_J15,5.0,15,100,13534343,609,0,-1,,0,-1,
h5.0_J15,5.0,15,100,13534343,610,0,-1,,0,-1,
h5.0_J15,5.0,15,100,13534343,611,0,-1,,0,-1,
h5.0_J15,5.0,15,100,13534343,612,0,-1,,0,-1,
h5.0_J15,5.0,15,100,13534343,613,0,-1,,0,-1,
h5.0_J15,5.0,15,100,13534343,614,0,-1,,0,-1,
h5.0_J15,5.0,15,100,13534343,615,0,-1,,0,-1,
h5.0_J15,5.0,15,100,13534343,616,0,-1,,0,-1,
h5.0_J15,5.0,15,100,13534343,617,0,-1,,0,-1,
h5.0_J15,5.0,15,100,13534343,618,0,-1,,0,-1,
h5.0_J15,5.0,15,100,13534343,619,0,-1,,0,-1,
h5.0_J15,5.0,15,100,13534343,620,0,-1,,0,-1,
h5.0_J15,5.0,15,100,13534343,621,0,-1,,0,-1,
h5.0_J15,5.0,15,100,13534343,622,0,-1,,0,-1,
h5.0_J15,5.0,15,100,13534343,623,0,-1,,1,6803,340.15000000000003
h5.0_J15,5.0,15,100,13534343,624,0,-1,,0,-1,
h5.0_J15,5.0,15,100,13534343,625,0,-1,,0,-1,
h5.0_J15,5.0,15,100,13534343,626,0,-1,,0,-1,
h5.0_J15,5.0,15,100,13534343,627,0,-1,,0,-1,
h5.0_J15,5.0,15,100,13534343,628,0,-1,,0,-1,
h5.0_J15,5.0,15,100,13534343,629,0,-1,,0,-1,
h5.0_J15,5.0,15,100,13534343,630,0,-1,,0,-1,
h5.0_J15,5.0,15,100,13534343,631,0,-1,,0,-1,
h5.0_J15,5.0,15,100,13534343,632,0,-1,,0,-1,
h5.0_J15,5.0,15,100,13534343,633,0,-1,,0,-1,
h5.0_J15,5.0,15,100,13534343,634,0,-1,,0,-1,
h5.0_J15,5.0,15,100,13534343,635,0,-1,,0,-1,
h5.0_J15,5.0,15,100,13534343,636,0,-1,,0,-1,
h5.0_J15,5.0,15,100,13534343,637,0,-1,,0,-1,
h5.0_J15,5.0,15,100,13534343,638,0,-1,,0,-1,
h5.0_J15,5.0,15,100,13534343,639,0,-1,,0,-1,
h5.0_J15,5.0,15,100,13534343,640,0,-1,,0,-1,
h5.0_J15,5.0,15,100,13534343,641,0,-1,,0,-1,
h5.0_J15,5.0,15,100,13534343,642,0,-1,,0,-1,
h5.0_J15,5.0,15,100,13534343,643,0,-1,,0,-1,
h5.0_J15,5.0,15,100,13534343,644,0,-1,,0,-1,
h5.0_J15,5.0,15,100,13534343,645,0,-1,,0,-1,
h5.0_J15,5.0,15,100,13534343,646,0,-1,,0,-1,
h5.0_J15,5.0,15,100,13534343,647,0,-1,,0,-1,
h5.0_J15,5.0,15,100,13534343,648,0,-1,,0,-1,
h5.0_J15,5.0,15,100,13534343,649,0,-1,,0,-1,
h5.0_J15,5.0,15,100,13534343,650,0,-1,,0,-1,
h5.0_J15,5.0,15,100,13534343,651,0,-1,,0,-1,
h5.0_J15,5.0,15,100,13534343,652,0,-1,,0,-1,
h5.0_J15,5.0,15,100,13534343,653,0,-1,,0,-1,
h5.0_J15,5.0,15,100,13534343,654,0,-1,,0,-1,
h5.0_J15,5.0,15,100,13534343,655,0,-1,,0,-1,
h5.0_J15,5.0,15,100,13534343,656,0,-1,,0,-1,
h5.0_J15,5.0,15,100,13534343,657,0,-1,,0,-1,
h5.0_J15,5.0,15,100,13534343,658,0,-1,,0,-1,
h5.0_J15,5.0,15,100,13534343,659,0,-1,,0,-1,
h5.0_J15,5.0,15,100,13534343,660,0,-1,,0,-1,
h5.0_J15,5.0,15,100,13534343,661,0,-1,,0,-1,
h5.0_J15,5.0,15,100,13534343,662,0,-1,,0,-1,
h5.0_J15,5.0,15,100,13534343,663,0,-1,,0,-1,
h5.0_J15,5.0,15,100,13534343,664,0,-1,,0,-1,
h5.0_J15,5.0,15,100,13534343,665,0,-1,,0,-1,
h5.0_J15,5.0,15,100,13534343,666,0,-1,,0,-1,
h5.0_J15,5.0,15,100,13534343,667,0,-1,,0,-1,
h5.0_J15,5.0,15,100,13534343,668,0,-1,,0,-1,
h5.0_J15,5.0,15,100,13534343,669,0,-1,,0,-1,
h5.0_J15,5.0,15,100,13534343,670,0,-1,,0,-1,
h5.0_J15,5.0,15,100,13534343,671,0,-1,,0,-1,
h5.0_J15,5.0,15,100,13534343,672,0,-1,,0,-1,
h5.0_J15,5.0,15,100,13534343,673,0,-1,,0,-1,
h5.0_J15,5.0,15,100,13534343,674,0,-1,,0,-1,
h5.0_J15,5.0,15,100,13534343,675,0,-1,,0,-1,
h5.0_J15,5.0,15,100,13534343,676,0,-1,,0,-1,
h5.0_J15,5.0,15,100,13534343,677,0,-1,,0,-1,
h5.0_J15,5.0,15,100,13534343,678,0,-1,,0,-1,
h5.0_J15,5.0,15,100,13534343,679,0,-1,,0,-1,
h5.0_J15,5.0,15,100,13534343,680,0,-1,,0,-1,
h5.0_J15,5.0,15,100,13534343,681,0,-1,,0,-1,
h5.0_J15,5.0,15,100,13534343,682,0,-1,,0,-1,
h5.0_J15,5.0,15,100,13534343,683,0,-1,,0,-1,
h5.0_J15,5.0,15,100,13534343,684,0,-1,,0,-1,
h5.0_J15,5.0,15,100,13534343,685,0,-1,,0,-1,
h5.0_J15,5.0,15,100,13534343,686,0,-1,,0,-1,
h5.0_J15,5.0,15,100,13534343,687,0,-1,,0,-1,
h5.0_J15,5.0,15,100,13534343,688,1,17303,865.1500000000001,0,-1,
h5.0_J15,5.0,15,100,13534343,689,0,-1,,0,-1,
h5.0_J15,5.0,15,100,13534343,690,0,-1,,0,-1,
h5.0_J15,5.0,15,100,13534343,691,0,-1,,0,-1,
h5.0_J15,5.0,15,100,13534343,692,0,-1,,0,-1,
h5.0_J15,5.0,15,100,13534343,693,0,-1,,0,-1,
h5.0_J15,5.0,15,100,13534343,694,0,-1,,0,-1,
h5.0_J15,5.0,15,100,13534343,695,0,-1,,0,-1,
h5.0_J15,5.0,15,100,13534343,696,0,-1,,0,-1,
h5.0_J15,5.0,15,100,13534343,697,0,-1,,0,-1,
h5.0_J15,5.0,15,100,13534343,698,0,-1,,1,19792,989.6
h5.0_J15,5.0,15,100,13534343,699,0,-1,,0,-1,
h5.0_J15,5.0,15,100,13534343,700,0,-1,,0,-1,
h5.0_J15,5.0,15,100,13534343,701,0,-1,,0,-1,
h5.0_J15,5.0,15,100,13534343,702,0,-1,,0,-1,
h5.0_J15,5.0,15,100,13534343,703,0,-1,,0,-1,
h5.0_J15,5.0,15,100,13534343,704,0,-1,,0,-1,
h5.0_J15,5.0,15,100,13534343,705,0,-1,,0,-1,
h5.0_J15,5.0,15,100,13534343,706,0,-1,,0,-1,
h5.0_J15,5.0,15,100,13534343,707,0,-1,,0,-1,
h5.0_J15,5.0,15,100,13534343,708,0,-1,,0,-1,
h5.0_J15,5.0,15,100,13534343,709,0,-1,,0,-1,
h5.0_J15,5.0,15,100,13534343,710,0,-1,,0,-1,
h5.0_J15,5.0,15,100,13534343,711,0,-1,,0,-1,
h5.0_J15,5.0,15,100,13534343,712,0,-1,,0,-1,
h5.0_J15,5.0,15,100,13534343,713,0,-1,,0,-1,
h5.0_J15,5.0,15,100,13534343,714,0,-1,,0,-1,
h5.0_J15,5.0,15,100,13534343,715,0,-1,,0,-1,
h5.0_J15,5.0,15,100,13534343,716,0,-1,,0,-1,
h5.0_J15,5.0,15,100,13534343,717,0,-1,,0,-1,
h5.0_J15,5.0,15,100,13534343,718,0,-1,,0,-1,
h5.0_J15,5.0,15,100,13534343,719,0,-1,,0,-1,
h5.0_J15,5.0,15,100,13534343,720,0,-1,,0,-1,
h5.0_J15,5.0,15,100,13534343,721,0,-1,,0,-1,
h5.0_J15,5.0,15,100,13534343,722,0,-1,,0,-1,
h5.0_J15,5.0,15,100,13534343,723,0,-1,,0,-1,
h5.0_J15,5.0,15,100,13534343,724,0,-1,,0,-1,
h5.0_J15,5.0,15,100,13534343,725,0,-1,,0,-1,
h5.0_J15,5.0,15,100,13534343,726,0,-1,,0,-1,
h5.0_J15,5.0,15,100,13534343,727,0,-1,,0,-1,
h5.0_J15,5.0,15,100,13534343,728,0,-1,,0,-1,
h5.0_J15,5.0,15,100,13534343,729,0,-1,,0,-1,
h5.0_J15,5.0,15,100,13534343,730,0,-1,,0,-1,
h5.0_J15,5.0,15,100,13534343,731,0,-1,,0,-1,
h5.0_J15,5.0,15,100,13534343,732,0,-1,,0,-1,
h5.0_J15,5.0,15,100,13534343,733,0,-1,,0,-1,
h5.0_J15,5.0,15,100,13534343,734,0,-1,,0,-1,
h5.0_J15,5.0,15,100,13534343,735,0,-1,,0,-1,
h5.0_J15,5.0,15,100,13534343,736,0,-1,,0,-1,
h5.0_J15,5.0,15,100,13534343,737,0,-1,,0,-1,
h5.0_J15,5.0,15,100,13534343,738,0,-1,,1,19261,963.0500000000001
h5.0_J15,5.0,15,100,13534343,739,0,-1,,0,-1,
h5.0_J15,5.0,15,100,13534343,740,0,-1,,0,-1,
h5.0_J15,5.0,15,100,13534343,741,0,-1,,0,-1,
h5.0_J15,5.0,15,100,13534343,742,0,-1,,0,-1,
h5.0_J15,5.0,15,100,13534343,743,0,-1,,0,-1,
h5.0_J15,5.0,15,100,13534343,744,0,-1,,0,-1,
h5.0_J15,5.0,15,100,13534343,745,0,-1,,0,-1,
h5.0_J15,5.0,15,100,13534343,746,0,-1,,0,-1,
h5.0_J15,5.0,15,100,13534343,747,0,-1,,0,-1,
h5.0_J15,5.0,15,100,13534343,748,0,-1,,0,-1,
h5.0_J15,5.0,15,100,13534343,749,0,-1,,0,-1,
h5.0_J15,5.0,15,100,13534343,750,0,-1,,0,-1,
h5.0_J15,5.0,15,100,13534343,751,0,-1,,0,-1,
h5.0_J15,5.0,15,100,13534343,752,0,-1,,0,-1,
h5.0_J15,5.0,15,100,13534343,753,0,-1,,0,-1,
h5.0_J15,5.0,15,100,13534343,754,0,-1,,0,-1,
h5.0_J15,5.0,15,100,13534343,755,1,281,14.05,1,285,14.25
h5.0_J15,5.0,15,100,13534343,756,0,-1,,0,-1,
h5.0_J15,5.0,15,100,13534343,757,0,-1,,0,-1,
h5.0_J15,5.0,15,100,13534343,758,0,-1,,0,-1,
h5.0_J15,5.0,15,100,13534343,759,0,-1,,0,-1,
h5.0_J15,5.0,15,100,13534343,760,0,-1,,0,-1,
h5.0_J15,5.0,15,100,13534343,761,0,-1,,0,-1,
h5.0_J15,5.0,15,100,13534343,762,0,-1,,0,-1,
h5.0_J15,5.0,15,100,13534343,763,0,-1,,0,-1,
h5.0_J15,5.0,15,100,13534343,764,0,-1,,0,-1,
h5.0_J15,5.0,15,100,13534343,765,0,-1,,0,-1,
h5.0_J15,5.0,15,100,13534343,766,0,-1,,0,-1,
h5.0_J15,5.0,15,100,13534343,767,0,-1,,0,-1,
h5.0_J15,5.0,15,100,13534343,768,0,-1,,0,-1,
h5.0_J15,5.0,15,100,13534343,769,0,-1,,0,-1,
h5.0_J15,5.0,15,100,13534343,770,0,-1,,0,-1,
h5.0_J15,5.0,15,100,13534343,771,0,-1,,0,-1,
h5.0_J15,5.0,15,100,13534343,772,0,-1,,0,-1,
h5.0_J15,5.0,15,100,13534343,773,0,-1,,0,-1,
h5.0_J15,5.0,15,100,13534343,774,0,-1,,0,-1,
h5.0_J15,5.0,15,100,13534343,775,0,-1,,0,-1,
h5.0_J15,5.0,15,100,13534343,776,0,-1,,0,-1,
h5.0_J15,5.0,15,100,13534343,777,0,-1,,0,-1,
h5.0_J15,5.0,15,100,13534343,778,0,-1,,0,-1,
h5.0_J15,5.0,15,100,13534343,779,0,-1,,0,-1,
h5.0_J15,5.0,15,100,13534343,780,0,-1,,0,-1,
h5.0_J15,5.0,15,100,13534343,781,0,-1,,0,-1,
h5.0_J15,5.0,15,100,13534343,782,0,-1,,0,-1,
h5.0_J15,5.0,15,100,13534343,783,0,-1,,0,-1,
h5.0_J15,5.0,15,100,13534343,784,0,-1,,0,-1,
h5.0_J15,5.0,15,100,13534343,785,0,-1,,0,-1,
h5.0_J15,5.0,15,100,13534343,786,0,-1,,0,-1,
h5.0_J15,5.0,15,100,13534343,787,0,-1,,0,-1,
h5.0_J15,5.0,15,100,13534343,788,0,-1,,0,-1,
h5.0_J15,5.0,15,100,13534343,789,0,-1,,0,-1,
h5.0_J15,5.0,15,100,13534343,790,0,-1,,0,-1,
h5.0_J15,5.0,15,100,13534343,791,1,3095,154.75,1,3126,156.3
h5.0_J15,5.0,15,100,13534343,792,0,-1,,0,-1,
h5.0_J15,5.0,15,100,13534343,793,0,-1,,0,-1,
h5.0_J15,5.0,15,100,13534343,794,0,-1,,0,-1,
h5.0_J15,5.0,15,100,13534343,795,0,-1,,0,-1,
h5.0_J15,5.0,15,100,13534343,796,0,-1,,0,-1,
h5.0_J15,5.0,15,100,13534343,797,0,-1,,0,-1,
h5.0_J15,5.0,15,100,13534343,798,0,-1,,0,-1,
h5.0_J15,5.0,15,100,13534343,799,0,-1,,0,-1,
h5.0_J15,5.0,15,100,13534343,800,0,-1,,0,-1,
h5.0_J15,5.0,15,100,13534343,801,0,-1,,0,-1,
h5.0_J15,5.0,15,100,13534343,802,0,-1,,0,-1,
h5.0_J15,5.0,15,100,13534343,803,0,-1,,0,-1,
h5.0_J15,5.0,15,100,13534343,804,0,-1,,0,-1,
h5.0_J15,5.0,15,100,13534343,805,0,-1,,0,-1,
h5.0_J15,5.0,15,100,13534343,806,0,-1,,0,-1,
h5.0_J15,5.0,15,100,13534343,807,0,-1,,0,-1,
h5.0_J15,5.0,15,100,13534343,808,0,-1,,0,-1,
h5.0_J15,5.0,15,100,13534343,809,0,-1,,1,2814,140.70000000000002
h5.0_J15,5.0,15,100,13534343,810,0,-1,,0,-1,
h5.0_J15,5.0,15,100,13534343,811,0,-1,,0,-1,
h5.0_J15,5.0,15,100,13534343,812,0,-1,,0,-1,
h5.0_J15,5.0,15,100,13534343,813,0,-1,,0,-1,
h5.0_J15,5.0,15,100,13534343,814,0,-1,,0,-1,
h5.0_J15,5.0,15,100,13534343,815,0,-1,,0,-1,
h5.0_J15,5.0,15,100,13534343,816,0,-1,,0,-1,
h5.0_J15,5.0,15,100,13534343,817,0,-1,,0,-1,
h5.0_J15,5.0,15,100,13534343,818,0,-1,,0,-1,
h5.0_J15,5.0,15,100,13534343,819,0,-1,,0,-1,
h5.0_J15,5.0,15,100,13534343,820,0,-1,,0,-1,
h5.0_J15,5.0,15,100,13534343,821,0,-1,,0,-1,
h5.0_J15,5.0,15,100,13534343,822,0,-1,,0,-1,
h5.0_J15,5.0,15,100,13534343,823,0,-1,,0,-1,
h5.0_J15,5.0,15,100,13534343,824,0,-1,,0,-1,
h5.0_J15,5.0,15,100,13534343,825,0,-1,,0,-1,
h5.0_J15,5.0,15,100,13534343,826,0,-1,,0,-1,
h5.0_J15,5.0,15,100,13534343,827,0,-1,,0,-1,
h5.0_J15,5.0,15,100,13534343,828,0,-1,,0,-1,
h5.0_J15,5.0,15,100,13534343,829,0,-1,,0,-1,
h5.0_J15,5.0,15,100,13534343,830,0,-1,,0,-1,
h5.0_J15,5.0,15,100,13534343,831,0,-1,,0,-1,
h5.0_J15,5.0,15,100,13534343,832,0,-1,,0,-1,
h5.0_J15,5.0,15,100,13534343,833,0,-1,,0,-1,
h5.0_J15,5.0,15,100,13534343,834,0,-1,,0,-1,
h5.0_J15,5.0,15,100,13534343,835,0,-1,,0,-1,
h5.0_J15,5.0,15,100,13534343,836,1,280,14.0,1,280,14.0
h5.0_J15,5.0,15,100,13534343,837,0,-1,,0,-1,
h5.0_J15,5.0,15,100,13534343,838,0,-1,,0,-1,
h5.0_J15,5.0,15,100,13534343,839,0,-1,,0,-1,
h5.0_J15,5.0,15,100,13534343,840,0,-1,,0,-1,
h5.0_J15,5.0,15,100,13534343,841,0,-1,,0,-1,
h5.0_J15,5.0,15,100,13534343,842,0,-1,,0,-1,
h5.0_J15,5.0,15,100,13534343,843,0,-1,,0,-1,
h5.0_J15,5.0,15,100,13534343,844,0,-1,,0,-1,
h5.0_J15,5.0,15,100,13534343,845,0,-1,,0,-1,
h5.0_J15,5.0,15,100,13534343,846,0,-1,,0,-1,
h5.0_J15,5.0,15,100,13534343,847,0,-1,,0,-1,
h5.0_J15,5.0,15,100,13534343,848,0,-1,,0,-1,
h5.0_J15,5.0,15,100,13534343,849,0,-1,,0,-1,
h5.0_J15,5.0,15,100,13534343,850,0,-1,,0,-1,
h5.0_J15,5.0,15,100,13534343,851,0,-1,,0,-1,
h5.0_J15,5.0,15,100,13534343,852,0,-1,,0,-1,
h5.0_J15,5.0,15,100,13534343,853,0,-1,,0,-1,
h5.0_J15,5.0,15,100,13534343,854,1,280,14.0,1,281,14.05
h5.0_J15,5.0,15,100,13534343,855,0,-1,,0,-1,
h5.0_J15,5.0,15,100,13534343,856,0,-1,,0,-1,
h5.0_J15,5.0,15,100,13534343,857,1,297,14.850000000000001,1,295,14.75
h5.0_J15,5.0,15,100,13534343,858,0,-1,,0,-1,
h5.0_J15,5.0,15,100,13534343,859,1,315,15.75,1,342,17.1
h5.0_J15,5.0,15,100,13534343,860,0,-1,,0,-1,
h5.0_J15,5.0,15,100,13534343,861,0,-1,,0,-1,
h5.0_J15,5.0,15,100,13534343,862,0,-1,,0,-1,
h5.0_J15,5.0,15,100,13534343,863,0,-1,,0,-1,
h5.0_J15,5.0,15,100,13534343,864,0,-1,,0,-1,
h5.0_J15,5.0,15,100,13534343,865,0,-1,,0,-1,
h5.0_J15,5.0,15,100,13534343,866,0,-1,,0,-1,
h5.0_J15,5.0,15,100,13534343,867,0,-1,,0,-1,
h5.0_J15,5.0,15,100,13534343,868,0,-1,,0,-1,
h5.0_J15,5.0,15,100,13534343,869,0,-1,,0,-1,
h5.0_J15,5.0,15,100,13534343,870,0,-1,,0,-1,
h5.0_J15,5.0,15,100,13534343,871,0,-1,,0,-1,
h5.0_J15,5.0,15,100,13534343,872,0,-1,,0,-1,
h5.0_J15,5.0,15,100,13534343,873,0,-1,,0,-1,
h5.0_J15,5.0,15,100,13534343,874,0,-1,,0,-1,
h5.0_J15,5.0,15,100,13534343,875,0,-1,,0,-1,
h5.0_J15,5.0,15,100,13534343,876,0,-1,,0,-1,
h5.0_J15,5.0,15,100,13534343,877,0,-1,,0,-1,
h5.0_J15,5.0,15,100,13534343,878,1,269,13.450000000000001,1,272,13.600000000000001
h5.0_J15,5.0,15,100,13534343,879,0,-1,,0,-1,
h5.0_J15,5.0,15,100,13534343,880,0,-1,,0,-1,
h5.0_J15,5.0,15,100,13534343,881,0,-1,,0,-1,
h5.0_J15,5.0,15,100,13534343,882,1,262,13.100000000000001,1,264,13.200000000000001
h5.0_J15,5.0,15,100,13534343,883,0,-1,,0,-1,
h5.0_J15,5.0,15,100,13534343,884,0,-1,,0,-1,
h5.0_J15,5.0,15,100,13534343,885,0,-1,,0,-1,
h5.0_J15,5.0,15,100,13534343,886,0,-1,,0,-1,
h5.0_J15,5.0,15,100,13534343,887,0,-1,,0,-1,
h5.0_J15,5.0,15,100,13534343,888,0,-1,,0,-1,
h5.0_J15,5.0,15,100,13534343,889,0,-1,,0,-1,
h5.0_J15,5.0,15,100,13534343,890,0,-1,,0,-1,
h5.0_J15,5.0,15,100,13534343,891,0,-1,,0,-1,
h5.0_J15,5.0,15,100,13534343,892,0,-1,,0,-1,
h5.0_J15,5.0,15,100,13534343,893,0,-1,,0,-1,
h5.0_J15,5.0,15,100,13534343,894,0,-1,,0,-1,
h5.0_J15,5.0,15,100,13534343,895,0,-1,,0,-1,
h5.0_J15,5.0,15,100,13534343,896,0,-1,,0,-1,
h5.0_J15,5.0,15,100,13534343,897,0,-1,,0,-1,
h5.0_J15,5.0,15,100,13534343,898,0,-1,,0,-1,
h5.0_J15,5.0,15,100,13534343,899,0,-1,,0,-1,
h5.0_J15,5.0,15,100,13534343,900,0,-1,,0,-1,
h5.0_J15,5.0,15,100,13534343,901,0,-1,,0,-1,
h5.0_J15,5.0,15,100,13534343,902,0,-1,,0,-1,
h5.0_J15,5.0,15,100,13534343,903,0,-1,,0,-1,
h5.0_J15,5.0,15,100,13534343,904,0,-1,,0,-1,
h5.0_J15,5.0,15,100,13534343,905,0,-1,,0,-1,
h5.0_J15,5.0,15,100,13534343,906,0,-1,,0,-1,
h5.0_J15,5.0,15,100,13534343,907,0,-1,,0,-1,
h5.0_J15,5.0,15,100,13534343,908,0,-1,,0,-1,
h5.0_J15,5.0,15,100,13534343,909,0,-1,,0,-1,
h5.0_J15,5.0,15,100,13534343,910,0,-1,,0,-1,
h5.0_J15,5.0,15,100,13534343,911,0,-1,,0,-1,
h5.0_J15,5.0,15,100,13534343,912,0,-1,,0,-1,
h5.0_J15,5.0,15,100,13534343,913,0,-1,,0,-1,
h5.0_J15,5.0,15,100,13534343,914,0,-1,,0,-1,
h5.0_J15,5.0,15,100,13534343,915,0,-1,,0,-1,
h5.0_J15,5.0,15,100,13534343,916,0,-1,,0,-1,
h5.0_J15,5.0,15,100,13534343,917,0,-1,,0,-1,
h5.0_J15,5.0,15,100,13534343,918,0,-1,,0,-1,
h5.0_J15,5.0,15,100,13534343,919,1,272,13.600000000000001,1,277,13.850000000000001
h5.0_J15,5.0,15,100,13534343,920,0,-1,,0,-1,
h5.0_J15,5.0,15,100,13534343,921,0,-1,,0,-1,
h5.0_J15,5.0,15,100,13534343,922,0,-1,,0,-1,
h5.0_J15,5.0,15,100,13534343,923,0,-1,,0,-1,
h5.0_J15,5.0,15,100,13534343,924,0,-1,,0,-1,
h5.0_J15,5.0,15,100,13534343,925,0,-1,,0,-1,
h5.0_J15,5.0,15,100,13534343,926,0,-1,,0,-1,
h5.0_J15,5.0,15,100,13534343,927,0,-1,,0,-1,
h5.0_J15,5.0,15,100,13534343,928,0,-1,,0,-1,
h5.0_J15,5.0,15,100,13534343,929,0,-1,,0,-1,
h5.0_J15,5.0,15,100,13534343,930,0,-1,,0,-1,
h5.0_J15,5.0,15,100,13534343,931,0,-1,,0,-1,
h5.0_J15,5.0,15,100,13534343,932,0,-1,,0,-1,
h5.0_J15,5.0,15,100,13534343,933,0,-1,,0,-1,
h5.0_J15,5.0,15,100,13534343,934,0,-1,,0,-1,
h5.0_J15,5.0,15,100,13534343,935,0,-1,,0,-1,
h5.0_J15,5.0,15,100,13534343,936,0,-1,,0,-1,
h5.0_J15,5.0,15,100,13534343,937,0,-1,,0,-1,
h5.0_J15,5.0,15,100,13534343,938,0,-1,,0,-1,
h5.0_J15,5.0,15,100,13534343,939,0,-1,,0,-1,
h5.0_J15,5.0,15,100,13534343,940,0,-1,,0,-1,
h5.0_J15,5.0,15,100,13534343,941,0,-1,,0,-1,
h5.0_J15,5.0,15,100,13534343,942,0,-1,,0,-1,
h5.0_J15,5.0,15,100,13534343,943,0,-1,,0,-1,
h5.0_J15,5.0,15,100,13534343,944,0,-1,,0,-1,
h5.0_J15,5.0,15,100,13534343,945,0,-1,,0,-1,
h5.0_J15,5.0,15,100,13534343,946,0,-1,,0,-1,
h5.0_J15,5.0,15,100,13534343,947,0,-1,,0,-1,
h5.0_J15,5.0,15,100,13534343,948,0,-1,,0,-1,
h5.0_J15,5.0,15,100,13534343,949,0,-1,,0,-1,
h5.0_J15,5.0,15,100,13534343,950,0,-1,,0,-1,
h5.0_J15,5.0,15,100,13534343,951,0,-1,,0,-1,
h5.0_J15,5.0,15,100,13534343,952,0,-1,,0,-1,
h5.0_J15,5.0,15,100,13534343,953,0,-1,,0,-1,
h5.0_J15,5.0,15,100,13534343,954,0,-1,,0,-1,
h5.0_J15,5.0,15,100,13534343,955,0,-1,,0,-1,
h5.0_J15,5.0,15,100,13534343,956,1,289,14.450000000000001,1,293,14.65
h5.0_J15,5.0,15,100,13534343,957,0,-1,,0,-1,
h5.0_J15,5.0,15,100,13534343,958,0,-1,,0,-1,
h5.0_J15,5.0,15,100,13534343,959,0,-1,,0,-1,
h5.0_J15,5.0,15,100,13534343,960,0,-1,,0,-1,
h5.0_J15,5.0,15,100,13534343,961,0,-1,,0,-1,
h5.0_J15,5.0,15,100,13534343,962,0,-1,,0,-1,
h5.0_J15,5.0,15,100,13534343,963,0,-1,,0,-1,
h5.0_J15,5.0,15,100,13534343,964,0,-1,,0,-1,
h5.0_J15,5.0,15,100,13534343,965,0,-1,,0,-1,
h5.0_J15,5.0,15,100,13534343,966,0,-1,,0,-1,
h5.0_J15,5.0,15,100,13534343,967,0,-1,,0,-1,
h5.0_J15,5.0,15,100,13534343,968,0,-1,,0,-1,
h5.0_J15,5.0,15,100,13534343,969,0,-1,,0,-1,
h5.0_J15,5.0,15,100,13534343,970,0,-1,,0,-1,
h5.0_J15,5.0,15,100,13534343,971,0,-1,,0,-1,
h5.0_J15,5.0,15,100,13534343,972,0,-1,,0,-1,
h5.0_J15,5.0,15,100,13534343,973,0,-1,,0,-1,
h5.0_J15,5.0,15,100,13534343,974,0,-1,,0,-1,
h5.0_J15,5.0,15,100,13534343,975,0,-1,,0,-1,
h5.0_J15,5.0,15,100,13534343,976,0,-1,,1,15062,753.1
h5.0_J15,5.0,15,100,13534343,977,0,-1,,0,-1,
h5.0_J15,5.0,15,100,13534343,978,0,-1,,0,-1,
h5.0_J15,5.0,15,100,13534343,979,0,-1,,0,-1,
h5.0_J15,5.0,15,100,13534343,980,0,-1,,0,-1,
h5.0_J15,5.0,15,100,13534343,981,0,-1,,0,-1,
h5.0_J15,5.0,15,100,13534343,982,0,-1,,0,-1,
h5.0_J15,5.0,15,100,13534343,983,0,-1,,0,-1,
h5.0_J15,5.0,15,100,13534343,984,0,-1,,0,-1,
h5.0_J15,5.0,15,100,13534343,985,0,-1,,0,-1,
h5.0_J15,5.0,15,100,13534343,986,0,-1,,0,-1,
h5.0_J15,5.0,15,100,13534343,987,0,-1,,0,-1,
h5.0_J15,5.0,15,100,13534343,988,0,-1,,0,-1,
h5.0_J15,5.0,15,100,13534343,989,0,-1,,0,-1,
h5.0_J15,5.0,15,100,13534343,990,0,-1,,0,-1,
h5.0_J15,5.0,15,100,13534343,991,0,-1,,0,-1,
h5.0_J15,5.0,15,100,13534343,992,0,-1,,0,-1,
h5.0_J15,5.0,15,100,13534343,993,0,-1,,0,-1,
h5.0_J15,5.0,15,100,13534343,994,0,-1,,0,-1,
h5.0_J15,5.0,15,100,13534343,995,0,-1,,0,-1,
h5.0_J15,5.0,15,100,13534343,996,0,-1,,0,-1,
h5.0_J15,5.0,15,100,13534343,997,0,-1,,0,-1,
h5.0_J15,5.0,15,100,13534343,998,0,-1,,0,-1,
h5.0_J15,5.0,15,100,13534343,999,0,-1,,0,-1,
h5.0_J15,5.0,15,100,13534343,1000,0,-1,,0,-1,
h5.0_J15,5.0,15,100,13534343,1001,0,-1,,0,-1,
h5.0_J15,5.0,15,100,13534343,1002,0,-1,,0,-1,
h5.0_J15,5.0,15,100,13534343,1003,0,-1,,0,-1,
h5.0_J15,5.0,15,100,13534343,1004,0,-1,,0,-1,
h5.0_J15,5.0,15,100,13534343,1005,0,-1,,0,-1,
h5.0_J15,5.0,15,100,13534343,1006,0,-1,,0,-1,
h5.0_J15,5.0,15,100,13534343,1007,0,-1,,0,-1,
h5.0_J15,5.0,15,100,13534343,1008,0,-1,,0,-1,
h5.0_J15,5.0,15,100,13534343,1009,0,-1,,0,-1,
h5.0_J15,5.0,15,100,13534343,1010,0,-1,,0,-1,
h5.0_J15,5.0,15,100,13534343,1011,0,-1,,0,-1,
h5.0_J15,5.0,15,100,13534343,1012,0,-1,,0,-1,
h5.0_J15,5.0,15,100,13534343,1013,0,-1,,0,-1,
h5.0_J15,5.0,15,100,13534343,1014,0,-1,,0,-1,
h5.0_J15,5.0,15,100,13534343,1015,0,-1,,0,-1,
h5.0_J15,5.0,15,100,13534343,1016,0,-1,,0,-1,
h5.0_J15,5.0,15,100,13534343,1017,0,-1,,0,-1,
h5.0_J15,5.0,15,100,13534343,1018,0,-1,,0,-1,
h5.0_J15,5.0,15,100,13534343,1019,0,-1,,0,-1,
h5.0_J15,5.0,15,100,13534343,1020,0,-1,,0,-1,
h5.0_J15,5.0,15,100,13534343,1021,0,-1,,0,-1,
h5.0_J15,5.0,15,100,13534343,1022,0,-1,,0,-1,
h5.0_J15,5.0,15,100,13534343,1023,0,-1,,0,-1,
h5.0_J15,5.0,15,100,13534343,1024,0,-1,,0,-1,
h5.0_J15,5.0,15,100,13534343,1025,0,-1,,0,-1,
h5.0_J15,5.0,15,100,13534343,1026,0,-1,,0,-1,
h5.0_J15,5.0,15,100,13534343,1027,0,-1,,0,-1,
h5.0_J15,5.0,15,100,13534343,1028,0,-1,,0,-1,
h5.0_J15,5.0,15,100,13534343,1029,0,-1,,0,-1,
h5.0_J15,5.0,15,100,13534343,1030,0,-1,,0,-1,
h5.0_J15,5.0,15,100,13534343,1031,0,-1,,0,-1,
h5.0_J15,5.0,15,100,13534343,1032,0,-1,,0,-1,
h5.0_J15,5.0,15,100,13534343,1033,0,-1,,0,-1,
h5.0_J15,5.0,15,100,13534343,1034,0,-1,,0,-1,
h5.0_J15,5.0,15,100,13534343,1035,0,-1,,0,-1,
h5.0_J15,5.0,15,100,13534343,1036,0,-1,,0,-1,
h5.0_J15,5.0,15,100,13534343,1037,0,-1,,0,-1,
h5.0_J15,5.0,15,100,13534343,1038,0,-1,,0,-1,
h5.0_J15,5.0,15,100,13534343,1039,0,-1,,0,-1,
h5.0_J15,5.0,15,100,13534343,1040,0,-1,,0,-1,
h5.0_J15,5.0,15,100,13534343,1041,0,-1,,0,-1,
h5.0_J15,5.0,15,100,13534343,1042,0,-1,,0,-1,
h5.0_J15,5.0,15,100,13534343,1043,0,-1,,0,-1,
h5.0_J15,5.0,15,100,13534343,1044,0,-1,,0,-1,
h5.0_J15,5.0,15,100,13534343,1045,0,-1,,0,-1,
h5.0_J15,5.0,15,100,13534343,1046,0,-1,,0,-1,
h5.0_J15,5.0,15,100,13534343,1047,0,-1,,0,-1,
h5.0_J15,5.0,15,100,13534343,1048,0,-1,,0,-1,
h5.0_J15,5.0,15,100,13534343,1049,0,-1,,0,-1,
h5.0_J15,5.0,15,100,13534343,1050,0,-1,,0,-1,
h5.0_J15,5.0,15,100,13534343,1051,0,-1,,0,-1,
h5.0_J15,5.0,15,100,13534343,1052,0,-1,,0,-1,
h5.0_J15,5.0,15,100,13534343,1053,0,-1,,0,-1,
h5.0_J15,5.0,15,100,13534343,1054,0,-1,,0,-1,
h5.0_J15,5.0,15,100,13534343,1055,0,-1,,0,-1,
h5.0_J15,5.0,15,100,13534343,1056,0,-1,,0,-1,
h5.0_J15,5.0,15,100,13534343,1057,1,9724,486.20000000000005,1,9761,488.05
h5.0_J15,5.0,15,100,13534343,1058,0,-1,,0,-1,
h5.0_J15,5.0,15,100,13534343,1059,0,-1,,0,-1,
h5.0_J15,5.0,15,100,13534343,1060,0,-1,,0,-1,
h5.0_J15,5.0,15,100,13534343,1061,0,-1,,0,-1,
h5.0_J15,5.0,15,100,13534343,1062,0,-1,,0,-1,
h5.0_J15,5.0,15,100,13534343,1063,0,-1,,0,-1,
h5.0_J15,5.0,15,100,13534343,1064,0,-1,,0,-1,
h5.0_J15,5.0,15,100,13534343,1065,0,-1,,0,-1,
h5.0_J15,5.0,15,100,13534343,1066,0,-1,,0,-1,
h5.0_J15,5.0,15,100,13534343,1067,0,-1,,0,-1,
h5.0_J15,5.0,15,100,13534343,1068,0,-1,,0,-1,
h5.0_J15,5.0,15,100,13534343,1069,0,-1,,0,-1,
h5.0_J15,5.0,15,100,13534343,1070,0,-1,,0,-1,
h5.0_J15,5.0,15,100,13534343,1071,0,-1,,0,-1,
h5.0_J15,5.0,15,100,13534343,1072,0,-1,,1,7826,391.3
h5.0_J15,5.0,15,100,13534343,1073,0,-1,,0,-1,
h5.0_J15,5.0,15,100,13534343,1074,0,-1,,0,-1,
h5.0_J15,5.0,15,100,13534343,1075,0,-1,,0,-1,
h5.0_J15,5.0,15,100,13534343,1076,0,-1,,0,-1,
h5.0_J15,5.0,15,100,13534343,1077,0,-1,,0,-1,
h5.0_J15,5.0,15,100,13534343,1078,0,-1,,0,-1,
h5.0_J15,5.0,15,100,13534343,1079,0,-1,,0,-1,
h5.0_J15,5.0,15,100,13534343,1080,0,-1,,0,-1,
h5.0_J15,5.0,15,100,13534343,1081,0,-1,,0,-1,
h5.0_J15,5.0,15,100,13534343,1082,0,-1,,0,-1,
h5.0_J15,5.0,15,100,13534343,1083,0,-1,,0,-1,
h5.0_J15,5.0,15,100,13534343,1084,0,-1,,0,-1,
h5.0_J15,5.0,15,100,13534343,1085,0,-1,,0,-1,
h5.0_J15,5.0,15,100,13534343,1086,0,-1,,0,-1,
h5.0_J15,5.0,15,100,13534343,1087,0,-1,,0,-1,
h5.0_J15,5.0,15,100,13534343,1088,0,-1,,0,-1,
h5.0_J15,5.0,15,100,13534343,1089,1,282,14.100000000000001,1,282,14.100000000000001
h5.0_J15,5.0,15,100,13534343,1090,0,-1,,0,-1,
h5.0_J15,5.0,15,100,13534343,1091,0,-1,,0,-1,
h5.0_J15,5.0,15,100,13534343,1092,1,277,13.850000000000001,1,280,14.0
h5.0_J15,5.0,15,100,13534343,1093,0,-1,,0,-1,
h5.0_J15,5.0,15,100,13534343,1094,0,-1,,0,-1,
h5.0_J15,5.0,15,100,13534343,1095,0,-1,,0,-1,
h5.0_J15,5.0,15,100,13534343,1096,0,-1,,0,-1,
h5.0_J15,5.0,15,100,13534343,1097,0,-1,,1,7898,394.90000000000003
h5.0_J15,5.0,15,100,13534343,1098,0,-1,,0,-1,
h5.0_J15,5.0,15,100,13534343,1099,0,-1,,0,-1,
h5.0_J15,5.0,15,100,13534343,1100,0,-1,,0,-1,
h5.0_J15,5.0,15,100,13534343,1101,0,-1,,0,-1,
h5.0_J15,5.0,15,100,13534343,1102,0,-1,,0,-1,
h5.0_J15,5.0,15,100,13534343,1103,0,-1,,0,-1,
h5.0_J15,5.0,15,100,13534343,1104,0,-1,,0,-1,
h5.0_J15,5.0,15,100,13534343,1105,0,-1,,0,-1,
h5.0_J15,5.0,15,100,13534343,1106,0,-1,,0,-1,
h5.0_J15,5.0,15,100,13534343,1107,0,-1,,0,-1,
h5.0_J15,5.0,15,100,13534343,1108,0,-1,,0,-1,
h5.0_J15,5.0,15,100,13534343,1109,0,-1,,0,-1,
h5.0_J15,5.0,15,100,13534343,1110,0,-1,,0,-1,
h5.0_J15,5.0,15,100,13534343,1111,0,-1,,0,-1,
h5.0_J15,5.0,15,100,13534343,1112,0,-1,,0,-1,
h5.0_J15,5.0,15,100,13534343,1113,0,-1,,0,-1,
h5.0_J15,5.0,15,100,13534343,1114,0,-1,,0,-1,
h5.0_J15,5.0,15,100,13534343,1115,0,-1,,0,-1,
h5.0_J15,5.0,15,100,13534343,1116,0,-1,,0,-1,
h5.0_J15,5.0,15,100,13534343,1117,0,-1,,0,-1,
h5.0_J15,5.0,15,100,13534343,1118,0,-1,,0,-1,
h5.0_J15,5.0,15,100,13534343,1119,0,-1,,0,-1,
h5.0_J15,5.0,15,100,13534343,1120,0,-1,,0,-1,
h5.0_J15,5.0,15,100,13534343,1121,0,-1,,0,-1,
h5.0_J15,5.0,15,100,13534343,1122,0,-1,,0,-1,
h5.0_J15,5.0,15,100,13534343,1123,0,-1,,0,-1,
h5.0_J15,5.0,15,100,13534343,1124,0,-1,,0,-1,
h5.0_J15,5.0,15,100,13534343,1125,0,-1,,0,-1,
h5.0_J15,5.0,15,100,13534343,1126,0,-1,,0,-1,
h5.0_J15,5.0,15,100,13534343,1127,0,-1,,0,-1,
h5.0_J15,5.0,15,100,13534343,1128,0,-1,,0,-1,
h5.0_J15,5.0,15,100,13534343,1129,0,-1,,0,-1,
h5.0_J15,5.0,15,100,13534343,1130,0,-1,,0,-1,
h5.0_J15,5.0,15,100,13534343,1131,0,-1,,0,-1,
h5.0_J15,5.0,15,100,13534343,1132,0,-1,,0,-1,
h5.0_J15,5.0,15,100,13534343,1133,0,-1,,0,-1,
h5.0_J15,5.0,15,100,13534343,1134,0,-1,,0,-1,
h5.0_J15,5.0,15,100,13534343,1135,0,-1,,0,-1,
h5.0_J15,5.0,15,100,13534343,1136,0,-1,,0,-1,
h5.0_J15,5.0,15,100,13534343,1137,0,-1,,0,-1,
h5.0_J15,5.0,15,100,13534343,1138,0,-1,,0,-1,
h5.0_J15,5.0,15,100,13534343,1139,0,-1,,0,-1,
h5.0_J15,5.0,15,100,13534343,1140,0,-1,,0,-1,
h5.0_J15,5.0,15,100,13534343,1141,0,-1,,0,-1,
h5.0_J15,5.0,15,100,13534343,1142,0,-1,,0,-1,
h5.0_J15,5.0,15,100,13534343,1143,0,-1,,0,-1,
h5.0_J15,5.0,15,100,13534343,1144,0,-1,,0,-1,
h5.0_J15,5.0,15,100,13534343,1145,0,-1,,0,-1,
h5.0_J15,5.0,15,100,13534343,1146,0,-1,,0,-1,
h5.0_J15,5.0,15,100,13534343,1147,0,-1,,0,-1,
h5.0_J15,5.0,15,100,13534343,1148,0,-1,,0,-1,
h5.0_J15,5.0,15,100,13534343,1149,0,-1,,0,-1,
h5.0_J15,5.0,15,100,13534343,1150,0,-1,,0,-1,
h5.0_J15,5.0,15,100,13534343,1151,0,-1,,0,-1,
h5.0_J15,5.0,15,100,13534343,1152,0,-1,,0,-1,
h5.0_J15,5.0,15,100,13534343,1153,0,-1,,0,-1,
h5.0_J15,5.0,15,100,13534343,1154,0,-1,,0,-1,
h5.0_J15,5.0,15,100,13534343,1155,0,-1,,0,-1,
h5.0_J15,5.0,15,100,13534343,1156,0,-1,,0,-1,
h5.0_J15,5.0,15,100,13534343,1157,0,-1,,0,-1,
h5.0_J15,5.0,15,100,13534343,1158,0,-1,,0,-1,
h5.0_J15,5.0,15,100,13534343,1159,0,-1,,0,-1,
h5.0_J15,5.0,15,100,13534343,1160,0,-1,,0,-1,
h5.0_J15,5.0,15,100,13534343,1161,0,-1,,0,-1,
h5.0_J15,5.0,15,100,13534343,1162,0,-1,,0,-1,
h5.0_J15,5.0,15,100,13534343,1163,1,280,14.0,1,285,14.25
h5.0_J15,5.0,15,100,13534343,1164,0,-1,,0,-1,
h5.0_J15,5.0,15,100,13534343,1165,0,-1,,0,-1,
h5.0_J15,5.0,15,100,13534343,1166,0,-1,,0,-1,
h5.0_J15,5.0,15,100,13534343,1167,0,-1,,0,-1,
h5.0_J15,5.0,15,100,13534343,1168,0,-1,,0,-1,
h5.0_J15,5.0,15,100,13534343,1169,0,-1,,0,-1,
h5.0_J15,5.0,15,100,13534343,1170,0,-1,,0,-1,
h5.0_J15,5.0,15,100,13534343,1171,0,-1,,0,-1,
h5.0_J15,5.0,15,100,13534343,1172,0,-1,,0,-1,
h5.0_J15,5.0,15,100,13534343,1173,0,-1,,0,-1,
h5.0_J15,5.0,15,100,13534343,1174,0,-1,,0,-1,
h5.0_J15,5.0,15,100,13534343,1175,0,-1,,0,-1,
h5.0_J15,5.0,15,100,13534343,1176,0,-1,,0,-1,
h5.0_J15,5.0,15,100,13534343,1177,0,-1,,0,-1,
h5.0_J15,5.0,15,100,13534343,1178,0,-1,,0,-1,
h5.0_J15,5.0,15,100,13534343,1179,0,-1,,0,-1,
h5.0_J15,5.0,15,100,13534343,1180,0,-1,,0,-1,
h5.0_J15,5.0,15,100,13534343,1181,0,-1,,0,-1,
h5.0_J15,5.0,15,100,13534343,1182,0,-1,,0,-1,
h5.0_J15,5.0,15,100,13534343,1183,0,-1,,0,-1,
h5.0_J15,5.0,15,100,13534343,1184,0,-1,,0,-1,
h5.0_J15,5.0,15,100,13534343,1185,0,-1,,0,-1,
h5.0_J15,5.0,15,100,13534343,1186,0,-1,,0,-1,
h5.0_J15,5.0,15,100,13534343,1187,0,-1,,0,-1,
h5.0_J15,5.0,15,100,13534343,1188,0,-1,,0,-1,
h5.0_J15,5.0,15,100,13534343,1189,0,-1,,1,1992,99.60000000000001
h5.0_J15,5.0,15,100,13534343,1190,0,-1,,0,-1,
h5.0_J15,5.0,15,100,13534343,1191,1,277,13.850000000000001,1,279,13.950000000000001
h5.0_J15,5.0,15,100,13534343,1192,0,-1,,0,-1,
h5.0_J15,5.0,15,100,13534343,1193,0,-1,,0,-1,
h5.0_J15,5.0,15,100,13534343,1194,0,-1,,0,-1,
h5.0_J15,5.0,15,100,13534343,1195,0,-1,,0,-1,
h5.0_J15,5.0,15,100,13534343,1196,0,-1,,0,-1,
h5.0_J15,5.0,15,100,13534343,1197,0,-1,,0,-1,
h5.0_J15,5.0,15,100,13534343,1198,0,-1,,0,-1,
h5.0_J15,5.0,15,100,13534343,1199,0,-1,,0,-1,
h5.0_J15,5.0,15,100,13534343,1200,0,-1,,0,-1,
h5.0_J15,5.0,15,100,13534343,1201,0,-1,,0,-1,
h5.0_J15,5.0,15,100,13534343,1202,0,-1,,0,-1,
h5.0_J15,5.0,15,100,13534343,1203,0,-1,,0,-1,
h5.0_J15,5.0,15,100,13534343,1204,0,-1,,0,-1,
h5.0_J15,5.0,15,100,13534343,1205,0,-1,,0,-1,
h5.0_J15,5.0,15,100,13534343,1206,0,-1,,0,-1,
h5.0_J15,5.0,15,100,13534343,1207,0,-1,,0,-1,
h5.0_J15,5.0,15,100,13534343,1208,0,-1,,0,-1,
h5.0_J15,5.0,15,100,13534343,1209,0,-1,,0,-1,
h5.0_J15,5.0,15,100,13534343,1210,0,-1,,0,-1,
h5.0_J15,5.0,15,100,13534343,1211,0,-1,,0,-1,
h5.0_J15,5.0,15,100,13534343,1212,0,-1,,0,-1,
h5.0_J15,5.0,15,100,13534343,1213,0,-1,,0,-1,
h5.0_J15,5.0,15,100,13534343,1214,0,-1,,0,-1,
h5.0_J15,5.0,15,100,13534343,1215,0,-1,,0,-1,
h5.0_J15,5.0,15,100,13534343,1216,0,-1,,0,-1,
h5.0_J15,5.0,15,100,13534343,1217,0,-1,,0,-1,
h5.0_J15,5.0,15,100,13534343,1218,0,-1,,0,-1,
h5.0_J15,5.0,15,100,13534343,1219,0,-1,,0,-1,
h5.0_J15,5.0,15,100,13534343,1220,0,-1,,0,-1,
h5.0_J15,5.0,15,100,13534343,1221,0,-1,,0,-1,
h5.0_J15,5.0,15,100,13534343,1222,0,-1,,0,-1,
h5.0_J15,5.0,15,100,13534343,1223,0,-1,,0,-1,
h5.0_J15,5.0,15,100,13534343,1224,0,-1,,0,-1,
h5.0_J15,5.0,15,100,13534343,1225,0,-1,,0,-1,
h5.0_J15,5.0,15,100,13534343,1226,0,-1,,0,-1,
h5.0_J15,5.0,15,100,13534343,1227,0,-1,,0,-1,
h5.0_J15,5.0,15,100,13534343,1228,0,-1,,0,-1,
h5.0_J15,5.0,15,100,13534343,1229,0,-1,,0,-1,
h5.0_J15,5.0,15,100,13534343,1230,0,-1,,0,-1,
h5.0_J15,5.0,15,100,13534343,1231,0,-1,,0,-1,
h5.0_J15,5.0,15,100,13534343,1232,0,-1,,0,-1,
h5.0_J15,5.0,15,100,13534343,1233,0,-1,,0,-1,
h5.0_J15,5.0,15,100,13534343,1234,0,-1,,0,-1,
h5.0_J15,5.0,15,100,13534343,1235,0,-1,,0,-1,
h5.0_J15,5.0,15,100,13534343,1236,0,-1,,0,-1,
h5.0_J15,5.0,15,100,13534343,1237,0,-1,,0,-1,
h5.0_J15,5.0,15,100,13534343,1238,0,-1,,0,-1,
h5.0_J15,5.0,15,100,13534343,1239,0,-1,,0,-1,
h5.0_J15,5.0,15,100,13534343,1240,0,-1,,0,-1,
h5.0_J15,5.0,15,100,13534343,1241,0,-1,,0,-1,
h5.0_J15,5.0,15,100,13534343,1242,1,271,13.55,1,274,13.700000000000001
h5.0_J15,5.0,15,100,13534343,1243,0,-1,,0,-1,
h5.0_J15,5.0,15,100,13534343,1244,0,-1,,0,-1,
h5.0_J15,5.0,15,100,13534343,1245,0,-1,,0,-1,
h5.0_J15,5.0,15,100,13534343,1246,0,-1,,0,-1,
h5.0_J15,5.0,15,100,13534343,1247,0,-1,,0,-1,
h5.0_J15,5.0,15,100,13534343,1248,0,-1,,0,-1,
h5.0_J15,5.0,15,100,13534343,1249,0,-1,,0,-1,
h5.0_J15,5.0,15,100,13534343,1250,0,-1,,0,-1,
h5.0_J15,5.0,15,100,13534343,1251,0,-1,,0,-1,
h5.0_J15,5.0,15,100,13534343,1252,0,-1,,0,-1,
h5.0_J15,5.0,15,100,13534343,1253,0,-1,,0,-1,
h5.0_J15,5.0,15,100,13534343,1254,0,-1,,0,-1,
h5.0_J15,5.0,15,100,13534343,1255,0,-1,,0,-1,
h5.0_J15,5.0,15,100,13534343,1256,0,-1,,0,-1,
h5.0_J15,5.0,15,100,13534343,1257,0,-1,,0,-1,
h5.0_J15,5.0,15,100,13534343,1258,0,-1,,0,-1,
h5.0_J15,5.0,15,100,13534343,1259,0,-1,,0,-1,
h5.0_J15,5.0,15,100,13534343,1260,0,-1,,0,-1,
h5.0_J15,5.0,15,100,13534343,1261,0,-1,,0,-1,
h5.0_J15,5.0,15,100,13534343,1262,1,13515,675.75,1,13530,676.5
h5.0_J15,5.0,15,100,13534343,1263,0,-1,,0,-1,
h5.0_J15,5.0,15,100,13534343,1264,0,-1,,0,-1,
h5.0_J15,5.0,15,100,13534343,1265,0,-1,,0,-1,
h5.0_J15,5.0,15,100,13534343,1266,0,-1,,0,-1,
h5.0_J15,5.0,15,100,13534343,1267,0,-1,,0,-1,
h5.0_J15,5.0,15,100,13534343,1268,0,-1,,0,-1,
h5.0_J15,5.0,15,100,13534343,1269,0,-1,,0,-1,
h5.0_J15,5.0,15,100,13534343,1270,0,-1,,0,-1,
h5.0_J15,5.0,15,100,13534343,1271,0,-1,,0,-1,
h5.0_J15,5.0,15,100,13534343,1272,0,-1,,0,-1,
h5.0_J15,5.0,15,100,13534343,1273,0,-1,,0,-1,
h5.0_J15,5.0,15,100,13534343,1274,0,-1,,0,-1,
h5.0_J15,5.0,15,100,13534343,1275,0,-1,,0,-1,
h5.0_J15,5.0,15,100,13534343,1276,0,-1,,0,-1,
h5.0_J15,5.0,15,100,13534343,1277,0,-1,,0,-1,
h5.0_J15,5.0,15,100,13534343,1278,0,-1,,0,-1,
h5.0_J15,5.0,15,100,13534343,1279,0,-1,,0,-1,
h5.0_J15,5.0,15,100,13534343,1280,0,-1,,0,-1,
h5.0_J15,5.0,15,100,13534343,1281,0,-1,,0,-1,
h5.0_J15,5.0,15,100,13534343,1282,0,-1,,0,-1,
h5.0_J15,5.0,15,100,13534343,1283,0,-1,,0,-1,
h5.0_J15,5.0,15,100,13534343,1284,0,-1,,0,-1,
h5.0_J15,5.0,15,100,13534343,1285,0,-1,,0,-1,
h5.0_J15,5.0,15,100,13534343,1286,0,-1,,0,-1,
h5.0_J15,5.0,15,100,13534343,1287,0,-1,,0,-1,
h5.0_J15,5.0,15,100,13534343,1288,0,-1,,0,-1,
h5.0_J15,5.0,15,100,13534343,1289,0,-1,,1,19956,997.8000000000001
h5.0_J15,5.0,15,100,13534343,1290,0,-1,,0,-1,
h5.0_J15,5.0,15,100,13534343,1291,0,-1,,0,-1,
h5.0_J15,5.0,15,100,13534343,1292,0,-1,,0,-1,
h5.0_J15,5.0,15,100,13534343,1293,0,-1,,0,-1,
h5.0_J15,5.0,15,100,13534343,1294,0,-1,,0,-1,
h5.0_J15,5.0,15,100,13534343,1295,0,-1,,0,-1,
h5.0_J15,5.0,15,100,13534343,1296,0,-1,,0,-1,
h5.0_J15,5.0,15,100,13534343,1297,0,-1,,0,-1,
h5.0_J15,5.0,15,100,13534343,1298,0,-1,,0,-1,
h5.0_J15,5.0,15,100,13534343,1299,0,-1,,0,-1,
h5.0_J15,5.0,15,100,13534343,1300,0,-1,,0,-1,
h5.0_J15,5.0,15,100,13534343,1301,0,-1,,0,-1,
h5.0_J15,5.0,15,100,13534343,1302,0,-1,,0,-1,
h5.0_J15,5.0,15,100,13534343,1303,0,-1,,0,-1,
h5.0_J15,5.0,15,100,13534343,1304,0,-1,,0,-1,
h5.0_J15,5.0,15,100,13534343,1305,0,-1,,0,-1,
h5.0_J15,5.0,15,100,13534343,1306,0,-1,,0,-1,
h5.0_J15,5.0,15,100,13534343,1307,0,-1,,0,-1,
h5.0_J15,5.0,15,100,13534343,1308,0,-1,,0,-1,
h5.0_J15,5.0,15,100,13534343,1309,0,-1,,0,-1,
h5.0_J15,5.0,15,100,13534343,1310,0,-1,,0,-1,
h5.0_J15,5.0,15,100,13534343,1311,0,-1,,0,-1,
h5.0_J15,5.0,15,100,13534343,1312,0,-1,,0,-1,
h5.0_J15,5.0,15,100,13534343,1313,0,-1,,0,-1,
h5.0_J15,5.0,15,100,13534343,1314,0,-1,,0,-1,
h5.0_J15,5.0,15,100,13534343,1315,0,-1,,0,-1,
h5.0_J15,5.0,15,100,13534343,1316,0,-1,,0,-1,
h5.0_J15,5.0,15,100,13534343,1317,0,-1,,0,-1,
h5.0_J15,5.0,15,100,13534343,1318,0,-1,,0,-1,
h5.0_J15,5.0,15,100,13534343,1319,0,-1,,0,-1,
h5.0_J15,5.0,15,100,13534343,1320,0,-1,,0,-1,
h5.0_J15,5.0,15,100,13534343,1321,0,-1,,0,-1,
h5.0_J15,5.0,15,100,13534343,1322,0,-1,,0,-1,
h5.0_J15,5.0,15,100,13534343,1323,0,-1,,0,-1,
h5.0_J15,5.0,15,100,13534343,1324,0,-1,,0,-1,
h5.0_J15,5.0,15,100,13534343,1325,0,-1,,0,-1,
h5.0_J15,5.0,15,100,13534343,1326,0,-1,,0,-1,
h5.0_J15,5.0,15,100,13534343,1327,0,-1,,0,-1,
h5.0_J15,5.0,15,100,13534343,1328,0,-1,,0,-1,
h5.0_J15,5.0,15,100,13534343,1329,0,-1,,0,-1,
h5.0_J15,5.0,15,100,13534343,1330,0,-1,,0,-1,
h5.0_J15,5.0,15,100,13534343,1331,0,-1,,0,-1,
h5.0_J15,5.0,15,100,13534343,1332,0,-1,,0,-1,
h5.0_J15,5.0,15,100,13534343,1333,0,-1,,0,-1,
h5.0_J15,5.0,15,100,13534343,1334,0,-1,,0,-1,
h5.0_J15,5.0,15,100,13534343,1335,0,-1,,0,-1,
h5.0_J15,5.0,15,100,13534343,1336,0,-1,,0,-1,
h5.0_J15,5.0,15,100,13534343,1337,0,-1,,0,-1,
h5.0_J15,5.0,15,100,13534343,1338,0,-1,,0,-1,
h5.0_J15,5.0,15,100,13534343,1339,0,-1,,0,-1,
h5.0_J15,5.0,15,100,13534343,1340,0,-1,,0,-1,
h5.0_J15,5.0,15,100,13534343,1341,0,-1,,0,-1,
h5.0_J15,5.0,15,100,13534343,1342,0,-1,,0,-1,
h5.0_J15,5.0,15,100,13534343,1343,0,-1,,0,-1,
h5.0_J15,5.0,15,100,13534343,1344,0,-1,,0,-1,
h5.0_J15,5.0,15,100,13534343,1345,0,-1,,0,-1,
h5.0_J15,5.0,15,100,13534343,1346,1,272,13.600000000000001,1,276,13.8
h5.0_J15,5.0,15,100,13534343,1347,0,-1,,0,-1,
h5.0_J15,5.0,15,100,13534343,1348,0,-1,,0,-1,
h5.0_J15,5.0,15,100,13534343,1349,0,-1,,0,-1,
h5.0_J15,5.0,15,100,13534343,1350,0,-1,,0,-1,
h5.0_J15,5.0,15,100,13534343,1351,0,-1,,0,-1,
h5.0_J15,5.0,15,100,13534343,1352,0,-1,,0,-1,
h5.0_J15,5.0,15,100,13534343,1353,0,-1,,0,-1,
h5.0_J15,5.0,15,100,13534343,1354,0,-1,,0,-1,
h5.0_J15,5.0,15,100,13534343,1355,0,-1,,0,-1,
h5.0_J15,5.0,15,100,13534343,1356,0,-1,,0,-1,
h5.0_J15,5.0,15,100,13534343,1357,0,-1,,0,-1,
h5.0_J15,5.0,15,100,13534343,1358,0,-1,,0,-1,
h5.0_J15,5.0,15,100,13534343,1359,0,-1,,0,-1,
h5.0_J15,5.0,15,100,13534343,1360,0,-1,,0,-1,
h5.0_J15,5.0,15,100,13534343,1361,0,-1,,0,-1,
h5.0_J15,5.0,15,100,13534343,1362,0,-1,,0,-1,
h5.0_J15,5.0,15,100,13534343,1363,0,-1,,0,-1,
h5.0_J15,5.0,15,100,13534343,1364,0,-1,,0,-1,
h5.0_J15,5.0,15,100,13534343,1365,0,-1,,0,-1,
h5.0_J15,5.0,15,100,13534343,1366,0,-1,,0,-1,
h5.0_J15,5.0,15,100,13534343,1367,0,-1,,0,-1,
h5.0_J15,5.0,15,100,13534343,1368,0,-1,,0,-1,
h5.0_J15,5.0,15,100,13534343,1369,0,-1,,0,-1,
h5.0_J15,5.0,15,100,13534343,1370,0,-1,,0,-1,
h5.0_J15,5.0,15,100,13534343,1371,0,-1,,0,-1,
h5.0_J15,5.0,15,100,13534343,1372,0,-1,,0,-1,
h5.0_J15,5.0,15,100,13534343,1373,0,-1,,0,-1,
h5.0_J15,5.0,15,100,13534343,1374,0,-1,,0,-1,
h5.0_J15,5.0,15,100,13534343,1375,0,-1,,0,-1,
h5.0_J15,5.0,15,100,13534343,1376,0,-1,,0,-1,
h5.0_J15,5.0,15,100,13534343,1377,0,-1,,0,-1,
h5.0_J15,5.0,15,100,13534343,1378,0,-1,,0,-1,
h5.0_J15,5.0,15,100,13534343,1379,0,-1,,0,-1,
h5.0_J15,5.0,15,100,13534343,1380,0,-1,,0,-1,
h5.0_J15,5.0,15,100,13534343,1381,0,-1,,0,-1,
h5.0_J15,5.0,15,100,13534343,1382,0,-1,,0,-1,
h5.0_J15,5.0,15,100,13534343,1383,0,-1,,0,-1,
h5.0_J15,5.0,15,100,13534343,1384,0,-1,,0,-1,
h5.0_J15,5.0,15,100,13534343,1385,1,4642,232.10000000000002,1,4681,234.05
h5.0_J15,5.0,15,100,13534343,1386,0,-1,,0,-1,
h5.0_J15,5.0,15,100,13534343,1387,0,-1,,0,-1,
h5.0_J15,5.0,15,100,13534343,1388,0,-1,,0,-1,
h5.0_J15,5.0,15,100,13534343,1389,0,-1,,0,-1,
h5.0_J15,5.0,15,100,13534343,1390,0,-1,,0,-1,
h5.0_J15,5.0,15,100,13534343,1391,0,-1,,0,-1,
h5.0_J15,5.0,15,100,13534343,1392,0,-1,,0,-1,
h5.0_J15,5.0,15,100,13534343,1393,0,-1,,0,-1,
h5.0_J15,5.0,15,100,13534343,1394,0,-1,,0,-1,
h5.0_J15,5.0,15,100,13534343,1395,0,-1,,0,-1,
h5.0_J15,5.0,15,100,13534343,1396,0,-1,,0,-1,
h5.0_J15,5.0,15,100,13534343,1397,0,-1,,0,-1,
h5.0_J15,5.0,15,100,13534343,1398,0,-1,,0,-1,
h5.0_J15,5.0,15,100,13534343,1399,1,19273,963.6500000000001,1,19309,965.45
h5.0_J15,5.0,15,100,13534343,1400,0,-1,,0,-1,
h5.0_J15,5.0,15,100,13534343,1401,0,-1,,0,-1,
h5.0_J15,5.0,15,100,13534343,1402,0,-1,,0,-1,
h5.0_J15,5.0,15,100,13534343,1403,0,-1,,0,-1,
h5.0_J15,5.0,15,100,13534343,1404,0,-1,,0,-1,
h5.0_J15,5.0,15,100,13534343,1405,0,-1,,0,-1,
h5.0_J15,5.0,15,100,13534343,1406,0,-1,,0,-1,
h5.0_J15,5.0,15,100,13534343,1407,0,-1,,0,-1,
h5.0_J15,5.0,15,100,13534343,1408,0,-1,,0,-1,
h5.0_J15,5.0,15,100,13534343,1409,0,-1,,0,-1,
h5.0_J15,5.0,15,100,13534343,1410,0,-1,,0,-1,
h5.0_J15,5.0,15,100,13534343,1411,1,271,13.55,0,-1,
h5.0_J15,5.0,15,100,13534343,1412,0,-1,,0,-1,
h5.0_J15,5.0,15,100,13534343,1413,0,-1,,0,-1,
h5.0_J15,5.0,15,100,13534343,1414,0,-1,,0,-1,
h5.0_J15,5.0,15,100,13534343,1415,0,-1,,0,-1,
h5.0_J15,5.0,15,100,13534343,1416,0,-1,,0,-1,
h5.0_J15,5.0,15,100,13534343,1417,0,-1,,0,-1,
h5.0_J15,5.0,15,100,13534343,1418,0,-1,,0,-1,
h5.0_J15,5.0,15,100,13534343,1419,0,-1,,0,-1,
h5.0_J15,5.0,15,100,13534343,1420,0,-1,,0,-1,
h5.0_J15,5.0,15,100,13534343,1421,0,-1,,0,-1,
h5.0_J15,5.0,15,100,13534343,1422,0,-1,,0,-1,
h5.0_J15,5.0,15,100,13534343,1423,0,-1,,0,-1,
h5.0_J15,5.0,15,100,13534343,1424,0,-1,,0,-1,
h5.0_J15,5.0,15,100,13534343,1425,0,-1,,0,-1,
h5.0_J15,5.0,15,100,13534343,1426,0,-1,,0,-1,
h5.0_J15,5.0,15,100,13534343,1427,0,-1,,0,-1,
h5.0_J15,5.0,15,100,13534343,1428,0,-1,,0,-1,
h5.0_J15,5.0,15,100,13534343,1429,0,-1,,0,-1,
h5.0_J15,5.0,15,100,13534343,1430,0,-1,,0,-1,
h5.0_J15,5.0,15,100,13534343,1431,0,-1,,0,-1,
h5.0_J15,5.0,15,100,13534343,1432,0,-1,,0,-1,
h5.0_J15,5.0,15,100,13534343,1433,0,-1,,0,-1,
h5.0_J15,5.0,15,100,13534343,1434,0,-1,,0,-1,
h5.0_J15,5.0,15,100,13534343,1435,1,296,14.8,0,-1,
h5.0_J15,5.0,15,100,13534343,1436,0,-1,,0,-1,
h5.0_J15,5.0,15,100,13534343,1437,0,-1,,0,-1,
h5.0_J15,5.0,15,100,13534343,1438,0,-1,,0,-1,
h5.0_J15,5.0,15,100,13534343,1439,0,-1,,0,-1,
h5.0_J15,5.0,15,100,13534343,1440,1,274,13.700000000000001,1,278,13.9
h5.0_J15,5.0,15,100,13534343,1441,0,-1,,0,-1,
h5.0_J15,5.0,15,100,13534343,1442,0,-1,,0,-1,
h5.0_J15,5.0,15,100,13534343,1443,0,-1,,0,-1,
h5.0_J15,5.0,15,100,13534343,1444,0,-1,,0,-1,
h5.0_J15,5.0,15,100,13534343,1445,0,-1,,0,-1,
h5.0_J15,5.0,15,100,13534343,1446,0,-1,,0,-1,
h5.0_J15,5.0,15,100,13534343,1447,0,-1,,0,-1,
h5.0_J15,5.0,15,100,13534343,1448,0,-1,,0,-1,
h5.0_J15,5.0,15,100,13534343,1449,0,-1,,0,-1,
h5.0_J15,5.0,15,100,13534343,1450,0,-1,,0,-1,
h5.0_J15,5.0,15,100,13534343,1451,0,-1,,0,-1,
h5.0_J15,5.0,15,100,13534343,1452,0,-1,,0,-1,
h5.0_J15,5.0,15,100,13534343,1453,0,-1,,0,-1,
h5.0_J15,5.0,15,100,13534343,1454,0,-1,,0,-1,
h5.0_J15,5.0,15,100,13534343,1455,0,-1,,0,-1,
h5.0_J15,5.0,15,100,13534343,1456,0,-1,,0,-1,
h5.0_J15,5.0,15,100,13534343,1457,0,-1,,0,-1,
h5.0_J15,5.0,15,100,13534343,1458,0,-1,,0,-1,
h5.0_J15,5.0,15,100,13534343,1459,0,-1,,0,-1,
h5.0_J15,5.0,15,100,13534343,1460,0,-1,,0,-1,
h5.0_J15,5.0,15,100,13534343,1461,0,-1,,0,-1,
h5.0_J15,5.0,15,100,13534343,1462,0,-1,,0,-1,
h5.0_J15,5.0,15,100,13534343,1463,0,-1,,0,-1,
h5.0_J15,5.0,15,100,13534343,1464,0,-1,,0,-1,
h5.0_J15,5.0,15,100,13534343,1465,0,-1,,0,-1,
h5.0_J15,5.0,15,100,13534343,1466,0,-1,,0,-1,
h5.0_J15,5.0,15,100,13534343,1467,0,-1,,0,-1,
h5.0_J15,5.0,15,100,13534343,1468,0,-1,,0,-1,
h5.0_J15,5.0,15,100,13534343,1469,0,-1,,0,-1,
h5.0_J15,5.0,15,100,13534343,1470,0,-1,,0,-1,
h5.0_J15,5.0,15,100,13534343,1471,0,-1,,0,-1,
h5.0_J15,5.0,15,100,13534343,1472,0,-1,,0,-1,
h5.0_J15,5.0,15,100,13534343,1473,0,-1,,0,-1,
h5.0_J15,5.0,15,100,13534343,1474,0,-1,,0,-1,
h5.0_J15,5.0,15,100,13534343,1475,0,-1,,0,-1,
h5.0_J15,5.0,15,100,13534343,1476,0,-1,,0,-1,
h5.0_J15,5.0,15,100,13534343,1477,0,-1,,0,-1,
h5.0_J15,5.0,15,100,13534343,1478,0,-1,,0,-1,
h5.0_J15,5.0,15,100,13534343,1479,0,-1,,0,-1,
h5.0_J15,5.0,15,100,13534343,1480,0,-1,,0,-1,
h5.0_J15,5.0,15,100,13534343,1481,0,-1,,0,-1,
h5.0_J15,5.0,15,100,13534343,1482,0,-1,,0,-1,
h5.0_J15,5.0,15,100,13534343,1483,0,-1,,0,-1,
h5.0_J15,5.0,15,100,13534343,1484,0,-1,,0,-1,
h5.0_J15,5.0,15,100,13534343,1485,0,-1,,0,-1,
h5.0_J15,5.0,15,100,13534343,1486,0,-1,,0,-1,
h5.0_J15,5.0,15,100,13534343,1487,0,-1,,0,-1,
h5.0_J15,5.0,15,100,13534343,1488,0,-1,,0,-1,
h5.0_J15,5.0,15,100,13534343,1489,0,-1,,0,-1,
h5.0_J15,5.0,15,100,13534343,1490,0,-1,,0,-1,
h5.0_J15,5.0,15,100,13534343,1491,0,-1,,0,-1,
h5.0_J15,5.0,15,100,13534343,1492,0,-1,,0,-1,
h5.0_J15,5.0,15,100,13534343,1493,0,-1,,0,-1,
h5.0_J15,5.0,15,100,13534343,1494,1,264,13.200000000000001,1,268,13.4
h5.0_J15,5.0,15,100,13534343,1495,0,-1,,0,-1,
h5.0_J15,5.0,15,100,13534343,1496,0,-1,,0,-1,
h5.0_J15,5.0,15,100,13534343,1497,0,-1,,0,-1,
h5.0_J15,5.0,15,100,13534343,1498,0,-1,,0,-1,
h5.0_J15,5.0,15,100,13534343,1499,0,-1,,0,-1,
h5.0_J15,5.0,15,100,13534343,1500,0,-1,,0,-1,
h5.0_J15,5.0,15,100,13534343,1501,0,-1,,0,-1,
h5.0_J15,5.0,15,100,13534343,1502,0,-1,,0,-1,
h5.0_J15,5.0,15,100,13534343,1503,0,-1,,0,-1,
h5.0_J15,5.0,15,100,13534343,1504,0,-1,,0,-1,
h5.0_J15,5.0,15,100,13534343,1505,0,-1,,0,-1,
h5.0_J15,5.0,15,100,13534343,1506,0,-1,,0,-1,
h5.0_J15,5.0,15,100,13534343,1507,0,-1,,0,-1,
h5.0_J15,5.0,15,100,13534343,1508,0,-1,,0,-1,
h5.0_J15,5.0,15,100,13534343,1509,0,-1,,0,-1,
h5.0_J15,5.0,15,100,13534343,1510,0,-1,,0,-1,
h5.0_J15,5.0,15,100,13534343,1511,0,-1,,0,-1,
h5.0_J15,5.0,15,100,13534343,1512,0,-1,,0,-1,
h5.0_J15,5.0,15,100,13534343,1513,0,-1,,1,1849,92.45
h5.0_J15,5.0,15,100,13534343,1514,0,-1,,0,-1,
h5.0_J15,5.0,15,100,13534343,1515,0,-1,,0,-1,
h5.0_J15,5.0,15,100,13534343,1516,0,-1,,0,-1,
h5.0_J15,5.0,15,100,13534343,1517,0,-1,,0,-1,
h5.0_J15,5.0,15,100,13534343,1518,0,-1,,0,-1,
h5.0_J15,5.0,15,100,13534343,1519,0,-1,,0,-1,
h5.0_J15,5.0,15,100,13534343,1520,0,-1,,0,-1,
h5.0_J15,5.0,15,100,13534343,1521,0,-1,,0,-1,
h5.0_J15,5.0,15,100,13534343,1522,0,-1,,0,-1,
h5.0_J15,5.0,15,100,13534343,1523,0,-1,,0,-1,
h5.0_J15,5.0,15,100,13534343,1524,0,-1,,0,-1,
h5.0_J15,5.0,15,100,13534343,1525,0,-1,,0,-1,
h5.0_J15,5.0,15,100,13534343,1526,0,-1,,0,-1,
h5.0_J15,5.0,15,100,13534343,1527,0,-1,,0,-1,
h5.0_J15,5.0,15,100,13534343,1528,0,-1,,0,-1,
h5.0_J15,5.0,15,100,13534343,1529,0,-1,,0,-1,
h5.0_J15,5.0,15,100,13534343,1530,0,-1,,0,-1,
h5.0_J15,5.0,15,100,13534343,1531,0,-1,,0,-1,
h5.0_J15,5.0,15,100,13534343,1532,0,-1,,0,-1,
h5.0_J15,5.0,15,100,13534343,1533,0,-1,,0,-1,
h5.0_J15,5.0,15,100,13534343,1534,0,-1,,0,-1,
h5.0_J15,5.0,15,100,13534343,1535,0,-1,,0,-1,
h5.0_J15,5.0,15,100,13534343,1536,0,-1,,0,-1,
h5.0_J15,5.0,15,100,13534343,1537,0,-1,,0,-1,
h5.0_J15,5.0,15,100,13534343,1538,0,-1,,0,-1,
h5.0_J15,5.0,15,100,13534343,1539,0,-1,,0,-1,
h5.0_J15,5.0,15,100,13534343,1540,0,-1,,0,-1,
h5.0_J15,5.0,15,100,13534343,1541,0,-1,,0,-1,
h5.0_J15,5.0,15,100,13534343,1542,0,-1,,0,-1,
h5.0_J15,5.0,15,100,13534343,1543,0,-1,,0,-1,
h5.0_J15,5.0,15,100,13534343,1544,0,-1,,0,-1,
h5.0_J15,5.0,15,100,13534343,1545,0,-1,,0,-1,
h5.0_J15,5.0,15,100,13534343,1546,0,-1,,0,-1,
h5.0_J15,5.0,15,100,13534343,1547,0,-1,,0,-1,
h5.0_J15,5.0,15,100,13534343,1548,0,-1,,0,-1,
h5.0_J15,5.0,15,100,13534343,1549,0,-1,,0,-1,
h5.0_J15,5.0,15,100,13534343,1550,0,-1,,0,-1,
h5.0_J15,5.0,15,100,13534343,1551,0,-1,,0,-1,
h5.0_J15,5.0,15,100,13534343,1552,0,-1,,0,-1,
h5.0_J15,5.0,15,100,13534343,1553,0,-1,,0,-1,
h5.0_J15,5.0,15,100,13534343,1554,0,-1,,0,-1,
h5.0_J15,5.0,15,100,13534343,1555,0,-1,,0,-1,
h5.0_J15,5.0,15,100,13534343,1556,0,-1,,0,-1,
h5.0_J15,5.0,15,100,13534343,1557,0,-1,,0,-1,
h5.0_J15,5.0,15,100,13534343,1558,0,-1,,0,-1,
h5.0_J15,5.0,15,100,13534343,1559,0,-1,,0,-1,
h5.0_J15,5.0,15,100,13534343,1560,0,-1,,0,-1,
h5.0_J15,5.0,15,100,13534343,1561,0,-1,,0,-1,
h5.0_J15,5.0,15,100,13534343,1562,0,-1,,0,-1,
h5.0_J15,5.0,15,100,13534343,1563,0,-1,,0,-1,
h5.0_J15,5.0,15,100,13534343,1564,1,287,14.350000000000001,1,290,14.5
h5.0_J15,5.0,15,100,13534343,1565,0,-1,,0,-1,
h5.0_J15,5.0,15,100,13534343,1566,0,-1,,0,-1,
h5.0_J15,5.0,15,100,13534343,1567,0,-1,,0,-1,
h5.0_J15,5.0,15,100,13534343,1568,0,-1,,0,-1,
h5.0_J15,5.0,15,100,13534343,1569,0,-1,,0,-1,
h5.0_J15,5.0,15,100,13534343,1570,0,-1,,0,-1,
h5.0_J15,5.0,15,100,13534343,1571,0,-1,,0,-1,
h5.0_J15,5.0,15,100,13534343,1572,0,-1,,0,-1,
h5.0_J15,5.0,15,100,13534343,1573,0,-1,,0,-1,
h5.0_J15,5.0,15,100,13534343,1574,0,-1,,0,-1,
h5.0_J15,5.0,15,100,13534343,1575,0,-1,,0,-1,
h5.0_J15,5.0,15,100,13534343,1576,0,-1,,0,-1,
h5.0_J15,5.0,15,100,13534343,1577,0,-1,,0,-1,
h5.0_J15,5.0,15,100,13534343,1578,1,263,13.15,1,266,13.3
h5.0_J15,5.0,15,100,13534343,1579,0,-1,,0,-1,
h5.0_J15,5.0,15,100,13534343,1580,0,-1,,0,-1,
h5.0_J15,5.0,15,100,13534343,1581,0,-1,,0,-1,
h5.0_J15,5.0,15,100,13534343,1582,0,-1,,0,-1,
h5.0_J15,5.0,15,100,13534343,1583,0,-1,,0,-1,
h5.0_J15,5.0,15,100,13534343,1584,0,-1,,0,-1,
h5.0_J15,5.0,15,100,13534343,1585,0,-1,,0,-1,
h5.0_J15,5.0,15,100,13534343,1586,0,-1,,0,-1,
h5.0_J15,5.0,15,100,13534343,1587,0,-1,,0,-1,
h5.0_J15,5.0,15,100,13534343,1588,0,-1,,0,-1,
h5.0_J15,5.0,15,100,13534343,1589,0,-1,,0,-1,
h5.0_J15,5.0,15,100,13534343,1590,0,-1,,0,-1,
h5.0_J15,5.0,15,100,13534343,1591,0,-1,,0,-1,
h5.0_J15,5.0,15,100,13534343,1592,0,-1,,0,-1,
h5.0_J15,5.0,15,100,13534343,1593,0,-1,,0,-1,
h5.0_J15,5.0,15,100,13534343,1594,0,-1,,0,-1,
h5.0_J15,5.0,15,100,13534343,1595,0,-1,,0,-1,
h5.0_J15,5.0,15,100,13534343,1596,0,-1,,0,-1,
h5.0_J15,5.0,15,100,13534343,1597,0,-1,,0,-1,
h5.0_J15,5.0,15,100,13534343,1598,1,278,13.9,1,280,14.0
h5.0_J15,5.0,15,100,13534343,1599,0,-1,,0,-1,
h5.0_J15,5.0,15,100,13534343,1600,0,-1,,0,-1,
h5.0_J15,5.0,15,100,13534343,1601,0,-1,,0,-1,
h5.0_J15,5.0,15,100,13534343,1602,0,-1,,0,-1,
h5.0_J15,5.0,15,100,13534343,1603,0,-1,,0,-1,
h5.0_J15,5.0,15,100,13534343,1604,0,-1,,0,-1,
h5.0_J15,5.0,15,100,13534343,1605,0,-1,,0,-1,
h5.0_J15,5.0,15,100,13534343,1606,0,-1,,0,-1,
h5.0_J15,5.0,15,100,13534343,1607,0,-1,,0,-1,
h5.0_J15,5.0,15,100,13534343,1608,0,-1,,0,-1,
h5.0_J15,5.0,15,100,13534343,1609,0,-1,,0,-1,
h5.0_J15,5.0,15,100,13534343,1610,0,-1,,0,-1,
h5.0_J15,5.0,15,100,13534343,1611,0,-1,,0,-1,
h5.0_J15,5.0,15,100,13534343,1612,0,-1,,0,-1,
h5.0_J15,5.0,15,100,13534343,1613,0,-1,,0,-1,
h5.0_J15,5.0,15,100,13534343,1614,0,-1,,0,-1,
h5.0_J15,5.0,15,100,13534343,1615,0,-1,,0,-1,
h5.0_J15,5.0,15,100,13534343,1616,0,-1,,0,-1,
h5.0_J15,5.0,15,100,13534343,1617,0,-1,,0,-1,
h5.0_J15,5.0,15,100,13534343,1618,0,-1,,0,-1,
h5.0_J15,5.0,15,100,13534343,1619,0,-1,,0,-1,
h5.0_J15,5.0,15,100,13534343,1620,0,-1,,0,-1,
h5.0_J15,5.0,15,100,13534343,1621,0,-1,,0,-1,
h5.0_J15,5.0,15,100,13534343,1622,0,-1,,0,-1,
h5.0_J15,5.0,15,100,13534343,1623,0,-1,,0,-1,
h5.0_J15,5.0,15,100,13534343,1624,0,-1,,0,-1,
h5.0_J15,5.0,15,100,13534343,1625,0,-1,,0,-1,
h5.0_J15,5.0,15,100,13534343,1626,0,-1,,0,-1,
h5.0_J15,5.0,15,100,13534343,1627,0,-1,,0,-1,
h5.0_J15,5.0,15,100,13534343,1628,0,-1,,0,-1,
h5.0_J15,5.0,15,100,13534343,1629,0,-1,,0,-1,
h5.0_J15,5.0,15,100,13534343,1630,0,-1,,0,-1,
h5.0_J15,5.0,15,100,13534343,1631,0,-1,,0,-1,
h5.0_J15,5.0,15,100,13534343,1632,0,-1,,0,-1,
h5.0_J15,5.0,15,100,13534343,1633,1,270,13.5,1,271,13.55
h5.0_J15,5.0,15,100,13534343,1634,0,-1,,0,-1,
h5.0_J15,5.0,15,100,13534343,1635,0,-1,,0,-1,
h5.0_J15,5.0,15,100,13534343,1636,0,-1,,0,-1,
h5.0_J15,5.0,15,100,13534343,1637,0,-1,,0,-1,
h5.0_J15,5.0,15,100,13534343,1638,0,-1,,0,-1,
h5.0_J15,5.0,15,100,13534343,1639,0,-1,,0,-1,
h5.0_J15,5.0,15,100,13534343,1640,0,-1,,0,-1,
h5.0_J15,5.0,15,100,13534343,1641,0,-1,,0,-1,
h5.0_J15,5.0,15,100,13534343,1642,0,-1,,0,-1,
h5.0_J15,5.0,15,100,13534343,1643,0,-1,,0,-1,
h5.0_J15,5.0,15,100,13534343,1644,0,-1,,0,-1,
h5.0_J15,5.0,15,100,13534343,1645,0,-1,,0,-1,
h5.0_J15,5.0,15,100,13534343,1646,0,-1,,0,-1,
h5.0_J15,5.0,15,100,13534343,1647,0,-1,,0,-1,
h5.0_J15,5.0,15,100,13534343,1648,0,-1,,0,-1,
h5.0_J15,5.0,15,100,13534343,1649,0,-1,,0,-1,
h5.0_J15,5.0,15,100,13534343,1650,0,-1,,0,-1,
h5.0_J15,5.0,15,100,13534343,1651,0,-1,,0,-1,
h5.0_J15,5.0,15,100,13534343,1652,0,-1,,0,-1,
h5.0_J15,5.0,15,100,13534343,1653,0,-1,,0,-1,
h5.0_J15,5.0,15,100,13534343,1654,0,-1,,0,-1,
h5.0_J15,5.0,15,100,13534343,1655,0,-1,,0,-1,
h5.0_J15,5.0,15,100,13534343,1656,0,-1,,0,-1,
h5.0_J15,5.0,15,100,13534343,1657,0,-1,,0,-1,
h5.0_J15,5.0,15,100,13534343,1658,0,-1,,0,-1,
h5.0_J15,5.0,15,100,13534343,1659,0,-1,,0,-1,
h5.0_J15,5.0,15,100,13534343,1660,0,-1,,0,-1,
h5.0_J15,5.0,15,100,13534343,1661,0,-1,,0,-1,
h5.0_J15,5.0,15,100,13534343,1662,0,-1,,0,-1,
h5.0_J15,5.0,15,100,13534343,1663,0,-1,,0,-1,
h5.0_J15,5.0,15,100,13534343,1664,0,-1,,0,-1,
h5.0_J15,5.0,15,100,13534343,1665,0,-1,,0,-1,
h5.0_J15,5.0,15,100,13534343,1666,0,-1,,0,-1,
h5.0_J15,5.0,15,100,13534343,1667,0,-1,,0,-1,
h5.0_J15,5.0,15,100,13534343,1668,0,-1,,0,-1,
h5.0_J15,5.0,15,100,13534343,1669,0,-1,,0,-1,
h5.0_J15,5.0,15,100,13534343,1670,0,-1,,0,-1,
h5.0_J15,5.0,15,100,13534343,1671,0,-1,,0,-1,
h5.0_J15,5.0,15,100,13534343,1672,0,-1,,1,15831,791.5500000000001
h5.0_J15,5.0,15,100,13534343,1673,0,-1,,0,-1,
h5.0_J15,5.0,15,100,13534343,1674,0,-1,,0,-1,
h5.0_J15,5.0,15,100,13534343,1675,0,-1,,0,-1,
h5.0_J15,5.0,15,100,13534343,1676,0,-1,,0,-1,
h5.0_J15,5.0,15,100,13534343,1677,0,-1,,0,-1,
h5.0_J15,5.0,15,100,13534343,1678,0,-1,,0,-1,
h5.0_J15,5.0,15,100,13534343,1679,0,-1,,0,-1,
h5.0_J15,5.0,15,100,13534343,1680,0,-1,,0,-1,
h5.0_J15,5.0,15,100,13534343,1681,0,-1,,0,-1,
h5.0_J15,5.0,15,100,13534343,1682,0,-1,,0,-1,
h5.0_J15,5.0,15,100,13534343,1683,0,-1,,0,-1,
h5.0_J15,5.0,15,100,13534343,1684,0,-1,,0,-1,
h5.0_J15,5.0,15,100,13534343,1685,0,-1,,0,-1,
h5.0_J15,5.0,15,100,13534343,1686,0,-1,,0,-1,
h5.0_J15,5.0,15,100,13534343,1687,0,-1,,0,-1,
h5.0_J15,5.0,15,100,13534343,1688,0,-1,,0,-1,
h5.0_J15,5.0,15,100,13534343,1689,0,-1,,0,-1,
h5.0_J15,5.0,15,100,13534343,1690,0,-1,,0,-1,
h5.0_J15,5.0,15,100,13534343,1691,0,-1,,0,-1,
h5.0_J15,5.0,15,100,13534343,1692,0,-1,,1,12536,626.8000000000001
h5.0_J15,5.0,15,100,13534343,1693,0,-1,,0,-1,
h5.0_J15,5.0,15,100,13534343,1694,0,-1,,0,-1,
h5.0_J15,5.0,15,100,13534343,1695,0,-1,,0,-1,
h5.0_J15,5.0,15,100,13534343,1696,0,-1,,0,-1,
h5.0_J15,5.0,15,100,13534343,1697,0,-1,,0,-1,
h5.0_J15,5.0,15,100,13534343,1698,0,-1,,0,-1,
h5.0_J15,5.0,15,100,13534343,1699,0,-1,,0,-1,
h5.0_J15,5.0,15,100,13534343,1700,0,-1,,0,-1,
h5.0_J15,5.0,15,100,13534343,1701,0,-1,,0,-1,
h5.0_J15,5.0,15,100,13534343,1702,0,-1,,0,-1,
h5.0_J15,5.0,15,100,13534343,1703,0,-1,,0,-1,
h5.0_J15,5.0,15,100,13534343,1704,0,-1,,0,-1,
h5.0_J15,5.0,15,100,13534343,1705,0,-1,,0,-1,
h5.0_J15,5.0,15,100,13534343,1706,0,-1,,0,-1,
h5.0_J15,5.0,15,100,13534343,1707,1,277,13.850000000000001,1,283,14.15
h5.0_J15,5.0,15,100,13534343,1708,0,-1,,0,-1,
h5.0_J15,5.0,15,100,13534343,1709,0,-1,,0,-1,
h5.0_J15,5.0,15,100,13534343,1710,0,-1,,0,-1,
h5.0_J15,5.0,15,100,13534343,1711,0,-1,,0,-1,
h5.0_J15,5.0,15,100,13534343,1712,0,-1,,0,-1,
h5.0_J15,5.0,15,100,13534343,1713,0,-1,,0,-1,
h5.0_J15,5.0,15,100,13534343,1714,0,-1,,0,-1,
h5.0_J15,5.0,15,100,13534343,1715,0,-1,,0,-1,
h5.0_J15,5.0,15,100,13534343,1716,0,-1,,0,-1,
h5.0_J15,5.0,15,100,13534343,1717,0,-1,,0,-1,
h5.0_J15,5.0,15,100,13534343,1718,1,276,13.8,1,276,13.8
h5.0_J15,5.0,15,100,13534343,1719,0,-1,,0,-1,
h5.0_J15,5.0,15,100,13534343,1720,0,-1,,0,-1,
h5.0_J15,5.0,15,100,13534343,1721,0,-1,,0,-1,
h5.0_J15,5.0,15,100,13534343,1722,0,-1,,0,-1,
h5.0_J15,5.0,15,100,13534343,1723,0,-1,,0,-1,
h5.0_J15,5.0,15,100,13534343,1724,0,-1,,0,-1,
h5.0_J15,5.0,15,100,13534343,1725,0,-1,,0,-1,
h5.0_J15,5.0,15,100,13534343,1726,0,-1,,0,-1,
h5.0_J15,5.0,15,100,13534343,1727,0,-1,,0,-1,
h5.0_J15,5.0,15,100,13534343,1728,0,-1,,0,-1,
h5.0_J15,5.0,15,100,13534343,1729,0,-1,,0,-1,
h5.0_J15,5.0,15,100,13534343,1730,0,-1,,0,-1,
h5.0_J15,5.0,15,100,13534343,1731,0,-1,,0,-1,
h5.0_J15,5.0,15,100,13534343,1732,0,-1,,0,-1,
h5.0_J15,5.0,15,100,13534343,1733,0,-1,,0,-1,
h5.0_J15,5.0,15,100,13534343,1734,0,-1,,0,-1,
h5.0_J15,5.0,15,100,13534343,1735,0,-1,,0,-1,
h5.0_J15,5.0,15,100,13534343,1736,0,-1,,0,-1,
h5.0_J15,5.0,15,100,13534343,1737,0,-1,,0,-1,
h5.0_J15,5.0,15,100,13534343,1738,0,-1,,0,-1,
h5.0_J15,5.0,15,100,13534343,1739,0,-1,,0,-1,
h5.0_J15,5.0,15,100,13534343,1740,0,-1,,0,-1,
h5.0_J15,5.0,15,100,13534343,1741,0,-1,,0,-1,
h5.0_J15,5.0,15,100,13534343,1742,0,-1,,1,6326,316.3
h5.0_J15,5.0,15,100,13534343,1743,0,-1,,0,-1,
h5.0_J15,5.0,15,100,13534343,1744,0,-1,,0,-1,
h5.0_J15,5.0,15,100,13534343,1745,0,-1,,0,-1,
h5.0_J15,5.0,15,100,13534343,1746,0,-1,,0,-1,
h5.0_J15,5.0,15,100,13534343,1747,0,-1,,0,-1,
h5.0_J15,5.0,15,100,13534343,1748,0,-1,,0,-1,
h5.0_J15,5.0,15,100,13534343,1749,0,-1,,0,-1,
h5.0_J15,5.0,15,100,13534343,1750,0,-1,,0,-1,
h5.0_J15,5.0,15,100,13534343,1751,0,-1,,0,-1,
h5.0_J15,5.0,15,100,13534343,1752,0,-1,,0,-1,
h5.0_J15,5.0,15,100,13534343,1753,0,-1,,0,-1,
h5.0_J15,5.0,15,100,13534343,1754,0,-1,,0,-1,
h5.0_J15,5.0,15,100,13534343,1755,0,-1,,0,-1,
h5.0_J15,5.0,15,100,13534343,1756,0,-1,,0,-1,
h5.0_J15,5.0,15,100,13534343,1757,0,-1,,0,-1,
h5.0_J15,5.0,15,100,13534343,1758,0,-1,,0,-1,
h5.0_J15,5.0,15,100,13534343,1759,0,-1,,0,-1,
h5.0_J15,5.0,15,100,13534343,1760,0,-1,,0,-1,
h5.0_J15,5.0,15,100,13534343,1761,0,-1,,0,-1,
h5.0_J15,5.0,15,100,13534343,1762,0,-1,,0,-1,
h5.0_J15,5.0,15,100,13534343,1763,0,-1,,0,-1,
h5.0_J15,5.0,15,100,13534343,1764,0,-1,,0,-1,
h5.0_J15,5.0,15,100,13534343,1765,0,-1,,0,-1,
h5.0_J15,5.0,15,100,13534343,1766,0,-1,,0,-1,
h5.0_J15,5.0,15,100,13534343,1767,0,-1,,0,-1,
h5.0_J15,5.0,15,100,13534343,1768,0,-1,,0,-1,
h5.0_J15,5.0,15,100,13534343,1769,0,-1,,0,-1,
h5.0_J15,5.0,15,100,13534343,1770,0,-1,,0,-1,
h5.0_J15,5.0,15,100,13534343,1771,0,-1,,0,-1,
h5.0_J15,5.0,15,100,13534343,1772,0,-1,,0,-1,
h5.0_J15,5.0,15,100,13534343,1773,0,-1,,0,-1,
h5.0_J15,5.0,15,100,13534343,1774,0,-1,,0,-1,
h5.0_J15,5.0,15,100,13534343,1775,0,-1,,0,-1,
h5.0_J15,5.0,15,100,13534343,1776,0,-1,,1,5842,292.1
h5.0_J15,5.0,15,100,13534343,1777,0,-1,,0,-1,
h5.0_J15,5.0,15,100,13534343,1778,0,-1,,0,-1,
h5.0_J15,5.0,15,100,13534343,1779,0,-1,,0,-1,
h5.0_J15,5.0,15,100,13534343,1780,0,-1,,0,-1,
h5.0_J15,5.0,15,100,13534343,1781,0,-1,,0,-1,
h5.0_J15,5.0,15,100,13534343,1782,0,-1,,0,-1,
h5.0_J15,5.0,15,100,13534343,1783,1,286,14.3,1,289,14.450000000000001
h5.0_J15,5.0,15,100,13534343,1784,0,-1,,0,-1,
h5.0_J15,5.0,15,100,13534343,1785,0,-1,,0,-1,
h5.0_J15,5.0,15,100,13534343,1786,0,-1,,0,-1,
h5.0_J15,5.0,15,100,13534343,1787,0,-1,,0,-1,
h5.0_J15,5.0,15,100,13534343,1788,0,-1,,0,-1,
h5.0_J15,5.0,15,100,13534343,1789,0,-1,,1,10454,522.7
h5.0_J15,5.0,15,100,13534343,1790,0,-1,,0,-1,
h5.0_J15,5.0,15,100,13534343,1791,0,-1,,0,-1,
h5.0_J15,5.0,15,100,13534343,1792,0,-1,,0,-1,
h5.0_J15,5.0,15,100,13534343,1793,0,-1,,0,-1,
h5.0_J15,5.0,15,100,13534343,1794,0,-1,,0,-1,
h5.0_J15,5.0,15,100,13534343,1795,0,-1,,0,-1,
h5.0_J15,5.0,15,100,13534343,1796,0,-1,,0,-1,
h5.0_J15,5.0,15,100,13534343,1797,0,-1,,0,-1,
h5.0_J15,5.0,15,100,13534343,1798,0,-1,,0,-1,
h5.0_J15,5.0,15,100,13534343,1799,0,-1,,0,-1,
h5.0_J15,5.0,15,100,13534343,1800,0,-1,,0,-1,
h5.0_J15,5.0,15,100,13534343,1801,0,-1,,0,-1,
h5.0_J15,5.0,15,100,13534343,1802,0,-1,,0,-1,
h5.0_J15,5.0,15,100,13534343,1803,0,-1,,0,-1,
h5.0_J15,5.0,15,100,13534343,1804,0,-1,,0,-1,
h5.0_J15,5.0,15,100,13534343,1805,0,-1,,0,-1,
h5.0_J15,5.0,15,100,13534343,1806,0,-1,,0,-1,
h5.0_J15,5.0,15,100,13534343,1807,0,-1,,0,-1,
h5.0_J15,5.0,15,100,13534343,1808,0,-1,,0,-1,
h5.0_J15,5.0,15,100,13534343,1809,0,-1,,0,-1,
h5.0_J15,5.0,15,100,13534343,1810,0,-1,,0,-1,
h5.0_J15,5.0,15,100,13534343,1811,0,-1,,0,-1,
h5.0_J15,5.0,15,100,13534343,1812,0,-1,,0,-1,
h5.0_J15,5.0,15,100,13534343,1813,0,-1,,0,-1,
h5.0_J15,5.0,15,100,13534343,1814,0,-1,,0,-1,
h5.0_J15,5.0,15,100,13534343,1815,0,-1,,0,-1,
h5.0_J15,5.0,15,100,13534343,1816,0,-1,,0,-1,
h5.0_J15,5.0,15,100,13534343,1817,0,-1,,0,-1,
h5.0_J15,5.0,15,100,13534343,1818,0,-1,,0,-1,
h5.0_J15,5.0,15,100,13534343,1819,0,-1,,0,-1,
h5.0_J15,5.0,15,100,13534343,1820,0,-1,,0,-1,
h5.0_J15,5.0,15,100,13534343,1821,0,-1,,0,-1,
h5.0_J15,5.0,15,100,13534343,1822,0,-1,,0,-1,
h5.0_J15,5.0,15,100,13534343,1823,0,-1,,0,-1,
h5.0_J15,5.0,15,100,13534343,1824,0,-1,,0,-1,
h5.0_J15,5.0,15,100,13534343,1825,0,-1,,0,-1,
h5.0_J15,5.0,15,100,13534343,1826,0,-1,,0,-1,
h5.0_J15,5.0,15,100,13534343,1827,0,-1,,0,-1,
h5.0_J15,5.0,15,100,13534343,1828,0,-1,,1,13499,674.95
h5.0_J15,5.0,15,100,13534343,1829,0,-1,,0,-1,
h5.0_J15,5.0,15,100,13534343,1830,0,-1,,0,-1,
h5.0_J15,5.0,15,100,13534343,1831,0,-1,,0,-1,
h5.0_J15,5.0,15,100,13534343,1832,0,-1,,0,-1,
h5.0_J15,5.0,15,100,13534343,1833,1,277,13.850000000000001,1,281,14.05
h5.0_J15,5.0,15,100,13534343,1834,0,-1,,0,-1,
h5.0_J15,5.0,15,100,13534343,1835,0,-1,,0,-1,
h5.0_J15,5.0,15,100,13534343,1836,0,-1,,0,-1,
h5.0_J15,5.0,15,100,13534343,1837,0,-1,,0,-1,
h5.0_J15,5.0,15,100,13534343,1838,0,-1,,0,-1,
h5.0_J15,5.0,15,100,13534343,1839,0,-1,,0,-1,
h5.0_J15,5.0,15,100,13534343,1840,0,-1,,0,-1,
h5.0_J15,5.0,15,100,13534343,1841,0,-1,,0,-1,
h5.0_J15,5.0,15,100,13534343,1842,0,-1,,0,-1,
h5.0_J15,5.0,15,100,13534343,1843,0,-1,,0,-1,
h5.0_J15,5.0,15,100,13534343,1844,0,-1,,0,-1,
h5.0_J15,5.0,15,100,13534343,1845,0,-1,,0,-1,
h5.0_J15,5.0,15,100,13534343,1846,0,-1,,0,-1,
h5.0_J15,5.0,15,100,13534343,1847,0,-1,,0,-1,
h5.0_J15,5.0,15,100,13534343,1848,0,-1,,0,-1,
h5.0_J15,5.0,15,100,13534343,1849,0,-1,,0,-1,
h5.0_J15,5.0,15,100,13534343,1850,0,-1,,1,6146,307.3
h5.0_J15,5.0,15,100,13534343,1851,0,-1,,0,-1,
h5.0_J15,5.0,15,100,13534343,1852,0,-1,,0,-1,
h5.0_J15,5.0,15,100,13534343,1853,0,-1,,0,-1,
h5.0_J15,5.0,15,100,13534343,1854,0,-1,,0,-1,
h5.0_J15,5.0,15,100,13534343,1855,0,-1,,0,-1,
h5.0_J15,5.0,15,100,13534343,1856,0,-1,,0,-1,
h5.0_J15,5.0,15,100,13534343,1857,1,272,13.600000000000001,1,277,13.850000000000001
h5.0_J15,5.0,15,100,13534343,1858,0,-1,,1,11797,589.85
h5.0_J15,5.0,15,100,13534343,1859,0,-1,,0,-1,
h5.0_J15,5.0,15,100,13534343,1860,0,-1,,0,-1,
h5.0_J15,5.0,15,100,13534343,1861,0,-1,,0,-1,
h5.0_J15,5.0,15,100,13534343,1862,0,-1,,0,-1,
h5.0_J15,5.0,15,100,13534343,1863,0,-1,,0,-1,
h5.0_J15,5.0,15,100,13534343,1864,0,-1,,0,-1,
h5.0_J15,5.0,15,100,13534343,1865,0,-1,,0,-1,
h5.0_J15,5.0,15,100,13534343,1866,0,-1,,0,-1,
h5.0_J15,5.0,15,100,13534343,1867,0,-1,,0,-1,
h5.0_J15,5.0,15,100,13534343,1868,0,-1,,0,-1,
h5.0_J15,5.0,15,100,13534343,1869,0,-1,,0,-1,
h5.0_J15,5.0,15,100,13534343,1870,0,-1,,0,-1,
h5.0_J15,5.0,15,100,13534343,1871,0,-1,,0,-1,
h5.0_J15,5.0,15,100,13534343,1872,0,-1,,0,-1,
h5.0_J15,5.0,15,100,13534343,1873,0,-1,,0,-1,
h5.0_J15,5.0,15,100,13534343,1874,0,-1,,0,-1,
h5.0_J15,5.0,15,100,13534343,1875,0,-1,,0,-1,
h5.0_J15,5.0,15,100,13534343,1876,0,-1,,0,-1,
h5.0_J15,5.0,15,100,13534343,1877,0,-1,,0,-1,
h5.0_J15,5.0,15,100,13534343,1878,0,-1,,0,-1,
h5.0_J15,5.0,15,100,13534343,1879,0,-1,,0,-1,
h5.0_J15,5.0,15,100,13534343,1880,0,-1,,0,-1,
h5.0_J15,5.0,15,100,13534343,1881,0,-1,,0,-1,
h5.0_J15,5.0,15,100,13534343,1882,0,-1,,0,-1,
h5.0_J15,5.0,15,100,13534343,1883,0,-1,,0,-1,
h5.0_J15,5.0,15,100,13534343,1884,0,-1,,1,18622,931.1
h5.0_J15,5.0,15,100,13534343,1885,0,-1,,0,-1,
h5.0_J15,5.0,15,100,13534343,1886,0,-1,,0,-1,
h5.0_J15,5.0,15,100,13534343,1887,0,-1,,0,-1,
h5.0_J15,5.0,15,100,13534343,1888,0,-1,,0,-1,
h5.0_J15,5.0,15,100,13534343,1889,0,-1,,0,-1,
h5.0_J15,5.0,15,100,13534343,1890,0,-1,,0,-1,
h5.0_J15,5.0,15,100,13534343,1891,0,-1,,0,-1,
h5.0_J15,5.0,15,100,13534343,1892,0,-1,,0,-1,
h5.0_J15,5.0,15,100,13534343,1893,0,-1,,0,-1,
h5.0_J15,5.0,15,100,13534343,1894,0,-1,,1,8396,419.8
h5.0_J15,5.0,15,100,13534343,1895,0,-1,,0,-1,
h5.0_J15,5.0,15,100,13534343,1896,0,-1,,0,-1,
h5.0_J15,5.0,15,100,13534343,1897,0,-1,,0,-1,
h5.0_J15,5.0,15,100,13534343,1898,0,-1,,0,-1,
h5.0_J15,5.0,15,100,13534343,1899,0,-1,,0,-1,
h5.0_J15,5.0,15,100,13534343,1900,0,-1,,0,-1,
h5.0_J15,5.0,15,100,13534343,1901,0,-1,,0,-1,
h5.0_J15,5.0,15,100,13534343,1902,0,-1,,0,-1,
h5.0_J15,5.0,15,100,13534343,1903,0,-1,,0,-1,
h5.0_J15,5.0,15,100,13534343,1904,0,-1,,0,-1,
h5.0_J15,5.0,15,100,13534343,1905,0,-1,,0,-1,
h5.0_J15,5.0,15,100,13534343,1906,0,-1,,0,-1,
h5.0_J15,5.0,15,100,13534343,1907,0,-1,,0,-1,
h5.0_J15,5.0,15,100,13534343,1908,0,-1,,0,-1,
h5.0_J15,5.0,15,100,13534343,1909,0,-1,,0,-1,
h5.0_J15,5.0,15,100,13534343,1910,0,-1,,0,-1,
h5.0_J15,5.0,15,100,13534343,1911,0,-1,,0,-1,
h5.0_J15,5.0,15,100,13534343,1912,0,-1,,0,-1,
h5.0_J15,5.0,15,100,13534343,1913,0,-1,,0,-1,
h5.0_J15,5.0,15,100,13534343,1914,0,-1,,0,-1,
h5.0_J15,5.0,15,100,13534343,1915,0,-1,,0,-1,
h5.0_J15,5.0,15,100,13534343,1916,0,-1,,0,-1,
h5.0_J15,5.0,15,100,13534343,1917,0,-1,,0,-1,
h5.0_J15,5.0,15,100,13534343,1918,0,-1,,0,-1,
h5.0_J15,5.0,15,100,13534343,1919,0,-1,,0,-1,
h5.0_J15,5.0,15,100,13534343,1920,0,-1,,0,-1,
h5.0_J15,5.0,15,100,13534343,1921,0,-1,,0,-1,
h5.0_J15,5.0,15,100,13534343,1922,0,-1,,0,-1,
h5.0_J15,5.0,15,100,13534343,1923,0,-1,,0,-1,
h5.0_J15,5.0,15,100,13534343,1924,0,-1,,0,-1,
h5.0_J15,5.0,15,100,13534343,1925,0,-1,,0,-1,
h5.0_J15,5.0,15,100,13534343,1926,0,-1,,0,-1,
h5.0_J15,5.0,15,100,13534343,1927,0,-1,,0,-1,
h5.0_J15,5.0,15,100,13534343,1928,0,-1,,0,-1,
h5.0_J15,5.0,15,100,13534343,1929,0,-1,,0,-1,
h5.0_J15,5.0,15,100,13534343,1930,0,-1,,0,-1,
h5.0_J15,5.0,15,100,13534343,1931,0,-1,,0,-1,
h5.0_J15,5.0,15,100,13534343,1932,0,-1,,0,-1,
h5.0_J15,5.0,15,100,13534343,1933,0,-1,,0,-1,
h5.0_J15,5.0,15,100,13534343,1934,0,-1,,0,-1,
h5.0_J15,5.0,15,100,13534343,1935,0,-1,,0,-1,
h5.0_J15,5.0,15,100,13534343,1936,0,-1,,0,-1,
h5.0_J15,5.0,15,100,13534343,1937,0,-1,,0,-1,
h5.0_J15,5.0,15,100,13534343,1938,0,-1,,0,-1,
h5.0_J15,5.0,15,100,13534343,1939,0,-1,,0,-1,
h5.0_J15,5.0,15,100,13534343,1940,0,-1,,0,-1,
h5.0_J15,5.0,15,100,13534343,1941,0,-1,,0,-1,
h5.0_J15,5.0,15,100,13534343,1942,0,-1,,0,-1,
h5.0_J15,5.0,15,100,13534343,1943,0,-1,,0,-1,
h5.0_J15,5.0,15,100,13534343,1944,0,-1,,0,-1,
h5.0_J15,5.0,15,100,13534343,1945,1,9910,495.5,0,-1,
h5.0_J15,5.0,15,100,13534343,1946,0,-1,,0,-1,
h5.0_J15,5.0,15,100,13534343,1947,0,-1,,0,-1,
h5.0_J15,5.0,15,100,13534343,1948,0,-1,,0,-1,
h5.0_J15,5.0,15,100,13534343,1949,0,-1,,0,-1,
h5.0_J15,5.0,15,100,13534343,1950,0,-1,,0,-1,
h5.0_J15,5.0,15,100,13534343,1951,0,-1,,0,-1,
h5.0_J15,5.0,15,100,13534343,1952,0,-1,,0,-1,
h5.0_J15,5.0,15,100,13534343,1953,0,-1,,0,-1,
h5.0_J15,5.0,15,100,13534343,1954,0,-1,,0,-1,
h5.0_J15,5.0,15,100,13534343,1955,0,-1,,0,-1,
h5.0_J15,5.0,15,100,13534343,1956,0,-1,,0,-1,
h5.0_J15,5.0,15,100,13534343,1957,0,-1,,0,-1,
h5.0_J15,5.0,15,100,13534343,1958,0,-1,,0,-1,
h5.0_J15,5.0,15,100,13534343,1959,0,-1,,0,-1,
h5.0_J15,5.0,15,100,13534343,1960,0,-1,,0,-1,
h5.0_J15,5.0,15,100,13534343,1961,0,-1,,0,-1,
h5.0_J15,5.0,15,100,13534343,1962,0,-1,,0,-1,
h5.0_J15,5.0,15,100,13534343,1963,0,-1,,0,-1,
h5.0_J15,5.0,15,100,13534343,1964,0,-1,,0,-1,
h5.0_J15,5.0,15,100,13534343,1965,0,-1,,0,-1,
h5.0_J15,5.0,15,100,13534343,1966,0,-1,,0,-1,
h5.0_J15,5.0,15,100,13534343,1967,0,-1,,0,-1,
h5.0_J15,5.0,15,100,13534343,1968,0,-1,,0,-1,
h5.0_J15,5.0,15,100,13534343,1969,0,-1,,0,-1,
h5.0_J15,5.0,15,100,13534343,1970,0,-1,,0,-1,
h5.0_J15,5.0,15,100,13534343,1971,0,-1,,0,-1,
h5.0_J15,5.0,15,100,13534343,1972,0,-1,,0,-1,
h5.0_J15,5.0,15,100,13534343,1973,0,-1,,0,-1,
h5.0_J15,5.0,15,100,13534343,1974,0,-1,,0,-1,
h5.0_J15,5.0,15,100,13534343,1975,0,-1,,0,-1,
h5.0_J15,5.0,15,100,13534343,1976,0,-1,,0,-1,
h5.0_J15,5.0,15,100,13534343,1977,0,-1,,0,-1,
h5.0_J15,5.0,15,100,13534343,1978,0,-1,,0,-1,
h5.0_J15,5.0,15,100,13534343,1979,0,-1,,0,-1,
h5.0_J15,5.0,15,100,13534343,1980,0,-1,,0,-1,
h5.0_J15,5.0,15,100,13534343,1981,0,-1,,0,-1,
h5.0_J15,5.0,15,100,13534343,1982,0,-1,,0,-1,
h5.0_J15,5.0,15,100,13534343,1983,0,-1,,0,-1,
h5.0_J15,5.0,15,100,13534343,1984,0,-1,,0,-1,
h5.0_J15,5.0,15,100,13534343,1985,1,290,14.5,1,293,14.65
h5.0_J15,5.0,15,100,13534343,1986,0,-1,,0,-1,
h5.0_J15,5.0,15,100,13534343,1987,0,-1,,0,-1,
h5.0_J15,5.0,15,100,13534343,1988,0,-1,,0,-1,
h5.0_J15,5.0,15,100,13534343,1989,0,-1,,0,-1,
h5.0_J15,5.0,15,100,13534343,1990,0,-1,,0,-1,
h5.0_J15,5.0,15,100,13534343,1991,0,-1,,0,-1,
h5.0_J15,5.0,15,100,13534343,1992,0,-1,,0,-1,
h5.0_J15,5.0,15,100,13534343,1993,0,-1,,0,-1,
h5.0_J15,5.0,15,100,13534343,1994,0,-1,,0,-1,
h5.0_J15,5.0,15,100,13534343,1995,0,-1,,0,-1,
h5.0_J15,5.0,15,100,13534343,1996,0,-1,,0,-1,
h5.0_J15,5.0,15,100,13534343,1997,0,-1,,1,12633,631.6500000000001
h5.0_J15,5.0,15,100,13534343,1998,0,-1,,0,-1,
h5.0_J15,5.0,15,100,13534343,1999,0,-1,,0,-1,
h5.0_J20,5.0,20,100,14534346,0,0,-1,,0,-1,
h5.0_J20,5.0,20,100,14534346,1,0,-1,,1,18633,931.6500000000001
h5.0_J20,5.0,20,100,14534346,2,0,-1,,0,-1,
h5.0_J20,5.0,20,100,14534346,3,0,-1,,1,2290,114.5
h5.0_J20,5.0,20,100,14534346,4,0,-1,,0,-1,
h5.0_J20,5.0,20,100,14534346,5,1,6527,326.35,0,-1,
h5.0_J20,5.0,20,100,14534346,6,0,-1,,0,-1,
h5.0_J20,5.0,20,100,14534346,7,0,-1,,0,-1,
h5.0_J20,5.0,20,100,14534346,8,0,-1,,0,-1,
h5.0_J20,5.0,20,100,14534346,9,0,-1,,0,-1,
h5.0_J20,5.0,20,100,14534346,10,0,-1,,0,-1,
h5.0_J20,5.0,20,100,14534346,11,0,-1,,0,-1,
h5.0_J20,5.0,20,100,14534346,12,0,-1,,0,-1,
h5.0_J20,5.0,20,100,14534346,13,0,-1,,0,-1,
h5.0_J20,5.0,20,100,14534346,14,0,-1,,0,-1,
h5.0_J20,5.0,20,100,14534346,15,0,-1,,0,-1,
h5.0_J20,5.0,20,100,14534346,16,0,-1,,0,-1,
h5.0_J20,5.0,20,100,14534346,17,0,-1,,0,-1,
h5.0_J20,5.0,20,100,14534346,18,0,-1,,0,-1,
h5.0_J20,5.0,20,100,14534346,19,0,-1,,0,-1,
h5.0_J20,5.0,20,100,14534346,20,1,17217,860.85,0,-1,
h5.0_J20,5.0,20,100,14534346,21,0,-1,,0,-1,
h5.0_J20,5.0,20,100,14534346,22,0,-1,,0,-1,
h5.0_J20,5.0,20,100,14534346,23,0,-1,,0,-1,
h5.0_J20,5.0,20,100,14534346,24,0,-1,,0,-1,
h5.0_J20,5.0,20,100,14534346,25,0,-1,,0,-1,
h5.0_J20,5.0,20,100,14534346,26,0,-1,,1,2868,143.4
h5.0_J20,5.0,20,100,14534346,27,0,-1,,0,-1,
h5.0_J20,5.0,20,100,14534346,28,0,-1,,0,-1,
h5.0_J20,5.0,20,100,14534346,29,0,-1,,0,-1,
h5.0_J20,5.0,20,100,14534346,30,0,-1,,0,-1,
h5.0_J20,5.0,20,100,14534346,31,1,285,14.25,1,287,14.350000000000001
h5.0_J20,5.0,20,100,14534346,32,0,-1,,0,-1,
h5.0_J20,5.0,20,100,14534346,33,0,-1,,0,-1,
h5.0_J20,5.0,20,100,14534346,34,0,-1,,0,-1,
h5.0_J20,5.0,20,100,14534346,35,0,-1,,0,-1,
h5.0_J20,5.0,20,100,14534346,36,0,-1,,0,-1,
h5.0_J20,5.0,20,100,14534346,37,0,-1,,0,-1,
h5.0_J20,5.0,20,100,14534346,38,0,-1,,0,-1,
h5.0_J20,5.0,20,100,14534346,39,0,-1,,1,2830,141.5
h5.0_J20,5.0,20,100,14534346,40,0,-1,,0,-1,
h5.0_J20,5.0,20,100,14534346,41,0,-1,,0,-1,
h5.0_J20,5.0,20,100,14534346,42,0,-1,,0,-1,
h5.0_J20,5.0,20,100,14534346,43,0,-1,,0,-1,
h5.0_J20,5.0,20,100,14534346,44,0,-1,,0,-1,
h5.0_J20,5.0,20,100,14534346,45,0,-1,,0,-1,
h5.0_J20,5.0,20,100,14534346,46,0,-1,,0,-1,
h5.0_J20,5.0,20,100,14534346,47,0,-1,,1,11733,586.65
h5.0_J20,5.0,20,100,14534346,48,0,-1,,0,-1,
h5.0_J20,5.0,20,100,14534346,49,0,-1,,0,-1,
h5.0_J20,5.0,20,100,14534346,50,0,-1,,0,-1,
h5.0_J20,5.0,20,100,14534346,51,0,-1,,0,-1,
h5.0_J20,5.0,20,100,14534346,52,0,-1,,0,-1,
h5.0_J20,5.0,20,100,14534346,53,0,-1,,0,-1,
h5.0_J20,5.0,20,100,14534346,54,0,-1,,0,-1,
h5.0_J20,5.0,20,100,14534346,55,0,-1,,0,-1,
h5.0_J20,5.0,20,100,14534346,56,0,-1,,0,-1,
h5.0_J20,5.0,20,100,14534346,57,0,-1,,0,-1,
h5.0_J20,5.0,20,100,14534346,58,0,-1,,0,-1,
h5.0_J20,5.0,20,100,14534346,59,0,-1,,0,-1,
h5.0_J20,5.0,20,100,14534346,60,0,-1,,0,-1,
h5.0_J20,5.0,20,100,14534346,61,0,-1,,0,-1,
h5.0_J20,5.0,20,100,14534346,62,0,-1,,0,-1,
h5.0_J20,5.0,20,100,14534346,63,1,267,13.350000000000001,1,268,13.4
h5.0_J20,5.0,20,100,14534346,64,1,272,13.600000000000001,1,274,13.700000000000001
h5.0_J20,5.0,20,100,14534346,65,1,330,16.5,1,324,16.2
h5.0_J20,5.0,20,100,14534346,66,1,366,18.3,1,370,18.5
h5.0_J20,5.0,20,100,14534346,67,0,-1,,0,-1,
h5.0_J20,5.0,20,100,14534346,68,0,-1,,0,-1,
h5.0_J20,5.0,20,100,14534346,69,0,-1,,0,-1,
h5.0_J20,5.0,20,100,14534346,70,0,-1,,0,-1,
h5.0_J20,5.0,20,100,14534346,71,0,-1,,0,-1,
h5.0_J20,5.0,20,100,14534346,72,0,-1,,0,-1,
h5.0_J20,5.0,20,100,14534346,73,0,-1,,0,-1,
h5.0_J20,5.0,20,100,14534346,74,0,-1,,0,-1,
h5.0_J20,5.0,20,100,14534346,75,0,-1,,0,-1,
h5.0_J20,5.0,20,100,14534346,76,0,-1,,0,-1,
h5.0_J20,5.0,20,100,14534346,77,0,-1,,0,-1,
h5.0_J20,5.0,20,100,14534346,78,0,-1,,0,-1,
h5.0_J20,5.0,20,100,14534346,79,0,-1,,0,-1,
h5.0_J20,5.0,20,100,14534346,80,0,-1,,0,-1,
h5.0_J20,5.0,20,100,14534346,81,0,-1,,0,-1,
h5.0_J20,5.0,20,100,14534346,82,0,-1,,0,-1,
h5.0_J20,5.0,20,100,14534346,83,0,-1,,0,-1,
h5.0_J20,5.0,20,100,14534346,84,1,277,13.850000000000001,1,281,14.05
h5.0_J20,5.0,20,100,14534346,85,0,-1,,0,-1,
h5.0_J20,5.0,20,100,14534346,86,0,-1,,0,-1,
h5.0_J20,5.0,20,100,14534346,87,0,-1,,0,-1,
h5.0_J20,5.0,20,100,14534346,88,0,-1,,0,-1,
h5.0_J20,5.0,20,100,14534346,89,0,-1,,0,-1,
h5.0_J20,5.0,20,100,14534346,90,0,-1,,1,11706,585.3000000000001
h5.0_J20,5.0,20,100,14534346,91,0,-1,,0,-1,
h5.0_J20,5.0,20,100,14534346,92,0,-1,,0,-1,
h5.0_J20,5.0,20,100,14534346,93,1,5985,299.25,1,6002,300.1
h5.0_J20,5.0,20,100,14534346,94,0,-1,,0,-1,
h5.0_J20,5.0,20,100,14534346,95,1,266,13.3,1,269,13.450000000000001
h5.0_J20,5.0,20,100,14534346,96,0,-1,,0,-1,
h5.0_J20,5.0,20,100,14534346,97,0,-1,,0,-1,
h5.0_J20,5.0,20,100,14534346,98,0,-1,,0,-1,
h5.0_J20,5.0,20,100,14534346,99,0,-1,,0,-1,
h5.0_J20,5.0,20,100,14534346,100,0,-1,,0,-1,
h5.0_J20,5.0,20,100,14534346,101,0,-1,,0,-1,
h5.0_J20,5.0,20,100,14534346,102,0,-1,,0,-1,
h5.0_J20,5.0,20,100,14534346,103,0,-1,,0,-1,
h5.0_J20,5.0,20,100,14534346,104,0,-1,,0,-1,
h5.0_J20,5.0,20,100,14534346,105,0,-1,,0,-1,
h5.0_J20,5.0,20,100,14534346,106,0,-1,,0,-1,
h5.0_J20,5.0,20,100,14534346,107,0,-1,,0,-1,
h5.0_J20,5.0,20,100,14534346,108,0,-1,,0,-1,
h5.0_J20,5.0,20,100,14534346,109,0,-1,,0,-1,
h5.0_J20,5.0,20,100,14534346,110,0,-1,,0,-1,
h5.0_J20,5.0,20,100,14534346,111,0,-1,,0,-1,
h5.0_J20,5.0,20,100,14534346,112,0,-1,,0,-1,
h5.0_J20,5.0,20,100,14534346,113,0,-1,,0,-1,
h5.0_J20,5.0,20,100,14534346,114,0,-1,,0,-1,
h5.0_J20,5.0,20,100,14534346,115,0,-1,,0,-1,
h5.0_J20,5.0,20,100,14534346,116,0,-1,,0,-1,
h5.0_J20,5.0,20,100,14534346,117,0,-1,,0,-1,
h5.0_J20,5.0,20,100,14534346,118,0,-1,,0,-1,
h5.0_J20,5.0,20,100,14534346,119,0,-1,,0,-1,
h5.0_J20,5.0,20,100,14534346,120,0,-1,,0,-1,
h5.0_J20,5.0,20,100,14534346,121,0,-1,,0,-1,
h5.0_J20,5.0,20,100,14534346,122,0,-1,,0,-1,
h5.0_J20,5.0,20,100,14534346,123,0,-1,,0,-1,
h5.0_J20,5.0,20,100,14534346,124,0,-1,,0,-1,
h5.0_J20,5.0,20,100,14534346,125,0,-1,,0,-1,
h5.0_J20,5.0,20,100,14534346,126,0,-1,,0,-1,
h5.0_J20,5.0,20,100,14534346,127,0,-1,,0,-1,
h5.0_J20,5.0,20,100,14534346,128,1,279,13.950000000000001,1,283,14.15
h5.0_J20,5.0,20,100,14534346,129,0,-1,,0,-1,
h5.0_J20,5.0,20,100,14534346,130,0,-1,,0,-1,
h5.0_J20,5.0,20,100,14534346,131,0,-1,,0,-1,
h5.0_J20,5.0,20,100,14534346,132,0,-1,,0,-1,
h5.0_J20,5.0,20,100,14534346,133,1,286,14.3,0,-1,
h5.0_J20,5.0,20,100,14534346,134,0,-1,,0,-1,
h5.0_J20,5.0,20,100,14534346,135,0,-1,,0,-1,
h5.0_J20,5.0,20,100,14534346,136,0,-1,,0,-1,
h5.0_J20,5.0,20,100,14534346,137,1,14255,712.75,1,14282,714.1
h5.0_J20,5.0,20,100,14534346,138,0,-1,,0,-1,
h5.0_J20,5.0,20,100,14534346,139,0,-1,,0,-1,
h5.0_J20,5.0,20,100,14534346,140,1,272,13.600000000000001,1,275,13.75
h5.0_J20,5.0,20,100,14534346,141,0,-1,,0,-1,
h5.0_J20,5.0,20,100,14534346,142,0,-1,,0,-1,
h5.0_J20,5.0,20,100,14534346,143,0,-1,,0,-1,
h5.0_J20,5.0,20,100,14534346,144,0,-1,,0,-1,
h5.0_J20,5.0,20,100,14534346,145,0,-1,,0,-1,
h5.0_J20,5.0,20,100,14534346,146,0,-1,,0,-1,
h5.0_J20,5.0,20,100,14534346,147,0,-1,,0,-1,
h5.0_J20,5.0,20,100,14534346,148,0,-1,,0,-1,
h5.0_J20,5.0,20,100,14534346,149,0,-1,,0,-1,
h5.0_J20,5.0,20,100,14534346,150,0,-1,,0,-1,
h5.0_J20,5.0,20,100,14534346,151,0,-1,,0,-1,
h5.0_J20,5.0,20,100,14534346,152,0,-1,,0,-1,
h5.0_J20,5.0,20,100,14534346,153,0,-1,,0,-1,
h5.0_J20,5.0,20,100,14534346,154,0,-1,,0,-1,
h5.0_J20,5.0,20,100,14534346,155,0,-1,,0,-1,
h5.0_J20,5.0,20,100,14534346,156,0,-1,,0,-1,
h5.0_J20,5.0,20,100,14534346,157,0,-1,,0,-1,
h5.0_J20,5.0,20,100,14534346,158,0,-1,,0,-1,
h5.0_J20,5.0,20,100,14534346,159,0,-1,,0,-1,
h5.0_J20,5.0,20,100,14534346,160,0,-1,,0,-1,
h5.0_J20,5.0,20,100,14534346,161,0,-1,,0,-1,
h5.0_J20,5.0,20,100,14534346,162,0,-1,,0,-1,
h5.0_J20,5.0,20,100,14534346,163,0,-1,,0,-1,
h5.0_J20,5.0,20,100,14534346,164,0,-1,,1,12083,604.15
h5.0_J20,5.0,20,100,14534346,165,0,-1,,0,-1,
h5.0_J20,5.0,20,100,14534346,166,0,-1,,0,-1,
h5.0_J20,5.0,20,100,14534346,167,0,-1,,0,-1,
h5.0_J20,5.0,20,100,14534346,168,0,-1,,0,-1,
h5.0_J20,5.0,20,100,14534346,169,0,-1,,0,-1,
h5.0_J20,5.0,20,100,14534346,170,0,-1,,0,-1,
h5.0_J20,5.0,20,100,14534346,171,0,-1,,1,16191,809.5500000000001
h5.0_J20,5.0,20,100,14534346,172,0,-1,,0,-1,
h5.0_J20,5.0,20,100,14534346,173,0,-1,,0,-1,
h5.0_J20,5.0,20,100,14534346,174,0,-1,,0,-1,
h5.0_J20,5.0,20,100,14534346,175,0,-1,,0,-1,
h5.0_J20,5.0,20,100,14534346,176,0,-1,,0,-1,
h5.0_J20,5.0,20,100,14534346,177,0,-1,,0,-1,
h5.0_J20,5.0,20,100,14534346,178,0,-1,,0,-1,
h5.0_J20,5.0,20,100,14534346,179,0,-1,,0,-1,
h5.0_J20,5.0,20,100,14534346,180,0,-1,,0,-1,
h5.0_J20,5.0,20,100,14534346,181,0,-1,,1,3229,161.45000000000002
h5.0_J20,5.0,20,100,14534346,182,0,-1,,0,-1,
h5.0_J20,5.0,20,100,14534346,183,1,284,14.200000000000001,1,287,14.350000000000001
h5.0_J20,5.0,20,100,14534346,184,0,-1,,0,-1,
h5.0_J20,5.0,20,100,14534346,185,0,-1,,0,-1,
h5.0_J20,5.0,20,100,14534346,186,1,18265,913.25,0,-1,
h5.0_J20,5.0,20,100,14534346,187,0,-1,,0,-1,
h5.0_J20,5.0,20,100,14534346,188,0,-1,,0,-1,
h5.0_J20,5.0,20,100,14534346,189,0,-1,,0,-1,
h5.0_J20,5.0,20,100,14534346,190,1,274,13.700000000000001,0,-1,
h5.0_J20,5.0,20,100,14534346,191,0,-1,,0,-1,
h5.0_J20,5.0,20,100,14534346,192,0,-1,,0,-1,
h5.0_J20,5.0,20,100,14534346,193,1,276,13.8,1,276,13.8
h5.0_J20,5.0,20,100,14534346,194,0,-1,,0,-1,
h5.0_J20,5.0,20,100,14534346,195,0,-1,,0,-1,
h5.0_J20,5.0,20,100,14534346,196,0,-1,,0,-1,
h5.0_J20,5.0,20,100,14534346,197,0,-1,,0,-1,
h5.0_J20,5.0,20,100,14534346,198,0,-1,,0,-1,
h5.0_J20,5.0,20,100,14534346,199,0,-1,,0,-1,
h5.0_J20,5.0,20,100,14534346,200,0,-1,,0,-1,
h5.0_J20,5.0,20,100,14534346,201,0,-1,,0,-1,
h5.0_J20,5.0,20,100,14534346,202,0,-1,,0,-1,
h5.0_J20,5.0,20,100,14534346,203,1,289,14.450000000000001,1,292,14.600000000000001
h5.0_J20,5.0,20,100,14534346,204,0,-1,,0,-1,
h5.0_J20,5.0,20,100,14534346,205,0,-1,,0,-1,
h5.0_J20,5.0,20,100,14534346,206,0,-1,,0,-1,
h5.0_J20,5.0,20,100,14534346,207,0,-1,,0,-1,
h5.0_J20,5.0,20,100,14534346,208,0,-1,,0,-1,
h5.0_J20,5.0,20,100,14534346,209,0,-1,,0,-1,
h5.0_J20,5.0,20,100,14534346,210,0,-1,,0,-1,
h5.0_J20,5.0,20,100,14534346,211,0,-1,,0,-1,
h5.0_J20,5.0,20,100,14534346,212,0,-1,,0,-1,
h5.0_J20,5.0,20,100,14534346,213,0,-1,,1,6216,310.8
h5.0_J20,5.0,20,100,14534346,214,0,-1,,0,-1,
h5.0_J20,5.0,20,100,14534346,215,0,-1,,0,-1,
h5.0_J20,5.0,20,100,14534346,216,0,-1,,0,-1,
h5.0_J20,5.0,20,100,14534346,217,0,-1,,0,-1,
h5.0_J20,5.0,20,100,14534346,218,1,302,15.100000000000001,1,305,15.25
h5.0_J20,5.0,20,100,14534346,219,0,-1,,0,-1,
h5.0_J20,5.0,20,100,14534346,220,0,-1,,0,-1,
h5.0_J20,5.0,20,100,14534346,221,1,4409,220.45000000000002,1,4428,221.4
h5.0_J20,5.0,20,100,14534346,222,0,-1,,0,-1,
h5.0_J20,5.0,20,100,14534346,223,0,-1,,0,-1,
h5.0_J20,5.0,20,100,14534346,224,0,-1,,0,-1,
h5.0_J20,5.0,20,100,14534346,225,0,-1,,0,-1,
h5.0_J20,5.0,20,100,14534346,226,0,-1,,0,-1,
h5.0_J20,5.0,20,100,14534346,227,0,-1,,0,-1,
h5.0_J20,5.0,20,100,14534346,228,0,-1,,0,-1,
h5.0_J20,5.0,20,100,14534346,229,0,-1,,0,-1,
h5.0_J20,5.0,20,100,14534346,230,0,-1,,0,-1,
h5.0_J20,5.0,20,100,14534346,231,0,-1,,0,-1,
h5.0_J20,5.0,20,100,14534346,232,0,-1,,0,-1,
h5.0_J20,5.0,20,100,14534346,233,0,-1,,0,-1,
h5.0_J20,5.0,20,100,14534346,234,0,-1,,0,-1,
h5.0_J20,5.0,20,100,14534346,235,0,-1,,0,-1,
h5.0_J20,5.0,20,100,14534346,236,0,-1,,0,-1,
h5.0_J20,5.0,20,100,14534346,237,0,-1,,0,-1,
h5.0_J20,5.0,20,100,14534346,238,0,-1,,0,-1,
h5.0_J20,5.0,20,100,14534346,239,0,-1,,0,-1,
h5.0_J20,5.0,20,100,14534346,240,0,-1,,0,-1,
h5.0_J20,5.0,20,100,14534346,241,0,-1,,0,-1,
h5.0_J20,5.0,20,100,14534346,242,0,-1,,0,-1,
h5.0_J20,5.0,20,100,14534346,243,0,-1,,0,-1,
h5.0_J20,5.0,20,100,14534346,244,0,-1,,0,-1,
h5.0_J20,5.0,20,100,14534346,245,1,289,14.450000000000001,1,289,14.450000000000001
h5.0_J20,5.0,20,100,14534346,246,1,8299,414.95000000000005,0,-1,
h5.0_J20,5.0,20,100,14534346,247,0,-1,,0,-1,
h5.0_J20,5.0,20,100,14534346,248,0,-1,,0,-1,
h5.0_J20,5.0,20,100,14534346,249,0,-1,,0,-1,
h5.0_J20,5.0,20,100,14534346,250,1,10932,546.6,1,10975,548.75
h5.0_J20,5.0,20,100,14534346,251,0,-1,,0,-1,
h5.0_J20,5.0,20,100,14534346,252,0,-1,,0,-1,
h5.0_J20,5.0,20,100,14534346,253,0,-1,,0,-1,
h5.0_J20,5.0,20,100,14534346,254,0,-1,,0,-1,
h5.0_J20,5.0,20,100,14534346,255,0,-1,,1,9057,452.85
h5.0_J20,5.0,20,100,14534346,256,0,-1,,1,9667,483.35
h5.0_J20,5.0,20,100,14534346,257,0,-1,,0,-1,
h5.0_J20,5.0,20,100,14534346,258,0,-1,,0,-1,
h5.0_J20,5.0,20,100,14534346,259,0,-1,,0,-1,
h5.0_J20,5.0,20,100,14534346,260,0,-1,,0,-1,
h5.0_J20,5.0,20,100,14534346,261,0,-1,,0,-1,
h5.0_J20,5.0,20,100,14534346,262,1,273,13.65,1,284,14.200000000000001
h5.0_J20,5.0,20,100,14534346,263,0,-1,,1,17954,897.7
h5.0_J20,5.0,20,100,14534346,264,0,-1,,0,-1,
h5.0_J20,5.0,20,100,14534346,265,0,-1,,0,-1,
h5.0_J20,5.0,20,100,14534346,266,0,-1,,0,-1,
h5.0_J20,5.0,20,100,14534346,267,0,-1,,0,-1,
h5.0_J20,5.0,20,100,14534346,268,0,-1,,0,-1,
h5.0_J20,5.0,20,100,14534346,269,1,7068,353.40000000000003,1,7144,357.20000000000005
h5.0_J20,5.0,20,100,14534346,270,0,-1,,0,-1,
h5.0_J20,5.0,20,100,14534346,271,0,-1,,0,-1,
h5.0_J20,5.0,20,100,14534346,272,0,-1,,0,-1,
h5.0_J20,5.0,20,100,14534346,273,0,-1,,0,-1,
h5.0_J20,5.0,20,100,14534346,274,0,-1,,0,-1,
h5.0_J20,5.0,20,100,14534346,275,0,-1,,0,-1,
h5.0_J20,5.0,20,100,14534346,276,0,-1,,0,-1,
h5.0_J20,5.0,20,100,14534346,277,0,-1,,0,-1,
h5.0_J20,5.0,20,100,14534346,278,0,-1,,0,-1,
h5.0_J20,5.0,20,100,14534346,279,0,-1,,0,-1,
h5.0_J20,5.0,20,100,14534346,280,0,-1,,0,-1,
h5.0_J20,5.0,20,100,14534346,281,0,-1,,0,-1,
h5.0_J20,5.0,20,100,14534346,282,0,-1,,0,-1,
h5.0_J20,5.0,20,100,14534346,283,1,267,13.350000000000001,1,268,13.4
h5.0_J20,5.0,20,100,14534346,284,0,-1,,0,-1,
h5.0_J20,5.0,20,100,14534346,285,0,-1,,0,-1,
h5.0_J20,5.0,20,100,14534346,286,0,-1,,0,-1,
h5.0_J20,5.0,20,100,14534346,287,1,309,15.450000000000001,1,317,15.850000000000001
h5.0_J20,5.0,20,100,14534346,288,0,-1,,0,-1,
h5.0_J20,5.0,20,100,14534346,289,0,-1,,0,-1,
h5.0_J20,5.0,20,100,14534346,290,0,-1,,0,-1,
h5.0_J20,5.0,20,100,14534346,291,0,-1,,1,325,16.25
h5.0_J20,5.0,20,100,14534346,292,0,-1,,0,-1,
h5.0_J20,5.0,20,100,14534346,293,0,-1,,0,-1,
h5.0_J20,5.0,20,100,14534346,294,0,-1,,1,18247,912.35
h5.0_J20,5.0,20,100,14534346,295,0,-1,,0,-1,
h5.0_J20,5.0,20,100,14534346,296,0,-1,,0,-1,
h5.0_J20,5.0,20,100,14534346,297,0,-1,,0,-1,
h5.0_J20,5.0,20,100,14534346,298,0,-1,,0,-1,
h5.0_J20,5.0,20,100,14534346,299,0,-1,,0,-1,
h5.0_J20,5.0,20,100,14534346,300,0,-1,,0,-1,
h5.0_J20,5.0,20,100,14534346,301,0,-1,,0,-1,
h5.0_J20,5.0,20,100,14534346,302,1,11431,571.5500000000001,0,-1,
h5.0_J20,5.0,20,100,14534346,303,0,-1,,0,-1,
h5.0_J20,5.0,20,100,14534346,304,0,-1,,0,-1,
h5.0_J20,5.0,20,100,14534346,305,0,-1,,0,-1,
h5.0_J20,5.0,20,100,14534346,306,0,-1,,0,-1,
h5.0_J20,5.0,20,100,14534346,307,0,-1,,0,-1,
h5.0_J20,5.0,20,100,14534346,308,0,-1,,0,-1,
h5.0_J20,5.0,20,100,14534346,309,1,10625,531.25,0,-1,
h5.0_J20,5.0,20,100,14534346,310,0,-1,,0,-1,
h5.0_J20,5.0,20,100,14534346,311,0,-1,,0,-1,
h5.0_J20,5.0,20,100,14534346,312,0,-1,,0,-1,
h5.0_J20,5.0,20,100,14534346,313,0,-1,,0,-1,
h5.0_J20,5.0,20,100,14534346,314,0,-1,,0,-1,
h5.0_J20,5.0,20,100,14534346,315,0,-1,,1,19892,994.6
h5.0_J20,5.0,20,100,14534346,316,0,-1,,0,-1,
h5.0_J20,5.0,20,100,14534346,317,0,-1,,0,-1,
h5.0_J20,5.0,20,100,14534346,318,0,-1,,0,-1,
h5.0_J20,5.0,20,100,14534346,319,0,-1,,0,-1,
h5.0_J20,5.0,20,100,14534346,320,0,-1,,0,-1,
h5.0_J20,5.0,20,100,14534346,321,0,-1,,0,-1,
h5.0_J20,5.0,20,100,14534346,322,1,302,15.100000000000001,1,302,15.100000000000001
h5.0_J20,5.0,20,100,14534346,323,0,-1,,0,-1,
h5.0_J20,5.0,20,100,14534346,324,0,-1,,0,-1,
h5.0_J20,5.0,20,100,14534346,325,0,-1,,0,-1,
h5.0_J20,5.0,20,100,14534346,326,0,-1,,0,-1,
h5.0_J20,5.0,20,100,14534346,327,0,-1,,0,-1,
h5.0_J20,5.0,20,100,14534346,328,0,-1,,0,-1,
h5.0_J20,5.0,20,100,14534346,329,0,-1,,1,4957,247.85000000000002
h5.0_J20,5.0,20,100,14534346,330,0,-1,,1,11161,558.0500000000001
h5.0_J20,5.0,20,100,14534346,331,0,-1,,1,9253,462.65000000000003
h5.0_J20,5.0,20,100,14534346,332,0,-1,,0,-1,
h5.0_J20,5.0,20,100,14534346,333,0,-1,,0,-1,
h5.0_J20,5.0,20,100,14534346,334,0,-1,,0,-1,
h5.0_J20,5.0,20,100,14534346,335,0,-1,,0,-1,
h5.0_J20,5.0,20,100,14534346,336,0,-1,,0,-1,
h5.0_J20,5.0,20,100,14534346,337,0,-1,,0,-1,
h5.0_J20,5.0,20,100,14534346,338,0,-1,,0,-1,
h5.0_J20,5.0,20,100,14534346,339,0,-1,,0,-1,
h5.0_J20,5.0,20,100,14534346,340,0,-1,,0,-1,
h5.0_J20,5.0,20,100,14534346,341,0,-1,,0,-1,
h5.0_J20,5.0,20,100,14534346,342,0,-1,,0,-1,
h5.0_J20,5.0,20,100,14534346,343,0,-1,,0,-1,
h5.0_J20,5.0,20,100,14534346,344,0,-1,,0,-1,
h5.0_J20,5.0,20,100,14534346,345,0,-1,,0,-1,
h5.0_J20,5.0,20,100,14534346,346,0,-1,,0,-1,
h5.0_J20,5.0,20,100,14534346,347,1,273,13.65,1,276,13.8
h5.0_J20,5.0,20,100,14534346,348,0,-1,,0,-1,
h5.0_J20,5.0,20,100,14534346,349,0,-1,,0,-1,
h5.0_J20,5.0,20,100,14534346,350,0,-1,,0,-1,
h5.0_J20,5.0,20,100,14534346,351,0,-1,,0,-1,
h5.0_J20,5.0,20,100,14534346,352,0,-1,,0,-1,
h5.0_J20,5.0,20,100,14534346,353,0,-1,,0,-1,
h5.0_J20,5.0,20,100,14534346,354,0,-1,,0,-1,
h5.0_J20,5.0,20,100,14534346,355,0,-1,,0,-1,
h5.0_J20,5.0,20,100,14534346,356,0,-1,,0,-1,
h5.0_J20,5.0,20,100,14534346,357,0,-1,,0,-1,
h5.0_J20,5.0,20,100,14534346,358,0,-1,,0,-1,
h5.0_J20,5.0,20,100,14534346,359,0,-1,,0,-1,
h5.0_J20,5.0,20,100,14534346,360,0,-1,,0,-1,
h5.0_J20,5.0,20,100,14534346,361,0,-1,,0,-1,
h5.0_J20,5.0,20,100,14534346,362,0,-1,,0,-1,
h5.0_J20,5.0,20,100,14534346,363,0,-1,,0,-1,
h5.0_J20,5.0,20,100,14534346,364,0,-1,,0,-1,
h5.0_J20,5.0,20,100,14534346,365,0,-1,,0,-1,
h5.0_J20,5.0,20,100,14534346,366,0,-1,,0,-1,
h5.0_J20,5.0,20,100,14534346,367,0,-1,,0,-1,
h5.0_J20,5.0,20,100,14534346,368,0,-1,,0,-1,
h5.0_J20,5.0,20,100,14534346,369,0,-1,,0,-1,
h5.0_J20,5.0,20,100,14534346,370,0,-1,,0,-1,
h5.0_J20,5.0,20,100,14534346,371,0,-1,,0,-1,
h5.0_J20,5.0,20,100,14534346,372,0,-1,,0,-1,
h5.0_J20,5.0,20,100,14534346,373,0,-1,,0,-1,
h5.0_J20,5.0,20,100,14534346,374,0,-1,,0,-1,
h5.0_J20,5.0,20,100,14534346,375,0,-1,,0,-1,
h5.0_J20,5.0,20,100,14534346,376,0,-1,,0,-1,
h5.0_J20,5.0,20,100,14534346,377,1,8933,446.65000000000003,1,8957,447.85
h5.0_J20,5.0,20,100,14534346,378,0,-1,,0,-1,
h5.0_J20,5.0,20,100,14534346,379,0,-1,,0,-1,
h5.0_J20,5.0,20,100,14534346,380,0,-1,,0,-1,
h5.0_J20,5.0,20,100,14534346,381,0,-1,,0,-1,
h5.0_J20,5.0,20,100,14534346,382,0,-1,,0,-1,
h5.0_J20,5.0,20,100,14534346,383,0,-1,,0,-1,
h5.0_J20,5.0,20,100,14534346,384,0,-1,,0,-1,
h5.0_J20,5.0,20,100,14534346,385,1,283,14.15,1,283,14.15
h5.0_J20,5.0,20,100,14534346,386,1,273,13.65,1,275,13.75
h5.0_J20,5.0,20,100,14534346,387,0,-1,,0,-1,
h5.0_J20,5.0,20,100,14534346,388,0,-1,,0,-1,
h5.0_J20,5.0,20,100,14534346,389,0,-1,,0,-1,
h5.0_J20,5.0,20,100,14534346,390,0,-1,,0,-1,
h5.0_J20,5.0,20,100,14534346,391,0,-1,,0,-1,
h5.0_J20,5.0,20,100,14534346,392,0,-1,,0,-1,
h5.0_J20,5.0,20,100,14534346,393,0,-1,,0,-1,
h5.0_J20,5.0,20,100,14534346,394,0,-1,,0,-1,
h5.0_J20,5.0,20,100,14534346,395,0,-1,,0,-1,
h5.0_J20,5.0,20,100,14534346,396,0,-1,,0,-1,
h5.0_J20,5.0,20,100,14534346,397,0,-1,,0,-1,
h5.0_J20,5.0,20,100,14534346,398,0,-1,,0,-1,
h5.0_J20,5.0,20,100,14534346,399,0,-1,,0,-1,
h5.0_J20,5.0,20,100,14534346,400,0,-1,,0,-1,
h5.0_J20,5.0,20,100,14534346,401,0,-1,,0,-1,
h5.0_J20,5.0,20,100,14534346,402,0,-1,,0,-1,
h5.0_J20,5.0,20,100,14534346,403,0,-1,,0,-1,
h5.0_J20,5.0,20,100,14534346,404,0,-1,,0,-1,
h5.0_J20,5.0,20,100,14534346,405,0,-1,,0,-1,
h5.0_J20,5.0,20,100,14534346,406,0,-1,,0,-1,
h5.0_J20,5.0,20,100,14534346,407,0,-1,,0,-1,
h5.0_J20,5.0,20,100,14534346,408,0,-1,,0,-1,
h5.0_J20,5.0,20,100,14534346,409,0,-1,,0,-1,
h5.0_J20,5.0,20,100,14534346,410,0,-1,,0,-1,
h5.0_J20,5.0,20,100,14534346,411,0,-1,,0,-1,
h5.0_J20,5.0,20,100,14534346,412,0,-1,,0,-1,
h5.0_J20,5.0,20,100,14534346,413,0,-1,,0,-1,
h5.0_J20,5.0,20,100,14534346,414,0,-1,,0,-1,
h5.0_J20,5.0,20,100,14534346,415,0,-1,,0,-1,
h5.0_J20,5.0,20,100,14534346,416,0,-1,,0,-1,
h5.0_J20,5.0,20,100,14534346,417,0,-1,,0,-1,
h5.0_J20,5.0,20,100,14534346,418,0,-1,,0,-1,
h5.0_J20,5.0,20,100,14534346,419,0,-1,,0,-1,
h5.0_J20,5.0,20,100,14534346,420,0,-1,,0,-1,
h5.0_J20,5.0,20,100,14534346,421,0,-1,,0,-1,
h5.0_J20,5.0,20,100,14534346,422,1,7811,390.55,1,7694,384.70000000000005
h5.0_J20,5.0,20,100,14534346,423,0,-1,,0,-1,
h5.0_J20,5.0,20,100,14534346,424,0,-1,,0,-1,
h5.0_J20,5.0,20,100,14534346,425,0,-1,,0,-1,
h5.0_J20,5.0,20,100,14534346,426,0,-1,,0,-1,
h5.0_J20,5.0,20,100,14534346,427,0,-1,,0,-1,
h5.0_J20,5.0,20,100,14534346,428,0,-1,,0,-1,
h5.0_J20,5.0,20,100,14534346,429,0,-1,,0,-1,
h5.0_J20,5.0,20,100,14534346,430,0,-1,,0,-1,
h5.0_J20,5.0,20,100,14534346,431,0,-1,,0,-1,
h5.0_J20,5.0,20,100,14534346,432,0,-1,,0,-1,
h5.0_J20,5.0,20,100,14534346,433,0,-1,,0,-1,
h5.0_J20,5.0,20,100,14534346,434,0,-1,,0,-1,
h5.0_J20,5.0,20,100,14534346,435,0,-1,,0,-1,
h5.0_J20,5.0,20,100,14534346,436,0,-1,,0,-1,
h5.0_J20,5.0,20,100,14534346,437,0,-1,,0,-1,
h5.0_J20,5.0,20,100,14534346,438,0,-1,,1,298,14.9
h5.0_J20,5.0,20,100,14534346,439,0,-1,,0,-1,
h5.0_J20,5.0,20,100,14534346,440,0,-1,,0,-1,
h5.0_J20,5.0,20,100,14534346,441,0,-1,,0,-1,
h5.0_J20,5.0,20,100,14534346,442,0,-1,,1,7277,363.85
h5.0_J20,5.0,20,100,14534346,443,0,-1,,0,-1,
h5.0_J20,5.0,20,100,14534346,444,0,-1,,0,-1,
h5.0_J20,5.0,20,100,14534346,445,0,-1,,0,-1,
h5.0_J20,5.0,20,100,14534346,446,0,-1,,0,-1,
h5.0_J20,5.0,20,100,14534346,447,1,272,13.600000000000001,1,274,13.700000000000001
h5.0_J20,5.0,20,100,14534346,448,0,-1,,0,-1,
h5.0_J20,5.0,20,100,14534346,449,0,-1,,0,-1,
h5.0_J20,5.0,20,100,14534346,450,0,-1,,0,-1,
h5.0_J20,5.0,20,100,14534346,451,0,-1,,1,7695,384.75
h5.0_J20,5.0,20,100,14534346,452,0,-1,,0,-1,
h5.0_J20,5.0,20,100,14534346,453,0,-1,,1,19407,970.35
h5.0_J20,5.0,20,100,14534346,454,0,-1,,1,995,49.75
h5.0_J20,5.0,20,100,14534346,455,0,-1,,0,-1,
h5.0_J20,5.0,20,100,14534346,456,0,-1,,0,-1,
h5.0_J20,5.0,20,100,14534346,457,0,-1,,0,-1,
h5.0_J20,5.0,20,100,14534346,458,0,-1,,0,-1,
h5.0_J20,5.0,20,100,14534346,459,0,-1,,0,-1,
h5.0_J20,5.0,20,100,14534346,460,0,-1,,0,-1,
h5.0_J20,5.0,20,100,14534346,461,0,-1,,0,-1,
h5.0_J20,5.0,20,100,14534346,462,0,-1,,0,-1,
h5.0_J20,5.0,20,100,14534346,463,0,-1,,0,-1,
h5.0_J20,5.0,20,100,14534346,464,0,-1,,0,-1,
h5.0_J20,5.0,20,100,14534346,465,0,-1,,0,-1,
h5.0_J20,5.0,20,100,14534346,466,1,293,14.65,1,297,14.850000000000001
h5.0_J20,5.0,20,100,14534346,467,0,-1,,0,-1,
h5.0_J20,5.0,20,100,14534346,468,0,-1,,0,-1,
h5.0_J20,5.0,20,100,14534346,469,0,-1,,0,-1,
h5.0_J20,5.0,20,100,14534346,470,0,-1,,0,-1,
h5.0_J20,5.0,20,100,14534346,471,0,-1,,0,-1,
h5.0_J20,5.0,20,100,14534346,472,0,-1,,0,-1,
h5.0_J20,5.0,20,100,14534346,473,0,-1,,0,-1,
h5.0_J20,5.0,20,100,14534346,474,0,-1,,0,-1,
h5.0_J20,5.0,20,100,14534346,475,0,-1,,0,-1,
h5.0_J20,5.0,20,100,14534346,476,0,-1,,0,-1,
h5.0_J20,5.0,20,100,14534346,477,0,-1,,0,-1,
h5.0_J20,5.0,20,100,14534346,478,0,-1,,0,-1,
h5.0_J20,5.0,20,100,14534346,479,0,-1,,0,-1,
h5.0_J20,5.0,20,100,14534346,480,0,-1,,0,-1,
h5.0_J20,5.0,20,100,14534346,481,0,-1,,0,-1,
h5.0_J20,5.0,20,100,14534346,482,0,-1,,0,-1,
h5.0_J20,5.0,20,100,14534346,483,0,-1,,0,-1,
h5.0_J20,5.0,20,100,14534346,484,0,-1,,0,-1,
h5.0_J20,5.0,20,100,14534346,485,0,-1,,0,-1,
h5.0_J20,5.0,20,100,14534346,486,0,-1,,0,-1,
h5.0_J20,5.0,20,100,14534346,487,0,-1,,0,-1,
h5.0_J20,5.0,20,100,14534346,488,0,-1,,0,-1,
h5.0_J20,5.0,20,100,14534346,489,0,-1,,0,-1,
h5.0_J20,5.0,20,100,14534346,490,0,-1,,0,-1,
h5.0_J20,5.0,20,100,14534346,491,0,-1,,0,-1,
h5.0_J20,5.0,20,100,14534346,492,0,-1,,0,-1,
h5.0_J20,5.0,20,100,14534346,493,1,289,14.450000000000001,1,291,14.55
h5.0_J20,5.0,20,100,14534346,494,0,-1,,0,-1,
h5.0_J20,5.0,20,100,14534346,495,1,274,13.700000000000001,1,277,13.850000000000001
h5.0_J20,5.0,20,100,14534346,496,0,-1,,0,-1,
h5.0_J20,5.0,20,100,14534346,497,0,-1,,0,-1,
h5.0_J20,5.0,20,100,14534346,498,0,-1,,0,-1,
h5.0_J20,5.0,20,100,14534346,499,0,-1,,0,-1,
h5.0_J20,5.0,20,100,14534346,500,0,-1,,0,-1,
h5.0_J20,5.0,20,100,14534346,501,0,-1,,0,-1,
h5.0_J20,5.0,20,100,14534346,502,0,-1,,0,-1,
h5.0_J20,5.0,20,100,14534346,503,0,-1,,0,-1,
h5.0_J20,5.0,20,100,14534346,504,1,283,14.15,1,288,14.4
h5.0_J20,5.0,20,100,14534346,505,0,-1,,0,-1,
h5.0_J20,5.0,20,100,14534346,506,0,-1,,0,-1,
h5.0_J20,5.0,20,100,14534346,507,0,-1,,0,-1,
h5.0_J20,5.0,20,100,14534346,508,0,-1,,0,-1,
h5.0_J20,5.0,20,100,14534346,509,0,-1,,0,-1,
h5.0_J20,5.0,20,100,14534346,510,0,-1,,1,8015,400.75
h5.0_J20,5.0,20,100,14534346,511,0,-1,,0,-1,
h5.0_J20,5.0,20,100,14534346,512,0,-1,,0,-1,
h5.0_J20,5.0,20,100,14534346,513,1,6478,323.90000000000003,1,6511,325.55
h5.0_J20,5.0,20,100,14534346,514,0,-1,,0,-1,
h5.0_J20,5.0,20,100,14534346,515,0,-1,,0,-1,
h5.0_J20,5.0,20,100,14534346,516,0,-1,,0,-1,
h5.0_J20,5.0,20,100,14534346,517,0,-1,,0,-1,
h5.0_J20,5.0,20,100,14534346,518,0,-1,,0,-1,
h5.0_J20,5.0,20,100,14534346,519,0,-1,,1,2856,142.8
h5.0_J20,5.0,20,100,14534346,520,0,-1,,0,-1,
h5.0_J20,5.0,20,100,14534346,521,0,-1,,0,-1,
h5.0_J20,5.0,20,100,14534346,522,0,-1,,1,17109,855.45
h5.0_J20,5.0,20,100,14534346,523,0,-1,,0,-1,
h5.0_J20,5.0,20,100,14534346,524,0,-1,,0,-1,
h5.0_J20,5.0,20,100,14534346,525,0,-1,,1,9494,474.70000000000005
h5.0_J20,5.0,20,100,14534346,526,0,-1,,0,-1,
h5.0_J20,5.0,20,100,14534346,527,0,-1,,0,-1,
h5.0_J20,5.0,20,100,14534346,528,0,-1,,1,17372,868.6
h5.0_J20,5.0,20,100,14534346,529,0,-1,,0,-1,
h5.0_J20,5.0,20,100,14534346,530,0,-1,,0,-1,
h5.0_J20,5.0,20,100,14534346,531,0,-1,,0,-1,
h5.0_J20,5.0,20,100,14534346,532,0,-1,,0,-1,
h5.0_J20,5.0,20,100,14534346,533,0,-1,,0,-1,
h5.0_J20,5.0,20,100,14534346,534,0,-1,,1,7237,361.85
h5.0_J20,5.0,20,100,14534346,535,0,-1,,0,-1,
h5.0_J20,5.0,20,100,14534346,536,0,-1,,0,-1,
h5.0_J20,5.0,20,100,14534346,537,0,-1,,0,-1,
h5.0_J20,5.0,20,100,14534346,538,0,-1,,0,-1,
h5.0_J20,5.0,20,100,14534346,539,0,-1,,0,-1,
h5.0_J20,5.0,20,100,14534346,540,0,-1,,1,14858,742.9000000000001
h5.0_J20,5.0,20,100,14534346,541,0,-1,,0,-1,
h5.0_J20,5.0,20,100,14534346,542,0,-1,,0,-1,
h5.0_J20,5.0,20,100,14534346,543,0,-1,,0,-1,
h5.0_J20,5.0,20,100,14534346,544,0,-1,,0,-1,
h5.0_J20,5.0,20,100,14534346,545,1,262,13.100000000000001,1,265,13.25
h5.0_J20,5.0,20,100,14534346,546,0,-1,,0,-1,
h5.0_J20,5.0,20,100,14534346,547,0,-1,,0,-1,
h5.0_J20,5.0,20,100,14534346,548,0,-1,,1,14107,705.35
h5.0_J20,5.0,20,100,14534346,549,0,-1,,0,-1,
h5.0_J20,5.0,20,100,14534346,550,0,-1,,0,-1,
h5.0_J20,5.0,20,100,14534346,551,0,-1,,0,-1,
h5.0_J20,5.0,20,100,14534346,552,0,-1,,0,-1,
h5.0_J20,5.0,20,100,14534346,553,1,280,14.0,1,286,14.3
h5.0_J20,5.0,20,100,14534346,554,0,-1,,0,-1,
h5.0_J20,5.0,20,100,14534346,555,0,-1,,0,-1,
h5.0_J20,5.0,20,100,14534346,556,0,-1,,0,-1,
h5.0_J20,5.0,20,100,14534346,557,0,-1,,0,-1,
h5.0_J20,5.0,20,100,14534346,558,0,-1,,0,-1,
h5.0_J20,5.0,20,100,14534346,559,0,-1,,0,-1,
h5.0_J20,5.0,20,100,14534346,560,0,-1,,0,-1,
h5.0_J20,5.0,20,100,14534346,561,0,-1,,0,-1,
h5.0_J20,5.0,20,100,14534346,562,0,-1,,1,15566,778.3000000000001
h5.0_J20,5.0,20,100,14534346,563,0,-1,,0,-1,
h5.0_J20,5.0,20,100,14534346,564,0,-1,,0,-1,
h5.0_J20,5.0,20,100,14534346,565,0,-1,,0,-1,
h5.0_J20,5.0,20,100,14534346,566,0,-1,,0,-1,
h5.0_J20,5.0,20,100,14534346,567,0,-1,,0,-1,
h5.0_J20,5.0,20,100,14534346,568,0,-1,,1,323,16.150000000000002
h5.0_J20,5.0,20,100,14534346,569,0,-1,,0,-1,
h5.0_J20,5.0,20,100,14534346,570,0,-1,,0,-1,
h5.0_J20,5.0,20,100,14534346,571,0,-1,,0,-1,
h5.0_J20,5.0,20,100,14534346,572,0,-1,,0,-1,
h5.0_J20,5.0,20,100,14534346,573,0,-1,,0,-1,
h5.0_J20,5.0,20,100,14534346,574,0,-1,,0,-1,
h5.0_J20,5.0,20,100,14534346,575,0,-1,,0,-1,
h5.0_J20,5.0,20,100,14534346,576,0,-1,,0,-1,
h5.0_J20,5.0,20,100,14534346,577,0,-1,,0,-1,
h5.0_J20,5.0,20,100,14534346,578,0,-1,,0,-1,
h5.0_J20,5.0,20,100,14534346,579,0,-1,,0,-1,
h5.0_J20,5.0,20,100,14534346,580,0,-1,,0,-1,
h5.0_J20,5.0,20,100,14534346,581,0,-1,,0,-1,
h5.0_J20,5.0,20,100,14534346,582,0,-1,,0,-1,
h5.0_J20,5.0,20,100,14534346,583,1,283,14.15,1,282,14.100000000000001
h5.0_J20,5.0,20,100,14534346,584,0,-1,,0,-1,
h5.0_J20,5.0,20,100,14534346,585,0,-1,,0,-1,
h5.0_J20,5.0,20,100,14534346,586,0,-1,,0,-1,
h5.0_J20,5.0,20,100,14534346,587,0,-1,,0,-1,
h5.0_J20,5.0,20,100,14534346,588,1,271,13.55,1,274,13.700000000000001
h5.0_J20,5.0,20,100,14534346,589,0,-1,,0,-1,
h5.0_J20,5.0,20,100,14534346,590,0,-1,,1,6252,312.6
h5.0_J20,5.0,20,100,14534346,591,0,-1,,0,-1,
h5.0_J20,5.0,20,100,14534346,592,0,-1,,0,-1,
h5.0_J20,5.0,20,100,14534346,593,0,-1,,0,-1,
h5.0_J20,5.0,20,100,14534346,594,0,-1,,0,-1,
h5.0_J20,5.0,20,100,14534346,595,0,-1,,0,-1,
h5.0_J20,5.0,20,100,14534346,596,1,270,13.5,1,272,13.600000000000001
h5.0_J20,5.0,20,100,14534346,597,0,-1,,0,-1,
h5.0_J20,5.0,20,100,14534346,598,0,-1,,0,-1,
h5.0_J20,5.0,20,100,14534346,599,0,-1,,0,-1,
h5.0_J20,5.0,20,100,14534346,600,0,-1,,0,-1,
h5.0_J20,5.0,20,100,14534346,601,0,-1,,0,-1,
h5.0_J20,5.0,20,100,14534346,602,0,-1,,1,17190,859.5
h5.0_J20,5.0,20,100,14534346,603,0,-1,,0,-1,
h5.0_J20,5.0,20,100,14534346,604,0,-1,,0,-1,
h5.0_J20,5.0,20,100,14534346,605,0,-1,,0,-1,
h5.0_J20,5.0,20,100,14534346,606,0,-1,,0,-1,
h5.0_J20,5.0,20,100,14534346,607,1,281,14.05,1,282,14.100000000000001
h5.0_J20,5.0,20,100,14534346,608,0,-1,,0,-1,
h5.0_J20,5.0,20,100,14534346,609,0,-1,,0,-1,
h5.0_J20,5.0,20,100,14534346,610,0,-1,,0,-1,
h5.0_J20,5.0,20,100,14534346,611,0,-1,,0,-1,
h5.0_J20,5.0,20,100,14534346,612,1,307,15.350000000000001,1,309,15.450000000000001
h5.0_J20,5.0,20,100,14534346,613,0,-1,,0,-1,
h5.0_J20,5.0,20,100,14534346,614,1,309,15.450000000000001,1,309,15.450000000000001
h5.0_J20,5.0,20,100,14534346,615,1,276,13.8,1,278,13.9
h5.0_J20,5.0,20,100,14534346,616,0,-1,,0,-1,
h5.0_J20,5.0,20,100,14534346,617,0,-1,,0,-1,
h5.0_J20,5.0,20,100,14534346,618,0,-1,,1,18816,940.8000000000001
h5.0_J20,5.0,20,100,14534346,619,0,-1,,0,-1,
h5.0_J20,5.0,20,100,14534346,620,0,-1,,0,-1,
h5.0_J20,5.0,20,100,14534346,621,0,-1,,0,-1,
h5.0_J20,5.0,20,100,14534346,622,0,-1,,0,-1,
h5.0_J20,5.0,20,100,14534346,623,0,-1,,0,-1,
h5.0_J20,5.0,20,100,14534346,624,0,-1,,0,-1,
h5.0_J20,5.0,20,100,14534346,625,0,-1,,0,-1,
h5.0_J20,5.0,20,100,14534346,626,0,-1,,0,-1,
h5.0_J20,5.0,20,100,14534346,627,0,-1,,0,-1,
h5.0_J20,5.0,20,100,14534346,628,0,-1,,0,-1,
h5.0_J20,5.0,20,100,14534346,629,0,-1,,0,-1,
h5.0_J20,5.0,20,100,14534346,630,0,-1,,0,-1,
h5.0_J20,5.0,20,100,14534346,631,0,-1,,0,-1,
h5.0_J20,5.0,20,100,14534346,632,0,-1,,0,-1,
h5.0_J20,5.0,20,100,14534346,633,0,-1,,0,-1,
h5.0_J20,5.0,20,100,14534346,634,0,-1,,0,-1,
h5.0_J20,5.0,20,100,14534346,635,0,-1,,0,-1,
h5.0_J20,5.0,20,100,14534346,636,0,-1,,0,-1,
h5.0_J20,5.0,20,100,14534346,637,0,-1,,0,-1,
h5.0_J20,5.0,20,100,14534346,638,0,-1,,0,-1,
h5.0_J20,5.0,20,100,14534346,639,1,273,13.65,1,278,13.9
h5.0_J20,5.0,20,100,14534346,640,0,-1,,0,-1,
h5.0_J20,5.0,20,100,14534346,641,1,286,14.3,1,392,19.6
h5.0_J20,5.0,20,100,14534346,642,0,-1,,0,-1,
h5.0_J20,5.0,20,100,14534346,643,1,290,14.5,1,293,14.65
h5.0_J20,5.0,20,100,14534346,644,0,-1,,0,-1,
h5.0_J20,5.0,20,100,14534346,645,0,-1,,0,-1,
h5.0_J20,5.0,20,100,14534346,646,0,-1,,0,-1,
h5.0_J20,5.0,20,100,14534346,647,0,-1,,0,-1,
h5.0_J20,5.0,20,100,14534346,648,0,-1,,0,-1,
h5.0_J20,5.0,20,100,14534346,649,0,-1,,0,-1,
h5.0_J20,5.0,20,100,14534346,650,0,-1,,0,-1,
h5.0_J20,5.0,20,100,14534346,651,0,-1,,0,-1,
h5.0_J20,5.0,20,100,14534346,652,0,-1,,0,-1,
h5.0_J20,5.0,20,100,14534346,653,0,-1,,1,16586,829.3000000000001
h5.0_J20,5.0,20,100,14534346,654,0,-1,,0,-1,
h5.0_J20,5.0,20,100,14534346,655,0,-1,,0,-1,
h5.0_J20,5.0,20,100,14534346,656,0,-1,,0,-1,
h5.0_J20,5.0,20,100,14534346,657,0,-1,,0,-1,
h5.0_J20,5.0,20,100,14534346,658,0,-1,,0,-1,
h5.0_J20,5.0,20,100,14534346,659,0,-1,,0,-1,
h5.0_J20,5.0,20,100,14534346,660,0,-1,,0,-1,
h5.0_J20,5.0,20,100,14534346,661,0,-1,,0,-1,
h5.0_J20,5.0,20,100,14534346,662,0,-1,,0,-1,
h5.0_J20,5.0,20,100,14534346,663,0,-1,,0,-1,
h5.0_J20,5.0,20,100,14534346,664,0,-1,,0,-1,
h5.0_J20,5.0,20,100,14534346,665,0,-1,,0,-1,
h5.0_J20,5.0,20,100,14534346,666,0,-1,,0,-1,
h5.0_J20,5.0,20,100,14534346,667,0,-1,,0,-1,
h5.0_J20,5.0,20,100,14534346,668,1,267,13.350000000000001,1,272,13.600000000000001
h5.0_J20,5.0,20,100,14534346,669,0,-1,,0,-1,
h5.0_J20,5.0,20,100,14534346,670,0,-1,,0,-1,
h5.0_J20,5.0,20,100,14534346,671,0,-1,,0,-1,
h5.0_J20,5.0,20,100,14534346,672,0,-1,,0,-1,
h5.0_J20,5.0,20,100,14534346,673,0,-1,,0,-1,
h5.0_J20,5.0,20,100,14534346,674,0,-1,,0,-1,
h5.0_J20,5.0,20,100,14534346,675,0,-1,,0,-1,
h5.0_J20,5.0,20,100,14534346,676,0,-1,,0,-1,
h5.0_J20,5.0,20,100,14534346,677,0,-1,,0,-1,
h5.0_J20,5.0,20,100,14534346,678,0,-1,,0,-1,
h5.0_J20,5.0,20,100,14534346,679,0,-1,,0,-1,
h5.0_J20,5.0,20,100,14534346,680,0,-1,,0,-1,
h5.0_J20,5.0,20,100,14534346,681,0,-1,,0,-1,
h5.0_J20,5.0,20,100,14534346,682,0,-1,,0,-1,
h5.0_J20,5.0,20,100,14534346,683,0,-1,,0,-1,
h5.0_J20,5.0,20,100,14534346,684,0,-1,,0,-1,
h5.0_J20,5.0,20,100,14534346,685,0,-1,,0,-1,
h5.0_J20,5.0,20,100,14534346,686,0,-1,,0,-1,
h5.0_J20,5.0,20,100,14534346,687,0,-1,,0,-1,
h5.0_J20,5.0,20,100,14534346,688,0,-1,,0,-1,
h5.0_J20,5.0,20,100,14534346,689,0,-1,,0,-1,
h5.0_J20,5.0,20,100,14534346,690,0,-1,,0,-1,
h5.0_J20,5.0,20,100,14534346,691,0,-1,,0,-1,
h5.0_J20,5.0,20,100,14534346,692,0,-1,,0,-1,
h5.0_J20,5.0,20,100,14534346,693,0,-1,,0,-1,
h5.0_J20,5.0,20,100,14534346,694,1,290,14.5,1,291,14.55
h5.0_J20,5.0,20,100,14534346,695,0,-1,,0,-1,
h5.0_J20,5.0,20,100,14534346,696,0,-1,,0,-1,
h5.0_J20,5.0,20,100,14534346,697,0,-1,,0,-1,
h5.0_J20,5.0,20,100,14534346,698,0,-1,,0,-1,
h5.0_J20,5.0,20,100,14534346,699,0,-1,,0,-1,
h5.0_J20,5.0,20,100,14534346,700,0,-1,,0,-1,
h5.0_J20,5.0,20,100,14534346,701,0,-1,,0,-1,
h5.0_J20,5.0,20,100,14534346,702,0,-1,,0,-1,
h5.0_J20,5.0,20,100,14534346,703,0,-1,,0,-1,
h5.0_J20,5.0,20,100,14534346,704,0,-1,,0,-1,
h5.0_J20,5.0,20,100,14534346,705,0,-1,,0,-1,
h5.0_J20,5.0,20,100,14534346,706,0,-1,,0,-1,
h5.0_J20,5.0,20,100,14534346,707,0,-1,,0,-1,
h5.0_J20,5.0,20,100,14534346,708,0,-1,,0,-1,
h5.0_J20,5.0,20,100,14534346,709,0,-1,,0,-1,
h5.0_J20,5.0,20,100,14534346,710,0,-1,,0,-1,
h5.0_J20,5.0,20,100,14534346,711,0,-1,,0,-1,
h5.0_J20,5.0,20,100,14534346,712,1,266,13.3,1,268,13.4
h5.0_J20,5.0,20,100,14534346,713,0,-1,,0,-1,
h5.0_J20,5.0,20,100,14534346,714,0,-1,,0,-1,
h5.0_J20,5.0,20,100,14534346,715,0,-1,,0,-1,
h5.0_J20,5.0,20,100,14534346,716,0,-1,,0,-1,
h5.0_J20,5.0,20,100,14534346,717,0,-1,,0,-1,
h5.0_J20,5.0,20,100,14534346,718,0,-1,,0,-1,
h5.0_J20,5.0,20,100,14534346,719,0,-1,,0,-1,
h5.0_J20,5.0,20,100,14534346,720,0,-1,,0,-1,
h5.0_J20,5.0,20,100,14534346,721,0,-1,,0,-1,
h5.0_J20,5.0,20,100,14534346,722,0,-1,,0,-1,
h5.0_J20,5.0,20,100,14534346,723,0,-1,,0,-1,
h5.0_J20,5.0,20,100,14534346,724,0,-1,,1,1782,89.10000000000001
h5.0_J20,5.0,20,100,14534346,725,0,-1,,0,-1,
h5.0_J20,5.0,20,100,14534346,726,0,-1,,0,-1,
h5.0_J20,5.0,20,100,14534346,727,0,-1,,1,15179,758.95
h5.0_J20,5.0,20,100,14534346,728,0,-1,,0,-1,
h5.0_J20,5.0,20,100,14534346,729,1,11038,551.9,0,-1,
h5.0_J20,5.0,20,100,14534346,730,0,-1,,0,-1,
h5.0_J20,5.0,20,100,14534346,731,0,-1,,0,-1,
h5.0_J20,5.0,20,100,14534346,732,0,-1,,0,-1,
h5.0_J20,5.0,20,100,14534346,733,0,-1,,0,-1,
h5.0_J20,5.0,20,100,14534346,734,0,-1,,0,-1,
h5.0_J20,5.0,20,100,14534346,735,0,-1,,0,-1,
h5.0_J20,5.0,20,100,14534346,736,0,-1,,0,-1,
h5.0_J20,5.0,20,100,14534346,737,0,-1,,0,-1,
h5.0_J20,5.0,20,100,14534346,738,0,-1,,0,-1,
h5.0_J20,5.0,20,100,14534346,739,0,-1,,0,-1,
h5.0_J20,5.0,20,100,14534346,740,0,-1,,0,-1,
h5.0_J20,5.0,20,100,14534346,741,0,-1,,0,-1,
h5.0_J20,5.0,20,100,14534346,742,0,-1,,0,-1,
h5.0_J20,5.0,20,100,14534346,743,0,-1,,0,-1,
h5.0_J20,5.0,20,100,14534346,744,0,-1,,0,-1,
h5.0_J20,5.0,20,100,14534346,745,0,-1,,0,-1,
h5.0_J20,5.0,20,100,14534346,746,0,-1,,0,-1,
h5.0_J20,5.0,20,100,14534346,747,0,-1,,0,-1,
h5.0_J20,5.0,20,100,14534346,748,0,-1,,0,-1,
h5.0_J20,5.0,20,100,14534346,749,0,-1,,0,-1,
h5.0_J20,5.0,20,100,14534346,750,0,-1,,0,-1,
h5.0_J20,5.0,20,100,14534346,751,0,-1,,0,-1,
h5.0_J20,5.0,20,100,14534346,752,0,-1,,0,-1,
h5.0_J20,5.0,20,100,14534346,753,0,-1,,0,-1,
h5.0_J20,5.0,20,100,14534346,754,0,-1,,0,-1,
h5.0_J20,5.0,20,100,14534346,755,0,-1,,0,-1,
h5.0_J20,5.0,20,100,14534346,756,0,-1,,0,-1,
h5.0_J20,5.0,20,100,14534346,757,0,-1,,0,-1,
h5.0_J20,5.0,20,100,14534346,758,0,-1,,0,-1,
h5.0_J20,5.0,20,100,14534346,759,0,-1,,0,-1,
h5.0_J20,5.0,20,100,14534346,760,1,284,14.200000000000001,1,285,14.25
h5.0_J20,5.0,20,100,14534346,761,0,-1,,0,-1,
h5.0_J20,5.0,20,100,14534346,762,0,-1,,1,15730,786.5
h5.0_J20,5.0,20,100,14534346,763,0,-1,,0,-1,
h5.0_J20,5.0,20,100,14534346,764,0,-1,,0,-1,
h5.0_J20,5.0,20,100,14534346,765,0,-1,,0,-1,
h5.0_J20,5.0,20,100,14534346,766,0,-1,,0,-1,
h5.0_J20,5.0,20,100,14534346,767,1,9117,455.85,1,9134,456.70000000000005
h5.0_J20,5.0,20,100,14534346,768,0,-1,,0,-1,
h5.0_J20,5.0,20,100,14534346,769,0,-1,,0,-1,
h5.0_J20,5.0,20,100,14534346,770,0,-1,,0,-1,
h5.0_J20,5.0,20,100,14534346,771,0,-1,,0,-1,
h5.0_J20,5.0,20,100,14534346,772,0,-1,,1,10045,502.25
h5.0_J20,5.0,20,100,14534346,773,0,-1,,0,-1,
h5.0_J20,5.0,20,100,14534346,774,0,-1,,0,-1,
h5.0_J20,5.0,20,100,14534346,775,0,-1,,0,-1,
h5.0_J20,5.0,20,100,14534346,776,0,-1,,0,-1,
h5.0_J20,5.0,20,100,14534346,777,0,-1,,0,-1,
h5.0_J20,5.0,20,100,14534346,778,1,265,13.25,1,267,13.350000000000001
h5.0_J20,5.0,20,100,14534346,779,0,-1,,0,-1,
h5.0_J20,5.0,20,100,14534346,780,0,-1,,0,-1,
h5.0_J20,5.0,20,100,14534346,781,0,-1,,0,-1,
h5.0_J20,5.0,20,100,14534346,782,0,-1,,0,-1,
h5.0_J20,5.0,20,100,14534346,783,0,-1,,0,-1,
h5.0_J20,5.0,20,100,14534346,784,0,-1,,0,-1,
h5.0_J20,5.0,20,100,14534346,785,0,-1,,0,-1,
h5.0_J20,5.0,20,100,14534346,786,0,-1,,0,-1,
h5.0_J20,5.0,20,100,14534346,787,0,-1,,0,-1,
h5.0_J20,5.0,20,100,14534346,788,0,-1,,0,-1,
h5.0_J20,5.0,20,100,14534346,789,0,-1,,0,-1,
h5.0_J20,5.0,20,100,14534346,790,0,-1,,0,-1,
h5.0_J20,5.0,20,100,14534346,791,0,-1,,0,-1,
h5.0_J20,5.0,20,100,14534346,792,0,-1,,0,-1,
h5.0_J20,5.0,20,100,14534346,793,0,-1,,0,-1,
h5.0_J20,5.0,20,100,14534346,794,0,-1,,0,-1,
h5.0_J20,5.0,20,100,14534346,795,0,-1,,0,-1,
h5.0_J20,5.0,20,100,14534346,796,0,-1,,0,-1,
h5.0_J20,5.0,20,100,14534346,797,0,-1,,0,-1,
h5.0_J20,5.0,20,100,14534346,798,1,12466,623.3000000000001,0,-1,
h5.0_J20,5.0,20,100,14534346,799,0,-1,,0,-1,
h5.0_J20,5.0,20,100,14534346,800,0,-1,,0,-1,
h5.0_J20,5.0,20,100,14534346,801,0,-1,,0,-1,
h5.0_J20,5.0,20,100,14534346,802,0,-1,,0,-1,
h5.0_J20,5.0,20,100,14534346,803,0,-1,,0,-1,
h5.0_J20,5.0,20,100,14534346,804,0,-1,,0,-1,
h5.0_J20,5.0,20,100,14534346,805,0,-1,,0,-1,
h5.0_J20,5.0,20,100,14534346,806,0,-1,,0,-1,
h5.0_J20,5.0,20,100,14534346,807,0,-1,,0,-1,
h5.0_J20,5.0,20,100,14534346,808,0,-1,,0,-1,
h5.0_J20,5.0,20,100,14534346,809,0,-1,,0,-1,
h5.0_J20,5.0,20,100,14534346,810,0,-1,,0,-1,
h5.0_J20,5.0,20,100,14534346,811,0,-1,,0,-1,
h5.0_J20,5.0,20,100,14534346,812,0,-1,,0,-1,
h5.0_J20,5.0,20,100,14534346,813,0,-1,,0,-1,
h5.0_J20,5.0,20,100,14534346,814,0,-1,,0,-1,
h5.0_J20,5.0,20,100,14534346,815,0,-1,,0,-1,
h5.0_J20,5.0,20,100,14534346,816,0,-1,,0,-1,
h5.0_J20,5.0,20,100,14534346,817,1,13125,656.25,1,13154,657.7
h5.0_J20,5.0,20,100,14534346,818,0,-1,,0,-1,
h5.0_J20,5.0,20,100,14534346,819,0,-1,,0,-1,
h5.0_J20,5.0,20,100,14534346,820,0,-1,,0,-1,
h5.0_J20,5.0,20,100,14534346,821,0,-1,,0,-1,
h5.0_J20,5.0,20,100,14534346,822,0,-1,,0,-1,
h5.0_J20,5.0,20,100,14534346,823,0,-1,,0,-1,
h5.0_J20,5.0,20,100,14534346,824,0,-1,,0,-1,
h5.0_J20,5.0,20,100,14534346,825,0,-1,,0,-1,
h5.0_J20,5.0,20,100,14534346,826,0,-1,,0,-1,
h5.0_J20,5.0,20,100,14534346,827,0,-1,,0,-1,
h5.0_J20,5.0,20,100,14534346,828,0,-1,,0,-1,
h5.0_J20,5.0,20,100,14534346,829,0,-1,,0,-1,
h5.0_J20,5.0,20,100,14534346,830,0,-1,,0,-1,
h5.0_J20,5.0,20,100,14534346,831,0,-1,,0,-1,
h5.0_J20,5.0,20,100,14534346,832,0,-1,,0,-1,
h5.0_J20,5.0,20,100,14534346,833,0,-1,,0,-1,
h5.0_J20,5.0,20,100,14534346,834,0,-1,,0,-1,
h5.0_J20,5.0,20,100,14534346,835,1,323,16.150000000000002,1,326,16.3
h5.0_J20,5.0,20,100,14534346,836,0,-1,,0,-1,
h5.0_J20,5.0,20,100,14534346,837,0,-1,,0,-1,
h5.0_J20,5.0,20,100,14534346,838,0,-1,,0,-1,
h5.0_J20,5.0,20,100,14534346,839,0,-1,,0,-1,
h5.0_J20,5.0,20,100,14534346,840,0,-1,,0,-1,
h5.0_J20,5.0,20,100,14534346,841,0,-1,,0,-1,
h5.0_J20,5.0,20,100,14534346,842,0,-1,,0,-1,
h5.0_J20,5.0,20,100,14534346,843,0,-1,,0,-1,
h5.0_J20,5.0,20,100,14534346,844,0,-1,,0,-1,
h5.0_J20,5.0,20,100,14534346,845,0,-1,,0,-1,
h5.0_J20,5.0,20,100,14534346,846,0,-1,,0,-1,
h5.0_J20,5.0,20,100,14534346,847,1,275,13.75,1,277,13.850000000000001
h5.0_J20,5.0,20,100,14534346,848,0,-1,,1,14272,713.6
h5.0_J20,5.0,20,100,14534346,849,0,-1,,0,-1,
h5.0_J20,5.0,20,100,14534346,850,0,-1,,0,-1,
h5.0_J20,5.0,20,100,14534346,851,0,-1,,0,-1,
h5.0_J20,5.0,20,100,14534346,852,0,-1,,0,-1,
h5.0_J20,5.0,20,100,14534346,853,0,-1,,0,-1,
h5.0_J20,5.0,20,100,14534346,854,0,-1,,0,-1,
h5.0_J20,5.0,20,100,14534346,855,0,-1,,0,-1,
h5.0_J20,5.0,20,100,14534346,856,0,-1,,0,-1,
h5.0_J20,5.0,20,100,14534346,857,0,-1,,0,-1,
h5.0_J20,5.0,20,100,14534346,858,0,-1,,0,-1,
h5.0_J20,5.0,20,100,14534346,859,0,-1,,0,-1,
h5.0_J20,5.0,20,100,14534346,860,0,-1,,0,-1,
h5.0_J20,5.0,20,100,14534346,861,0,-1,,0,-1,
h5.0_J20,5.0,20,100,14534346,862,0,-1,,0,-1,
h5.0_J20,5.0,20,100,14534346,863,0,-1,,0,-1,
h5.0_J20,5.0,20,100,14534346,864,0,-1,,1,8316,415.8
h5.0_J20,5.0,20,100,14534346,865,1,290,14.5,1,291,14.55
h5.0_J20,5.0,20,100,14534346,866,0,-1,,0,-1,
h5.0_J20,5.0,20,100,14534346,867,0,-1,,0,-1,
h5.0_J20,5.0,20,100,14534346,868,0,-1,,0,-1,
h5.0_J20,5.0,20,100,14534346,869,0,-1,,0,-1,
h5.0_J20,5.0,20,100,14534346,870,0,-1,,1,17817,890.85
h5.0_J20,5.0,20,100,14534346,871,0,-1,,0,-1,
h5.0_J20,5.0,20,100,14534346,872,0,-1,,0,-1,
h5.0_J20,5.0,20,100,14534346,873,0,-1,,0,-1,
h5.0_J20,5.0,20,100,14534346,874,0,-1,,0,-1,
h5.0_J20,5.0,20,100,14534346,875,0,-1,,0,-1,
h5.0_J20,5.0,20,100,14534346,876,0,-1,,0,-1,
h5.0_J20,5.0,20,100,14534346,877,0,-1,,0,-1,
h5.0_J20,5.0,20,100,14534346,878,0,-1,,0,-1,
h5.0_J20,5.0,20,100,14534346,879,0,-1,,0,-1,
h5.0_J20,5.0,20,100,14534346,880,0,-1,,0,-1,
h5.0_J20,5.0,20,100,14534346,881,0,-1,,0,-1,
h5.0_J20,5.0,20,100,14534346,882,0,-1,,0,-1,
h5.0_J20,5.0,20,100,14534346,883,0,-1,,0,-1,
h5.0_J20,5.0,20,100,14534346,884,0,-1,,0,-1,
h5.0_J20,5.0,20,100,14534346,885,0,-1,,0,-1,
h5.0_J20,5.0,20,100,14534346,886,0,-1,,0,-1,
h5.0_J20,5.0,20,100,14534346,887,0,-1,,0,-1,
h5.0_J20,5.0,20,100,14534346,888,0,-1,,0,-1,
h5.0_J20,5.0,20,100,14534346,889,0,-1,,0,-1,
h5.0_J20,5.0,20,100,14534346,890,0,-1,,0,-1,
h5.0_J20,5.0,20,100,14534346,891,0,-1,,0,-1,
h5.0_J20,5.0,20,100,14534346,892,0,-1,,0,-1,
h5.0_J20,5.0,20,100,14534346,893,0,-1,,0,-1,
h5.0_J20,5.0,20,100,14534346,894,0,-1,,0,-1,
h5.0_J20,5.0,20,100,14534346,895,0,-1,,0,-1,
h5.0_J20,5.0,20,100,14534346,896,0,-1,,0,-1,
h5.0_J20,5.0,20,100,14534346,897,0,-1,,0,-1,
h5.0_J20,5.0,20,100,14534346,898,0,-1,,0,-1,
h5.0_J20,5.0,20,100,14534346,899,0,-1,,0,-1,
h5.0_J20,5.0,20,100,14534346,900,0,-1,,0,-1,
h5.0_J20,5.0,20,100,14534346,901,0,-1,,1,307,15.350000000000001
h5.0_J20,5.0,20,100,14534346,902,0,-1,,0,-1,
h5.0_J20,5.0,20,100,14534346,903,0,-1,,0,-1,
h5.0_J20,5.0,20,100,14534346,904,0,-1,,0,-1,
h5.0_J20,5.0,20,100,14534346,905,0,-1,,0,-1,
h5.0_J20,5.0,20,100,14534346,906,0,-1,,0,-1,
h5.0_J20,5.0,20,100,14534346,907,0,-1,,0,-1,
h5.0_J20,5.0,20,100,14534346,908,0,-1,,0,-1,
h5.0_J20,5.0,20,100,14534346,909,0,-1,,0,-1,
h5.0_J20,5.0,20,100,14534346,910,0,-1,,0,-1,
h5.0_J20,5.0,20,100,14534346,911,0,-1,,0,-1,
h5.0_J20,5.0,20,100,14534346,912,0,-1,,0,-1,
h5.0_J20,5.0,20,100,14534346,913,0,-1,,0,-1,
h5.0_J20,5.0,20,100,14534346,914,0,-1,,0,-1,
h5.0_J20,5.0,20,100,14534346,915,0,-1,,0,-1,
h5.0_J20,5.0,20,100,14534346,916,0,-1,,0,-1,
h5.0_J20,5.0,20,100,14534346,917,0,-1,,0,-1,
h5.0_J20,5.0,20,100,14534346,918,0,-1,,0,-1,
h5.0_J20,5.0,20,100,14534346,919,0,-1,,0,-1,
h5.0_J20,5.0,20,100,14534346,920,0,-1,,0,-1,
h5.0_J20,5.0,20,100,14534346,921,0,-1,,0,-1,
h5.0_J20,5.0,20,100,14534346,922,0,-1,,0,-1,
h5.0_J20,5.0,20,100,14534346,923,0,-1,,0,-1,
h5.0_J20,5.0,20,100,14534346,924,0,-1,,0,-1,
h5.0_J20,5.0,20,100,14534346,925,0,-1,,0,-1,
h5.0_J20,5.0,20,100,14534346,926,0,-1,,0,-1,
h5.0_J20,5.0,20,100,14534346,927,0,-1,,0,-1,
h5.0_J20,5.0,20,100,14534346,928,0,-1,,0,-1,
h5.0_J20,5.0,20,100,14534346,929,0,-1,,0,-1,
h5.0_J20,5.0,20,100,14534346,930,0,-1,,0,-1,
h5.0_J20,5.0,20,100,14534346,931,0,-1,,0,-1,
h5.0_J20,5.0,20,100,14534346,932,0,-1,,0,-1,
h5.0_J20,5.0,20,100,14534346,933,0,-1,,0,-1,
h5.0_J20,5.0,20,100,14534346,934,0,-1,,0,-1,
h5.0_J20,5.0,20,100,14534346,935,0,-1,,0,-1,
h5.0_J20,5.0,20,100,14534346,936,0,-1,,0,-1,
h5.0_J20,5.0,20,100,14534346,937,0,-1,,0,-1,
h5.0_J20,5.0,20,100,14534346,938,0,-1,,0,-1,
h5.0_J20,5.0,20,100,14534346,939,0,-1,,0,-1,
h5.0_J20,5.0,20,100,14534346,940,0,-1,,0,-1,
h5.0_J20,5.0,20,100,14534346,941,0,-1,,0,-1,
h5.0_J20,5.0,20,100,14534346,942,0,-1,,0,-1,
h5.0_J20,5.0,20,100,14534346,943,0,-1,,0,-1,
h5.0_J20,5.0,20,100,14534346,944,0,-1,,1,16770,838.5
h5.0_J20,5.0,20,100,14534346,945,0,-1,,1,12600,630.0
h5.0_J20,5.0,20,100,14534346,946,0,-1,,0,-1,
h5.0_J20,5.0,20,100,14534346,947,0,-1,,0,-1,
h5.0_J20,5.0,20,100,14534346,948,0,-1,,0,-1,
h5.0_J20,5.0,20,100,14534346,949,0,-1,,0,-1,
h5.0_J20,5.0,20,100,14534346,950,0,-1,,0,-1,
h5.0_J20,5.0,20,100,14534346,951,0,-1,,0,-1,
h5.0_J20,5.0,20,100,14534346,952,1,308,15.4,1,310,15.5
h5.0_J20,5.0,20,100,14534346,953,0,-1,,0,-1,
h5.0_J20,5.0,20,100,14534346,954,0,-1,,0,-1,
h5.0_J20,5.0,20,100,14534346,955,0,-1,,0,-1,
h5.0_J20,5.0,20,100,14534346,956,0,-1,,0,-1,
h5.0_J20,5.0,20,100,14534346,957,0,-1,,0,-1,
h5.0_J20,5.0,20,100,14534346,958,0,-1,,0,-1,
h5.0_J20,5.0,20,100,14534346,959,0,-1,,0,-1,
h5.0_J20,5.0,20,100,14534346,960,0,-1,,0,-1,
h5.0_J20,5.0,20,100,14534346,961,0,-1,,0,-1,
h5.0_J20,5.0,20,100,14534346,962,0,-1,,1,8163,408.15000000000003
h5.0_J20,5.0,20,100,14534346,963,0,-1,,0,-1,
h5.0_J20,5.0,20,100,14534346,964,0,-1,,0,-1,
h5.0_J20,5.0,20,100,14534346,965,0,-1,,0,-1,
h5.0_J20,5.0,20,100,14534346,966,0,-1,,0,-1,
h5.0_J20,5.0,20,100,14534346,967,0,-1,,0,-1,
h5.0_J20,5.0,20,100,14534346,968,0,-1,,0,-1,
h5.0_J20,5.0,20,100,14534346,969,0,-1,,0,-1,
h5.0_J20,5.0,20,100,14534346,970,0,-1,,0,-1,
h5.0_J20,5.0,20,100,14534346,971,0,-1,,0,-1,
h5.0_J20,5.0,20,100,14534346,972,0,-1,,0,-1,
h5.0_J20,5.0,20,100,14534346,973,0,-1,,0,-1,
h5.0_J20,5.0,20,100,14534346,974,0,-1,,0,-1,
h5.0_J20,5.0,20,100,14534346,975,0,-1,,0,-1,
h5.0_J20,5.0,20,100,14534346,976,0,-1,,0,-1,
h5.0_J20,5.0,20,100,14534346,977,0,-1,,0,-1,
h5.0_J20,5.0,20,100,14534346,978,0,-1,,0,-1,
h5.0_J20,5.0,20,100,14534346,979,0,-1,,0,-1,
h5.0_J20,5.0,20,100,14534346,980,0,-1,,1,19075,953.75
h5.0_J20,5.0,20,100,14534346,981,0,-1,,0,-1,
h5.0_J20,5.0,20,100,14534346,982,0,-1,,0,-1,
h5.0_J20,5.0,20,100,14534346,983,0,-1,,0,-1,
h5.0_J20,5.0,20,100,14534346,984,0,-1,,0,-1,
h5.0_J20,5.0,20,100,14534346,985,0,-1,,0,-1,
h5.0_J20,5.0,20,100,14534346,986,0,-1,,0,-1,
h5.0_J20,5.0,20,100,14534346,987,0,-1,,0,-1,
h5.0_J20,5.0,20,100,14534346,988,0,-1,,0,-1,
h5.0_J20,5.0,20,100,14534346,989,0,-1,,0,-1,
h5.0_J20,5.0,20,100,14534346,990,0,-1,,0,-1,
h5.0_J20,5.0,20,100,14534346,991,0,-1,,0,-1,
h5.0_J20,5.0,20,100,14534346,992,0,-1,,0,-1,
h5.0_J20,5.0,20,100,14534346,993,0,-1,,1,9482,474.1
h5.0_J20,5.0,20,100,14534346,994,0,-1,,0,-1,
h5.0_J20,5.0,20,100,14534346,995,0,-1,,0,-1,
h5.0_J20,5.0,20,100,14534346,996,1,18476,923.8000000000001,0,-1,
h5.0_J20,5.0,20,100,14534346,997,0,-1,,0,-1,
h5.0_J20,5.0,20,100,14534346,998,0,-1,,0,-1,
h5.0_J20,5.0,20,100,14534346,999,0,-1,,0,-1,
h5.0_J20,5.0,20,100,14534346,1000,0,-1,,0,-1,
h5.0_J20,5.0,20,100,14534346,1001,0,-1,,0,-1,
h5.0_J20,5.0,20,100,14534346,1002,0,-1,,0,-1,
h5.0_J20,5.0,20,100,14534346,1003,0,-1,,0,-1,
h5.0_J20,5.0,20,100,14534346,1004,0,-1,,0,-1,
h5.0_J20,5.0,20,100,14534346,1005,0,-1,,0,-1,
h5.0_J20,5.0,20,100,14534346,1006,0,-1,,0,-1,
h5.0_J20,5.0,20,100,14534346,1007,0,-1,,0,-1,
h5.0_J20,5.0,20,100,14534346,1008,0,-1,,0,-1,
h5.0_J20,5.0,20,100,14534346,1009,1,277,13.850000000000001,1,280,14.0
h5.0_J20,5.0,20,100,14534346,1010,0,-1,,0,-1,
h5.0_J20,5.0,20,100,14534346,1011,0,-1,,0,-1,
h5.0_J20,5.0,20,100,14534346,1012,0,-1,,1,12980,649.0
h5.0_J20,5.0,20,100,14534346,1013,0,-1,,0,-1,
h5.0_J20,5.0,20,100,14534346,1014,0,-1,,0,-1,
h5.0_J20,5.0,20,100,14534346,1015,0,-1,,0,-1,
h5.0_J20,5.0,20,100,14534346,1016,0,-1,,0,-1,
h5.0_J20,5.0,20,100,14534346,1017,0,-1,,0,-1,
h5.0_J20,5.0,20,100,14534346,1018,0,-1,,0,-1,
h5.0_J20,5.0,20,100,14534346,1019,0,-1,,0,-1,
h5.0_J20,5.0,20,100,14534346,1020,0,-1,,0,-1,
h5.0_J20,5.0,20,100,14534346,1021,0,-1,,0,-1,
h5.0_J20,5.0,20,100,14534346,1022,0,-1,,0,-1,
h5.0_J20,5.0,20,100,14534346,1023,0,-1,,0,-1,
h5.0_J20,5.0,20,100,14534346,1024,1,13105,655.25,1,13132,656.6
h5.0_J20,5.0,20,100,14534346,1025,0,-1,,0,-1,
h5.0_J20,5.0,20,100,14534346,1026,0,-1,,0,-1,
h5.0_J20,5.0,20,100,14534346,1027,0,-1,,0,-1,
h5.0_J20,5.0,20,100,14534346,1028,0,-1,,0,-1,
h5.0_J20,5.0,20,100,14534346,1029,0,-1,,1,5966,298.3
h5.0_J20,5.0,20,100,14534346,1030,0,-1,,0,-1,
h5.0_J20,5.0,20,100,14534346,1031,1,18175,908.75,1,18206,910.3000000000001
h5.0_J20,5.0,20,100,14534346,1032,0,-1,,0,-1,
h5.0_J20,5.0,20,100,14534346,1033,0,-1,,0,-1,
h5.0_J20,5.0,20,100,14534346,1034,0,-1,,0,-1,
h5.0_J20,5.0,20,100,14534346,1035,0,-1,,0,-1,
h5.0_J20,5.0,20,100,14534346,1036,0,-1,,0,-1,
h5.0_J20,5.0,20,100,14534346,1037,0,-1,,0,-1,
h5.0_J20,5.0,20,100,14534346,1038,0,-1,,0,-1,
h5.0_J20,5.0,20,100,14534346,1039,0,-1,,0,-1,
h5.0_J20,5.0,20,100,14534346,1040,0,-1,,0,-1,
h5.0_J20,5.0,20,100,14534346,1041,0,-1,,0,-1,
h5.0_J20,5.0,20,100,14534346,1042,0,-1,,0,-1,
h5.0_J20,5.0,20,100,14534346,1043,0,-1,,0,-1,
h5.0_J20,5.0,20,100,14534346,1044,0,-1,,0,-1,
h5.0_J20,5.0,20,100,14534346,1045,0,-1,,0,-1,
h5.0_J20,5.0,20,100,14534346,1046,0,-1,,0,-1,
h5.0_J20,5.0,20,100,14534346,1047,0,-1,,0,-1,
h5.0_J20,5.0,20,100,14534346,1048,1,9303,465.15000000000003,1,9312,465.6
h5.0_J20,5.0,20,100,14534346,1049,0,-1,,1,5560,278.0
h5.0_J20,5.0,20,100,14534346,1050,0,-1,,0,-1,
h5.0_J20,5.0,20,100,14534346,1051,0,-1,,0,-1,
h5.0_J20,5.0,20,100,14534346,1052,0,-1,,0,-1,
h5.0_J20,5.0,20,100,14534346,1053,0,-1,,0,-1,
h5.0_J20,5.0,20,100,14534346,1054,0,-1,,0,-1,
h5.0_J20,5.0,20,100,14534346,1055,0,-1,,0,-1,
h5.0_J20,5.0,20,100,14534346,1056,0,-1,,0,-1,
h5.0_J20,5.0,20,100,14534346,1057,0,-1,,0,-1,
h5.0_J20,5.0,20,100,14534346,1058,0,-1,,0,-1,
h5.0_J20,5.0,20,100,14534346,1059,0,-1,,0,-1,
h5.0_J20,5.0,20,100,14534346,1060,0,-1,,0,-1,
h5.0_J20,5.0,20,100,14534346,1061,0,-1,,0,-1,
h5.0_J20,5.0,20,100,14534346,1062,0,-1,,0,-1,
h5.0_J20,5.0,20,100,14534346,1063,0,-1,,0,-1,
h5.0_J20,5.0,20,100,14534346,1064,1,19321,966.0500000000001,1,19361,968.0500000000001
h5.0_J20,5.0,20,100,14534346,1065,0,-1,,1,11474,573.7
h5.0_J20,5.0,20,100,14534346,1066,0,-1,,0,-1,
h5.0_J20,5.0,20,100,14534346,1067,0,-1,,0,-1,
h5.0_J20,5.0,20,100,14534346,1068,0,-1,,0,-1,
h5.0_J20,5.0,20,100,14534346,1069,0,-1,,0,-1,
h5.0_J20,5.0,20,100,14534346,1070,0,-1,,0,-1,
h5.0_J20,5.0,20,100,14534346,1071,1,294,14.700000000000001,1,295,14.75
h5.0_J20,5.0,20,100,14534346,1072,1,267,13.350000000000001,0,-1,
h5.0_J20,5.0,20,100,14534346,1073,0,-1,,0,-1,
h5.0_J20,5.0,20,100,14534346,1074,0,-1,,0,-1,
h5.0_J20,5.0,20,100,14534346,1075,0,-1,,0,-1,
h5.0_J20,5.0,20,100,14534346,1076,0,-1,,0,-1,
h5.0_J20,5.0,20,100,14534346,1077,0,-1,,0,-1,
h5.0_J20,5.0,20,100,14534346,1078,1,282,14.100000000000001,1,285,14.25
h5.0_J20,5.0,20,100,14534346,1079,0,-1,,0,-1,
h5.0_J20,5.0,20,100,14534346,1080,0,-1,,0,-1,
h5.0_J20,5.0,20,100,14534346,1081,0,-1,,0,-1,
h5.0_J20,5.0,20,100,14534346,1082,0,-1,,0,-1,
h5.0_J20,5.0,20,100,14534346,1083,0,-1,,0,-1,
h5.0_J20,5.0,20,100,14534346,1084,0,-1,,0,-1,
h5.0_J20,5.0,20,100,14534346,1085,0,-1,,0,-1,
h5.0_J20,5.0,20,100,14534346,1086,0,-1,,0,-1,
h5.0_J20,5.0,20,100,14534346,1087,0,-1,,0,-1,
h5.0_J20,5.0,20,100,14534346,1088,0,-1,,0,-1,
h5.0_J20,5.0,20,100,14534346,1089,0,-1,,0,-1,
h5.0_J20,5.0,20,100,14534346,1090,0,-1,,0,-1,
h5.0_J20,5.0,20,100,14534346,1091,0,-1,,0,-1,
h5.0_J20,5.0,20,100,14534346,1092,0,-1,,0,-1,
h5.0_J20,5.0,20,100,14534346,1093,0,-1,,1,11008,550.4
h5.0_J20,5.0,20,100,14534346,1094,0,-1,,1,16397,819.85
h5.0_J20,5.0,20,100,14534346,1095,0,-1,,0,-1,
h5.0_J20,5.0,20,100,14534346,1096,0,-1,,0,-1,
h5.0_J20,5.0,20,100,14534346,1097,0,-1,,0,-1,
h5.0_J20,5.0,20,100,14534346,1098,0,-1,,0,-1,
h5.0_J20,5.0,20,100,14534346,1099,0,-1,,0,-1,
h5.0_J20,5.0,20,100,14534346,1100,0,-1,,1,17315,865.75
h5.0_J20,5.0,20,100,14534346,1101,0,-1,,0,-1,
h5.0_J20,5.0,20,100,14534346,1102,0,-1,,0,-1,
h5.0_J20,5.0,20,100,14534346,1103,0,-1,,0,-1,
h5.0_J20,5.0,20,100,14534346,1104,0,-1,,0,-1,
h5.0_J20,5.0,20,100,14534346,1105,0,-1,,0,-1,
h5.0_J20,5.0,20,100,14534346,1106,0,-1,,0,-1,
h5.0_J20,5.0,20,100,14534346,1107,0,-1,,0,-1,
h5.0_J20,5.0,20,100,14534346,1108,0,-1,,0,-1,
h5.0_J20,5.0,20,100,14534346,1109,0,-1,,0,-1,
h5.0_J20,5.0,20,100,14534346,1110,0,-1,,0,-1,
h5.0_J20,5.0,20,100,14534346,1111,0,-1,,0,-1,
h5.0_J20,5.0,20,100,14534346,1112,0,-1,,0,-1,
h5.0_J20,5.0,20,100,14534346,1113,0,-1,,0,-1,
h5.0_J20,5.0,20,100,14534346,1114,0,-1,,0,-1,
h5.0_J20,5.0,20,100,14534346,1115,0,-1,,0,-1,
h5.0_J20,5.0,20,100,14534346,1116,0,-1,,0,-1,
h5.0_J20,5.0,20,100,14534346,1117,0,-1,,0,-1,
h5.0_J20,5.0,20,100,14534346,1118,0,-1,,0,-1,
h5.0_J20,5.0,20,100,14534346,1119,0,-1,,0,-1,
h5.0_J20,5.0,20,100,14534346,1120,0,-1,,0,-1,
h5.0_J20,5.0,20,100,14534346,1121,0,-1,,0,-1,
h5.0_J20,5.0,20,100,14534346,1122,0,-1,,0,-1,
h5.0_J20,5.0,20,100,14534346,1123,0,-1,,0,-1,
h5.0_J20,5.0,20,100,14534346,1124,0,-1,,0,-1,
h5.0_J20,5.0,20,100,14534346,1125,0,-1,,0,-1,
h5.0_J20,5.0,20,100,14534346,1126,0,-1,,0,-1,
h5.0_J20,5.0,20,100,14534346,1127,0,-1,,0,-1,
h5.0_J20,5.0,20,100,14534346,1128,0,-1,,0,-1,
h5.0_J20,5.0,20,100,14534346,1129,0,-1,,0,-1,
h5.0_J20,5.0,20,100,14534346,1130,0,-1,,0,-1,
h5.0_J20,5.0,20,100,14534346,1131,0,-1,,0,-1,
h5.0_J20,5.0,20,100,14534346,1132,1,14530,726.5,0,-1,
h5.0_J20,5.0,20,100,14534346,1133,0,-1,,0,-1,
h5.0_J20,5.0,20,100,14534346,1134,0,-1,,0,-1,
h5.0_J20,5.0,20,100,14534346,1135,0,-1,,0,-1,
h5.0_J20,5.0,20,100,14534346,1136,0,-1,,0,-1,
h5.0_J20,5.0,20,100,14534346,1137,0,-1,,0,-1,
h5.0_J20,5.0,20,100,14534346,1138,0,-1,,1,7479,373.95000000000005
h5.0_J20,5.0,20,100,14534346,1139,0,-1,,0,-1,
h5.0_J20,5.0,20,100,14534346,1140,0,-1,,0,-1,
h5.0_J20,5.0,20,100,14534346,1141,0,-1,,0,-1,
h5.0_J20,5.0,20,100,14534346,1142,0,-1,,0,-1,
h5.0_J20,5.0,20,100,14534346,1143,1,336,16.8,1,349,17.45
h5.0_J20,5.0,20,100,14534346,1144,0,-1,,0,-1,
h5.0_J20,5.0,20,100,14534346,1145,0,-1,,0,-1,
h5.0_J20,5.0,20,100,14534346,1146,0,-1,,1,2617,130.85
h5.0_J20,5.0,20,100,14534346,1147,0,-1,,0,-1,
h5.0_J20,5.0,20,100,14534346,1148,0,-1,,0,-1,
h5.0_J20,5.0,20,100,14534346,1149,0,-1,,0,-1,
h5.0_J20,5.0,20,100,14534346,1150,1,279,13.950000000000001,1,287,14.350000000000001
h5.0_J20,5.0,20,100,14534346,1151,0,-1,,0,-1,
h5.0_J20,5.0,20,100,14534346,1152,0,-1,,0,-1,
h5.0_J20,5.0,20,100,14534346,1153,0,-1,,0,-1,
h5.0_J20,5.0,20,100,14534346,1154,0,-1,,0,-1,
h5.0_J20,5.0,20,100,14534346,1155,0,-1,,0,-1,
h5.0_J20,5.0,20,100,14534346,1156,0,-1,,0,-1,
h5.0_J20,5.0,20,100,14534346,1157,0,-1,,0,-1,
h5.0_J20,5.0,20,100,14534346,1158,0,-1,,0,-1,
h5.0_J20,5.0,20,100,14534346,1159,0,-1,,0,-1,
h5.0_J20,5.0,20,100,14534346,1160,0,-1,,0,-1,
h5.0_J20,5.0,20,100,14534346,1161,0,-1,,0,-1,
h5.0_J20,5.0,20,100,14534346,1162,0,-1,,0,-1,
h5.0_J20,5.0,20,100,14534346,1163,0,-1,,0,-1,
h5.0_J20,5.0,20,100,14534346,1164,0,-1,,0,-1,
h5.0_J20,5.0,20,100,14534346,1165,0,-1,,0,-1,
h5.0_J20,5.0,20,100,14534346,1166,0,-1,,0,-1,
h5.0_J20,5.0,20,100,14534346,1167,1,10907,545.35,0,-1,
h5.0_J20,5.0,20,100,14534346,1168,0,-1,,0,-1,
h5.0_J20,5.0,20,100,14534346,1169,0,-1,,0,-1,
h5.0_J20,5.0,20,100,14534346,1170,0,-1,,0,-1,
h5.0_J20,5.0,20,100,14534346,1171,0,-1,,0,-1,
h5.0_J20,5.0,20,100,14534346,1172,0,-1,,0,-1,
h5.0_J20,5.0,20,100,14534346,1173,1,5232,261.6,1,5258,262.90000000000003
h5.0_J20,5.0,20,100,14534346,1174,0,-1,,0,-1,
h5.0_J20,5.0,20,100,14534346,1175,0,-1,,0,-1,
h5.0_J20,5.0,20,100,14534346,1176,0,-1,,0,-1,
h5.0_J20,5.0,20,100,14534346,1177,0,-1,,0,-1,
h5.0_J20,5.0,20,100,14534346,1178,0,-1,,0,-1,
h5.0_J20,5.0,20,100,14534346,1179,0,-1,,0,-1,
h5.0_J20,5.0,20,100,14534346,1180,0,-1,,1,8002,400.1
h5.0_J20,5.0,20,100,14534346,1181,0,-1,,0,-1,
h5.0_J20,5.0,20,100,14534346,1182,0,-1,,0,-1,
h5.0_J20,5.0,20,100,14534346,1183,0,-1,,0,-1,
h5.0_J20,5.0,20,100,14534346,1184,0,-1,,0,-1,
h5.0_J20,5.0,20,100,14534346,1185,0,-1,,0,-1,
h5.0_J20,5.0,20,100,14534346,1186,0,-1,,0,-1,
h5.0_J20,5.0,20,100,14534346,1187,0,-1,,0,-1,
h5.0_J20,5.0,20,100,14534346,1188,0,-1,,0,-1,
h5.0_J20,5.0,20,100,14534346,1189,0,-1,,0,-1,
h5.0_J20,5.0,20,100,14534346,1190,0,-1,,1,15840,792.0
h5.0_J20,5.0,20,100,14534346,1191,0,-1,,0,-1,
h5.0_J20,5.0,20,100,14534346,1192,0,-1,,0,-1,
h5.0_J20,5.0,20,100,14534346,1193,0,-1,,0,-1,
h5.0_J20,5.0,20,100,14534346,1194,0,-1,,1,4709,235.45000000000002
h5.0_J20,5.0,20,100,14534346,1195,0,-1,,0,-1,
h5.0_J20,5.0,20,100,14534346,1196,0,-1,,0,-1,
h5.0_J20,5.0,20,100,14534346,1197,0,-1,,0,-1,
h5.0_J20,5.0,20,100,14534346,1198,1,294,14.700000000000001,1,278,13.9
h5.0_J20,5.0,20,100,14534346,1199,0,-1,,0,-1,
h5.0_J20,5.0,20,100,14534346,1200,0,-1,,0,-1,
h5.0_J20,5.0,20,100,14534346,1201,0,-1,,0,-1,
h5.0_J20,5.0,20,100,14534346,1202,0,-1,,0,-1,
h5.0_J20,5.0,20,100,14534346,1203,0,-1,,0,-1,
h5.0_J20,5.0,20,100,14534346,1204,0,-1,,0,-1,
h5.0_J20,5.0,20,100,14534346,1205,0,-1,,0,-1,
h5.0_J20,5.0,20,100,14534346,1206,0,-1,,0,-1,
h5.0_J20,5.0,20,100,14534346,1207,0,-1,,0,-1,
h5.0_J20,5.0,20,100,14534346,1208,0,-1,,0,-1,
h5.0_J20,5.0,20,100,14534346,1209,0,-1,,0,-1,
h5.0_J20,5.0,20,100,14534346,1210,0,-1,,0,-1,
h5.0_J20,5.0,20,100,14534346,1211,0,-1,,0,-1,
h5.0_J20,5.0,20,100,14534346,1212,0,-1,,0,-1,
h5.0_J20,5.0,20,100,14534346,1213,0,-1,,0,-1,
h5.0_J20,5.0,20,100,14534346,1214,0,-1,,0,-1,
h5.0_J20,5.0,20,100,14534346,1215,0,-1,,0,-1,
h5.0_J20,5.0,20,100,14534346,1216,0,-1,,0,-1,
h5.0_J20,5.0,20,100,14534346,1217,0,-1,,0,-1,
h5.0_J20,5.0,20,100,14534346,1218,0,-1,,0,-1,
h5.0_J20,5.0,20,100,14534346,1219,0,-1,,0,-1,
h5.0_J20,5.0,20,100,14534346,1220,0,-1,,0,-1,
h5.0_J20,5.0,20,100,14534346,1221,0,-1,,0,-1,
h5.0_J20,5.0,20,100,14534346,1222,0,-1,,0,-1,
h5.0_J20,5.0,20,100,14534346,1223,0,-1,,0,-1,
h5.0_J20,5.0,20,100,14534346,1224,1,281,14.05,1,284,14.200000000000001
h5.0_J20,5.0,20,100,14534346,1225,0,-1,,0,-1,
h5.0_J20,5.0,20,100,14534346,1226,0,-1,,0,-1,
h5.0_J20,5.0,20,100,14534346,1227,0,-1,,0,-1,
h5.0_J20,5.0,20,100,14534346,1228,0,-1,,0,-1,
h5.0_J20,5.0,20,100,14534346,1229,0,-1,,0,-1,
h5.0_J20,5.0,20,100,14534346,1230,1,15337,766.85,0,-1,
h5.0_J20,5.0,20,100,14534346,1231,1,283,14.15,0,-1,
h5.0_J20,5.0,20,100,14534346,1232,0,-1,,0,-1,
h5.0_J20,5.0,20,100,14534346,1233,0,-1,,0,-1,
h5.0_J20,5.0,20,100,14534346,1234,0,-1,,0,-1,
h5.0_J20,5.0,20,100,14534346,1235,0,-1,,0,-1,
h5.0_J20,5.0,20,100,14534346,1236,0,-1,,0,-1,
h5.0_J20,5.0,20,100,14534346,1237,0,-1,,0,-1,
h5.0_J20,5.0,20,100,14534346,1238,0,-1,,0,-1,
h5.0_J20,5.0,20,100,14534346,1239,0,-1,,0,-1,
h5.0_J20,5.0,20,100,14534346,1240,0,-1,,0,-1,
h5.0_J20,5.0,20,100,14534346,1241,0,-1,,1,13274,663.7
h5.0_J20,5.0,20,100,14534346,1242,0,-1,,0,-1,
h5.0_J20,5.0,20,100,14534346,1243,0,-1,,0,-1,
h5.0_J20,5.0,20,100,14534346,1244,0,-1,,0,-1,
h5.0_J20,5.0,20,100,14534346,1245,0,-1,,0,-1,
h5.0_J20,5.0,20,100,14534346,1246,0,-1,,0,-1,
h5.0_J20,5.0,20,100,14534346,1247,0,-1,,0,-1,
h5.0_J20,5.0,20,100,14534346,1248,0,-1,,0,-1,
h5.0_J20,5.0,20,100,14534346,1249,0,-1,,0,-1,
h5.0_J20,5.0,20,100,14534346,1250,0,-1,,1,8128,406.40000000000003
h5.0_J20,5.0,20,100,14534346,1251,0,-1,,0,-1,
h5.0_J20,5.0,20,100,14534346,1252,0,-1,,0,-1,
h5.0_J20,5.0,20,100,14534346,1253,0,-1,,0,-1,
h5.0_J20,5.0,20,100,14534346,1254,0,-1,,0,-1,
h5.0_J20,5.0,20,100,14534346,1255,0,-1,,0,-1,
h5.0_J20,5.0,20,100,14534346,1256,0,-1,,0,-1,
h5.0_J20,5.0,20,100,14534346,1257,1,283,14.15,1,290,14.5
h5.0_J20,5.0,20,100,14534346,1258,0,-1,,0,-1,
h5.0_J20,5.0,20,100,14534346,1259,0,-1,,0,-1,
h5.0_J20,5.0,20,100,14534346,1260,0,-1,,0,-1,
h5.0_J20,5.0,20,100,14534346,1261,0,-1,,0,-1,
h5.0_J20,5.0,20,100,14534346,1262,0,-1,,0,-1,
h5.0_J20,5.0,20,100,14534346,1263,0,-1,,0,-1,
h5.0_J20,5.0,20,100,14534346,1264,0,-1,,0,-1,
h5.0_J20,5.0,20,100,14534346,1265,0,-1,,0,-1,
h5.0_J20,5.0,20,100,14534346,1266,0,-1,,0,-1,
h5.0_J20,5.0,20,100,14534346,1267,0,-1,,0,-1,
h5.0_J20,5.0,20,100,14534346,1268,0,-1,,0,-1,
h5.0_J20,5.0,20,100,14534346,1269,0,-1,,0,-1,
h5.0_J20,5.0,20,100,14534346,1270,0,-1,,0,-1,
h5.0_J20,5.0,20,100,14534346,1271,0,-1,,0,-1,
h5.0_J20,5.0,20,100,14534346,1272,0,-1,,0,-1,
h5.0_J20,5.0,20,100,14534346,1273,0,-1,,0,-1,
h5.0_J20,5.0,20,100,14534346,1274,0,-1,,0,-1,
h5.0_J20,5.0,20,100,14534346,1275,0,-1,,0,-1,
h5.0_J20,5.0,20,100,14534346,1276,0,-1,,0,-1,
h5.0_J20,5.0,20,100,14534346,1277,1,11850,592.5,1,11901,595.0500000000001
h5.0_J20,5.0,20,100,14534346,1278,0,-1,,0,-1,
h5.0_J20,5.0,20,100,14534346,1279,0,-1,,0,-1,
h5.0_J20,5.0,20,100,14534346,1280,0,-1,,0,-1,
h5.0_J20,5.0,20,100,14534346,1281,0,-1,,0,-1,
h5.0_J20,5.0,20,100,14534346,1282,1,273,13.65,1,274,13.700000000000001
h5.0_J20,5.0,20,100,14534346,1283,0,-1,,0,-1,
h5.0_J20,5.0,20,100,14534346,1284,0,-1,,1,17147,857.35
h5.0_J20,5.0,20,100,14534346,1285,0,-1,,0,-1,
h5.0_J20,5.0,20,100,14534346,1286,0,-1,,0,-1,
h5.0_J20,5.0,20,100,14534346,1287,0,-1,,0,-1,
h5.0_J20,5.0,20,100,14534346,1288,0,-1,,0,-1,
h5.0_J20,5.0,20,100,14534346,1289,0,-1,,0,-1,
h5.0_J20,5.0,20,100,14534346,1290,0,-1,,0,-1,
h5.0_J20,5.0,20,100,14534346,1291,0,-1,,0,-1,
h5.0_J20,5.0,20,100,14534346,1292,0,-1,,0,-1,
h5.0_J20,5.0,20,100,14534346,1293,0,-1,,0,-1,
h5.0_J20,5.0,20,100,14534346,1294,0,-1,,0,-1,
h5.0_J20,5.0,20,100,14534346,1295,0,-1,,0,-1,
h5.0_J20,5.0,20,100,14534346,1296,0,-1,,0,-1,
h5.0_J20,5.0,20,100,14534346,1297,0,-1,,0,-1,
h5.0_J20,5.0,20,100,14534346,1298,0,-1,,0,-1,
h5.0_J20,5.0,20,100,14534346,1299,0,-1,,0,-1,
h5.0_J20,5.0,20,100,14534346,1300,0,-1,,0,-1,
h5.0_J20,5.0,20,100,14534346,1301,0,-1,,1,13703,685.1500000000001
h5.0_J20,5.0,20,100,14534346,1302,0,-1,,0,-1,
h5.0_J20,5.0,20,100,14534346,1303,0,-1,,0,-1,
h5.0_J20,5.0,20,100,14534346,1304,0,-1,,0,-1,
h5.0_J20,5.0,20,100,14534346,1305,0,-1,,0,-1,
h5.0_J20,5.0,20,100,14534346,1306,0,-1,,0,-1,
h5.0_J20,5.0,20,100,14534346,1307,0,-1,,0,-1,
h5.0_J20,5.0,20,100,14534346,1308,0,-1,,0,-1,
h5.0_J20,5.0,20,100,14534346,1309,0,-1,,0,-1,
h5.0_J20,5.0,20,100,14534346,1310,0,-1,,0,-1,
h5.0_J20,5.0,20,100,14534346,1311,0,-1,,0,-1,
h5.0_J20,5.0,20,100,14534346,1312,0,-1,,0,-1,
h5.0_J20,5.0,20,100,14534346,1313,0,-1,,0,-1,
h5.0_J20,5.0,20,100,14534346,1314,0,-1,,1,16418,820.9000000000001
h5.0_J20,5.0,20,100,14534346,1315,0,-1,,0,-1,
h5.0_J20,5.0,20,100,14534346,1316,0,-1,,0,-1,
h5.0_J20,5.0,20,100,14534346,1317,0,-1,,1,6848,342.40000000000003
h5.0_J20,5.0,20,100,14534346,1318,0,-1,,0,-1,
h5.0_J20,5.0,20,100,14534346,1319,0,-1,,0,-1,
h5.0_J20,5.0,20,100,14534346,1320,1,306,15.3,1,309,15.450000000000001
h5.0_J20,5.0,20,100,14534346,1321,0,-1,,0,-1,
h5.0_J20,5.0,20,100,14534346,1322,0,-1,,0,-1,
h5.0_J20,5.0,20,100,14534346,1323,0,-1,,0,-1,
h5.0_J20,5.0,20,100,14534346,1324,0,-1,,0,-1,
h5.0_J20,5.0,20,100,14534346,1325,0,-1,,0,-1,
h5.0_J20,5.0,20,100,14534346,1326,1,267,13.350000000000001,1,292,14.600000000000001
h5.0_J20,5.0,20,100,14534346,1327,0,-1,,0,-1,
h5.0_J20,5.0,20,100,14534346,1328,0,-1,,0,-1,
h5.0_J20,5.0,20,100,14534346,1329,0,-1,,0,-1,
h5.0_J20,5.0,20,100,14534346,1330,0,-1,,0,-1,
h5.0_J20,5.0,20,100,14534346,1331,0,-1,,0,-1,
h5.0_J20,5.0,20,100,14534346,1332,0,-1,,0,-1,
h5.0_J20,5.0,20,100,14534346,1333,0,-1,,0,-1,
h5.0_J20,5.0,20,100,14534346,1334,0,-1,,0,-1,
h5.0_J20,5.0,20,100,14534346,1335,0,-1,,0,-1,
h5.0_J20,5.0,20,100,14534346,1336,0,-1,,0,-1,
h5.0_J20,5.0,20,100,14534346,1337,0,-1,,0,-1,
h5.0_J20,5.0,20,100,14534346,1338,0,-1,,0,-1,
h5.0_J20,5.0,20,100,14534346,1339,0,-1,,0,-1,
h5.0_J20,5.0,20,100,14534346,1340,0,-1,,0,-1,
h5.0_J20,5.0,20,100,14534346,1341,0,-1,,0,-1,
h5.0_J20,5.0,20,100,14534346,1342,0,-1,,0,-1,
h5.0_J20,5.0,20,100,14534346,1343,0,-1,,0,-1,
h5.0_J20,5.0,20,100,14534346,1344,0,-1,,0,-1,
h5.0_J20,5.0,20,100,14534346,1345,0,-1,,0,-1,
h5.0_J20,5.0,20,100,14534346,1346,0,-1,,0,-1,
h5.0_J20,5.0,20,100,14534346,1347,0,-1,,0,-1,
h5.0_J20,5.0,20,100,14534346,1348,0,-1,,0,-1,
h5.0_J20,5.0,20,100,14534346,1349,0,-1,,1,635,31.75
h5.0_J20,5.0,20,100,14534346,1350,0,-1,,0,-1,
h5.0_J20,5.0,20,100,14534346,1351,0,-1,,0,-1,
h5.0_J20,5.0,20,100,14534346,1352,0,-1,,0,-1,
h5.0_J20,5.0,20,100,14534346,1353,0,-1,,0,-1,
h5.0_J20,5.0,20,100,14534346,1354,0,-1,,0,-1,
h5.0_J20,5.0,20,100,14534346,1355,0,-1,,1,10323,516.15
h5.0_J20,5.0,20,100,14534346,1356,0,-1,,0,-1,
h5.0_J20,5.0,20,100,14534346,1357,0,-1,,0,-1,
h5.0_J20,5.0,20,100,14534346,1358,0,-1,,0,-1,
h5.0_J20,5.0,20,100,14534346,1359,0,-1,,1,14087,704.35
h5.0_J20,5.0,20,100,14534346,1360,0,-1,,0,-1,
h5.0_J20,5.0,20,100,14534346,1361,0,-1,,0,-1,
h5.0_J20,5.0,20,100,14534346,1362,0,-1,,0,-1,
h5.0_J20,5.0,20,100,14534346,1363,0,-1,,0,-1,
h5.0_J20,5.0,20,100,14534346,1364,0,-1,,0,-1,
h5.0_J20,5.0,20,100,14534346,1365,0,-1,,0,-1,
h5.0_J20,5.0,20,100,14534346,1366,0,-1,,0,-1,
h5.0_J20,5.0,20,100,14534346,1367,0,-1,,0,-1,
h5.0_J20,5.0,20,100,14534346,1368,0,-1,,0,-1,
h5.0_J20,5.0,20,100,14534346,1369,0,-1,,0,-1,
h5.0_J20,5.0,20,100,14534346,1370,0,-1,,0,-1,
h5.0_J20,5.0,20,100,14534346,1371,0,-1,,0,-1,
h5.0_J20,5.0,20,100,14534346,1372,0,-1,,1,7284,364.20000000000005
h5.0_J20,5.0,20,100,14534346,1373,0,-1,,0,-1,
h5.0_J20,5.0,20,100,14534346,1374,0,-1,,0,-1,
h5.0_J20,5.0,20,100,14534346,1375,0,-1,,0,-1,
h5.0_J20,5.0,20,100,14534346,1376,1,282,14.100000000000001,1,285,14.25
h5.0_J20,5.0,20,100,14534346,1377,0,-1,,0,-1,
h5.0_J20,5.0,20,100,14534346,1378,1,278,13.9,1,282,14.100000000000001
h5.0_J20,5.0,20,100,14534346,1379,0,-1,,0,-1,
h5.0_J20,5.0,20,100,14534346,1380,0,-1,,0,-1,
h5.0_J20,5.0,20,100,14534346,1381,0,-1,,0,-1,
h5.0_J20,5.0,20,100,14534346,1382,0,-1,,0,-1,
h5.0_J20,5.0,20,100,14534346,1383,0,-1,,0,-1,
h5.0_J20,5.0,20,100,14534346,1384,0,-1,,0,-1,
h5.0_J20,5.0,20,100,14534346,1385,0,-1,,0,-1,
h5.0_J20,5.0,20,100,14534346,1386,0,-1,,0,-1,
h5.0_J20,5.0,20,100,14534346,1387,1,291,14.55,1,289,14.450000000000001
h5.0_J20,5.0,20,100,14534346,1388,0,-1,,0,-1,
h5.0_J20,5.0,20,100,14534346,1389,0,-1,,0,-1,
h5.0_J20,5.0,20,100,14534346,1390,0,-1,,0,-1,
h5.0_J20,5.0,20,100,14534346,1391,0,-1,,0,-1,
h5.0_J20,5.0,20,100,14534346,1392,0,-1,,0,-1,
h5.0_J20,5.0,20,100,14534346,1393,0,-1,,0,-1,
h5.0_J20,5.0,20,100,14534346,1394,0,-1,,0,-1,
h5.0_J20,5.0,20,100,14534346,1395,0,-1,,0,-1,
h5.0_J20,5.0,20,100,14534346,1396,0,-1,,0,-1,
h5.0_J20,5.0,20,100,14534346,1397,0,-1,,0,-1,
h5.0_J20,5.0,20,100,14534346,1398,0,-1,,0,-1,
h5.0_J20,5.0,20,100,14534346,1399,0,-1,,0,-1,
h5.0_J20,5.0,20,100,14534346,1400,0,-1,,0,-1,
h5.0_J20,5.0,20,100,14534346,1401,0,-1,,0,-1,
h5.0_J20,5.0,20,100,14534346,1402,0,-1,,0,-1,
h5.0_J20,5.0,20,100,14534346,1403,1,270,13.5,1,281,14.05
h5.0_J20,5.0,20,100,14534346,1404,0,-1,,0,-1,
h5.0_J20,5.0,20,100,14534346,1405,0,-1,,0,-1,
h5.0_J20,5.0,20,100,14534346,1406,1,326,16.3,1,317,15.850000000000001
h5.0_J20,5.0,20,100,14534346,1407,0,-1,,0,-1,
h5.0_J20,5.0,20,100,14534346,1408,0,-1,,0,-1,
h5.0_J20,5.0,20,100,14534346,1409,0,-1,,0,-1,
h5.0_J20,5.0,20,100,14534346,1410,0,-1,,0,-1,
h5.0_J20,5.0,20,100,14534346,1411,0,-1,,0,-1,
h5.0_J20,5.0,20,100,14534346,1412,0,-1,,0,-1,
h5.0_J20,5.0,20,100,14534346,1413,0,-1,,0,-1,
h5.0_J20,5.0,20,100,14534346,1414,0,-1,,0,-1,
h5.0_J20,5.0,20,100,14534346,1415,0,-1,,0,-1,
h5.0_J20,5.0,20,100,14534346,1416,1,348,17.400000000000002,1,366,18.3
h5.0_J20,5.0,20,100,14534346,1417,0,-1,,0,-1,
h5.0_J20,5.0,20,100,14534346,1418,0,-1,,0,-1,
h5.0_J20,5.0,20,100,14534346,1419,0,-1,,0,-1,
h5.0_J20,5.0,20,100,14534346,1420,0,-1,,0,-1,
h5.0_J20,5.0,20,100,14534346,1421,0,-1,,1,16739,836.95
h5.0_J20,5.0,20,100,14534346,1422,0,-1,,0,-1,
h5.0_J20,5.0,20,100,14534346,1423,0,-1,,0,-1,
h5.0_J20,5.0,20,100,14534346,1424,0,-1,,0,-1,
h5.0_J20,5.0,20,100,14534346,1425,0,-1,,0,-1,
h5.0_J20,5.0,20,100,14534346,1426,0,-1,,0,-1,
h5.0_J20,5.0,20,100,14534346,1427,0,-1,,0,-1,
h5.0_J20,5.0,20,100,14534346,1428,0,-1,,0,-1,
h5.0_J20,5.0,20,100,14534346,1429,0,-1,,0,-1,
h5.0_J20,5.0,20,100,14534346,1430,0,-1,,0,-1,
h5.0_J20,5.0,20,100,14534346,1431,0,-1,,1,15420,771.0
h5.0_J20,5.0,20,100,14534346,1432,0,-1,,0,-1,
h5.0_J20,5.0,20,100,14534346,1433,0,-1,,0,-1,
h5.0_J20,5.0,20,100,14534346,1434,0,-1,,0,-1,
h5.0_J20,5.0,20,100,14534346,1435,0,-1,,0,-1,
h5.0_J20,5.0,20,100,14534346,1436,1,3986,199.3,1,4043,202.15
h5.0_J20,5.0,20,100,14534346,1437,0,-1,,0,-1,
h5.0_J20,5.0,20,100,14534346,1438,0,-1,,0,-1,
h5.0_J20,5.0,20,100,14534346,1439,0,-1,,0,-1,
h5.0_J20,5.0,20,100,14534346,1440,0,-1,,0,-1,
h5.0_J20,5.0,20,100,14534346,1441,0,-1,,0,-1,
h5.0_J20,5.0,20,100,14534346,1442,0,-1,,0,-1,
h5.0_J20,5.0,20,100,14534346,1443,0,-1,,0,-1,
h5.0_J20,5.0,20,100,14534346,1444,0,-1,,0,-1,
h5.0_J20,5.0,20,100,14534346,1445,0,-1,,0,-1,
h5.0_J20,5.0,20,100,14534346,1446,0,-1,,0,-1,
h5.0_J20,5.0,20,100,14534346,1447,0,-1,,0,-1,
h5.0_J20,5.0,20,100,14534346,1448,0,-1,,0,-1,
h5.0_J20,5.0,20,100,14534346,1449,0,-1,,0,-1,
h5.0_J20,5.0,20,100,14534346,1450,0,-1,,0,-1,
h5.0_J20,5.0,20,100,14534346,1451,1,15713,785.6500000000001,1,15832,791.6
h5.0_J20,5.0,20,100,14534346,1452,0,-1,,0,-1,
h5.0_J20,5.0,20,100,14534346,1453,0,-1,,0,-1,
h5.0_J20,5.0,20,100,14534346,1454,0,-1,,0,-1,
h5.0_J20,5.0,20,100,14534346,1455,0,-1,,0,-1,
h5.0_J20,5.0,20,100,14534346,1456,0,-1,,0,-1,
h5.0_J20,5.0,20,100,14534346,1457,1,275,13.75,1,276,13.8
h5.0_J20,5.0,20,100,14534346,1458,0,-1,,0,-1,
h5.0_J20,5.0,20,100,14534346,1459,0,-1,,0,-1,
h5.0_J20,5.0,20,100,14534346,1460,0,-1,,0,-1,
h5.0_J20,5.0,20,100,14534346,1461,0,-1,,0,-1,
h5.0_J20,5.0,20,100,14534346,1462,0,-1,,0,-1,
h5.0_J20,5.0,20,100,14534346,1463,0,-1,,0,-1,
h5.0_J20,5.0,20,100,14534346,1464,0,-1,,0,-1,
h5.0_J20,5.0,20,100,14534346,1465,0,-1,,0,-1,
h5.0_J20,5.0,20,100,14534346,1466,0,-1,,0,-1,
h5.0_J20,5.0,20,100,14534346,1467,0,-1,,0,-1,
h5.0_J20,5.0,20,100,14534346,1468,0,-1,,0,-1,
h5.0_J20,5.0,20,100,14534346,1469,0,-1,,0,-1,
h5.0_J20,5.0,20,100,14534346,1470,1,296,14.8,1,306,15.3
h5.0_J20,5.0,20,100,14534346,1471,0,-1,,0,-1,
h5.0_J20,5.0,20,100,14534346,1472,1,278,13.9,1,280,14.0
h5.0_J20,5.0,20,100,14534346,1473,0,-1,,0,-1,
h5.0_J20,5.0,20,100,14534346,1474,0,-1,,0,-1,
h5.0_J20,5.0,20,100,14534346,1475,0,-1,,0,-1,
h5.0_J20,5.0,20,100,14534346,1476,0,-1,,0,-1,
h5.0_J20,5.0,20,100,14534346,1477,0,-1,,0,-1,
h5.0_J20,5.0,20,100,14534346,1478,1,4735,236.75,1,4771,238.55
h5.0_J20,5.0,20,100,14534346,1479,0,-1,,0,-1,
h5.0_J20,5.0,20,100,14534346,1480,0,-1,,0,-1,
h5.0_J20,5.0,20,100,14534346,1481,0,-1,,0,-1,
h5.0_J20,5.0,20,100,14534346,1482,0,-1,,0,-1,
h5.0_J20,5.0,20,100,14534346,1483,0,-1,,0,-1,
h5.0_J20,5.0,20,100,14534346,1484,0,-1,,0,-1,
h5.0_J20,5.0,20,100,14534346,1485,0,-1,,0,-1,
h5.0_J20,5.0,20,100,14534346,1486,0,-1,,0,-1,
h5.0_J20,5.0,20,100,14534346,1487,0,-1,,0,-1,
h5.0_J20,5.0,20,100,14534346,1488,0,-1,,0,-1,
h5.0_J20,5.0,20,100,14534346,1489,0,-1,,0,-1,
h5.0_J20,5.0,20,100,14534346,1490,0,-1,,0,-1,
h5.0_J20,5.0,20,100,14534346,1491,0,-1,,0,-1,
h5.0_J20,5.0,20,100,14534346,1492,0,-1,,0,-1,
h5.0_J20,5.0,20,100,14534346,1493,0,-1,,0,-1,
h5.0_J20,5.0,20,100,14534346,1494,0,-1,,1,304,15.200000000000001
h5.0_J20,5.0,20,100,14534346,1495,0,-1,,0,-1,
h5.0_J20,5.0,20,100,14534346,1496,0,-1,,0,-1,
h5.0_J20,5.0,20,100,14534346,1497,0,-1,,0,-1,
h5.0_J20,5.0,20,100,14534346,1498,0,-1,,0,-1,
h5.0_J20,5.0,20,100,14534346,1499,0,-1,,0,-1,
h5.0_J20,5.0,20,100,14534346,1500,0,-1,,0,-1,
h5.0_J20,5.0,20,100,14534346,1501,0,-1,,0,-1,
h5.0_J20,5.0,20,100,14534346,1502,0,-1,,0,-1,
h5.0_J20,5.0,20,100,14534346,1503,0,-1,,0,-1,
h5.0_J20,5.0,20,100,14534346,1504,0,-1,,0,-1,
h5.0_J20,5.0,20,100,14534346,1505,0,-1,,0,-1,
h5.0_J20,5.0,20,100,14534346,1506,0,-1,,0,-1,
h5.0_J20,5.0,20,100,14534346,1507,0,-1,,0,-1,
h5.0_J20,5.0,20,100,14534346,1508,1,271,13.55,1,274,13.700000000000001
h5.0_J20,5.0,20,100,14534346,1509,0,-1,,0,-1,
h5.0_J20,5.0,20,100,14534346,1510,0,-1,,0,-1,
h5.0_J20,5.0,20,100,14534346,1511,1,282,14.100000000000001,1,282,14.100000000000001
h5.0_J20,5.0,20,100,14534346,1512,0,-1,,0,-1,
h5.0_J20,5.0,20,100,14534346,1513,1,278,13.9,1,279,13.950000000000001
h5.0_J20,5.0,20,100,14534346,1514,0,-1,,0,-1,
h5.0_J20,5.0,20,100,14534346,1515,0,-1,,0,-1,
h5.0_J20,5.0,20,100,14534346,1516,0,-1,,0,-1,
h5.0_J20,5.0,20,100,14534346,1517,0,-1,,0,-1,
h5.0_J20,5.0,20,100,14534346,1518,0,-1,,0,-1,
h5.0_J20,5.0,20,100,14534346,1519,0,-1,,0,-1,
h5.0_J20,5.0,20,100,14534346,1520,0,-1,,0,-1,
h5.0_J20,5.0,20,100,14534346,1521,0,-1,,0,-1,
h5.0_J20,5.0,20,100,14534346,1522,1,14306,715.3000000000001,1,1596,79.80000000000001
h5.0_J20,5.0,20,100,14534346,1523,0,-1,,0,-1,
h5.0_J20,5.0,20,100,14534346,1524,0,-1,,0,-1,
h5.0_J20,5.0,20,100,14534346,1525,0,-1,,0,-1,
h5.0_J20,5.0,20,100,14534346,1526,0,-1,,0,-1,
h5.0_J20,5.0,20,100,14534346,1527,0,-1,,1,8163,408.15000000000003
h5.0_J20,5.0,20,100,14534346,1528,0,-1,,0,-1,
h5.0_J20,5.0,20,100,14534346,1529,0,-1,,0,-1,
h5.0_J20,5.0,20,100,14534346,1530,0,-1,,0,-1,
h5.0_J20,5.0,20,100,14534346,1531,0,-1,,0,-1,
h5.0_J20,5.0,20,100,14534346,1532,0,-1,,0,-1,
h5.0_J20,5.0,20,100,14534346,1533,0,-1,,1,9542,477.1
h5.0_J20,5.0,20,100,14534346,1534,0,-1,,0,-1,
h5.0_J20,5.0,20,100,14534346,1535,0,-1,,0,-1,
h5.0_J20,5.0,20,100,14534346,1536,0,-1,,0,-1,
h5.0_J20,5.0,20,100,14534346,1537,0,-1,,0,-1,
h5.0_J20,5.0,20,100,14534346,1538,0,-1,,0,-1,
h5.0_J20,5.0,20,100,14534346,1539,0,-1,,0,-1,
h5.0_J20,5.0,20,100,14534346,1540,0,-1,,0,-1,
h5.0_J20,5.0,20,100,14534346,1541,0,-1,,0,-1,
h5.0_J20,5.0,20,100,14534346,1542,0,-1,,0,-1,
h5.0_J20,5.0,20,100,14534346,1543,0,-1,,0,-1,
h5.0_J20,5.0,20,100,14534346,1544,0,-1,,0,-1,
h5.0_J20,5.0,20,100,14534346,1545,0,-1,,0,-1,
h5.0_J20,5.0,20,100,14534346,1546,0,-1,,0,-1,
h5.0_J20,5.0,20,100,14534346,1547,0,-1,,0,-1,
h5.0_J20,5.0,20,100,14534346,1548,0,-1,,0,-1,
h5.0_J20,5.0,20,100,14534346,1549,0,-1,,0,-1,
h5.0_J20,5.0,20,100,14534346,1550,0,-1,,0,-1,
h5.0_J20,5.0,20,100,14534346,1551,0,-1,,0,-1,
h5.0_J20,5.0,20,100,14534346,1552,0,-1,,0,-1,
h5.0_J20,5.0,20,100,14534346,1553,0,-1,,0,-1,
h5.0_J20,5.0,20,100,14534346,1554,0,-1,,0,-1,
h5.0_J20,5.0,20,100,14534346,1555,0,-1,,0,-1,
h5.0_J20,5.0,20,100,14534346,1556,0,-1,,0,-1,
h5.0_J20,5.0,20,100,14534346,1557,0,-1,,0,-1,
h5.0_J20,5.0,20,100,14534346,1558,0,-1,,0,-1,
h5.0_J20,5.0,20,100,14534346,1559,0,-1,,1,3209,160.45000000000002
h5.0_J20,5.0,20,100,14534346,1560,0,-1,,0,-1,
h5.0_J20,5.0,20,100,14534346,1561,0,-1,,0,-1,
h5.0_J20,5.0,20,100,14534346,1562,1,3779,188.95000000000002,1,3812,190.60000000000002
h5.0_J20,5.0,20,100,14534346,1563,0,-1,,0,-1,
h5.0_J20,5.0,20,100,14534346,1564,0,-1,,0,-1,
h5.0_J20,5.0,20,100,14534346,1565,0,-1,,0,-1,
h5.0_J20,5.0,20,100,14534346,1566,1,1874,93.7,1,1897,94.85000000000001
h5.0_J20,5.0,20,100,14534346,1567,0,-1,,0,-1,
h5.0_J20,5.0,20,100,14534346,1568,0,-1,,0,-1,
h5.0_J20,5.0,20,100,14534346,1569,0,-1,,0,-1,
h5.0_J20,5.0,20,100,14534346,1570,0,-1,,0,-1,
h5.0_J20,5.0,20,100,14534346,1571,0,-1,,0,-1,
h5.0_J20,5.0,20,100,14534346,1572,0,-1,,0,-1,
h5.0_J20,5.0,20,100,14534346,1573,0,-1,,0,-1,
h5.0_J20,5.0,20,100,14534346,1574,0,-1,,1,12664,633.2
h5.0_J20,5.0,20,100,14534346,1575,0,-1,,0,-1,
h5.0_J20,5.0,20,100,14534346,1576,0,-1,,0,-1,
h5.0_J20,5.0,20,100,14534346,1577,0,-1,,0,-1,
h5.0_J20,5.0,20,100,14534346,1578,0,-1,,0,-1,
h5.0_J20,5.0,20,100,14534346,1579,0,-1,,1,5498,274.90000000000003
h5.0_J20,5.0,20,100,14534346,1580,0,-1,,0,-1,
h5.0_J20,5.0,20,100,14534346,1581,1,270,13.5,1,272,13.600000000000001
h5.0_J20,5.0,20,100,14534346,1582,0,-1,,0,-1,
h5.0_J20,5.0,20,100,14534346,1583,1,270,13.5,1,275,13.75
h5.0_J20,5.0,20,100,14534346,1584,0,-1,,0,-1,
h5.0_J20,5.0,20,100,14534346,1585,1,10395,519.75,1,10456,522.8000000000001
h5.0_J20,5.0,20,100,14534346,1586,0,-1,,0,-1,
h5.0_J20,5.0,20,100,14534346,1587,0,-1,,0,-1,
h5.0_J20,5.0,20,100,14534346,1588,0,-1,,0,-1,
h5.0_J20,5.0,20,100,14534346,1589,0,-1,,0,-1,
h5.0_J20,5.0,20,100,14534346,1590,1,287,14.350000000000001,1,290,14.5
h5.0_J20,5.0,20,100,14534346,1591,0,-1,,0,-1,
h5.0_J20,5.0,20,100,14534346,1592,0,-1,,0,-1,
h5.0_J20,5.0,20,100,14534346,1593,0,-1,,0,-1,
h5.0_J20,5.0,20,100,14534346,1594,0,-1,,0,-1,
h5.0_J20,5.0,20,100,14534346,1595,0,-1,,0,-1,
h5.0_J20,5.0,20,100,14534346,1596,0,-1,,0,-1,
h5.0_J20,5.0,20,100,14534346,1597,0,-1,,1,11919,595.95
h5.0_J20,5.0,20,100,14534346,1598,0,-1,,0,-1,
h5.0_J20,5.0,20,100,14534346,1599,0,-1,,0,-1,
h5.0_J20,5.0,20,100,14534346,1600,0,-1,,0,-1,
h5.0_J20,5.0,20,100,14534346,1601,0,-1,,0,-1,
h5.0_J20,5.0,20,100,14534346,1602,0,-1,,1,13421,671.0500000000001
h5.0_J20,5.0,20,100,14534346,1603,0,-1,,1,4634,231.70000000000002
h5.0_J20,5.0,20,100,14534346,1604,0,-1,,0,-1,
h5.0_J20,5.0,20,100,14534346,1605,0,-1,,0,-1,
h5.0_J20,5.0,20,100,14534346,1606,0,-1,,0,-1,
h5.0_J20,5.0,20,100,14534346,1607,0,-1,,0,-1,
h5.0_J20,5.0,20,100,14534346,1608,0,-1,,0,-1,
h5.0_J20,5.0,20,100,14534346,1609,0,-1,,1,9156,457.8
h5.0_J20,5.0,20,100,14534346,1610,0,-1,,0,-1,
h5.0_J20,5.0,20,100,14534346,1611,0,-1,,0,-1,
h5.0_J20,5.0,20,100,14534346,1612,0,-1,,0,-1,
h5.0_J20,5.0,20,100,14534346,1613,0,-1,,0,-1,
h5.0_J20,5.0,20,100,14534346,1614,0,-1,,0,-1,
h5.0_J20,5.0,20,100,14534346,1615,0,-1,,0,-1,
h5.0_J20,5.0,20,100,14534346,1616,0,-1,,0,-1,
h5.0_J20,5.0,20,100,14534346,1617,0,-1,,0,-1,
h5.0_J20,5.0,20,100,14534346,1618,0,-1,,0,-1,
h5.0_J20,5.0,20,100,14534346,1619,0,-1,,0,-1,
h5.0_J20,5.0,20,100,14534346,1620,0,-1,,0,-1,
h5.0_J20,5.0,20,100,14534346,1621,1,269,13.450000000000001,1,271,13.55
h5.0_J20,5.0,20,100,14534346,1622,0,-1,,0,-1,
h5.0_J20,5.0,20,100,14534346,1623,0,-1,,0,-1,
h5.0_J20,5.0,20,100,14534346,1624,0,-1,,0,-1,
h5.0_J20,5.0,20,100,14534346,1625,0,-1,,0,-1,
h5.0_J20,5.0,20,100,14534346,1626,0,-1,,0,-1,
h5.0_J20,5.0,20,100,14534346,1627,0,-1,,0,-1,
h5.0_J20,5.0,20,100,14534346,1628,0,-1,,0,-1,
h5.0_J20,5.0,20,100,14534346,1629,0,-1,,0,-1,
h5.0_J20,5.0,20,100,14534346,1630,0,-1,,0,-1,
h5.0_J20,5.0,20,100,14534346,1631,0,-1,,1,17401,870.0500000000001
h5.0_J20,5.0,20,100,14534346,1632,0,-1,,0,-1,
h5.0_J20,5.0,20,100,14534346,1633,0,-1,,0,-1,
h5.0_J20,5.0,20,100,14534346,1634,0,-1,,0,-1,
h5.0_J20,5.0,20,100,14534346,1635,0,-1,,0,-1,
h5.0_J20,5.0,20,100,14534346,1636,0,-1,,0,-1,
h5.0_J20,5.0,20,100,14534346,1637,0,-1,,0,-1,
h5.0_J20,5.0,20,100,14534346,1638,1,9116,455.8,1,9136,456.8
h5.0_J20,5.0,20,100,14534346,1639,1,13572,678.6,0,-1,
h5.0_J20,5.0,20,100,14534346,1640,0,-1,,0,-1,
h5.0_J20,5.0,20,100,14534346,1641,0,-1,,0,-1,
h5.0_J20,5.0,20,100,14534346,1642,0,-1,,0,-1,
h5.0_J20,5.0,20,100,14534346,1643,0,-1,,0,-1,
h5.0_J20,5.0,20,100,14534346,1644,1,16923,846.1500000000001,1,16923,846.1500000000001
h5.0_J20,5.0,20,100,14534346,1645,0,-1,,0,-1,
h5.0_J20,5.0,20,100,14534346,1646,0,-1,,0,-1,
h5.0_J20,5.0,20,100,14534346,1647,0,-1,,0,-1,
h5.0_J20,5.0,20,100,14534346,1648,0,-1,,0,-1,
h5.0_J20,5.0,20,100,14534346,1649,0,-1,,0,-1,
h5.0_J20,5.0,20,100,14534346,1650,0,-1,,0,-1,
h5.0_J20,5.0,20,100,14534346,1651,0,-1,,0,-1,
h5.0_J20,5.0,20,100,14534346,1652,0,-1,,0,-1,
h5.0_J20,5.0,20,100,14534346,1653,0,-1,,0,-1,
h5.0_J20,5.0,20,100,14534346,1654,0,-1,,0,-1,
h5.0_J20,5.0,20,100,14534346,1655,0,-1,,0,-1,
h5.0_J20,5.0,20,100,14534346,1656,1,15821,791.0500000000001,1,15842,792.1
h5.0_J20,5.0,20,100,14534346,1657,0,-1,,0,-1,
h5.0_J20,5.0,20,100,14534346,1658,0,-1,,0,-1,
h5.0_J20,5.0,20,100,14534346,1659,1,282,14.100000000000001,1,284,14.200000000000001
h5.0_J20,5.0,20,100,14534346,1660,0,-1,,0,-1,
h5.0_J20,5.0,20,100,14534346,1661,0,-1,,0,-1,
h5.0_J20,5.0,20,100,14534346,1662,0,-1,,0,-1,
h5.0_J20,5.0,20,100,14534346,1663,0,-1,,0,-1,
h5.0_J20,5.0,20,100,14534346,1664,0,-1,,0,-1,
h5.0_J20,5.0,20,100,14534346,1665,0,-1,,0,-1,
h5.0_J20,5.0,20,100,14534346,1666,0,-1,,0,-1,
h5.0_J20,5.0,20,100,14534346,1667,0,-1,,0,-1,
h5.0_J20,5.0,20,100,14534346,1668,0,-1,,0,-1,
h5.0_J20,5.0,20,100,14534346,1669,0,-1,,0,-1,
h5.0_J20,5.0,20,100,14534346,1670,0,-1,,0,-1,
h5.0_J20,5.0,20,100,14534346,1671,0,-1,,0,-1,
h5.0_J20,5.0,20,100,14534346,1672,0,-1,,0,-1,
h5.0_J20,5.0,20,100,14534346,1673,1,302,15.100000000000001,1,302,15.100000000000001
h5.0_J20,5.0,20,100,14534346,1674,0,-1,,0,-1,
h5.0_J20,5.0,20,100,14534346,1675,0,-1,,0,-1,
h5.0_J20,5.0,20,100,14534346,1676,1,291,14.55,1,300,15.0
h5.0_J20,5.0,20,100,14534346,1677,0,-1,,0,-1,
h5.0_J20,5.0,20,100,14534346,1678,0,-1,,0,-1,
h5.0_J20,5.0,20,100,14534346,1679,1,268,13.4,1,270,13.5
h5.0_J20,5.0,20,100,14534346,1680,0,-1,,0,-1,
h5.0_J20,5.0,20,100,14534346,1681,0,-1,,0,-1,
h5.0_J20,5.0,20,100,14534346,1682,0,-1,,0,-1,
h5.0_J20,5.0,20,100,14534346,1683,0,-1,,0,-1,
h5.0_J20,5.0,20,100,14534346,1684,0,-1,,0,-1,
h5.0_J20,5.0,20,100,14534346,1685,0,-1,,0,-1,
h5.0_J20,5.0,20,100,14534346,1686,0,-1,,0,-1,
h5.0_J20,5.0,20,100,14534346,1687,0,-1,,0,-1,
h5.0_J20,5.0,20,100,14534346,1688,0,-1,,0,-1,
h5.0_J20,5.0,20,100,14534346,1689,0,-1,,0,-1,
h5.0_J20,5.0,20,100,14534346,1690,0,-1,,1,11180,559.0
h5.0_J20,5.0,20,100,14534346,1691,0,-1,,0,-1,
h5.0_J20,5.0,20,100,14534346,1692,0,-1,,0,-1,
h5.0_J20,5.0,20,100,14534346,1693,0,-1,,0,-1,
h5.0_J20,5.0,20,100,14534346,1694,0,-1,,0,-1,
h5.0_J20,5.0,20,100,14534346,1695,0,-1,,0,-1,
h5.0_J20,5.0,20,100,14534346,1696,0,-1,,0,-1,
h5.0_J20,5.0,20,100,14534346,1697,0,-1,,0,-1,
h5.0_J20,5.0,20,100,14534346,1698,0,-1,,0,-1,
h5.0_J20,5.0,20,100,14534346,1699,0,-1,,0,-1,
h5.0_J20,5.0,20,100,14534346,1700,0,-1,,0,-1,
h5.0_J20,5.0,20,100,14534346,1701,0,-1,,0,-1,
h5.0_J20,5.0,20,100,14534346,1702,0,-1,,0,-1,
h5.0_J20,5.0,20,100,14534346,1703,0,-1,,0,-1,
h5.0_J20,5.0,20,100,14534346,1704,0,-1,,0,-1,
h5.0_J20,5.0,20,100,14534346,1705,1,277,13.850000000000001,1,278,13.9
h5.0_J20,5.0,20,100,14534346,1706,0,-1,,0,-1,
h5.0_J20,5.0,20,100,14534346,1707,0,-1,,0,-1,
h5.0_J20,5.0,20,100,14534346,1708,0,-1,,0,-1,
h5.0_J20,5.0,20,100,14534346,1709,0,-1,,0,-1,
h5.0_J20,5.0,20,100,14534346,1710,0,-1,,0,-1,
h5.0_J20,5.0,20,100,14534346,1711,0,-1,,0,-1,
h5.0_J20,5.0,20,100,14534346,1712,0,-1,,0,-1,
h5.0_J20,5.0,20,100,14534346,1713,0,-1,,0,-1,
h5.0_J20,5.0,20,100,14534346,1714,0,-1,,0,-1,
h5.0_J20,5.0,20,100,14534346,1715,0,-1,,0,-1,
h5.0_J20,5.0,20,100,14534346,1716,0,-1,,0,-1,
h5.0_J20,5.0,20,100,14534346,1717,0,-1,,0,-1,
h5.0_J20,5.0,20,100,14534346,1718,0,-1,,0,-1,
h5.0_J20,5.0,20,100,14534346,1719,0,-1,,0,-1,
h5.0_J20,5.0,20,100,14534346,1720,0,-1,,0,-1,
h5.0_J20,5.0,20,100,14534346,1721,0,-1,,0,-1,
h5.0_J20,5.0,20,100,14534346,1722,0,-1,,0,-1,
h5.0_J20,5.0,20,100,14534346,1723,0,-1,,0,-1,
h5.0_J20,5.0,20,100,14534346,1724,0,-1,,0,-1,
h5.0_J20,5.0,20,100,14534346,1725,0,-1,,0,-1,
h5.0_J20,5.0,20,100,14534346,1726,0,-1,,0,-1,
h5.0_J20,5.0,20,100,14534346,1727,0,-1,,0,-1,
h5.0_J20,5.0,20,100,14534346,1728,0,-1,,0,-1,
h5.0_J20,5.0,20,100,14534346,1729,0,-1,,0,-1,
h5.0_J20,5.0,20,100,14534346,1730,0,-1,,0,-1,
h5.0_J20,5.0,20,100,14534346,1731,0,-1,,0,-1,
h5.0_J20,5.0,20,100,14534346,1732,0,-1,,0,-1,
h5.0_J20,5.0,20,100,14534346,1733,0,-1,,0,-1,
h5.0_J20,5.0,20,100,14534346,1734,0,-1,,0,-1,
h5.0_J20,5.0,20,100,14534346,1735,0,-1,,0,-1,
h5.0_J20,5.0,20,100,14534346,1736,0,-1,,0,-1,
h5.0_J20,5.0,20,100,14534346,1737,0,-1,,0,-1,
h5.0_J20,5.0,20,100,14534346,1738,0,-1,,0,-1,
h5.0_J20,5.0,20,100,14534346,1739,0,-1,,1,10053,502.65000000000003
h5.0_J20,5.0,20,100,14534346,1740,0,-1,,0,-1,
h5.0_J20,5.0,20,100,14534346,1741,0,-1,,0,-1,
h5.0_J20,5.0,20,100,14534346,1742,1,264,13.200000000000001,1,266,13.3
h5.0_J20,5.0,20,100,14534346,1743,0,-1,,0,-1,
h5.0_J20,5.0,20,100,14534346,1744,0,-1,,0,-1,
h5.0_J20,5.0,20,100,14534346,1745,0,-1,,0,-1,
h5.0_J20,5.0,20,100,14534346,1746,0,-1,,0,-1,
h5.0_J20,5.0,20,100,14534346,1747,1,301,15.05,1,304,15.200000000000001
h5.0_J20,5.0,20,100,14534346,1748,0,-1,,0,-1,
h5.0_J20,5.0,20,100,14534346,1749,0,-1,,0,-1,
h5.0_J20,5.0,20,100,14534346,1750,0,-1,,0,-1,
h5.0_J20,5.0,20,100,14534346,1751,0,-1,,0,-1,
h5.0_J20,5.0,20,100,14534346,1752,0,-1,,0,-1,
h5.0_J20,5.0,20,100,14534346,1753,0,-1,,0,-1,
h5.0_J20,5.0,20,100,14534346,1754,0,-1,,0,-1,
h5.0_J20,5.0,20,100,14534346,1755,0,-1,,0,-1,
h5.0_J20,5.0,20,100,14534346,1756,0,-1,,0,-1,
h5.0_J20,5.0,20,100,14534346,1757,0,-1,,0,-1,
h5.0_J20,5.0,20,100,14534346,1758,0,-1,,0,-1,
h5.0_J20,5.0,20,100,14534346,1759,0,-1,,0,-1,
h5.0_J20,5.0,20,100,14534346,1760,0,-1,,0,-1,
h5.0_J20,5.0,20,100,14534346,1761,0,-1,,0,-1,
h5.0_J20,5.0,20,100,14534346,1762,0,-1,,0,-1,
h5.0_J20,5.0,20,100,14534346,1763,0,-1,,0,-1,
h5.0_J20,5.0,20,100,14534346,1764,0,-1,,1,312,15.600000000000001
h5.0_J20,5.0,20,100,14534346,1765,0,-1,,0,-1,
h5.0_J20,5.0,20,100,14534346,1766,0,-1,,0,-1,
h5.0_J20,5.0,20,100,14534346,1767,0,-1,,0,-1,
h5.0_J20,5.0,20,100,14534346,1768,0,-1,,0,-1,
h5.0_J20,5.0,20,100,14534346,1769,0,-1,,0,-1,
h5.0_J20,5.0,20,100,14534346,1770,0,-1,,0,-1,
h5.0_J20,5.0,20,100,14534346,1771,0,-1,,0,-1,
h5.0_J20,5.0,20,100,14534346,1772,0,-1,,0,-1,
h5.0_J20,5.0,20,100,14534346,1773,0,-1,,0,-1,
h5.0_J20,5.0,20,100,14534346,1774,0,-1,,0,-1,
h5.0_J20,5.0,20,100,14534346,1775,0,-1,,0,-1,
h5.0_J20,5.0,20,100,14534346,1776,0,-1,,0,-1,
h5.0_J20,5.0,20,100,14534346,1777,0,-1,,0,-1,
h5.0_J20,5.0,20,100,14534346,1778,0,-1,,0,-1,
h5.0_J20,5.0,20,100,14534346,1779,0,-1,,0,-1,
h5.0_J20,5.0,20,100,14534346,1780,1,287,14.350000000000001,1,285,14.25
h5.0_J20,5.0,20,100,14534346,1781,1,664,33.2,1,677,33.85
h5.0_J20,5.0,20,100,14534346,1782,0,-1,,0,-1,
h5.0_J20,5.0,20,100,14534346,1783,0,-1,,0,-1,
h5.0_J20,5.0,20,100,14534346,1784,0,-1,,0,-1,
h5.0_J20,5.0,20,100,14534346,1785,0,-1,,0,-1,
h5.0_J20,5.0,20,100,14534346,1786,0,-1,,0,-1,
h5.0_J20,5.0,20,100,14534346,1787,0,-1,,0,-1,
h5.0_J20,5.0,20,100,14534346,1788,0,-1,,0,-1,
h5.0_J20,5.0,20,100,14534346,1789,0,-1,,0,-1,
h5.0_J20,5.0,20,100,14534346,1790,0,-1,,0,-1,
h5.0_J20,5.0,20,100,14534346,1791,0,-1,,0,-1,
h5.0_J20,5.0,20,100,14534346,1792,0,-1,,0,-1,
h5.0_J20,5.0,20,100,14534346,1793,0,-1,,0,-1,
h5.0_J20,5.0,20,100,14534346,1794,0,-1,,0,-1,
h5.0_J20,5.0,20,100,14534346,1795,0,-1,,0,-1,
h5.0_J20,5.0,20,100,14534346,1796,0,-1,,1,13561,678.0500000000001
h5.0_J20,5.0,20,100,14534346,1797,0,-1,,1,8347,417.35
h5.0_J20,5.0,20,100,14534346,1798,0,-1,,0,-1,
h5.0_J20,5.0,20,100,14534346,1799,0,-1,,0,-1,
h5.0_J20,5.0,20,100,14534346,1800,0,-1,,0,-1,
h5.0_J20,5.0,20,100,14534346,1801,0,-1,,0,-1,
h5.0_J20,5.0,20,100,14534346,1802,1,277,13.850000000000001,1,278,13.9
h5.0_J20,5.0,20,100,14534346,1803,0,-1,,0,-1,
h5.0_J20,5.0,20,100,14534346,1804,0,-1,,0,-1,
h5.0_J20,5.0,20,100,14534346,1805,0,-1,,1,879,43.95
h5.0_J20,5.0,20,100,14534346,1806,1,286,14.3,1,288,14.4
h5.0_J20,5.0,20,100,14534346,1807,0,-1,,0,-1,
h5.0_J20,5.0,20,100,14534346,1808,0,-1,,0,-1,
h5.0_J20,5.0,20,100,14534346,1809,0,-1,,0,-1,
h5.0_J20,5.0,20,100,14534346,1810,0,-1,,0,-1,
h5.0_J20,5.0,20,100,14534346,1811,0,-1,,0,-1,
h5.0_J20,5.0,20,100,14534346,1812,0,-1,,0,-1,
h5.0_J20,5.0,20,100,14534346,1813,0,-1,,0,-1,
h5.0_J20,5.0,20,100,14534346,1814,0,-1,,0,-1,
h5.0_J20,5.0,20,100,14534346,1815,0,-1,,0,-1,
h5.0_J20,5.0,20,100,14534346,1816,0,-1,,0,-1,
h5.0_J20,5.0,20,100,14534346,1817,0,-1,,1,6973,348.65000000000003
h5.0_J20,5.0,20,100,14534346,1818,0,-1,,0,-1,
h5.0_J20,5.0,20,100,14534346,1819,0,-1,,0,-1,
h5.0_J20,5.0,20,100,14534346,1820,0,-1,,0,-1,
h5.0_J20,5.0,20,100,14534346,1821,0,-1,,0,-1,
h5.0_J20,5.0,20,100,14534346,1822,0,-1,,0,-1,
h5.0_J20,5.0,20,100,14534346,1823,0,-1,,0,-1,
h5.0_J20,5.0,20,100,14534346,1824,0,-1,,0,-1,
h5.0_J20,5.0,20,100,14534346,1825,0,-1,,0,-1,
h5.0_J20,5.0,20,100,14534346,1826,0,-1,,0,-1,
h5.0_J20,5.0,20,100,14534346,1827,0,-1,,0,-1,
h5.0_J20,5.0,20,100,14534346,1828,0,-1,,0,-1,
h5.0_J20,5.0,20,100,14534346,1829,0,-1,,0,-1,
h5.0_J20,5.0,20,100,14534346,1830,1,291,14.55,1,297,14.850000000000001
h5.0_J20,5.0,20,100,14534346,1831,0,-1,,0,-1,
h5.0_J20,5.0,20,100,14534346,1832,0,-1,,0,-1,
h5.0_J20,5.0,20,100,14534346,1833,0,-1,,0,-1,
h5.0_J20,5.0,20,100,14534346,1834,0,-1,,0,-1,
h5.0_J20,5.0,20,100,14534346,1835,0,-1,,0,-1,
h5.0_J20,5.0,20,100,14534346,1836,0,-1,,0,-1,
h5.0_J20,5.0,20,100,14534346,1837,0,-1,,0,-1,
h5.0_J20,5.0,20,100,14534346,1838,0,-1,,0,-1,
h5.0_J20,5.0,20,100,14534346,1839,1,287,14.350000000000001,1,289,14.450000000000001
h5.0_J20,5.0,20,100,14534346,1840,0,-1,,0,-1,
h5.0_J20,5.0,20,100,14534346,1841,0,-1,,1,11940,597.0
h5.0_J20,5.0,20,100,14534346,1842,0,-1,,0,-1,
h5.0_J20,5.0,20,100,14534346,1843,0,-1,,0,-1,
h5.0_J20,5.0,20,100,14534346,1844,0,-1,,0,-1,
h5.0_J20,5.0,20,100,14534346,1845,0,-1,,0,-1,
h5.0_J20,5.0,20,100,14534346,1846,0,-1,,0,-1,
h5.0_J20,5.0,20,100,14534346,1847,0,-1,,0,-1,
h5.0_J20,5.0,20,100,14534346,1848,0,-1,,0,-1,
h5.0_J20,5.0,20,100,14534346,1849,1,290,14.5,1,295,14.75
h5.0_J20,5.0,20,100,14534346,1850,0,-1,,0,-1,
h5.0_J20,5.0,20,100,14534346,1851,1,8229,411.45000000000005,1,8264,413.20000000000005
h5.0_J20,5.0,20,100,14534346,1852,0,-1,,0,-1,
h5.0_J20,5.0,20,100,14534346,1853,1,6968,348.40000000000003,1,6987,349.35
h5.0_J20,5.0,20,100,14534346,1854,0,-1,,0,-1,
h5.0_J20,5.0,20,100,14534346,1855,1,19690,984.5,0,-1,
h5.0_J20,5.0,20,100,14534346,1856,0,-1,,0,-1,
h5.0_J20,5.0,20,100,14534346,1857,0,-1,,0,-1,
h5.0_J20,5.0,20,100,14534346,1858,0,-1,,0,-1,
h5.0_J20,5.0,20,100,14534346,1859,0,-1,,0,-1,
h5.0_J20,5.0,20,100,14534346,1860,0,-1,,0,-1,
h5.0_J20,5.0,20,100,14534346,1861,0,-1,,1,10760,538.0
h5.0_J20,5.0,20,100,14534346,1862,0,-1,,0,-1,
h5.0_J20,5.0,20,100,14534346,1863,0,-1,,0,-1,
h5.0_J20,5.0,20,100,14534346,1864,0,-1,,0,-1,
h5.0_J20,5.0,20,100,14534346,1865,0,-1,,0,-1,
h5.0_J20,5.0,20,100,14534346,1866,0,-1,,0,-1,
h5.0_J20,5.0,20,100,14534346,1867,0,-1,,0,-1,
h5.0_J20,5.0,20,100,14534346,1868,0,-1,,0,-1,
h5.0_J20,5.0,20,100,14534346,1869,0,-1,,0,-1,
h5.0_J20,5.0,20,100,14534346,1870,0,-1,,0,-1,
h5.0_J20,5.0,20,100,14534346,1871,0,-1,,0,-1,
h5.0_J20,5.0,20,100,14534346,1872,0,-1,,0,-1,
h5.0_J20,5.0,20,100,14534346,1873,0,-1,,0,-1,
h5.0_J20,5.0,20,100,14534346,1874,0,-1,,0,-1,
h5.0_J20,5.0,20,100,14534346,1875,0,-1,,0,-1,
h5.0_J20,5.0,20,100,14534346,1876,0,-1,,0,-1,
h5.0_J20,5.0,20,100,14534346,1877,0,-1,,0,-1,
h5.0_J20,5.0,20,100,14534346,1878,1,8953,447.65000000000003,1,8976,448.8
h5.0_J20,5.0,20,100,14534346,1879,0,-1,,0,-1,
h5.0_J20,5.0,20,100,14534346,1880,0,-1,,0,-1,
h5.0_J20,5.0,20,100,14534346,1881,0,-1,,0,-1,
h5.0_J20,5.0,20,100,14534346,1882,1,329,16.45,1,331,16.55
h5.0_J20,5.0,20,100,14534346,1883,0,-1,,1,16905,845.25
h5.0_J20,5.0,20,100,14534346,1884,0,-1,,1,1564,78.2
h5.0_J20,5.0,20,100,14534346,1885,1,273,13.65,1,274,13.700000000000001
h5.0_J20,5.0,20,100,14534346,1886,0,-1,,0,-1,
h5.0_J20,5.0,20,100,14534346,1887,0,-1,,0,-1,
h5.0_J20,5.0,20,100,14534346,1888,0,-1,,0,-1,
h5.0_J20,5.0,20,100,14534346,1889,0,-1,,0,-1,
h5.0_J20,5.0,20,100,14534346,1890,0,-1,,0,-1,
h5.0_J20,5.0,20,100,14534346,1891,0,-1,,0,-1,
h5.0_J20,5.0,20,100,14534346,1892,0,-1,,0,-1,
h5.0_J20,5.0,20,100,14534346,1893,0,-1,,0,-1,
h5.0_J20,5.0,20,100,14534346,1894,0,-1,,0,-1,
h5.0_J20,5.0,20,100,14534346,1895,0,-1,,0,-1,
h5.0_J20,5.0,20,100,14534346,1896,0,-1,,0,-1,
h5.0_J20,5.0,20,100,14534346,1897,0,-1,,0,-1,
h5.0_J20,5.0,20,100,14534346,1898,0,-1,,0,-1,
h5.0_J20,5.0,20,100,14534346,1899,0,-1,,0,-1,
h5.0_J20,5.0,20,100,14534346,1900,0,-1,,0,-1,
h5.0_J20,5.0,20,100,14534346,1901,0,-1,,0,-1,
h5.0_J20,5.0,20,100,14534346,1902,0,-1,,0,-1,
h5.0_J20,5.0,20,100,14534346,1903,0,-1,,0,-1,
h5.0_J20,5.0,20,100,14534346,1904,0,-1,,0,-1,
h5.0_J20,5.0,20,100,14534346,1905,1,273,13.65,1,274,13.700000000000001
h5.0_J20,5.0,20,100,14534346,1906,0,-1,,0,-1,
h5.0_J20,5.0,20,100,14534346,1907,0,-1,,0,-1,
h5.0_J20,5.0,20,100,14534346,1908,0,-1,,0,-1,
h5.0_J20,5.0,20,100,14534346,1909,0,-1,,0,-1,
h5.0_J20,5.0,20,100,14534346,1910,0,-1,,0,-1,
h5.0_J20,5.0,20,100,14534346,1911,0,-1,,0,-1,
h5.0_J20,5.0,20,100,14534346,1912,0,-1,,0,-1,
h5.0_J20,5.0,20,100,14534346,1913,0,-1,,0,-1,
h5.0_J20,5.0,20,100,14534346,1914,0,-1,,0,-1,
h5.0_J20,5.0,20,100,14534346,1915,1,17174,858.7,0,-1,
h5.0_J20,5.0,20,100,14534346,1916,0,-1,,0,-1,
h5.0_J20,5.0,20,100,14534346,1917,0,-1,,0,-1,
h5.0_J20,5.0,20,100,14534346,1918,0,-1,,0,-1,
h5.0_J20,5.0,20,100,14534346,1919,0,-1,,0,-1,
h5.0_J20,5.0,20,100,14534346,1920,0,-1,,0,-1,
h5.0_J20,5.0,20,100,14534346,1921,0,-1,,0,-1,
h5.0_J20,5.0,20,100,14534346,1922,0,-1,,0,-1,
h5.0_J20,5.0,20,100,14534346,1923,0,-1,,0,-1,
h5.0_J20,5.0,20,100,14534346,1924,0,-1,,0,-1,
h5.0_J20,5.0,20,100,14534346,1925,0,-1,,0,-1,
h5.0_J20,5.0,20,100,14534346,1926,0,-1,,1,3430,171.5
h5.0_J20,5.0,20,100,14534346,1927,0,-1,,0,-1,
h5.0_J20,5.0,20,100,14534346,1928,0,-1,,0,-1,
h5.0_J20,5.0,20,100,14534346,1929,0,-1,,0,-1,
h5.0_J20,5.0,20,100,14534346,1930,0,-1,,0,-1,
h5.0_J20,5.0,20,100,14534346,1931,0,-1,,0,-1,
h5.0_J20,5.0,20,100,14534346,1932,0,-1,,0,-1,
h5.0_J20,5.0,20,100,14534346,1933,0,-1,,0,-1,
h5.0_J20,5.0,20,100,14534346,1934,0,-1,,1,3460,173.0
h5.0_J20,5.0,20,100,14534346,1935,0,-1,,0,-1,
h5.0_J20,5.0,20,100,14534346,1936,0,-1,,0,-1,
h5.0_J20,5.0,20,100,14534346,1937,0,-1,,0,-1,
h5.0_J20,5.0,20,100,14534346,1938,0,-1,,0,-1,
h5.0_J20,5.0,20,100,14534346,1939,0,-1,,0,-1,
h5.0_J20,5.0,20,100,14534346,1940,1,283,14.15,1,285,14.25
h5.0_J20,5.0,20,100,14534346,1941,0,-1,,0,-1,
h5.0_J20,5.0,20,100,14534346,1942,0,-1,,0,-1,
h5.0_J20,5.0,20,100,14534346,1943,0,-1,,0,-1,
h5.0_J20,5.0,20,100,14534346,1944,0,-1,,0,-1,
h5.0_J20,5.0,20,100,14534346,1945,0,-1,,0,-1,
h5.0_J20,5.0,20,100,14534346,1946,0,-1,,0,-1,
h5.0_J20,5.0,20,100,14534346,1947,0,-1,,0,-1,
h5.0_J20,5.0,20,100,14534346,1948,0,-1,,0,-1,
h5.0_J20,5.0,20,100,14534346,1949,0,-1,,0,-1,
h5.0_J20,5.0,20,100,14534346,1950,0,-1,,0,-1,
h5.0_J20,5.0,20,100,14534346,1951,0,-1,,0,-1,
h5.0_J20,5.0,20,100,14534346,1952,0,-1,,0,-1,
h5.0_J20,5.0,20,100,14534346,1953,0,-1,,0,-1,
h5.0_J20,5.0,20,100,14534346,1954,0,-1,,0,-1,
h5.0_J20,5.0,20,100,14534346,1955,0,-1,,0,-1,
h5.0_J20,5.0,20,100,14534346,1956,0,-1,,0,-1,
h5.0_J20,5.0,20,100,14534346,1957,0,-1,,0,-1,
h5.0_J20,5.0,20,100,14534346,1958,0,-1,,0,-1,
h5.0_J20,5.0,20,100,14534346,1959,0,-1,,0,-1,
h5.0_J20,5.0,20,100,14534346,1960,0,-1,,1,4443,222.15
h5.0_J20,5.0,20,100,14534346,1961,0,-1,,0,-1,
h5.0_J20,5.0,20,100,14534346,1962,0,-1,,0,-1,
h5.0_J20,5.0,20,100,14534346,1963,0,-1,,0,-1,
h5.0_J20,5.0,20,100,14534346,1964,0,-1,,0,-1,
h5.0_J20,5.0,20,100,14534346,1965,0,-1,,0,-1,
h5.0_J20,5.0,20,100,14534346,1966,0,-1,,0,-1,
h5.0_J20,5.0,20,100,14534346,1967,1,16526,826.3000000000001,1,16531,826.5500000000001
h5.0_J20,5.0,20,100,14534346,1968,0,-1,,0,-1,
h5.0_J20,5.0,20,100,14534346,1969,0,-1,,0,-1,
h5.0_J20,5.0,20,100,14534346,1970,0,-1,,0,-1,
h5.0_J20,5.0,20,100,14534346,1971,0,-1,,0,-1,
h5.0_J20,5.0,20,100,14534346,1972,0,-1,,0,-1,
h5.0_J20,5.0,20,100,14534346,1973,0,-1,,0,-1,
h5.0_J20,5.0,20,100,14534346,1974,0,-1,,0,-1,
h5.0_J20,5.0,20,100,14534346,1975,0,-1,,0,-1,
h5.0_J20,5.0,20,100,14534346,1976,0,-1,,0,-1,
h5.0_J20,5.0,20,100,14534346,1977,0,-1,,0,-1,
h5.0_J20,5.0,20,100,14534346,1978,0,-1,,0,-1,
h5.0_J20,5.0,20,100,14534346,1979,0,-1,,0,-1,
h5.0_J20,5.0,20,100,14534346,1980,0,-1,,0,-1,
h5.0_J20,5.0,20,100,14534346,1981,0,-1,,0,-1,
h5.0_J20,5.0,20,100,14534346,1982,0,-1,,0,-1,
h5.0_J20,5.0,20,100,14534346,1983,0,-1,,0,-1,
h5.0_J20,5.0,20,100,14534346,1984,0,-1,,0,-1,
h5.0_J20,5.0,20,100,14534346,1985,0,-1,,0,-1,
h5.0_J20,5.0,20,100,14534346,1986,0,-1,,0,-1,
h5.0_J20,5.0,20,100,14534346,1987,0,-1,,0,-1,
h5.0_J20,5.0,20,100,14534346,1988,0,-1,,0,-1,
h5.0_J20,5.0,20,100,14534346,1989,0,-1,,0,-1,
h5.0_J20,5.0,20,100,14534346,1990,0,-1,,0,-1,
h5.0_J20,5.0,20,100,14534346,1991,0,-1,,0,-1,
h5.0_J20,5.0,20,100,14534346,1992,0,-1,,0,-1,
h5.0_J20,5.0,20,100,14534346,1993,1,4520,226.0,0,-1,
h5.0_J20,5.0,20,100,14534346,1994,0,-1,,0,-1,
h5.0_J20,5.0,20,100,14534346,1995,0,-1,,0,-1,
h5.0_J20,5.0,20,100,14534346,1996,0,-1,,0,-1,
h5.0_J20,5.0,20,100,14534346,1997,0,-1,,0,-1,
h5.0_J20,5.0,20,100,14534346,1998,0,-1,,0,-1,
h5.0_J20,5.0,20,100,14534346,1999,1,265,13.25,1,269,13.450000000000001
