category,n_prompts,rho_overall,J_eff
reasoning,66,0.8279575705528259,4.812519639563981
factual,133,0.8229790925979614,4.649050243138026
instruction,462,0.794574499130249,3.8679448061029436
creative,144,0.7661553621292114,3.2763435121080366
