model,params,rss,aic,adj_R2,k
linear,"a=0.186, b=0.185",0.14181884009174234,-36.557899028692006,0.7333393621918471,2
quadratic,"a=-0.057 (J^2), b=0.485 (J), c=-0.086",0.03690688972907484,-48.01942124833439,0.9190383740762438,3
power law,"slope (log-log) = 1.448, intercept = -1.575, n_used = 10",,,,2
