xi,target,J,h_eff_star,h0_star_pred_window,h0_star_pred_equil
0.35,0.1,2.5,0.30118615874912164,1.5059307937456081,0.043026594107017375
0.35,0.1,2.51,0.30416032655589065,1.5208016327794531,0.043451475222270095
0.35,0.1,2.52,0.3071048184266036,1.5355240921330178,0.04387211691808623
0.35,0.1,2.53,0.31002048054345266,1.5501024027172632,0.044288640077636096
0.35,0.1,2.54,0.31290811942230545,1.5645405971115272,0.04470115991747221
0.35,0.1,2.55,0.31576850447056665,1.578842522352833,0.045109786352938094
0.35,0.1,2.56,0.3186023703367368,1.5930118516836838,0.04551462433381954
0.35,0.1,2.57,0.3214104190720384,1.607052095360192,0.04591577415314834
0.35,0.1,2.58,0.3241933221221593,1.6209666106107963,0.04631333173173704
0.35,0.1,2.59,0.3269517221651567,1.6347586108257834,0.046707388880736674
0.35,0.1,2.6,0.32968623480980297,1.6484311740490147,0.04709803354425757
0.35,0.1,2.61,0.33239745016711175,1.6619872508355586,0.04748535002387311
0.35,0.1,2.62,0.3350859343064298,1.6754296715321488,0.04786941918663283
0.35,0.1,2.63,0.3377522306062973,1.6887611530314863,0.04825031865804247
0.35,0.1,2.64,0.3403968610092222,1.7019843050461108,0.048628123001317455
0.35,0.1,2.65,0.34302032718859743,1.7151016359429871,0.04900290388408535
0.35,0.1,2.66,0.3456231116351624,1.7281155581758119,0.04937473023359463
0.35,0.1,2.67,0.34820567866968993,1.7410283933484496,0.049743668381384276
0.35,0.1,2.68,0.35076847538793066,1.7538423769396532,0.05010978219827581
0.35,0.1,2.69,0.3533119325432734,1.766559662716367,0.050473133220467634
0.35,0.1,2.7,0.3558364653720677,1.7791823268603384,0.05083378076743824
0.35,0.1,2.71,0.3583424743660968,1.791712371830484,0.05119178205229954
0.35,0.1,2.72,0.3608303459962804,1.8041517299814018,0.05154719228518291
0.35,0.1,2.73,0.36330045339132067,1.8165022669566033,0.051900064770188666
0.35,0.1,2.74,0.3657531569746689,1.8287657848733445,0.05225045099638127
0.35,0.1,2.75,0.3681888050629077,1.8409440253145384,0.05259840072327253
0.35,0.1,2.76,0.37060773442836176,1.8530386721418086,0.05294396206119454
0.35,0.1,2.77,0.37301027082851795,1.8650513541425897,0.053287181546931135
0.35,0.1,2.78,0.37539672950462,1.8769836475230999,0.05362810421494572
0.35,0.1,2.79,0.3777674156516045,1.8888370782580224,0.053966773664514925
0.35,0.1,2.8,0.3801226248613594,1.900613124306797,0.05430323212305134
0.35,0.1,2.81,0.3824626435411446,1.912313217705723,0.0546375205058778
0.35,0.1,2.82,0.38478774930884396,1.9239387465442197,0.054969678472692
0.35,0.1,2.83,0.3870982113666065,1.9354910568330324,0.05529974448094378
0.35,0.1,2.84,0.3893942908542978,1.9469714542714889,0.05562775583632825
0.35,0.1,2.85,0.3916762411840859,1.9583812059204293,0.055953748740583696
0.35,0.1,2.86,0.3939443083573709,1.9697215417868543,0.05627775833676727
0.35,0.1,2.87,0.396198731265189,1.980993656325945,0.05659981875216986
0.35,0.1,2.88,0.3984397419731326,1.9921987098656628,0.05691996313901894
0.35,0.1,2.89,0.40066756599174813,2.0033378299587405,0.05723822371310688
0.35,0.1,2.9,0.4028824225333073,2.014412112666536,0.057554631790472474
0.35,0.1,2.91,0.4050845247557851,2.0254226237789252,0.057869217822255015
0.35,0.1,2.92,0.4072740799948096,2.036370399974048,0.05818201142782994
0.35,0.1,2.93,0.4094512899843065,2.0472564499215324,0.0584930414263295
0.35,0.1,2.94,0.4116163510665005,2.0580817553325024,0.05880233586664293
0.35,0.1,2.95,0.413769454391896,2.0688472719594797,0.05910992205598514
0.35,0.1,2.96,0.41591078610981663,2.079553930549083,0.05941582658711666
0.35,0.1,2.97,0.4180405275500422,2.0902026377502105,0.05972007536429174
0.35,0.1,2.98,0.4201588553960441,2.10079427698022,0.060022693628006295
0.35,0.1,2.99,0.4222659418502934,2.111329709251467,0.06032370597861335
0.35,0.1,3.0,0.4243619547920766,2.1218097739603827,0.060623136398868085
0.35,0.1,3.01,0.42644705792823623,2.132235289641181,0.06092100827546232
0.35,0.1,3.02,0.42852141093720947,2.142607054686047,0.061217344419601354
0.35,0.1,3.03,0.4305851696067386,2.152925848033693,0.06151216708667694
0.35,0.1,3.04,0.43263848596557974,2.1631924298278986,0.06180549799508282
0.35,0.1,3.05,0.4346815084095315,2.1734075420476575,0.06209735834421879
0.35,0.1,3.06,0.4367143818220792,2.183571909110396,0.0623877688317256
0.35,0.1,3.07,0.43873724768993216,2.1936862384496605,0.0626767496699903
0.35,0.1,3.08,0.4407502442137173,2.203751221068586,0.06296432060195961
0.35,0.1,3.09,0.44275350641407557,2.213767532070378,0.06325050091629651
0.35,0.1,3.1,0.4447471662333887,2.2237358311669433,0.06353530946191267
0.35,0.1,3.11,0.4467313526333601,2.2336567631668003,0.06381876466190858
0.35,0.1,3.12,0.44870619168865,2.24353095844325,0.06410088452695
0.35,0.1,3.13,0.45067180667675855,2.2533590333837927,0.06438168666810837
0.35,0.1,3.14,0.45262831816434396,2.2631415908217196,0.064661188309192
0.35,0.1,3.15,0.45457584409013857,2.272879220450693,0.06493940629859123
0.35,0.1,3.16,0.4565144998446343,2.2825724992231713,0.06521635712066205
0.35,0.1,3.17,0.45844439834668266,2.2922219917334132,0.06549205690666896
0.35,0.1,3.18,0.46036565011716013,2.3018282505858005,0.06576652144530859
0.35,0.1,3.19,0.46227836334982925,2.311391816749146,0.06603976619283275
0.35,0.1,3.2,0.4641826439795321,2.32091321989766,0.06631180628279029
0.35,0.1,3.21,0.4660785957478286,2.330392978739143,0.06658265653540409
0.35,0.1,3.22,0.46796632026620705,2.339831601331035,0.06685233146660101
0.35,0.1,3.23,0.46984591707696405,2.34922958538482,0.06712084529670916
0.35,0.1,3.24,0.4717174837118676,2.358587418559338,0.06738821195883823
0.35,0.1,3.25,0.47358111574869505,2.3679055787434753,0.06765444510695644
0.35,0.1,3.26,0.475436906865743,2.377184534328715,0.06791955812367757
0.35,0.1,3.27,0.4772849488943956,2.3864247444719777,0.0681835641277708
0.35,0.1,3.28,0.47912533186983447,2.395626659349172,0.06844647598140492
0.35,0.1,3.29,0.4809581440799729,2.4047907203998644,0.06870830629713899
0.35,0.1,3.3,0.48278347211268524,2.413917360563426,0.06896906744466932
0.35,0.1,3.31,0.4846014009014097,2.423007004507048,0.06922877155734423
0.35,0.1,3.32,0.4864120137691858,2.432060068845929,0.06948743053845512
0.35,0.1,3.33,0.48821539247119555,2.441076962355978,0.06974505606731365
0.35,0.1,3.34,0.49001161723587117,2.4500580861793555,0.07000165960512446
0.35,0.1,3.35,0.49180076680462326,2.459003834023116,0.07025725240066047
0.35,0.1,3.36,0.4935829184702519,2.467914592351259,0.07051184549575026
0.35,0.1,3.37,0.4953581481140865,2.4767907405704324,0.07076544973058378
0.35,0.1,3.38,0.49712653024191195,2.4856326512095595,0.07101807574884457
0.35,0.1,3.39,0.4988881380187264,2.494440690093632,0.0712697340026752
0.35,0.1,3.4,0.5006430433023754,2.503215216511877,0.0715204347574822
0.35,0.1,3.41,0.502391316676108,2.51195658338054,0.07177018809658686
0.35,0.1,3.42,0.5041330274801004,2.520665137400502,0.07201900392572862
0.35,0.1,3.43,0.5058682438419764,2.529341219209882,0.0722668919774252
0.35,0.1,3.44,0.5075970327063779,2.5379851635318893,0.07251386181519684
0.35,0.1,3.45,0.5093194598636085,2.546597299318042,0.07275992283765835
0.35,0.1,3.46,0.5110355899773917,2.5551779498869585,0.07300508428248453
0.35,0.1,3.47,0.5127454866117781,2.56372743305889,0.07324935523025401
0.35,0.1,3.48,0.5144492122572282,2.572246061286141,0.07349274460817545
0.35,0.1,3.49,0.5161468283559064,2.5807341417795318,0.07373526119370091
0.35,0.1,3.5,0.5178383953262128,2.5891919766310636,0.0739769136180304
0.35,0.1,3.51,0.5195239725865802,2.597619862932901,0.07421771036951146
0.35,0.1,3.52,0.5212036185785648,2.606018092892824,0.07445765979693783
0.35,0.1,3.53,0.5228773907892543,2.6143869539462714,0.07469677011275062
0.35,0.1,3.54,0.5245453457730207,2.6227267288651035,0.07493504939614581
0.35,0.1,3.55,0.5262075391726364,2.631037695863182,0.07517250559609091
0.35,0.1,3.56,0.5278640257397809,2.639320128698904,0.07540914653425441
0.35,0.1,3.57,0.5295148593549565,2.647574296774782,0.07564497990785092
0.35,0.1,3.58,0.531160093046837,2.6558004652341847,0.07588001329240528
0.35,0.1,3.59,0.5327997790110629,2.663998895055314,0.07611425414443755
0.35,0.1,3.6,0.5344339686285099,2.6721698431425494,0.07634770980407284
0.35,0.1,3.61,0.5360627124830427,2.6803135624152135,0.07658038749757753
0.35,0.1,3.62,0.5376860603787752,2.688430301893876,0.07681229433982503
0.35,0.1,3.63,0.5393040613568509,2.6965203067842545,0.07704343733669299
0.35,0.1,3.64,0.5409167637117644,2.704583818558822,0.07727382338739493
0.35,0.1,3.65,0.5425242150072326,2.7126210750361626,0.07750345928674751
0.35,0.1,3.66,0.5441264620916366,2.720632310458183,0.07773235172737666
0.35,0.1,3.67,0.5457235511130456,2.728617755565228,0.07796050730186366
0.35,0.1,3.68,0.5473155275338375,2.7365776376691873,0.07818793250483393
0.35,0.1,3.69,0.5489024361449266,2.744512180724633,0.07841463373498951
0.35,0.1,3.7,0.5504843210796174,2.752421605398087,0.0786406172970882
0.35,0.1,3.71,0.5520612258270903,2.760306129135451,0.07886588940387004
0.35,0.1,3.72,0.5536331932455317,2.7681659662276585,0.0790904561779331
0.35,0.1,3.73,0.555200265574926,2.7760013278746296,0.07931432365356085
0.35,0.1,3.74,0.556762484449512,2.78381242224756,0.07953749777850172
0.35,0.1,3.75,0.5583198909099196,2.791599454549598,0.0797599844157028
0.35,0.1,3.76,0.5598725254149953,2.7993626270749763,0.07998178934499933
0.35,0.1,3.77,0.561420427853325,2.807102139266625,0.08020291826476071
0.35,0.1,3.78,0.5629636375544663,2.8148181877723313,0.08042337679349519
0.35,0.1,3.79,0.5645021932998961,2.8225109664994807,0.08064317047141374
0.35,0.1,3.8,0.5660361333336861,2.83018066666843,0.08086230476195515
0.35,0.1,3.81,0.5675654953729081,2.8378274768645406,0.08108078505327258
0.35,0.1,3.82,0.569090316617786,2.8454515830889298,0.08129861665968371
0.35,0.1,3.83,0.570610633761593,2.853053168807965,0.08151580482308472
0.35,0.1,3.84,0.5721264830003109,2.8606324150015543,0.08173235471433013
0.35,0.1,3.85,0.5736379000420483,2.8681895002102413,0.08194827143457832
0.35,0.1,3.86,0.575144920116236,2.87572460058118,0.08216356001660514
0.35,0.1,3.87,0.5766475779825954,2.8832378899129765,0.08237822542608506
0.35,0.1,3.88,0.5781459079398961,2.89072953969948,0.0825922725628423
0.35,0.1,3.89,0.5796399438345013,2.8981997191725064,0.08280570626207162
0.35,0.1,3.9,0.5811297190687114,2.9056485953435565,0.08301853129553019
0.35,0.1,3.91,0.5826152666089104,2.9130763330445517,0.08323075237270149
0.35,0.1,3.92,0.5840966189935224,2.920483094967612,0.08344237414193177
0.35,0.1,3.93,0.5855738083407795,2.9278690417038975,0.08365340119153994
0.35,0.1,3.94,0.5870468663563102,2.935234331781551,0.08386383805090146
0.35,0.1,3.95,0.5885158243405537,2.9425791217027686,0.08407368919150768
0.35,0.1,3.96,0.5899807131960011,2.9499035659800055,0.08428295902800016
0.35,0.1,3.97,0.5914415634342731,2.9572078171713656,0.08449165191918187
0.35,0.1,3.98,0.5928984051830335,2.9644920259151673,0.08469977216900479
0.35,0.1,3.99,0.5943512681927509,2.971756340963754,0.08490732402753584
0.35,0.1,4.0,0.5958001818433019,2.9790009092165093,0.08511431169190027
0.35,0.1,4.01,0.5972451751504312,2.986225875752156,0.08532073930720445
0.35,0.1,4.02,0.5986862767720648,2.9934313838603237,0.08552661096743783
0.35,0.1,4.03,0.6001235150144835,3.0006175750724173,0.08573193071635478
0.35,0.1,4.04,0.6015569178383593,3.0077845891917963,0.08593670254833705
0.35,0.1,4.05,0.6029865128646623,3.0149325643233116,0.08614093040923747
0.35,0.1,4.06,0.6044123273804323,3.022061636902161,0.08634461819720461
0.35,0.1,4.07,0.6058343883444308,3.029171941722154,0.08654776976349011
0.35,0.1,4.08,0.6072527223926667,3.0362636119633333,0.0867503889132381
0.35,0.1,4.09,0.6086673558438032,3.0433367792190156,0.0869524794062576
0.35,0.1,4.1,0.6100783147044512,3.0503915735222558,0.08715404495777875
0.35,0.1,4.11,0.6114856246743461,3.0574281233717304,0.0873550892391923
0.35,0.1,4.12,0.6128893111514165,3.0644465557570824,0.0875556158787738
0.35,0.1,4.13,0.6142893992367455,3.0714469961837274,0.08775562846239222
0.35,0.1,4.14,0.6156859137394266,3.078429568697133,0.0879551305342038
0.35,0.1,4.15,0.6170788791813191,3.0853943959065955,0.0881541255973313
0.35,0.1,4.16,0.618468319801703,3.092341599008515,0.088352617114529
0.35,0.1,4.17,0.6198542595618377,3.0992712978091883,0.08855060850883396
0.35,0.1,4.18,0.6212367221494266,3.106183610747133,0.0887481031642038
0.35,0.1,4.19,0.6226157309829901,3.11307865491495,0.08894510442614144
0.35,0.1,4.2,0.6239913092161468,3.1199565460807337,0.08914161560230668
0.35,0.1,4.21,0.6253634797418122,3.126817398709061,0.08933763996311603
0.35,0.1,4.22,0.6267322651963053,3.1336613259815262,0.08953318074232933
0.35,0.1,4.23,0.62809768796338,3.1404884398168997,0.0897282411376257
0.35,0.1,4.24,0.6294597701781904,3.147298850890952,0.08992282431117006
0.35,0.1,4.25,0.6308185337311175,3.1540926686555872,0.09011693339015965
0.35,0.1,4.26,0.6321740002715471,3.1608700013577353,0.09031057146736388
0.35,0.1,4.27,0.6335261912116453,3.1676309560582263,0.09050374160166362
0.35,0.1,4.28,0.634875127729971,3.1743756386498547,0.09069644681856728
0.35,0.1,4.29,0.6362208307750452,3.181104153875226,0.09088869011072075
0.35,0.1,4.3,0.6375633210683517,3.1878166053417583,0.09108047443833596
0.35,0.1,4.31,0.6389026191097679,3.194513095548839,0.09127180272996684
0.35,0.1,4.32,0.640238745177931,3.201193725889655,0.09146267788256157
0.35,0.1,4.33,0.6415717193355348,3.207858596677674,0.09165310276221926
0.35,0.1,4.34,0.64290156143207,3.21450780716035,0.09184308020458143
0.35,0.1,4.35,0.644228291106995,3.221141455534975,0.092032613015285
0.35,0.1,4.36,0.6455519277928515,3.2277596389642573,0.09222170397040737
0.35,0.1,4.37,0.6468724907183183,3.2343624535915914,0.09241035581690261
0.35,0.1,4.38,0.648189998911208,3.24094999455604,0.09259857127302971
0.35,0.1,4.39,0.6495044712014066,3.247522356007033,0.09278635302877238
0.35,0.1,4.4,0.6508159262237595,3.254079631118797,0.09297370374625136
0.35,0.1,4.41,0.6521243824209007,3.260621912104503,0.09316062606012866
0.35,0.1,4.42,0.6534298580460327,3.2671492902301633,0.09334712257800468
0.35,0.1,4.43,0.6547323711656532,3.2736618558282657,0.09353319588080759
0.35,0.1,4.44,0.6560319396622303,3.2801596983111514,0.09371884852317576
0.35,0.1,4.45,0.6573285812368304,3.286642906184152,0.09390408303383291
0.35,0.1,4.46,0.6586223134116976,3.293111567058488,0.0940889019159568
0.35,0.1,4.47,0.6599131535327867,3.299565767663933,0.09427330764754095
0.35,0.1,4.48,0.6612011187722464,3.306005593861232,0.09445730268174948
0.35,0.1,4.49,0.6624862261308615,3.3124311306543075,0.09464088944726592
0.35,0.1,4.5,0.6637684924404514,3.318842462202257,0.09482407034863592
0.35,0.1,4.51,0.6650479343662223,3.3252396718311115,0.09500684776660319
0.35,0.1,4.52,0.6663245684090806,3.331622842045403,0.09518922405844009
0.35,0.1,4.53,0.6675984109079028,3.337992054539514,0.09537120155827183
0.35,0.1,4.54,0.6688694780417667,3.344347390208833,0.09555278257739523
0.35,0.1,4.55,0.6701377858321423,3.3506889291607114,0.09573396940459176
0.35,0.1,4.56,0.671403350145044,3.35701675072522,0.09591476430643486
0.35,0.1,4.57,0.6726661866931472,3.3633309334657358,0.09609516952759245
0.35,0.1,4.58,0.6739263110378629,3.3696315551893146,0.09627518729112328
0.35,0.1,4.59,0.6751837385913836,3.3759186929569176,0.09645481979876909
0.35,0.1,4.6,0.6764384846186868,3.382192423093434,0.09663406923124097
0.35,0.1,4.61,0.6776905642395082,3.388452821197541,0.09681293774850118
0.35,0.1,4.62,0.6789399924302784,3.3946999621513916,0.09699142749003976
0.35,0.1,4.63,0.68018678402603,3.4009339201301496,0.09716954057514714
0.35,0.1,4.64,0.6814309537222674,3.4071547686113366,0.09734727910318106
0.35,0.1,4.65,0.6826725160768083,3.4133625803840415,0.09752464515382976
0.35,0.1,4.66,0.6839114855115936,3.419557427557968,0.09770164078737052
0.35,0.1,4.67,0.6851478763144647,3.4257393815723236,0.09787826804492353
0.35,0.1,4.68,0.6863817026409138,3.431908513204569,0.09805452894870197
0.35,0.1,4.69,0.6876129785158032,3.438064892579016,0.09823042550225759
0.35,0.1,4.7,0.6888417178350555,3.4442085891752776,0.09840595969072222
0.35,0.1,4.71,0.6900679343673173,3.4503396718365864,0.09858113348104533
0.35,0.1,4.72,0.6912916417555938,3.4564582087779687,0.09875594882222768
0.35,0.1,4.73,0.6925128535188584,3.4625642675942916,0.0989304076455512
0.35,0.1,4.74,0.6937315830536328,3.468657915268164,0.09910451186480469
0.35,0.1,4.75,0.6949478436355448,3.474739218177724,0.0992782633765064
0.35,0.1,4.76,0.6961616484208579,3.4808082421042896,0.09945166406012255
0.35,0.1,4.77,0.6973730104479767,3.4868650522398834,0.09962471577828239
0.35,0.1,4.78,0.6985819426389303,3.492909713194651,0.09979742037699003
0.35,0.1,4.79,0.699788457800827,3.498942289004135,0.09996977968583243
0.35,0.1,4.8,0.7009925686272901,3.5049628431364503,0.10014179551818429
0.35,0.1,4.81,0.7021942876998692,3.5109714384993462,0.10031346967140989
0.35,0.1,4.82,0.7033936274894281,3.5169681374471407,0.10048480392706116
0.35,0.1,4.83,0.7045906003575101,3.5229530017875503,0.10065580005107287
0.35,0.1,4.84,0.7057852185576848,3.528926092788424,0.10082645979395498
0.35,0.1,4.85,0.7069774942368714,3.5348874711843568,0.10099678489098163
0.35,0.1,4.86,0.7081674394366403,3.540837197183201,0.10116677706237719
0.35,0.1,4.87,0.7093550660944954,3.5467753304724767,0.10133643801349934
0.35,0.1,4.88,0.7105403860451377,3.5527019302256884,0.10150576943501967
0.35,0.1,4.89,0.7117234110217072,3.558617055108536,0.10167477300310103
0.35,0.1,4.9,0.712904152657006,3.5645207632850298,0.10184345037957229
0.35,0.1,4.91,0.714082622484702,3.57041311242351,0.10201180321210028
0.35,0.1,4.92,0.7152588319405166,3.576294159702583,0.10217983313435952
0.35,0.1,4.93,0.7164327923633905,3.5821639618169523,0.10234754176619865
0.35,0.1,4.94,0.7176045149966351,3.5880225749831753,0.10251493071380502
0.35,0.1,4.95,0.7187740109890625,3.593870054945312,0.10268200156986607
0.35,0.1,4.96,0.7199412913961024,3.599706456980512,0.10284875591372891
0.35,0.1,4.97,0.7211063671808998,3.605531835904499,0.10301519531155712
0.35,0.1,4.98,0.7222692492153955,3.611346246076977,0.10318132131648507
0.35,0.1,4.99,0.7234299482813928,3.617149741406964,0.1033471354687704
0.35,0.1,5.0,0.7245884750716051,3.622942375358025,0.10351263929594358
0.35,0.2,2.5,0.20356253818499875,1.0178126909249936,0.029080362597856964
0.35,0.2,2.51,0.20558101666760034,1.0279050833380017,0.02936871666680005
0.35,0.2,2.52,0.20757959567289955,1.0378979783644977,0.029654227953271363
0.35,0.2,2.53,0.2095588446392726,1.0477942231963628,0.02993697780561037
0.35,0.2,2.54,0.21151930628630194,1.0575965314315097,0.030217043755185993
0.35,0.2,2.55,0.21346149833839728,1.0673074916919862,0.030494499762628184
0.35,0.2,2.56,0.21538591510798152,1.0769295755399075,0.03076941644399736
0.35,0.2,2.57,0.21729302895201982,1.086465144760099,0.031041861278859974
0.35,0.2,2.58,0.21918329161412825,1.095916458070641,0.031311898802018324
0.35,0.2,2.59,0.2210571354629234,1.105285677314617,0.03157959078041763
0.35,0.2,2.6,0.22291497463634052,1.1145748731817025,0.031844996376620076
0.35,0.2,2.61,0.22475720610048197,1.1237860305024099,0.032108172300068856
0.35,0.2,2.62,0.22658421063067458,1.1329210531533729,0.032369172947239226
0.35,0.2,2.63,0.22839635372110484,1.141981768605524,0.032628050531586406
0.35,0.2,2.64,0.23019398643220623,1.1509699321610312,0.03288485520460089
0.35,0.2,2.65,0.2319774461738347,1.1598872308691734,0.033139635167690674
0.35,0.2,2.66,0.23374705743922963,1.168735287196148,0.033392436777032804
0.35,0.2,2.67,0.23550313248675736,1.1775156624337868,0.033643304640965335
0.35,0.2,2.68,0.2372459719765055,1.1862298598825274,0.03389228171092935
0.35,0.2,2.69,0.23897586556490655,1.1948793278245327,0.03413940936641522
0.35,0.2,2.7,0.24069309246072476,1.2034654623036238,0.03438472749438925
0.35,0.2,2.71,0.24239792194543056,1.2119896097271528,0.03462827456363294
0.35,0.2,2.72,0.24409061386071093,1.2204530693035547,0.03487008769438728
0.35,0.2,2.73,0.24577141906562097,1.2288570953281048,0.03511020272366014
0.35,0.2,2.74,0.24744057986565132,1.2372028993282564,0.03534865426652162
0.35,0.2,2.75,0.2490983304157956,1.2454916520789778,0.03558547577368509
0.35,0.2,2.76,0.2507448970995166,1.2537244854975829,0.035820699585645224
0.35,0.2,2.77,0.2523804988853496,1.2619024944267478,0.03605435698362137
0.35,0.2,2.78,0.25400534766273536,1.2700267383136767,0.03628647823753362
0.35,0.2,2.79,0.25561964855854324,1.278098242792716,0.03651709265122046
0.35,0.2,2.8,0.25722360023562296,1.2861180011781148,0.03674622860508899
0.35,0.2,2.81,0.2588173951746172,1.294086975873086,0.036973913596373885
0.35,0.2,2.82,0.26040121994017007,1.3020060997008502,0.03720017427716715
0.35,0.2,2.83,0.2619752554325724,1.3098762771628618,0.037425036490367485
0.35,0.2,2.84,0.2635396771258058,1.3176983856290287,0.03764852530368654
0.35,0.2,2.85,0.26509465529287596,1.3254732764643797,0.037870665041839426
0.35,0.2,2.86,0.2666403552192522,1.3332017760962611,0.038091479317036034
0.35,0.2,2.87,0.268176937405175,1.340884687025875,0.038310991057882146
0.35,0.2,2.88,0.26970455775752794,1.3485227887876396,0.038529222536789705
0.35,0.2,2.89,0.2712233677719317,1.3561168388596583,0.03874619539599024
0.35,0.2,2.9,0.2727335147056552,1.363667573528276,0.03896193067223646
0.35,0.2,2.91,0.27423514174190894,1.3711757087095446,0.039176448820272707
0.35,0.2,2.92,0.27572838814603684,1.3786419407301842,0.03938976973514812
0.35,0.2,2.93,0.27721338941409185,1.3860669470704592,0.039601912773441696
0.35,0.2,2.94,0.2786902774142405,1.3934513870712024,0.03981289677346293
0.35,0.2,2.95,0.2801591805214213,1.4007959026071064,0.04002274007448876
0.35,0.2,2.96,0.28162022374563994,1.4081011187281995,0.04023146053509142
0.35,0.2,2.97,0.28307352885426834,1.4153676442713417,0.040439075550609764
0.35,0.2,2.98,0.2845192144886871,1.4225960724434354,0.04064560206981244
0.35,0.2,2.99,0.2859573962755855,1.4297869813779274,0.04085105661079792
0.35,0.2,3.0,0.2873881869332158,1.4369409346660789,0.04105545527617368
0.35,0.2,3.01,0.2888116963728821,1.4440584818644104,0.04125881376755459
0.35,0.2,3.02,0.29022803179591705,1.4511401589795851,0.04146114739941672
0.35,0.2,3.03,0.2916372977863918,1.458186488931959,0.041662471112341684
0.35,0.2,3.04,0.2930395963997886,1.465197981998943,0.04186279948568409
0.35,0.2,3.05,0.29443502724784404,1.4721751362392201,0.042062146749692005
0.35,0.2,3.06,0.2958236875797685,1.4791184378988425,0.04226052679710979
0.35,0.2,3.07,0.29720567236002443,1.486028361800122,0.0424579531942892
0.35,0.2,3.08,0.2985810743428436,1.4929053717142178,0.0426544391918348
0.35,0.2,3.09,0.2999499841436464,1.4997499207182319,0.042849997734806626
0.35,0.2,3.1,0.30131249030752155,1.5065624515376077,0.04304464147250308
0.35,0.2,3.11,0.30266867937491043,1.513343396874552,0.04323838276784435
0.35,0.2,3.12,0.3040186359446358,1.520093179723179,0.04343123370637654
0.35,0.2,3.13,0.3053624427344044,1.526812213672022,0.043623206104914915
0.35,0.2,3.14,0.3067001806389064,1.533500903194532,0.043814311519843774
0.35,0.2,3.15,0.30803192878562685,1.5401596439281342,0.04400456125508955
0.35,0.2,3.16,0.30935776458847986,1.5467888229423992,0.04419396636978284
0.35,0.2,3.17,0.3106777637993645,1.5533888189968226,0.0443825376856235
0.35,0.2,3.18,0.31199200055774623,1.559960002788731,0.04457028579396375
0.35,0.2,3.19,0.3133005474383493,1.5665027371917464,0.044757221062621325
0.35,0.2,3.2,0.314603475497051,1.5730173774852547,0.04494335364243585
0.35,0.2,3.21,0.3159008543150608,1.579504271575304,0.04512869347358012
0.35,0.2,3.22,0.3171927520414563,1.5859637602072814,0.04531325029163662
0.35,0.2,3.23,0.3184792354341585,1.5923961771707924,0.045497033633451214
0.35,0.2,3.24,0.3197603698994084,1.598801849497042,0.045680052842772635
0.35,0.2,3.25,0.321036219529816,1.60518109764908,0.045862317075688
0.35,0.2,3.26,0.322306847141042,1.61153423570521,0.046043835305863146
0.35,0.2,3.27,0.32357231430717287,1.6178615715358642,0.046224616329596124
0.35,0.2,3.28,0.32483268139484517,1.6241634069742257,0.046404668770692166
0.35,0.2,3.29,0.32608800759617335,1.6304400379808666,0.04658400108516762
0.35,0.2,3.3,0.3273383509605312,1.636691754802656,0.046762621565790176
0.35,0.2,3.31,0.32858376842523557,1.6429188421261778,0.046940538346462224
0.35,0.2,3.32,0.32982431584517935,1.6491215792258966,0.04711775940645419
0.35,0.2,3.33,0.3310600480214547,1.6553002401072736,0.04729429257449353
0.35,0.2,3.34,0.3322910187290132,1.6614550936450658,0.04747014553271617
0.35,0.2,3.35,0.3335172807433951,1.6675864037169754,0.047645325820485016
0.35,0.2,3.36,0.3347388858665734,1.673694429332867,0.04781984083808192
0.35,0.2,3.37,0.33595588495194234,1.6797794247597115,0.047993697850277475
0.35,0.2,3.38,0.33716832792848755,1.6858416396424376,0.04816690398978394
0.35,0.2,3.39,0.3383762638241709,1.6918813191208544,0.04833946626059584
0.35,0.2,3.4,0.33957974078855696,1.6978987039427846,0.04851139154122242
0.35,0.2,3.41,0.34077880611471834,1.7038940305735917,0.0486826865878169
0.35,0.2,3.42,0.3419735062604386,1.709867531302193,0.048853358037205516
0.35,0.2,3.43,0.34316388686874927,1.7158194343437463,0.049023412409821325
0.35,0.2,3.44,0.3443499927878173,1.7217499639390865,0.04919285611254533
0.35,0.2,3.45,0.3455318680902171,1.7276593404510854,0.04936169544145958
0.35,0.2,3.46,0.3467095560916022,1.7335477804580108,0.0495299365845146
0.35,0.2,3.47,0.347883099368804,1.73941549684402,0.04969758562411486
0.35,0.2,3.48,0.3490525397773785,1.7452626988868924,0.0498646485396255
0.35,0.2,3.49,0.35021791846861927,1.7510895923430962,0.05003113120980275
0.35,0.2,3.5,0.35137927590605755,1.7568963795302877,0.05019703941515108
0.35,0.2,3.51,0.3525366518814702,1.762683259407351,0.05036237884021003
0.35,0.2,3.52,0.35369008553041054,1.7684504276520525,0.050527155075772934
0.35,0.2,3.53,0.35483961534727876,1.7741980767363936,0.05069137362103982
0.35,0.2,3.54,0.3559852791999535,1.7799263959997673,0.050855039885707644
0.35,0.2,3.55,0.35712711434399347,1.7856355717199672,0.05101815919199907
0.35,0.2,3.56,0.35826515743642984,1.791325787182149,0.05118073677663283
0.35,0.2,3.57,0.35939944454915995,1.7969972227457998,0.05134277779273714
0.35,0.2,3.58,0.36053001118195965,1.8026500559097982,0.05150428731170852
0.35,0.2,3.59,0.3616568922751245,1.8082844613756224,0.05166527032501778
0.35,0.2,3.6,0.362780122221754,1.8139006111087699,0.05182573174596485
0.35,0.2,3.61,0.3638997348796918,1.819498674398459,0.05198567641138454
0.35,0.2,3.62,0.36501576358313215,1.8250788179156607,0.052145109083304594
0.35,0.2,3.63,0.36612824115390524,1.830641205769526,0.05230403445055789
0.35,0.2,3.64,0.36723719991245113,1.8361859995622556,0.05246245713035016
0.35,0.2,3.65,0.36834267168849316,1.8417133584424656,0.052620381669784735
0.35,0.2,3.66,0.36944468783142104,1.8472234391571052,0.05277781254734586
0.35,0.2,3.67,0.3705432792203933,1.8527163961019666,0.0529347541743419
0.35,0.2,3.68,0.37163847627416746,1.8581923813708372,0.05309121089630964
0.35,0.2,3.69,0.372730308960668,1.86365154480334,0.05324718699438114
0.35,0.2,3.7,0.3738188068062997,1.8690940340314983,0.05340268668661424
0.35,0.2,3.71,0.3749039989050149,1.8745199945250746,0.053557714129287844
0.35,0.2,3.72,0.3759859139271436,1.879929569635718,0.05371227341816337
0.35,0.2,3.73,0.377064580127991,1.8853229006399548,0.053866368589713
0.35,0.2,3.74,0.3781400253562138,1.890700126781069,0.05402000362231626
0.35,0.2,3.75,0.37921227706197963,1.896061385309898,0.05417318243742566
0.35,0.2,3.76,0.3802813623049167,1.9014068115245835,0.05432590890070239
0.35,0.2,3.77,0.3813473077618609,1.9067365388093043,0.054478186823122984
0.35,0.2,3.78,0.38241013973440663,1.9120506986720331,0.05463001996205809
0.35,0.2,3.79,0.38346988415626637,1.9173494207813317,0.05478141202232377
0.35,0.2,3.8,0.3845265666004466,1.9226328330022329,0.054932366657206654
0.35,0.2,3.81,0.38558021228624345,1.927901061431217,0.05508288746946335
0.35,0.2,3.82,0.38663084608606596,1.9331542304303297,0.05523297801229514
0.35,0.2,3.83,0.3876784925320905,1.9383924626604525,0.05538264179029865
0.35,0.2,3.84,0.3887231758227509,1.9436158791137543,0.05553188226039298
0.35,0.2,3.85,0.38976491982907296,1.9488245991453648,0.05568070283272471
0.35,0.2,3.86,0.3908037481008509,1.9540187405042544,0.05582910687155013
0.35,0.2,3.87,0.3918396838726788,1.959198419363394,0.055977097696096975
0.35,0.2,3.88,0.3928727500698346,1.9643637503491729,0.05612467858140494
0.35,0.2,3.89,0.39390296931402524,1.9695148465701262,0.056271852759146465
0.35,0.2,3.9,0.3949303639289934,1.974651819644967,0.05641862341842763
0.35,0.2,3.91,0.3959549559459933,1.9797747797299663,0.05656499370657047
0.35,0.2,3.92,0.39697676710913676,1.9848838355456837,0.05671096672987668
0.35,0.2,3.93,0.3979958188806153,1.9899790944030764,0.05685654555437362
0.35,0.2,3.94,0.3990121324457993,1.9950606622289964,0.05700173320654276
0.35,0.2,3.95,0.4000257287182203,2.0001286435911014,0.05714653267403147
0.35,0.2,3.96,0.40103662834443715,2.0051831417221857,0.057290946906348166
0.35,0.2,3.97,0.4020448517087934,2.0102242585439667,0.057434978815541916
0.35,0.2,3.98,0.40305041893806215,2.0152520946903105,0.05757863127686602
0.35,0.2,3.99,0.4040533499059895,2.0202667495299473,0.057721907129427076
0.35,0.2,4.0,0.4050536642377328,2.0252683211886637,0.05786480917681897
0.35,0.2,4.01,0.4060513813142007,2.030256906571003,0.05800734018774296
0.35,0.2,4.02,0.4070465202762954,2.0352326013814768,0.05814950289661363
0.35,0.2,4.03,0.40803910002906074,2.0401955001453036,0.05829130000415154
0.35,0.2,4.04,0.40902913924573864,2.045145696228693,0.058432734177962666
0.35,0.2,4.05,0.4100166563717368,2.050083281858684,0.058573808053105254
0.35,0.2,4.06,0.41100166962850804,2.05500834814254,0.058714524232644005
0.35,0.2,4.07,0.41198419701734657,2.0599209850867326,0.05885488528819237
0.35,0.2,4.08,0.4129642563231003,2.0648212816155014,0.0589948937604429
0.35,0.2,4.09,0.41394186511780534,2.0697093255890264,0.05913455215968648
0.35,0.2,4.1,0.4149170407642396,2.0745852038211976,0.05927386296631994
0.35,0.2,4.11,0.41588980041940277,2.0794490020970136,0.05941282863134325
0.35,0.2,4.12,0.4168601610379196,2.084300805189598,0.05955145157684566
0.35,0.2,4.13,0.4178281393753754,2.0891406968768766,0.0596897341964822
0.35,0.2,4.14,0.41879375199157537,2.093968759957877,0.059827678855939335
0.35,0.2,4.15,0.419757015253741,2.0987850762687046,0.05996528789339157
0.35,0.2,4.16,0.4207179453396361,2.1035897266981802,0.060102563619948014
0.35,0.2,4.17,0.42167655824062916,2.108382791203146,0.06023950832008988
0.35,0.2,4.18,0.42263286976454145,2.113164348822707,0.06037612425207735
0.35,0.2,4.19,0.42358689553946105,2.1179344776973053,0.06051241364849443
0.35,0.2,4.2,0.4245386510145034,2.122693255072517,0.06064837871635763
0.35,0.2,4.21,0.4254881514651334,2.127440757325667,0.060784021637876204
0.35,0.2,4.22,0.4264354119950282,2.132177059975141,0.06091934457071831
0.35,0.2,4.23,0.42738044753742194,2.1369022376871096,0.06105434964820313
0.35,0.2,4.24,0.42832327285974,2.1416163642986996,0.061189038979962855
0.35,0.2,4.25,0.429263902565148,2.1463195128257397,0.061323414652164
0.35,0.2,4.26,0.43020235109530647,2.151011755476532,0.06145747872790092
0.35,0.2,4.27,0.4311386327328652,2.155693163664326,0.06159123324755217
0.35,0.2,4.28,0.4320727616039094,2.1603638080195466,0.061724680229129913
0.35,0.2,4.29,0.43300475168035674,2.1650237584017837,0.061857821668622394
0.35,0.2,4.3,0.4339346167823074,2.169673083911537,0.061990659540329625
0.35,0.2,4.31,0.4348623705803491,2.1743118529017456,0.06212319579719273
0.35,0.2,4.32,0.4357880265978164,2.178940132989082,0.06225543237111663
0.35,0.2,4.33,0.4367115982130066,2.1835579910650327,0.06238737117328665
0.35,0.2,4.34,0.43763309866135236,2.188165493306762,0.06251901409447891
0.35,0.2,4.35,0.43855254103755437,2.192762705187772,0.0626503630053649
0.35,0.2,4.36,0.43946993829767084,2.197349691488354,0.06278141975681012
0.35,0.2,4.37,0.44038530326116887,2.201926516305844,0.06291218618016699
0.35,0.2,4.38,0.44129864861293655,2.2064932430646826,0.06304266408756236
0.35,0.2,4.39,0.44220998690525676,2.2110499345262835,0.06317285527217954
0.35,0.2,4.4,0.44311933055974523,2.215596652798726,0.06330276150853503
0.35,0.2,4.41,0.44402669186924887,2.2201334593462443,0.06343238455274984
0.35,0.2,4.42,0.4449320829997136,2.224660414998568,0.06356172614281623
0.35,0.2,4.43,0.4458355159920137,2.2291775799600684,0.0636907879988591
0.35,0.2,4.44,0.4467370027637487,2.2336850138187434,0.06381957182339268
0.35,0.2,4.45,0.44763655511100753,2.2381827755550376,0.06394807930157251
0.35,0.2,4.46,0.44853418471009915,2.2426709235504956,0.06407631210144274
0.35,0.2,4.47,0.4494299031192538,2.2471495155962686,0.06420427187417911
0.35,0.2,4.48,0.4503237217802904,2.251618608901452,0.0643319602543272
0.35,0.2,4.49,0.4512156520202557,2.2560782601012783,0.06445937886003653
0.35,0.2,4.5,0.452105705053034,2.26052852526517,0.06458652929329058
0.35,0.2,4.51,0.45299389198092616,2.2649694599046306,0.0647134131401323
0.35,0.2,4.52,0.4538802237962027,2.2694011189810133,0.0648400319708861
0.35,0.2,4.53,0.45476471138262725,2.273823556913136,0.06496638734037533
0.35,0.2,4.54,0.4556473655169545,2.2782368275847724,0.06509248078813636
0.35,0.2,4.55,0.45652819687039936,2.2826409843519966,0.06521831383862849
0.35,0.2,4.56,0.4574072160100838,2.287036080050419,0.06534388800144054
0.35,0.2,4.57,0.45828443340045494,2.2914221670022745,0.06546920477149357
0.35,0.2,4.58,0.4591598594046804,2.295799297023402,0.06559426562924006
0.35,0.2,4.59,0.4600335042860179,2.3001675214300894,0.06571907204085971
0.35,0.2,4.6,0.46090537820916266,2.304526891045813,0.06584362545845181
0.35,0.2,4.61,0.4617754912415701,2.3088774562078505,0.0659679273202243
0.35,0.2,4.62,0.46264385335475694,2.3132192667737845,0.06609197905067957
0.35,0.2,4.63,0.46351047442557913,2.3175523721278957,0.06621578206079702
0.35,0.2,4.64,0.4643753642374886,2.321876821187443,0.06633933774821266
0.35,0.2,4.65,0.4652385324817678,2.3261926624088387,0.0664626474973954
0.35,0.2,4.66,0.46609998875874403,2.33049994379372,0.06658571267982058
0.35,0.2,4.67,0.4669597425789836,2.334798712894918,0.06670853465414052
0.35,0.2,4.68,0.4678178033644645,2.339089016822322,0.06683111476635208
0.35,0.2,4.69,0.4686741804497311,2.343370902248655,0.06695345434996158
0.35,0.2,4.7,0.46952888308302765,2.347644415415138,0.0670755547261468
0.35,0.2,4.71,0.4703819204274157,2.3519096021370784,0.06719741720391653
0.35,0.2,4.72,0.47123330156186916,2.3561665078093457,0.06731904308026702
0.35,0.2,4.73,0.47208303548235614,2.3604151774117805,0.0674404336403366
0.35,0.2,4.74,0.47293113110289736,2.3646556555144866,0.06756159015755676
0.35,0.2,4.75,0.473777597256612,2.36888798628306,0.06768251389380171
0.35,0.2,4.76,0.47462244269674464,2.373112213483723,0.06780320609953495
0.35,0.2,4.77,0.47546567609767415,2.3773283804883705,0.06792366801395346
0.35,0.2,4.78,0.4763073060559088,2.381536530279544,0.06804390086512983
0.35,0.2,4.79,0.4771473410910637,2.3857367054553182,0.06816390587015196
0.35,0.2,4.8,0.47798578964682203,2.38992894823411,0.0682836842352603
0.35,0.2,4.81,0.478822660091883,2.394113300459415,0.06840323715598329
0.35,0.2,4.82,0.47965796072089234,2.3982898036044618,0.06852256581727033
0.35,0.2,4.83,0.4804916997553585,2.4024584987767925,0.06864167139362264
0.35,0.2,4.84,0.4813238853445563,2.406619426722781,0.06876055504922232
0.35,0.2,4.85,0.4821545255664132,2.410772627832066,0.06887921793805903
0.35,0.2,4.86,0.48298362842838427,2.414918142141921,0.0689976612040549
0.35,0.2,4.87,0.48381120186831095,2.4190560093415545,0.06911588598118727
0.35,0.2,4.88,0.4846372537552693,2.4231862687763464,0.0692338933936099
0.35,0.2,4.89,0.48546179189040195,2.4273089594520094,0.0693516845557717
0.35,0.2,4.9,0.4862848240077396,2.431424120038698,0.06946926057253423
0.35,0.2,4.91,0.48710635777500794,2.4355317888750396,0.06958662253928685
0.35,0.2,4.92,0.48792640079442373,2.4396320039721187,0.06970377154206053
0.35,0.2,4.93,0.48874496060347783,2.443724803017389,0.06982070865763969
0.35,0.2,4.94,0.48956204467570524,2.447810223378526,0.06993743495367218
0.35,0.2,4.95,0.49037766042144537,2.4518883021072266,0.07005395148877791
0.35,0.2,4.96,0.4911918151885897,2.4559590759429484,0.07017025931265566
0.35,0.2,4.97,0.49200451626331787,2.460022581316589,0.07028635946618826
0.35,0.2,4.98,0.49281577087082284,2.464078854354114,0.07040225298154612
0.35,0.2,4.99,0.493625586176025,2.468127930880125,0.07051794088228928
0.35,0.2,5.0,0.49443396928427685,2.472169846421384,0.07063342418346812
0.35,0.3,2.5,0.1286144620542146,0.6430723102710729,0.018373494579173512
0.35,0.3,2.51,0.1298924519320066,0.649462259660033,0.01855606456171523
0.35,0.3,2.52,0.13115792053518074,0.6557896026759037,0.018736845790740107
0.35,0.3,2.53,0.1324112268748578,0.6620561343742889,0.018915889553551113
0.35,0.3,2.54,0.1336527131093212,0.6682635655466059,0.01909324472990303
0.35,0.3,2.55,0.13488270563138105,0.6744135281569053,0.01926895794734015
0.35,0.3,2.56,0.1361015160671586,0.680507580335793,0.019443073723879798
0.35,0.3,2.57,0.13730944219495514,0.6865472109747757,0.019615634599279307
0.35,0.3,2.58,0.1385067687918863,0.6925338439594315,0.01978668125598376
0.35,0.3,2.59,0.13969376841509962,0.6984688420754981,0.019956252630728515
0.35,0.3,2.6,0.14087070212365363,0.7043535106182681,0.020124386017664805
0.35,0.3,2.61,0.14203782014647212,0.7101891007323605,0.020291117163781732
0.35,0.3,2.62,0.14319536250121995,0.7159768125060997,0.020456480357317137
0.35,0.3,2.63,0.14434355956843517,0.7217177978421758,0.020620508509776453
0.35,0.3,2.64,0.14548263262480984,0.7274131631240491,0.020783233232115693
0.35,0.3,2.65,0.1466127943391172,0.7330639716955859,0.020944684905588172
0.35,0.3,2.66,0.14773424923393388,0.7386712461696694,0.02110489274770484
0.35,0.3,2.67,0.1488471941159974,0.7442359705799869,0.021263884873713914
0.35,0.3,2.68,0.1499518184777635,0.7497590923888175,0.021421688353966215
0.35,0.3,2.69,0.15104830487248702,0.7552415243624351,0.021578329267498145
0.35,0.3,2.7,0.15213682926492664,0.7606841463246331,0.021733832752132375
0.35,0.3,2.71,0.15321756135958287,0.7660878067979143,0.02188822305136898
0.35,0.3,2.72,0.1542906649082052,0.771453324541026,0.02204152355831503
0.35,0.3,2.73,0.15535629799814502,0.776781489990725,0.02219375685687786
0.35,0.3,2.74,0.15641461332299386,0.7820730666149692,0.022344944760427695
0.35,0.3,2.75,0.1574657584368179,0.7873287921840895,0.022495108348116844
0.35,0.3,2.76,0.15850987599318922,0.7925493799659461,0.02264426799902703
0.35,0.3,2.77,0.15954710397010924,0.7977355198505461,0.02279244342430132
0.35,0.3,2.78,0.16057757588183108,0.8028878794091554,0.02293965369740444
0.35,0.3,2.79,0.16160142097849814,0.8080071048924906,0.02308591728264259
0.35,0.3,2.8,0.16261876443444762,0.813093822172238,0.023231252062063945
0.35,0.3,2.81,0.16362972752595575,0.8181486376297787,0.023375675360850823
0.35,0.3,2.82,0.16463442779913667,0.8231721389956833,0.02351920397130524
0.35,0.3,2.83,0.1656329792286568,0.8281648961432839,0.0236618541755224
0.35,0.3,2.84,0.16662549236786964,0.8331274618393482,0.02380364176683852
0.35,0.3,2.85,0.16761207449093155,0.8380603724546577,0.02394458207013308
0.35,0.3,2.86,0.16859282972741552,0.8429641486370776,0.02408468996105936
0.35,0.3,2.87,0.16956785918990266,0.8478392959495132,0.024223979884271808
0.35,0.3,2.88,0.17053726109499198,0.8526863054749598,0.02436246587071314
0.35,0.3,2.89,0.17150113087814084,0.8575056543907041,0.02450016155402012
0.35,0.3,2.9,0.17245956130271434,0.8622978065135717,0.02463708018610205
0.35,0.3,2.91,0.17341264256359862,0.867063212817993,0.02477323465194266
0.35,0.3,2.92,0.1743604623857032,0.871802311928516,0.024908637483671888
0.35,0.3,2.93,0.17530310611765992,0.8765155305882996,0.02504330087395142
0.35,0.3,2.94,0.17624065682099926,0.8812032841049963,0.02517723668871418
0.35,0.3,2.95,0.1771731953550698,0.8858659767753491,0.02531045647929569
0.35,0.3,2.96,0.17810080045794538,0.8905040022897268,0.025442971493992196
0.35,0.3,2.97,0.17902354882355034,0.8951177441177517,0.02557479268907862
0.35,0.3,2.98,0.1799415151752154,0.899707575876077,0.025705930739316485
0.35,0.3,2.99,0.18085477233586567,0.9042738616793283,0.025836396047980808
0.35,0.3,3.0,0.18176339129502547,0.9088169564751273,0.02596619875643221
0.35,0.3,3.01,0.1826674412728164,0.9133372063640819,0.026095348753259483
0.35,0.3,3.02,0.18356698978111127,0.9178349489055563,0.026223855683015895
0.35,0.3,3.03,0.18446210268199603,0.9223105134099802,0.02635172895457086
0.35,0.3,3.04,0.18535284424368462,0.9267642212184231,0.026478977749097802
0.35,0.3,3.05,0.18623927719402003,0.9311963859701001,0.026605611027717146
0.35,0.3,3.06,0.1871214627716888,0.935607313858444,0.026731637538812688
0.35,0.3,3.07,0.18799946077526478,0.9399973038763239,0.026857065825037826
0.35,0.3,3.08,0.18887332961031608,0.9443666480515803,0.026981904230045154
0.35,0.3,3.09,0.18974312633384638,0.9487156316692319,0.027106160904835197
0.35,0.3,3.1,0.19060890669865901,0.953044533493295,0.027229843814094146
0.35,0.3,3.11,0.19147072519358957,0.9573536259679478,0.02735296074194137
0.35,0.3,3.12,0.19232863508383966,0.9616431754191982,0.02747551929769138
0.35,0.3,3.13,0.19318268844900816,0.9659134422450407,0.02759752692128688
0.35,0.3,3.14,0.19403293621972356,0.9701646810986178,0.027718990888531938
0.35,0.3,3.15,0.1948794282128349,0.9743971410641745,0.02783991831611927
0.35,0.3,3.16,0.1957222131652277,0.9786110658261384,0.0279603161664611
0.35,0.3,3.17,0.1965613387663321,0.9828066938316605,0.02808019125233316
0.35,0.3,3.18,0.19739685168938295,0.9869842584469147,0.02819955024134042
0.35,0.3,3.19,0.19822879762148965,0.9911439881074482,0.028318399660212806
0.35,0.3,3.2,0.1990572212925735,0.9952861064628674,0.028436745898939072
0.35,0.3,3.21,0.1998821665032194,0.999410832516097,0.02855459521474563
0.35,0.3,3.22,0.20070367615149687,1.0035183807574843,0.028671953735928124
0.35,0.3,3.23,0.2015217922587915,1.0076089612939574,0.028788827465541643
0.35,0.3,3.24,0.20233655599469508,1.0116827799734753,0.028905222284956438
0.35,0.3,3.25,0.20314800770099337,1.0157400385049669,0.029021143957284768
0.35,0.3,3.26,0.20395618691479306,1.0197809345739652,0.029136598130684723
0.35,0.3,3.27,0.20476113239082278,1.0238056619541138,0.029251590341546112
0.35,0.3,3.28,0.20556288212294765,1.0278144106147382,0.02936612601756395
0.35,0.3,3.29,0.20636147336492852,1.0318073668246426,0.029480210480704074
0.35,0.3,3.3,0.20715694265045612,1.0357847132522806,0.02959384895006516
0.35,0.3,3.31,0.2079493258124975,1.0397466290624875,0.029707046544642502
0.35,0.3,3.32,0.20873865800197514,1.0436932900098757,0.02981980828599645
0.35,0.3,3.33,0.20952497370581336,1.0476248685290668,0.02993213910083048
0.35,0.3,3.34,0.21030830676437315,1.0515415338218657,0.03004404382348188
0.35,0.3,3.35,0.21108869038830547,1.0554434519415272,0.03015552719832935
0.35,0.3,3.36,0.21186615717484045,1.0593307858742023,0.030266593882120062
0.35,0.3,3.37,0.21264073912354162,1.063203695617708,0.03037724844622023
0.35,0.3,3.38,0.21341246765154195,1.0670623382577098,0.030487495378791706
0.35,0.3,3.39,0.21418137360828493,1.0709068680414247,0.030597339086897848
0.35,0.3,3.4,0.21494748728978857,1.0747374364489428,0.030706783898541225
0.35,0.3,3.41,0.21571083845245295,1.0785541922622648,0.030815834064636137
0.35,0.3,3.42,0.21647145632642628,1.0823572816321314,0.03092449376091804
0.35,0.3,3.43,0.2172293696285501,1.0861468481427505,0.031032767089792874
0.35,0.3,3.44,0.21798460657489602,1.08992303287448,0.031140658082128004
0.35,0.3,3.45,0.2187371948929132,1.093685974464566,0.031248170698987603
0.35,0.3,3.46,0.2194871618331979,1.0974358091659895,0.031355308833313986
0.35,0.3,3.47,0.22023453418090247,1.1011726709045122,0.031462076311557494
0.35,0.3,3.48,0.22097933826679433,1.1048966913339715,0.03156847689525633
0.35,0.3,3.49,0.22172159997798035,1.1086079998899017,0.03167451428256862
0.35,0.3,3.5,0.22246134476830737,1.1123067238415367,0.031780192109758194
0.35,0.3,3.51,0.22319859766845168,1.1159929883422584,0.031885513952635954
0.35,0.3,3.52,0.22393338329570808,1.1196669164785404,0.0319904833279583
0.35,0.3,3.53,0.22466572586348954,1.1233286293174476,0.03209510369478422
0.35,0.3,3.54,0.22539564919054836,1.1269782459527418,0.03219937845579262
0.35,0.3,3.55,0.22612317670992813,1.1306158835496405,0.03230331095856116
0.35,0.3,3.56,0.22684833147765604,1.13424165738828,0.032406904496808005
0.35,0.3,3.57,0.22757113618118563,1.1378556809059281,0.032510162311597944
0.35,0.3,3.58,0.22829161314759697,1.1414580657379847,0.03261308759251385
0.35,0.3,3.59,0.22900978435156435,1.1450489217578217,0.03271568347879491
0.35,0.3,3.6,0.22972567142309896,1.1486283571154947,0.03281795306044271
0.35,0.3,3.61,0.23043929565507387,1.1521964782753693,0.03291989937929627
0.35,0.3,3.62,0.2311506780105389,1.1557533900526944,0.033021525430076984
0.35,0.3,3.63,0.2318598391298328,1.1592991956491638,0.033122834161404685
0.35,0.3,3.64,0.2325667993375001,1.1628339966875005,0.033223828476785726
0.35,0.3,3.65,0.23327157864901726,1.1663578932450862,0.033324511235573895
0.35,0.3,3.66,0.23397419677733697,1.1698709838866848,0.03342488525390528
0.35,0.3,3.67,0.23467467313925378,1.1733733656962688,0.03352495330560768
0.35,0.3,3.68,0.23537302686160014,1.1768651343080005,0.033624718123085734
0.35,0.3,3.69,0.236069276787276,1.18034638393638,0.033724182398182284
0.35,0.3,3.7,0.23676344148111764,1.1838172074055882,0.03382334878301681
0.35,0.3,3.71,0.2374555392356124,1.187277696178062,0.033922219890801776
0.35,0.3,3.72,0.23814558807646272,1.1907279403823134,0.03402079829663753
0.35,0.3,3.73,0.23883360576800444,1.194168028840022,0.034119086538286346
0.35,0.3,3.74,0.23951960981848575,1.1975980490924287,0.03421708711692654
0.35,0.3,3.75,0.24020361748520805,1.20101808742604,0.03431480249788686
0.35,0.3,3.76,0.2408856457795364,1.204428228897682,0.03441223511136234
0.35,0.3,3.77,0.24156571147178074,1.2078285573589036,0.034509387353111536
0.35,0.3,3.78,0.24224383109595482,1.211219155479774,0.034606261585136404
0.35,0.3,3.79,0.24292002095441323,1.214600104772066,0.03470286013634475
0.35,0.3,3.8,0.24359429712237327,1.2179714856118662,0.03479918530319618
0.35,0.3,3.81,0.24426667545232347,1.2213333772616173,0.034895239350331925
0.35,0.3,3.82,0.24493717157832295,1.2246858578916147,0.034991024511188996
0.35,0.3,3.83,0.24560580092019418,1.2280290046009708,0.035086542988599166
0.35,0.3,3.84,0.2462725786876133,1.2313628934380665,0.03518179695537333
0.35,0.3,3.85,0.2469375198841004,1.234687599420502,0.035276788554871485
0.35,0.3,3.86,0.24760063931091297,1.2380031965545648,0.035371519901559
0.35,0.3,3.87,0.24826195157084474,1.2413097578542236,0.03546599308154925
0.35,0.3,3.88,0.24892147107193394,1.2446073553596697,0.03556021015313342
0.35,0.3,3.89,0.24957921203108283,1.247896060155414,0.035654173147297546
0.35,0.3,3.9,0.25023518847759113,1.2511759423879556,0.035747884068227306
0.35,0.3,3.91,0.2508894142566051,1.2544470712830254,0.03584134489380073
0.35,0.3,3.92,0.25154190303248736,1.2577095151624367,0.03593455757606962
0.35,0.3,3.93,0.25219266829210535,1.2609633414605266,0.036027524041729334
0.35,0.3,3.94,0.2528417233480456,1.264208616740228,0.03612024619257794
0.35,0.3,3.95,0.2534890813417523,1.2674454067087615,0.03621272590596462
0.35,0.3,3.96,0.2541347552465931,1.2706737762329656,0.036304965035227586
0.35,0.3,3.97,0.25477875787085646,1.2738937893542823,0.03639696541012235
0.35,0.3,3.98,0.2554211018606783,1.2771055093033914,0.036488728837239755
0.35,0.3,3.99,0.2560617997029041,1.2803089985145204,0.03658025710041487
0.35,0.3,4.0,0.25670086372788575,1.2835043186394286,0.036671551961126536
0.35,0.3,4.01,0.25733830611221503,1.286691530561075,0.03676261515888786
0.35,0.3,4.02,0.2579741388813969,1.2898706944069844,0.03685344841162813
0.35,0.3,4.03,0.25860837391246266,1.2930418695623132,0.036944053416066096
0.35,0.3,4.04,0.25924102293652534,1.2962051146826266,0.03703443184807505
0.35,0.3,4.05,0.2598720975412793,1.2993604877063964,0.037124585363039905
0.35,0.3,4.06,0.2605016091734443,1.3025080458672214,0.037214515596206324
0.35,0.3,4.07,0.2611295691411573,1.3056478457057865,0.037304224163022474
0.35,0.3,4.08,0.2617559886163108,1.3087799430815539,0.037393712659472965
0.35,0.3,4.09,0.26238087863684223,1.3119043931842111,0.03748298266240603
0.35,0.3,4.1,0.2630042501089734,1.3150212505448668,0.03757203572985334
0.35,0.3,4.11,0.26362611380940165,1.3181305690470082,0.037660873401343095
0.35,0.3,4.12,0.2642464803874451,1.3212324019372252,0.03774949719820644
0.35,0.3,4.13,0.2648653603671418,1.324326801835709,0.037837908623877405
0.35,0.3,4.14,0.26548276414930566,1.3274138207465283,0.037926109164186525
0.35,0.3,4.15,0.2660987020135376,1.3304935100676878,0.03801410028764823
0.35,0.3,4.16,0.2667131841201956,1.333565920600978,0.03810188344574223
0.35,0.3,4.17,0.267326220512324,1.33663110256162,0.038189460073189144
0.35,0.3,4.18,0.2679378211175424,1.3396891055877118,0.03827683158822034
0.35,0.3,4.19,0.2685479957498958,1.342739978749479,0.038363999392842255
0.35,0.3,4.2,0.2691567541116664,1.345783770558332,0.0384509648730952
0.35,0.3,4.21,0.26976410579514903,1.3488205289757451,0.038537729399307004
0.35,0.3,4.22,0.2703700602843904,1.351850301421952,0.03862429432634149
0.35,0.3,4.23,0.27097462695689206,1.3548731347844603,0.038710660993841725
0.35,0.3,4.24,0.27157781508528095,1.3578890754264046,0.03879683072646871
0.35,0.3,4.25,0.27217963383894433,1.3608981691947215,0.03888280483413491
0.35,0.3,4.26,0.27278009228563377,1.3639004614281687,0.038968584612233396
0.35,0.3,4.27,0.27337919939303656,1.3668959969651828,0.03905417134186236
0.35,0.3,4.28,0.273976964030316,1.36988482015158,0.03913956629004515
0.35,0.3,4.29,0.274573394969621,1.372866974848105,0.03922477070994586
0.35,0.3,4.3,0.27516850088756667,1.3758425044378333,0.039309785841080955
0.35,0.3,4.31,0.2757622903666858,1.378811451833429,0.03939461290952655
0.35,0.3,4.32,0.276354771896852,1.38177385948426,0.039479253128121714
0.35,0.3,4.33,0.27694595387667537,1.3847297693833767,0.03956370769666791
0.35,0.3,4.34,0.2775358446148707,1.3876792230743533,0.03964797780212438
0.35,0.3,4.35,0.2781244523316008,1.390622261658004,0.03973206461880012
0.35,0.3,4.36,0.2787117851597925,1.3935589257989625,0.03981596930854179
0.35,0.3,4.37,0.27929785114642824,1.396489255732141,0.03989969302091832
0.35,0.3,4.38,0.27988265825381387,1.3994132912690693,0.03998323689340198
0.35,0.3,4.39,0.2804662143608213,1.4023310718041064,0.0400666020515459
0.35,0.3,4.4,0.28104852726410884,1.4052426363205441,0.0401497896091584
0.35,0.3,4.41,0.28162960467931786,1.4081480233965893,0.04023280066847398
0.35,0.3,4.42,0.2822094542422475,1.4110472712112376,0.04031563632032108
0.35,0.3,4.43,0.2827880835100079,1.4139404175500394,0.04039829764428684
0.35,0.3,4.44,0.2833654999621516,1.416827499810758,0.0404807857088788
0.35,0.3,4.45,0.2839417110017838,1.4197085550089188,0.0405631015716834
0.35,0.3,4.46,0.2845167239566535,1.4225836197832675,0.04064524627952193
0.35,0.3,4.47,0.2850905460802236,1.425452730401118,0.04072722086860337
0.35,0.3,4.48,0.28566318455272144,1.428315922763607,0.04080902636467449
0.35,0.3,4.49,0.28623464648217156,1.4311732324108577,0.040890663783167365
0.35,0.3,4.5,0.28680493890540826,1.4340246945270412,0.040972134129344036
0.35,0.3,4.51,0.2873740687890707,1.4368703439453534,0.04105343839843867
0.35,0.3,4.52,0.28794204303058096,1.4397102151529046,0.04113457757579728
0.35,0.3,4.53,0.28850886845910295,1.4425443422955146,0.04121555263701471
0.35,0.3,4.54,0.28907455183648534,1.4453727591824266,0.041296364548069335
0.35,0.3,4.55,0.28963909985818814,1.4481954992909407,0.041377014265455446
0.35,0.3,4.56,0.2902025191541923,1.4510125957709614,0.04145750273631319
0.35,0.3,4.57,0.29076481628989337,1.4538240814494667,0.04153783089855619
0.35,0.3,4.58,0.29132599776697904,1.456629988834895,0.041617999680997005
0.35,0.3,4.59,0.29188607002429384,1.4594303501214692,0.04169801000347055
0.35,0.3,4.6,0.2924450394386847,1.4622251971934235,0.04177786277695496
0.35,0.3,4.61,0.2930029123258365,1.4650145616291823,0.041857558903690924
0.35,0.3,4.62,0.29355969494108897,1.4677984747054447,0.041937099277298426
0.35,0.3,4.63,0.29411539348024296,1.4705769674012148,0.04201648478289185
0.35,0.3,4.64,0.29467001408035076,1.4733500704017537,0.04209571629719296
0.35,0.3,4.65,0.29522356282049417,1.4761178141024707,0.04217479468864203
0.35,0.3,4.66,0.2957760457225487,1.4788802286127434,0.04225372081750695
0.35,0.3,4.67,0.29632746875193483,1.4816373437596742,0.04233249553599069
0.35,0.3,4.68,0.29687783781835797,1.4843891890917897,0.04241111968833685
0.35,0.3,4.69,0.29742715877653353,1.4871357938826675,0.04248959411093336
0.35,0.3,4.7,0.2979754374269022,1.489877187134511,0.042567919632414596
0.35,0.3,4.71,0.29852267951633205,1.4926133975816602,0.04264609707376172
0.35,0.3,4.72,0.2990688907388097,1.4953444536940486,0.04272412724840139
0.35,0.3,4.73,0.29961407673611895,1.4980703836805946,0.042802010962302704
0.35,0.3,4.74,0.30015824309851025,1.5007912154925511,0.04287974901407289
0.35,0.3,4.75,0.30070139536535645,1.5035069768267821,0.04295734219505092
0.35,0.3,4.76,0.3012435390258004,1.506217695129002,0.04303479128940006
0.35,0.3,4.77,0.30178467951939086,1.5089233975969543,0.0431120970741987
0.35,0.3,4.78,0.30232482223670726,1.5116241111835362,0.04318926031952961
0.35,0.3,4.79,0.3028639725199765,1.5143198625998824,0.04326628178856807
0.35,0.3,4.8,0.30340213566367746,1.5170106783183872,0.04334316223766821
0.35,0.3,4.81,0.30393931691513776,1.5196965845756887,0.043419902416448254
0.35,0.3,4.82,0.3044755214751197,1.5223776073755984,0.04349650306787424
0.35,0.3,4.83,0.3050107544983973,1.5250537724919866,0.04357296492834247
0.35,0.3,4.84,0.3055450210943244,1.5277251054716219,0.04364928872776063
0.35,0.3,4.85,0.3060783263273934,1.530391631636967,0.043725475189627626
0.35,0.3,4.86,0.3066106752177852,1.5330533760889258,0.04380152503111217
0.35,0.3,4.87,0.3071420727419107,1.5357103637095533,0.0438774389631301
0.35,0.3,4.88,0.3076725238329442,1.5383626191647208,0.0439532176904206
0.35,0.3,4.89,0.30820203338134716,1.5410101669067358,0.044028861911621024
0.35,0.3,4.9,0.3087306062353854,1.543653031176927,0.04410437231934077
0.35,0.3,4.91,0.30925824720163747,1.5462912360081873,0.04417974960023392
0.35,0.3,4.92,0.3097849610454947,1.5489248052274733,0.04425499443507067
0.35,0.3,4.93,0.3103107524916549,1.5515537624582745,0.04433010749880784
0.35,0.3,4.94,0.3108356262246072,1.5541781311230358,0.04440508946065817
0.35,0.3,4.95,0.3113595868891098,1.556797934445549,0.04447994098415854
0.35,0.3,4.96,0.3118826390906617,1.5594131954533086,0.04455466272723739
0.35,0.3,4.97,0.31240478739596456,1.5620239369798228,0.04462925534228065
0.35,0.3,4.98,0.31292603633338045,1.5646301816669022,0.04470371947619721
0.35,0.3,4.99,0.3134463903933811,1.5672319519669056,0.044778055770483015
0.35,0.3,5.0,0.31396585402899063,1.569829270144953,0.04485226486128437
0.5,0.1,2.5,0.40983487463465756,2.0491743731732877,0.05854783923352251
0.5,0.1,2.51,0.41385597630463083,2.069279881523154,0.05912228232923298
0.5,0.1,2.52,0.4178362202157731,2.0891811010788652,0.0596908886022533
0.5,0.1,2.53,0.42177676587293167,2.1088838293646583,0.060253823696133094
0.5,0.1,2.54,0.4256787185145393,2.1283935925726962,0.060811245502077046
0.5,0.1,2.55,0.42954313260971444,2.147715663048572,0.06136330465853063
0.5,0.1,2.56,0.4333710150706669,2.166855075353334,0.06191014501009527
0.5,0.1,2.57,0.43716332820824266,2.185816641041213,0.06245190402974895
0.5,0.1,2.58,0.4409209924552776,2.2046049622763877,0.0629887132078968
0.5,0.1,2.59,0.4446448888796747,2.2232244443983733,0.0635206984113821
0.5,0.1,2.6,0.44833586150672877,2.241679307533644,0.06404798021524696
0.5,0.1,2.61,0.4519947194680971,2.2599735973404855,0.06457067420972816
0.5,0.1,2.62,0.45562223899299004,2.27811119496495,0.06508889128471286
0.5,0.1,2.63,0.4592191652555019,2.2960958262775093,0.06560273789364313
0.5,0.1,2.64,0.4627862140906079,2.313931070453039,0.06611231629865827
0.5,0.1,2.65,0.46632407359004724,2.331620367950236,0.06661772479857818
0.5,0.1,2.66,0.4698334055882282,2.349167027941141,0.06711905794117547
0.5,0.1,2.67,0.4733148470472697,2.3665742352363486,0.06761640672103854
0.5,0.1,2.68,0.4767690113494387,2.3838450567471936,0.06810985876420553
0.5,0.1,2.69,0.48019648950443067,2.400982447522153,0.06859949850063295
0.5,0.1,2.7,0.48359785127826216,2.417989256391311,0.06908540732546602
0.5,0.1,2.71,0.486973646249907,2.434868231249535,0.06956766374998671
0.5,0.1,2.72,0.49032440480125283,2.451622024006264,0.07004634354303611
0.5,0.1,2.73,0.49365063904544754,2.4682531952272377,0.07052151986363536
0.5,0.1,2.74,0.4969528436982666,2.4847642184913328,0.07099326338546666
0.5,0.1,2.75,0.5002314968967136,2.501157484483568,0.07146164241381624
0.5,0.1,2.76,0.503487060968714,2.51743530484357,0.07192672299553057
0.5,0.1,2.77,0.5067199831574226,2.533599915787113,0.07238856902248894
0.5,0.1,2.78,0.5099306963033783,2.5496534815168914,0.07284724232905404
0.5,0.1,2.79,0.5131196194874686,2.565598097437343,0.07330280278392409
0.5,0.1,2.8,0.5162871586374187,2.5814357931870933,0.0737553083767741
0.5,0.1,2.81,0.5194337071003028,2.5971685355015137,0.07420481530004326
0.5,0.1,2.82,0.5225596461833847,2.612798230916923,0.07465137802619781
0.5,0.1,2.83,0.5256653456653924,2.628326728326962,0.07509504938077034
0.5,0.1,2.84,0.5287511642801879,2.6437558214009393,0.07553588061145541
0.5,0.1,2.85,0.5318174501746304,2.659087250873152,0.07597392145351864
0.5,0.1,2.86,0.5348645413422952,2.674322706711476,0.07640922019175646
0.5,0.1,2.87,0.5378927660345897,2.689463830172948,0.0768418237192271
0.5,0.1,2.88,0.5409024431506881,2.7045122157534407,0.07727177759295545
0.5,0.1,2.89,0.5438938826076058,2.7194694130380292,0.07769912608680084
0.5,0.1,2.9,0.5468673856916366,2.734336928458183,0.07812391224166237
0.5,0.1,2.91,0.5498232453922838,2.749116226961419,0.0785461779131834
0.5,0.1,2.92,0.5527617467197485,2.7638087335987427,0.07896596381710694
0.5,0.1,2.93,0.555683167006943,2.7784158350347146,0.07938330957242043
0.5,0.1,2.94,0.5585877761969519,2.7929388809847593,0.0797982537424217
0.5,0.1,2.95,0.561475837116783,2.8073791855839145,0.08021083387382613
0.5,0.1,2.96,0.5643476057382029,2.8217380286910143,0.08062108653402898
0.5,0.1,2.97,0.5672033314263898,2.8360166571319487,0.08102904734662711
0.5,0.1,2.98,0.5700432571771005,2.850216285885502,0.08143475102530007
0.5,0.1,2.99,0.5728676198429831,2.864338099214915,0.08183823140614044
0.5,0.1,3.0,0.575676650349647,2.8783832517482346,0.082239521478521
0.5,0.1,3.01,0.5784705739020441,2.8923528695102205,0.08263865341457774
0.5,0.1,3.02,0.5812496101816907,2.9062480509084536,0.08303565859738439
0.5,0.1,3.03,0.5840139735352218,2.9200698676761085,0.08343056764788882
0.5,0.1,3.04,0.5867638731547394,2.933819365773697,0.08382341045067707
0.5,0.1,3.05,0.5894995132503844,2.947497566251922,0.08421421617862634
0.5,0.1,3.06,0.592221093215546,2.9611054660777296,0.08460301331650656
0.5,0.1,3.07,0.5949288077850753,2.9746440389253763,0.08498982968358218
0.5,0.1,3.08,0.5976228471868812,2.9881142359344057,0.08537469245526874
0.5,0.1,3.09,0.6003033972872239,3.0015169864361195,0.08575762818388913
0.5,0.1,3.1,0.6029706397300393,3.0148531986501963,0.08613866281857704
0.5,0.1,3.11,0.60562475207058,3.0281237603528997,0.08651782172436857
0.5,0.1,3.12,0.6082659079036652,3.0413295395183257,0.0868951297005236
0.5,0.1,3.13,0.6108942769867898,3.0544713849339487,0.08727061099811283
0.5,0.1,3.14,0.6135100253583559,3.067550126791779,0.08764428933690797
0.5,0.1,3.15,0.61611331545125,3.08056657725625,0.08801618792160715
0.5,0.1,3.16,0.6187043062019962,3.093521531009981,0.08838632945742804
0.5,0.1,3.17,0.6212831531556882,3.106415765778441,0.08875473616509831
0.5,0.1,3.18,0.6238500085669018,3.1192500428345085,0.08912142979527168
0.5,0.1,3.19,0.6264050214967744,3.1320251074838716,0.08948643164239634
0.5,0.1,3.2,0.6289483379064248,3.1447416895321236,0.08984976255806068
0.5,0.1,3.21,0.6314801007468855,3.1574005037344275,0.09021144296384079
0.5,0.1,3.22,0.6340004500457022,3.1700022502285106,0.09057149286367173
0.5,0.1,3.23,0.6365095229903489,3.182547614951744,0.09092993185576413
0.5,0.1,3.24,0.6390074540086059,3.1950372700430294,0.09128677914408656
0.5,0.1,3.25,0.6414943748460304,3.2074718742301522,0.09164205354943292
0.5,0.1,3.26,0.6439704146406491,3.219852073203245,0.09199577352009272
0.5,0.1,3.27,0.6464356999949907,3.2321784999749537,0.09234795714214153
0.5,0.1,3.28,0.6488903550455802,3.244451775227901,0.09269862214936861
0.5,0.1,3.29,0.6513345015299964,3.2566725076499816,0.09304778593285663
0.5,0.1,3.3,0.6537682588515981,3.26884129425799,0.09339546555022829
0.5,0.1,3.31,0.6561917441420213,3.2809587207101063,0.09374167773457447
0.5,0.1,3.32,0.6586050723215343,3.2930253616076715,0.09408643890307633
0.5,0.1,3.33,0.6610083561573462,3.305041780786731,0.09442976516533517
0.5,0.1,3.34,0.6634017063199475,3.3170085315997375,0.09477167233142107
0.5,0.1,3.35,0.665785231437568,3.3289261571878397,0.09511217591965257
0.5,0.1,3.36,0.6681590381488224,3.3407951907441116,0.09545129116411748
0.5,0.1,3.37,0.6705232311536269,3.352616155768134,0.0957890330219467
0.5,0.1,3.38,0.6728779132624435,3.364389566312217,0.09612541618034907
0.5,0.1,3.39,0.675223185443928,3.3761159272196397,0.09646045506341829
0.5,0.1,3.4,0.6775591468710408,3.387795734355204,0.09679416383872011
0.5,0.1,3.41,0.6798858949656804,3.399429474828402,0.09712655642366863
0.5,0.1,3.42,0.6822035254418988,3.411017627209494,0.09745764649169983
0.5,0.1,3.43,0.6845121323477523,3.4225606617387614,0.09778744747825033
0.5,0.1,3.44,0.6868118081058396,3.434059040529198,0.09811597258654851
0.5,0.1,3.45,0.6891026435525797,3.445513217762898,0.09844323479322567
0.5,0.1,3.46,0.6913847279762734,3.4569236398813667,0.09876924685375334
0.5,0.1,3.47,0.6936581491539978,3.468290745769989,0.09909402130771397
0.5,0.1,3.48,0.6959229933873752,3.4796149669368757,0.09941757048391074
0.5,0.1,3.49,0.6981793455372585,3.4908967276862923,0.09973990650532263
0.5,0.1,3.5,0.7004272890573724,3.5021364452868617,0.10006104129391034
0.5,0.1,3.51,0.7026669060269519,3.5133345301347596,0.10038098657527884
0.5,0.1,3.52,0.7048982771824082,3.524491385912041,0.10069975388320117
0.5,0.1,3.53,0.707121481948063,3.5356074097403147,0.101017354564009
0.5,0.1,3.54,0.7093365984659834,3.546682992329917,0.10133379978085477
0.5,0.1,3.55,0.7115437036249451,3.5577185181247253,0.1016491005178493
0.5,0.1,3.56,0.7137428730885615,3.5687143654428075,0.10196326758408022
0.5,0.1,3.57,0.7159341813226014,3.579670906613007,0.10227631161751449
0.5,0.1,3.58,0.7181177016215299,3.590588508107649,0.10258824308878998
0.5,0.1,3.59,0.7202935061342937,3.601467530671468,0.1028990723048991
0.5,0.1,3.6,0.7224616658893812,3.612308329446906,0.10320880941276875
0.5,0.1,3.61,0.7246222508191802,3.623111254095901,0.10351746440274003
0.5,0.1,3.62,0.7267753297836561,3.6338766489182803,0.10382504711195087
0.5,0.1,3.63,0.7289209705933778,3.644604852966889,0.1041315672276254
0.5,0.1,3.64,0.7310592400319079,3.6552962001595395,0.10443703429027255
0.5,0.1,3.65,0.7331902038775816,3.665951019387908,0.10474145769679737
0.5,0.1,3.66,0.7353139269246953,3.6765696346234766,0.1050448467035279
0.5,0.1,3.67,0.7374304730041203,3.6871523650206015,0.10534721042916005
0.5,0.1,3.68,0.739539905003368,3.69769952501684,0.10564855785762399
0.5,0.1,3.69,0.7416422848861135,3.7082114244305675,0.10594889784087336
0.5,0.1,3.7,0.7437376737112075,3.718688368556037,0.10624823910160107
0.5,0.1,3.71,0.7458261316511829,3.7291306582559147,0.10654659023588328
0.5,0.1,3.72,0.747907718010278,3.73953859005139,0.106843959715754
0.5,0.1,3.73,0.7499824912419898,3.7499124562099486,0.10714035589171282
0.5,0.1,3.74,0.7520505089661728,3.7602525448308635,0.10743578699516754
0.5,0.1,3.75,0.7541118279856965,3.7705591399284826,0.10773026114081379
0.5,0.1,3.76,0.7561665043026794,3.7808325215133967,0.1080237863289542
0.5,0.1,3.77,0.7582145931343028,3.791072965671514,0.10831637044775755
0.5,0.1,3.78,0.7602561489282333,3.8012807446411667,0.1086080212754619
0.5,0.1,3.79,0.7622912253776488,3.811456126888244,0.10889874648252126
0.5,0.1,3.8,0.764319875435895,3.8215993771794747,0.10918855363369928
0.5,0.1,3.81,0.7663421513307704,3.831710756653852,0.10947745019011006
0.5,0.1,3.82,0.7683581045784641,3.84179052289232,0.10976544351120916
0.5,0.1,3.83,0.770367785997146,3.8518389299857296,0.11005254085673513
0.5,0.1,3.84,0.7723712457202253,3.8618562286011264,0.11033874938860362
0.5,0.1,3.85,0.7743685332092877,3.871842666046438,0.11062407617275538
0.5,0.1,3.86,0.7763596972667167,3.8817984863335835,0.11090852818095953
0.5,0.1,3.87,0.7783447860480128,3.891723930240064,0.11119211229257327
0.5,0.1,3.88,0.7803238470738172,3.9016192353690857,0.1114748352962596
0.5,0.1,3.89,0.7822969272416473,3.9114846362082365,0.11175670389166391
0.5,0.1,3.9,0.7842640728373553,3.9213203641867764,0.11203772469105076
0.5,0.1,3.91,0.7862253295463183,3.9311266477315914,0.11231790422090261
0.5,0.1,3.92,0.7881807424643616,3.9409037123218082,0.11259724892348023
0.5,0.1,3.93,0.7901303561084315,3.9506517805421573,0.11287576515834737
0.5,0.1,3.94,0.7920742144270166,3.960371072135083,0.11315345920385952
0.5,0.1,3.95,0.7940123608103319,3.9700618040516593,0.11343033725861884
0.5,0.1,3.96,0.7959448381002654,3.9797241905013268,0.11370640544289505
0.5,0.1,3.97,0.7978716886001008,3.989358443000504,0.11398166980001441
0.5,0.1,3.98,0.7997929540840162,3.9989647704200806,0.1142561362977166
0.5,0.1,3.99,0.8017086758063687,4.008543379031844,0.11452981082948124
0.5,0.1,4.0,0.8036188945107717,4.018094472553859,0.11480269921582453
0.5,0.1,4.01,0.8055236504389667,4.027618252194833,0.11507480720556666
0.5,0.1,4.02,0.8074229833394969,4.037114916697484,0.115346140477071
0.5,0.1,4.03,0.8093169324761925,4.046584662380963,0.11561670463945607
0.5,0.1,4.04,0.8112055366364617,4.056027683182308,0.11588650523378023
0.5,0.1,4.05,0.8130888341394087,4.0654441706970434,0.11615554773420124
0.5,0.1,4.06,0.8149668628437646,4.074834314218823,0.11642383754910923
0.5,0.1,4.07,0.8168396601556547,4.084198300778273,0.11669138002223638
0.5,0.1,4.08,0.8187072630361902,4.093536315180951,0.11695818043374147
0.5,0.1,4.09,0.8205697080089016,4.102848540044508,0.11722424400127165
0.5,0.1,4.1,0.8224270311670108,4.112135155835054,0.11748957588100153
0.5,0.1,4.11,0.8242792681805488,4.121396340902743,0.11775418116864982
0.5,0.1,4.12,0.8261264543033192,4.130632271516596,0.11801806490047417
0.5,0.1,4.13,0.8279686243797205,4.139843121898602,0.11828123205424579
0.5,0.1,4.14,0.829805812851419,4.149029064257094,0.11854368755020271
0.5,0.1,4.15,0.8316380537638857,4.158190268819428,0.11880543625198367
0.5,0.1,4.16,0.8334653807727954,4.167326903863977,0.1190664829675422
0.5,0.1,4.17,0.8352878271502931,4.176439135751465,0.11932683245004187
0.5,0.1,4.18,0.8371054257911339,4.185527128955669,0.11958648939873341
0.5,0.1,4.19,0.8389182092186901,4.19459104609345,0.11984545845981287
0.5,0.1,4.2,0.8407262095908441,4.20363104795422,0.12010374422726344
0.5,0.1,4.21,0.8425294587057527,4.2126472935287635,0.12036135124367896
0.5,0.1,4.22,0.8443279880075032,4.221639940037516,0.12061828400107188
0.5,0.1,4.23,0.8461218285916479,4.230609142958239,0.12087454694166398
0.5,0.1,4.24,0.8479110112106307,4.239555056053153,0.12113014445866153
0.5,0.1,4.25,0.849695566279106,4.24847783139553,0.12138508089701515
0.5,0.1,4.26,0.8514755238791506,4.257377619395752,0.12163936055416437
0.5,0.1,4.27,0.8532509137653725,4.266254568826862,0.1218929876807675
0.5,0.1,4.28,0.8550217653699176,4.275108826849587,0.1221459664814168
0.5,0.1,4.29,0.8567881078073809,4.283940539036904,0.12239830111534013
0.5,0.1,4.3,0.8585499698796197,4.292749849398098,0.12264999569708854
0.5,0.1,4.31,0.8603073800804726,4.301536900402363,0.12290105429721036
0.5,0.1,4.32,0.8620603666003887,4.310301833001943,0.12315148094291266
0.5,0.1,4.33,0.863808957330967,4.3190447866548345,0.12340127961870957
0.5,0.1,4.34,0.8655531798694056,4.327765899347027,0.12365045426705794
0.5,0.1,4.35,0.8672930615228731,4.3364653076143655,0.12389900878898187
0.5,0.1,4.36,0.8690286293127868,4.345143146563934,0.12414694704468383
0.5,0.1,4.37,0.870759909979018,4.35379954989509,0.12439427285414542
0.5,0.1,4.38,0.8724869299840141,4.36243464992007,0.1246409899977163
0.5,0.1,4.39,0.8742097155168422,4.371048577584211,0.12488710221669175
0.5,0.1,4.4,0.8759282924971619,4.379641462485809,0.12513261321388028
0.5,0.1,4.41,0.8776426865791156,4.3882134328955775,0.12537752665415938
0.5,0.1,4.42,0.8793529231551563,4.396764615775782,0.12562184616502234
0.5,0.1,4.43,0.8810590273597977,4.405295136798988,0.12586557533711396
0.5,0.1,4.44,0.8827610240732957,4.4138051203664785,0.12610871772475654
0.5,0.1,4.45,0.8844589379252671,4.4222946896263355,0.12635127684646671
0.5,0.1,4.46,0.8861527932982369,4.430763966491185,0.1265932561854624
0.5,0.1,4.47,0.8878426143311227,4.439213071655613,0.12683465919016038
0.5,0.1,4.48,0.8895284249226585,4.447642124613292,0.1270754892746655
0.5,0.1,4.49,0.8912102487347524,4.456051243673762,0.12731574981925034
0.5,0.1,4.5,0.8928881091957874,4.4644405459789365,0.1275554441708268
0.5,0.1,4.51,0.8945620295038612,4.472810147519306,0.12779457564340874
0.5,0.1,4.52,0.8962320326299685,4.481160163149842,0.12803314751856693
0.5,0.1,4.53,0.8978981413211283,4.4894907066056415,0.12827116304587546
0.5,0.1,4.54,0.8995603781034525,4.497801890517262,0.12850862544335034
0.5,0.1,4.55,0.9012187652851646,4.506093826425823,0.12874553789788065
0.5,0.1,4.56,0.9028733249595627,4.514366624797813,0.1289819035656518
0.5,0.1,4.57,0.9045240790079306,4.522620395039653,0.12921772557256153
0.5,0.1,4.58,0.9061710491023995,4.530855245511997,0.1294530070146285
0.5,0.1,4.59,0.9078142567087593,4.539071283543796,0.1296877509583942
0.5,0.1,4.6,0.9094537230892227,4.5472686154461135,0.1299219604413175
0.5,0.1,4.61,0.9110894693051376,4.555447346525687,0.13015563847216252
0.5,0.1,4.62,0.9127215162196586,4.563607581098292,0.1303887880313798
0.5,0.1,4.63,0.9143498845003692,4.571749422501846,0.1306214120714813
0.5,0.1,4.64,0.9159745946218604,4.5798729731093015,0.13085351351740862
0.5,0.1,4.65,0.9175956668682654,4.587978334341327,0.13108509526689507
0.5,0.1,4.66,0.9192131213357504,4.596065606678752,0.13131616019082148
0.5,0.1,4.67,0.9208269779349676,4.604134889674838,0.1315467111335668
0.5,0.1,4.68,0.9224372563934611,4.612186281967305,0.1317767509133516
0.5,0.1,4.69,0.9240439762580381,4.620219881290191,0.13200628232257688
0.5,0.1,4.7,0.9256471568970958,4.6282357844854785,0.13223530812815654
0.5,0.1,4.71,0.927246817502914,4.63623408751457,0.13246383107184487
0.5,0.1,4.72,0.9288429770939075,4.6442148854695375,0.1326918538705582
0.5,0.1,4.73,0.9304356545168423,4.652178272584211,0.13291937921669175
0.5,0.1,4.74,0.9320248684490132,4.660124342245066,0.13314640977843045
0.5,0.1,4.75,0.9336106374003912,4.668053187001956,0.13337294820005588
0.5,0.1,4.76,0.9351929797157289,4.675964898578644,0.13359899710224699
0.5,0.1,4.77,0.9367719135766374,4.683859567883187,0.13382455908237675
0.5,0.1,4.78,0.9383474570036276,4.691737285018138,0.13404963671480394
0.5,0.1,4.79,0.9399196278581177,4.699598139290588,0.13427423255115967
0.5,0.1,4.8,0.9414884438444098,4.707442219222049,0.13449834912062997
0.5,0.1,4.81,0.9430539225116356,4.715269612558178,0.13472198893023365
0.5,0.1,4.82,0.9446160812556684,4.723080406278342,0.1349451544650955
0.5,0.1,4.83,0.9461749373210074,4.730874686605037,0.13516784818871536
0.5,0.1,4.84,0.9477305078026315,4.738652539013157,0.13539007254323307
0.5,0.1,4.85,0.9492828096478224,4.746414048239112,0.13561182994968893
0.5,0.1,4.86,0.9508318596579627,4.754159298289813,0.1358331228082804
0.5,0.1,4.87,0.9523776744902999,4.761888372451499,0.13605395349861427
0.5,0.1,4.88,0.95392027065969,4.76960135329845,0.1362743243799557
0.5,0.1,4.89,0.9554596645403091,4.777298322701545,0.1364942377914727
0.5,0.1,4.9,0.9569958723673395,4.784979361836697,0.13671369605247707
0.5,0.1,4.91,0.95852891023863,4.79264455119315,0.13693270146266143
0.5,0.1,4.92,0.9600587941163331,4.800293970581666,0.1371512563023333
0.5,0.1,4.93,0.9615855398285117,4.807927699142558,0.13736936283264453
0.5,0.1,4.94,0.9631091630707269,4.815545815353635,0.13758702329581812
0.5,0.1,4.95,0.9646296794075978,4.823148397037989,0.1378042399153711
0.5,0.1,4.96,0.9661471042743401,4.8307355213717,0.1380210148963343
0.5,0.1,4.97,0.96766145297828,4.8383072648914,0.13823735042546856
0.5,0.1,4.98,0.9691727407003446,4.845863703501723,0.13845324867147782
0.5,0.1,4.99,0.9706809824965337,4.853404912482668,0.13866871178521908
0.5,0.1,5.0,0.9721861932993633,4.8609309664968166,0.13888374189990904
0.5,0.2,2.5,0.28424204060996383,1.421210203049819,0.04060600580142341
0.5,0.2,2.51,0.2870512197591724,1.435256098795862,0.0410073171084532
0.5,0.2,2.52,0.2898324361906957,1.4491621809534785,0.04140463374152796
0.5,0.2,2.53,0.2925864877796646,1.462932438898323,0.04179806968280923
0.5,0.2,2.54,0.29531413499200676,1.4765706749600338,0.04218773357028668
0.5,0.2,2.55,0.2980161032969484,1.490080516484742,0.042573729042421196
0.5,0.2,2.56,0.3006930853830439,1.5034654269152194,0.04295615505472056
0.5,0.2,2.57,0.3033457431969422,1.516728715984711,0.04333510617099174
0.5,0.2,2.58,0.30597470982192126,1.5298735491096063,0.04371067283170304
0.5,0.2,2.59,0.30858059121132075,1.5429029560566037,0.04408294160161725
0.5,0.2,2.6,0.31116396779034333,1.5558198389517166,0.04445199539862048
0.5,0.2,2.61,0.3137253959382385,1.5686269796911925,0.04481791370546264
0.5,0.2,2.62,0.3162654093616109,1.5813270468080545,0.04518077276594441
0.5,0.2,2.63,0.3187845203684741,1.5939226018423704,0.04554064576692487
0.5,0.2,2.64,0.32128322105167995,1.6064161052583996,0.045897603007382846
0.5,0.2,2.65,0.3237619843894766,1.618809921947383,0.046251712055639514
0.5,0.2,2.66,0.3262212652701882,1.6311063263509409,0.04660303789574117
0.5,0.2,2.67,0.32866150144730716,1.6433075072365357,0.046951643063901025
0.5,0.2,2.68,0.33108311443069666,1.6554155721534831,0.04729758777581381
0.5,0.2,2.69,0.33348651031904475,1.6674325515952237,0.047640930045577824
0.5,0.2,2.7,0.3358720805782426,1.6793604028912128,0.0479817257968918
0.5,0.2,2.71,0.33824020276991285,1.6912010138495641,0.048320028967130405
0.5,0.2,2.72,0.3405912412339452,1.7029562061697259,0.04865589160484931
0.5,0.2,2.73,0.34292554772852674,1.7146277386426336,0.048989363961218106
0.5,0.2,2.74,0.3452434620308739,1.7262173101543694,0.04932049457583913
0.5,0.2,2.75,0.3475453125015623,1.7377265625078113,0.04964933035736604
0.5,0.2,2.76,0.3498314166151235,1.7491570830756176,0.04997591665930336
0.5,0.2,2.77,0.3521020814593393,1.7605104072966964,0.050300297351334185
0.5,0.2,2.78,0.35435760420545964,1.771788021027298,0.05062251488649423
0.5,0.2,2.79,0.35659827255139276,1.7829913627569638,0.05094261036448468
0.5,0.2,2.8,0.3588243651397346,1.7941218256986728,0.05126062359139066
0.5,0.2,2.81,0.3610361519523712,1.8051807597618559,0.05157659313605303
0.5,0.2,2.82,0.3632338946832328,1.816169473416164,0.05189055638331897
0.5,0.2,2.83,0.36541784709066233,1.8270892354533115,0.05220254958438033
0.5,0.2,2.84,0.3675882553307457,1.8379412766537284,0.05251260790439224
0.5,0.2,2.85,0.3697453582728459,1.8487267913642293,0.052820765467549415
0.5,0.2,2.86,0.3718893877984876,1.859446938992438,0.05312705539978395
0.5,0.2,2.87,0.3740205690846571,1.8701028454232853,0.053431509869236726
0.5,0.2,2.88,0.376139120872493,1.880695604362465,0.05373416012464186
0.5,0.2,2.89,0.37824525572228784,1.891226278611439,0.054035036531755405
0.5,0.2,2.9,0.3803391802556358,1.901695901278179,0.05433416860794797
0.5,0.2,2.91,0.38242109538551067,1.9121054769275532,0.05463158505507295
0.5,0.2,2.92,0.3844911965350077,1.9224559826750383,0.05492731379071538
0.5,0.2,2.93,0.38654967384541566,1.9327483692270782,0.055221381977916525
0.5,0.2,2.94,0.388596712374257,1.942983561871285,0.05551381605346529
0.5,0.2,2.95,0.39063249228387387,1.9531624614193692,0.055804641754839124
0.5,0.2,2.96,0.39265718902111313,1.9632859451055655,0.0560938841458733
0.5,0.2,2.97,0.3946709734886109,1.9733548674430545,0.05638156764123013
0.5,0.2,2.98,0.39667401220815923,1.983370061040796,0.05666771602973703
0.5,0.2,2.99,0.3986664674765921,1.9933323373829606,0.05695235249665602
0.5,0.2,3.0,0.40064849751460896,2.003242487573045,0.057235499644944135
0.5,0.2,3.01,0.40262025660892037,2.013101283044602,0.057517179515560055
0.5,0.2,3.02,0.4045818952480818,2.0229094762404087,0.05779741360686883
0.5,0.2,3.03,0.40653356025234944,2.032667801261747,0.058076222893192773
0.5,0.2,3.04,0.408475394897885,2.0423769744894247,0.058353627842554996
0.5,0.2,3.05,0.41040753903559574,2.0520376951779786,0.058629648433656534
0.5,0.2,3.06,0.41233012920490403,2.06165064602452,0.05890430417212915
0.5,0.2,3.07,0.4142432987426941,2.0712164937134703,0.05917761410609916
0.5,0.2,3.08,0.4161471778876967,2.080735889438483,0.059449596841099524
0.5,0.2,3.09,0.4180418938805327,2.090209469402663,0.05972027055436181
0.5,0.2,3.1,0.41992757105964057,2.099637855298203,0.059989653008520084
0.5,0.2,3.11,0.421804330953292,2.10902165476646,0.060257761564756
0.5,0.2,3.12,0.4236722923678852,2.1183614618394255,0.06052461319541217
0.5,0.2,3.13,0.4255315714727033,2.1276578573635163,0.06079022449610048
0.5,0.2,3.14,0.42738228188130645,2.1369114094065322,0.061054611697329494
0.5,0.2,3.15,0.42922453472971944,2.146122673648597,0.06131779067567421
0.5,0.2,3.16,0.4310584387515705,2.1552921937578526,0.06157977696451007
0.5,0.2,3.17,0.43288410035032177,2.1644205017516085,0.06184058576433168
0.5,0.2,3.18,0.4347016236687297,2.1735081183436487,0.06210023195267567
0.5,0.2,3.19,0.4365111106556656,2.182555553278328,0.06235873009366651
0.5,0.2,3.2,0.43831266113041434,2.1915633056520716,0.06261609444720205
0.5,0.2,3.21,0.44010637284457027,2.2005318642228513,0.06287233897779575
0.5,0.2,3.22,0.4418923415416364,2.209461707708182,0.06312747736309092
0.5,0.2,3.23,0.4436706610144338,2.218353305072169,0.06338152300206197
0.5,0.2,3.24,0.4454414231604123,2.227207115802061,0.06363448902291605
0.5,0.2,3.25,0.4472047180349638,2.236023590174819,0.06388638829070911
0.5,0.2,3.26,0.44896063390281893,2.2448031695140944,0.06413723341468842
0.5,0.2,3.27,0.4507092572876148,2.2535462864380738,0.06438703675537354
0.5,0.2,3.28,0.4524506730197092,2.262253365098546,0.06463581043138703
0.5,0.2,3.29,0.454184964282321,2.270924821411605,0.06488356632604586
0.5,0.2,3.3,0.45591221265606335,2.2795610632803167,0.06513031609372334
0.5,0.2,3.31,0.45763249816194135,2.2881624908097065,0.06537607116599162
0.5,0.2,3.32,0.45934589930287356,2.296729496514368,0.06562084275755337
0.5,0.2,3.33,0.46105249310380647,2.305262465519032,0.06586464187197236
0.5,0.2,3.34,0.4627523551504715,2.3137617757523574,0.06610747930721021
0.5,0.2,3.35,0.4644455596268455,2.3222277981342274,0.06634936566097793
0.5,0.2,3.36,0.4661321793513663,2.3306608967568314,0.06659031133590947
0.5,0.2,3.37,0.4678122858119518,2.339061429059759,0.06683032654456454
0.5,0.2,3.38,0.46948594919987385,2.347429745999369,0.0670694213142677
0.5,0.2,3.39,0.47115323844252893,2.3557661922126445,0.06730760549178985
0.5,0.2,3.4,0.47281422123515093,2.3640711061757544,0.0675448887478787
0.5,0.2,3.41,0.4744689640715079,2.3723448203575392,0.06778128058164398
0.5,0.2,3.42,0.47611753227362175,2.3805876613681085,0.06801679032480311
0.5,0.2,3.43,0.47775999002054814,2.3887999501027406,0.06825142714579259
0.5,0.2,3.44,0.4793964003762531,2.3969820018812653,0.06848520005375044
0.5,0.2,3.45,0.48102682531662044,2.405134126583102,0.06871811790237435
0.5,0.2,3.46,0.4826513257556256,2.413256628778128,0.0689501893936608
0.5,0.2,3.47,0.48426996157070157,2.421349807853508,0.06918142308152879
0.5,0.2,3.48,0.48588279162733244,2.4294139581366623,0.0694118273753332
0.5,0.2,3.49,0.48748987380289993,2.4374493690144994,0.06964141054327141
0.5,0.2,3.5,0.4890912650098134,2.445456325049067,0.06987018071568764
0.5,0.2,3.51,0.4906870212179462,2.453435106089731,0.07009814588827804
0.5,0.2,3.52,0.49227719747640486,2.461385987382024,0.0703253139252007
0.5,0.2,3.53,0.49386184793465704,2.469309239673285,0.07055169256209386
0.5,0.2,3.54,0.49544102586303884,2.477205129315194,0.07077728940900554
0.5,0.2,3.55,0.49701478367266416,2.485073918363321,0.07100211195323773
0.5,0.2,3.56,0.4985831729347582,2.492915864673791,0.07122616756210831
0.5,0.2,3.57,0.5001462443994334,2.500731221997167,0.07144946348563334
0.5,0.2,3.58,0.5017040480139319,2.508520240069659,0.07167200685913312
0.5,0.2,3.59,0.5032566329403446,2.516283164701723,0.07189380470576352
0.5,0.2,3.6,0.5048040475728349,2.5240202378641743,0.07211486393897641
0.5,0.2,3.61,0.5063463395543767,2.531731697771883,0.07233519136491096
0.5,0.2,3.62,0.5078835557930267,2.539417778965133,0.0725547936847181
0.5,0.2,3.63,0.5094157424777447,2.547078712388723,0.07277367749682066
0.5,0.2,3.64,0.5109429450937806,2.554714725468903,0.07299184929911151
0.5,0.2,3.65,0.5124652084376373,2.5623260421881864,0.07320931549109104
0.5,0.2,3.66,0.5139825766316295,2.5699128831581475,0.07342608237594707
0.5,0.2,3.67,0.5154950931380459,2.5774754656902292,0.07364215616257798
0.5,0.2,3.68,0.5170028007729341,2.5850140038646705,0.07385754296756201
0.5,0.2,3.69,0.5185057417195142,2.592528708597571,0.07407224881707346
0.5,0.2,3.7,0.5200039575412378,2.6000197877061892,0.07428627964874826
0.5,0.2,3.71,0.5214974891945016,2.6074874459725077,0.07449964131350022
0.5,0.2,3.72,0.5229863770410283,2.6149318852051415,0.07471233957728976
0.5,0.2,3.73,0.5244706608599229,2.6223533042996143,0.07492438012284612
0.5,0.2,3.74,0.525950379859417,2.6297518992970845,0.07513576855134528
0.5,0.2,3.75,0.5274255726883101,2.6371278634415507,0.0753465103840443
0.5,0.2,3.76,0.528896277447118,2.6444813872355897,0.075556611063874
0.5,0.2,3.77,0.5303625316989355,2.6518126584946775,0.0757660759569908
0.5,0.2,3.78,0.5318243724800258,2.659121862400129,0.0759749103542894
0.5,0.2,3.79,0.5332818363101888,2.666409181550944,0.07618311947288411
0.5,0.2,3.8,0.5347349592026754,2.673674796013377,0.07639070845752506
0.5,0.2,3.81,0.5361837766741496,2.680918883370748,0.07659768238202137
0.5,0.2,3.82,0.5376283237542049,2.688141618771024,0.0768040462506007
0.5,0.2,3.83,0.5390686349946999,2.6953431749734995,0.07700980499924284
0.5,0.2,3.84,0.5405047444783566,2.702523722391783,0.07721496349690808
0.5,0.2,3.85,0.541936685829646,2.70968342914823,0.07741952654709229
0.5,0.2,3.86,0.5433644922204505,2.716822461102252,0.07762349888863578
0.5,0.2,3.87,0.5447881963805217,2.7239409819026084,0.07782688519721738
0.5,0.2,3.88,0.5462078306052344,2.7310391530261717,0.07802969008646206
0.5,0.2,3.89,0.5476234267636427,2.7381171338182133,0.07823191810909182
0.5,0.2,3.9,0.5490350163063451,2.7451750815317255,0.0784335737580493
0.5,0.2,3.91,0.5504426302731649,2.752213151365824,0.07863466146759499
0.5,0.2,3.92,0.551846299300647,2.7592314965032347,0.07883518561437815
0.5,0.2,3.93,0.553246053629385,2.7662302681469244,0.07903515051848356
0.5,0.2,3.94,0.5546419231111706,2.7732096155558525,0.07923456044445294
0.5,0.2,3.95,0.5560339372159846,2.780169686079923,0.07943341960228352
0.5,0.2,3.96,0.5574221250388227,2.7871106251941136,0.07963173214840324
0.5,0.2,3.97,0.5588065153063658,2.794032576531829,0.07982950218662369
0.5,0.2,3.98,0.5601871363834993,2.800935681917496,0.08002673376907132
0.5,0.2,3.99,0.5615640162796839,2.807820081398419,0.0802234308970977
0.5,0.2,4.0,0.5629371826551829,2.8146859132759143,0.08041959752216898
0.5,0.2,4.01,0.5643066628271496,2.8215333141357477,0.08061523754673565
0.5,0.2,4.02,0.5656724837755795,2.8283624188778975,0.0808103548250828
0.5,0.2,4.03,0.567034672149129,2.8351733607456446,0.08100495316416127
0.5,0.2,4.04,0.5683932542708041,2.8419662713540204,0.08119903632440059
0.5,0.2,4.05,0.5697482561435291,2.848741280717645,0.08139260802050416
0.5,0.2,4.06,0.5710997034555889,2.8554985172779443,0.08158567192222699
0.5,0.2,4.07,0.5724476215859536,2.862238107929768,0.08177823165513623
0.5,0.2,4.08,0.573792035609488,2.86896017804744,0.08197029080135543
0.5,0.2,4.09,0.5751329703020498,2.875664851510249,0.08216185290029283
0.5,0.2,4.1,0.5764704501454763,2.882352250727381,0.08235292144935376
0.5,0.2,4.11,0.5778044993324662,2.889022496662331,0.08254349990463804
0.5,0.2,4.12,0.5791351417713552,2.8956757088567757,0.08273359168162217
0.5,0.2,4.13,0.5804624010907948,2.902312005453974,0.08292320015582784
0.5,0.2,4.14,0.5817863006443271,2.9089315032216354,0.0831123286634753
0.5,0.2,4.15,0.5831068635148686,2.915534317574343,0.08330098050212409
0.5,0.2,4.16,0.5844241125190967,2.922120562595483,0.08348915893129952
0.5,0.2,4.17,0.5857380702117471,2.928690351058735,0.08367686717310673
0.5,0.2,4.18,0.5870487588898217,2.935243794449108,0.08386410841283166
0.5,0.2,4.19,0.5883562005967108,2.9417810029835536,0.08405088579953011
0.5,0.2,4.2,0.5896604171262279,2.948302085631139,0.08423720244660397
0.5,0.2,4.21,0.5909614300265661,2.9548071501328304,0.08442306143236658
0.5,0.2,4.22,0.5922592606041713,2.9612963030208563,0.0846084658005959
0.5,0.2,4.23,0.5935539299275396,2.967769649637698,0.0847934185610771
0.5,0.2,4.24,0.5948454588309343,2.9742272941546712,0.08497792269013348
0.5,0.2,4.25,0.5961338679180322,2.980669339590161,0.08516198113114747
0.5,0.2,4.26,0.5974191775654975,2.987095887827487,0.08534559679507106
0.5,0.2,4.27,0.5987014079264792,2.9935070396323957,0.0855287725609256
0.5,0.2,4.28,0.5999805789340469,2.9999028946702344,0.08571151127629241
0.5,0.2,4.29,0.6012567103045539,3.006283551522769,0.08589381575779341
0.5,0.2,4.3,0.6025298215409355,3.0126491077046773,0.08607568879156222
0.5,0.2,4.31,0.6037999319359427,3.0189996596797135,0.0862571331337061
0.5,0.2,4.32,0.605067060575316,3.02533530287658,0.08643815151075943
0.5,0.2,4.33,0.6063312263408932,3.031656131704466,0.0866187466201276
0.5,0.2,4.34,0.6075924479136594,3.037962239568297,0.08679892113052277
0.5,0.2,4.35,0.6088507437767404,3.0442537188837018,0.0869786776823915
0.5,0.2,4.36,0.6101061322183362,3.0505306610916807,0.08715801888833374
0.5,0.2,4.37,0.6113586313345991,3.0567931566729953,0.08733694733351416
0.5,0.2,4.38,0.6126082590324592,3.0630412951622956,0.0875154655760656
0.5,0.2,4.39,0.6138550330323944,3.069275165161972,0.08769357614748492
0.5,0.2,4.4,0.6150989708711497,3.0754948543557483,0.08787128155302139
0.5,0.2,4.41,0.6163400899044049,3.0817004495220246,0.08804858427205785
0.5,0.2,4.42,0.6175784073093934,3.087892036546967,0.08822548675848477
0.5,0.2,4.43,0.6188139400874719,3.0940697004373594,0.08840199144106742
0.5,0.2,4.44,0.6200467050666432,3.100233525333216,0.08857810072380616
0.5,0.2,4.45,0.62127671890403,3.10638359452015,0.08875381698629001
0.5,0.2,4.46,0.6225039980883091,3.1125199904415455,0.08892914258404416
0.5,0.2,4.47,0.6237285589420947,3.1186427947104733,0.08910407984887067
0.5,0.2,4.48,0.6249504176242832,3.1247520881214155,0.08927863108918331
0.5,0.2,4.49,0.6261695901323517,3.1308479506617584,0.08945279859033596
0.5,0.2,4.5,0.6273860923046195,3.1369304615230975,0.08962658461494565
0.5,0.2,4.51,0.6285999398224648,3.1429996991123237,0.08979999140320925
0.5,0.2,4.52,0.6298111482125042,3.149055741062521,0.08997302117321489
0.5,0.2,4.53,0.6310197328487326,3.155098664243663,0.0901456761212475
0.5,0.2,4.54,0.6322257089546254,3.1611285447731268,0.09031795842208934
0.5,0.2,4.55,0.6334290916052038,3.1671454580260185,0.09048987022931483
0.5,0.2,4.56,0.6346298957290619,3.1731494786453096,0.09066141367558027
0.5,0.2,4.57,0.6358281361103624,3.1791406805518116,0.09083259087290892
0.5,0.2,4.58,0.6370238273907918,3.1851191369539587,0.09100340391297025
0.5,0.2,4.59,0.6382169840714875,3.1910849203574374,0.09117385486735537
0.5,0.2,4.6,0.6394076205149256,3.197038102574628,0.09134394578784652
0.5,0.2,4.61,0.6405957509467822,3.202978754733911,0.09151367870668317
0.5,0.2,4.62,0.6417813894577578,3.2089069472887886,0.09168305563682254
0.5,0.2,4.63,0.6429645500053721,3.2148227500268605,0.09185207857219602
0.5,0.2,4.64,0.6441452464157293,3.2207262320786465,0.09202074948796134
0.5,0.2,4.65,0.6453234923852526,3.2266174619262626,0.09218907034075037
0.5,0.2,4.66,0.646499301482388,3.23249650741194,0.09235704306891257
0.5,0.2,4.67,0.6476726871492813,3.238363435746406,0.09252466959275447
0.5,0.2,4.68,0.648843662703426,3.2442183135171296,0.09269195181477514
0.5,0.2,4.69,0.6500122413392848,3.250061206696424,0.09285889161989783
0.5,0.2,4.7,0.6511784361298807,3.2558921806494032,0.09302549087569724
0.5,0.2,4.71,0.6523422600283663,3.261711300141831,0.09319175143262375
0.5,0.2,4.72,0.6535037258695637,3.2675186293478187,0.0933576751242234
0.5,0.2,4.73,0.65466284637148,3.2733142318573996,0.09352326376735429
0.5,0.2,4.74,0.655819634136798,3.27909817068399,0.09368851916239972
0.5,0.2,4.75,0.6569741016543436,3.284870508271718,0.09385344309347765
0.5,0.2,4.76,0.658126261300526,3.29063130650263,0.09401803732864657
0.5,0.2,4.77,0.6592761253407585,3.2963806267037925,0.09418230362010836
0.5,0.2,4.78,0.6604237059308538,3.3021185296542686,0.09434624370440768
0.5,0.2,4.79,0.661569015118397,3.307845075591985,0.09450985930262815
0.5,0.2,4.8,0.662712064844097,3.3135603242204845,0.09467315212058527
0.5,0.2,4.81,0.6638528669431165,3.3192643347155824,0.09483612384901664
0.5,0.2,4.82,0.6649914331463804,3.324957165731902,0.09499877616376863
0.5,0.2,4.83,0.6661277750818627,3.3306388754093135,0.0951611107259804
0.5,0.2,4.84,0.6672619042758546,3.336309521379273,0.09532312918226495
0.5,0.2,4.85,0.6683938321542104,3.341969160771052,0.0954848331648872
0.5,0.2,4.86,0.669523570043577,3.3476178502178846,0.09564622429193957
0.5,0.2,4.87,0.6706511291725998,3.353255645862999,0.09580730416751426
0.5,0.2,4.88,0.6717765206731137,3.358882603365568,0.09596807438187338
0.5,0.2,4.89,0.6728997555813134,3.364498777906567,0.09612853651161621
0.5,0.2,4.9,0.6740208448389062,3.370104224194531,0.09628869211984374
0.5,0.2,4.91,0.6751397992942465,3.3756989964712325,0.09644854275632093
0.5,0.2,4.92,0.6762566297034536,3.3812831485172676,0.09660808995763623
0.5,0.2,4.93,0.677371346731511,3.386856733657555,0.09676733524735871
0.5,0.2,4.94,0.6784839609533515,3.3924198047667575,0.09692628013619307
0.5,0.2,4.95,0.6795944828549212,3.397972414274606,0.0970849261221316
0.5,0.2,4.96,0.6807029228342327,3.4035146141711636,0.09724327469060468
0.5,0.2,4.97,0.6818092912023985,3.4090464560119926,0.09740132731462836
0.5,0.2,4.98,0.6829135981846506,3.4145679909232527,0.09755908545495008
0.5,0.2,4.99,0.6840158539213423,3.4200792696067115,0.09771655056019177
0.5,0.2,5.0,0.6851160684689399,3.4255803423446993,0.09787372406699142
0.5,0.3,2.5,0.18204538840776824,0.9102269420388411,0.026006484058252604
0.5,0.3,2.51,0.18385176947683224,0.9192588473841612,0.02626453849669032
0.5,0.3,2.52,0.18564037869340894,0.9282018934670446,0.02652005409905842
0.5,0.3,2.53,0.1874117249392223,0.9370586246961116,0.026773103562746044
0.5,0.3,2.54,0.18916629321496764,0.9458314660748381,0.027023756173566806
0.5,0.3,2.55,0.1909045461809506,0.9545227309047529,0.027272078025850084
0.5,0.3,2.56,0.19262692557223324,0.9631346278611661,0.02751813222460475
0.5,0.3,2.57,0.19433385350055732,0.9716692675027866,0.027761979071508187
0.5,0.3,2.58,0.19602573365392625,0.9801286682696312,0.028003676236275178
0.5,0.3,2.59,0.19770295240350733,0.9885147620175366,0.02824327891478676
0.5,0.3,2.6,0.19936587982646145,0.9968293991323072,0.02848083997520878
0.5,0.3,2.61,0.20101487065237675,1.0050743532618838,0.028716410093196677
0.5,0.3,2.62,0.20265026514016257,1.0132513257008129,0.02895003787716608
0.5,0.3,2.63,0.20427238989155352,1.0213619494577675,0.029181769984507645
0.5,0.3,2.64,0.20588155860673496,1.0294077930336747,0.029411651229533566
0.5,0.3,2.65,0.20747807278704275,1.0373903639352138,0.02963972468386325
0.5,0.3,2.66,0.209062222389202,1.04531111194601,0.029866031769886
0.5,0.3,2.67,0.21063428643512708,1.0531714321756354,0.030090612347875297
0.5,0.3,2.68,0.2121945335809165,1.0609726679045823,0.030313504797273787
0.5,0.3,2.69,0.21374322264833348,1.0687161132416674,0.03053474609261907
0.5,0.3,2.7,0.21528060312175035,1.0764030156087516,0.030754371874535762
0.5,0.3,2.71,0.2168069156132606,1.084034578066303,0.030972416516180084
0.5,0.3,2.72,0.2183223922984171,1.0916119614920854,0.031188913185488158
0.5,0.3,2.73,0.21982725732483227,1.0991362866241612,0.03140389390354747
0.5,0.3,2.74,0.22132172719567803,1.10660863597839,0.031617389599382574
0.5,0.3,2.75,0.22280601112994314,1.1140300556497156,0.031829430161420445
0.5,0.3,2.76,0.22428031140114962,1.121401557005748,0.032040044485878515
0.5,0.3,2.77,0.22574482365608198,1.1287241182804097,0.03224926052229742
0.5,0.3,2.78,0.2271997372149466,1.1359986860747329,0.032457105316420945
0.5,0.3,2.79,0.22864523535427703,1.1432261767713852,0.03266360505061101
0.5,0.3,2.8,0.2300814955737717,1.1504074778688584,0.03286878508196738
0.5,0.3,2.81,0.23150868984817227,1.1575434492408614,0.03307266997831033
0.5,0.3,2.82,0.2329269848651934,1.1646349243259668,0.033275283552170486
0.5,0.3,2.83,0.23433654225043568,1.1716827112521784,0.03347664889291938
0.5,0.3,2.84,0.23573751878014243,1.178687593900712,0.033676788397163204
0.5,0.3,2.85,0.23713006658259483,1.1856503329129742,0.033875723797513545
0.5,0.3,2.86,0.23851433332887523,1.192571666644376,0.034073476189839316
0.5,0.3,2.87,0.23989046241368261,1.199452312068413,0.03427006605909751
0.5,0.3,2.88,0.24125859312681944,1.206292965634097,0.034465513303831345
0.5,0.3,2.89,0.24261886081593792,1.2130943040796895,0.0346598372594197
0.5,0.3,2.9,0.24397139704108087,1.2198569852054042,0.03485305672015441
0.5,0.3,2.91,0.24531632972151837,1.2265816486075918,0.03504518996021691
0.5,0.3,2.92,0.24665378327534335,1.2332689163767168,0.03523625475362048
0.5,0.3,2.93,0.24798387875225955,1.2399193937612978,0.03542626839317994
0.5,0.3,2.94,0.2493067339599627,1.2465336697998135,0.0356152477085661
0.5,0.3,2.95,0.25062246358448703,1.253112317922435,0.03580320908349815
0.5,0.3,2.96,0.2519311793048693,1.2596558965243465,0.03599016847212418
0.5,0.3,2.97,0.2532329899024505,1.2661649495122524,0.036176141414635786
0.5,0.3,2.98,0.254528001365123,1.272640006825615,0.03636114305216043
0.5,0.3,2.99,0.25581631698680124,1.279081584934006,0.03654518814097161
0.5,0.3,3.0,0.2570980374623866,1.2854901873119329,0.03672829106605523
0.5,0.3,3.01,0.2583732609784667,1.2918663048923333,0.03691046585406667
0.5,0.3,3.02,0.2596420832999875,1.2982104164999375,0.0370917261857125
0.5,0.3,3.03,0.26090459785310893,1.3045229892655446,0.03727208540758699
0.5,0.3,3.04,0.26216089580445373,1.3108044790222686,0.03745155654349339
0.5,0.3,3.05,0.26341106613693127,1.3170553306846562,0.037630152305275895
0.5,0.3,3.06,0.2646551957223247,1.3232759786116235,0.03780788510318924
0.5,0.3,3.07,0.26589336939080194,1.3294668469540096,0.03798476705582885
0.5,0.3,3.08,0.2671256699975122,1.335628349987561,0.0381608099996446
0.5,0.3,3.09,0.26835217848641185,1.3417608924320592,0.03833602549805883
0.5,0.3,3.1,0.2695729739514669,1.3478648697573343,0.03851042485020956
0.5,0.3,3.11,0.27078813369535226,1.3539406684767612,0.03868401909933604
0.5,0.3,3.12,0.27199773328578175,1.3599886664289087,0.03885681904082596
0.5,0.3,3.13,0.27320184660957747,1.3660092330478872,0.03902883522993964
0.5,0.3,3.14,0.2744005459245936,1.372002729622968,0.03920007798922766
0.5,0.3,3.15,0.27559390190959276,1.3779695095479638,0.03937055741565611
0.5,0.3,3.16,0.2767819837121784,1.3839099185608918,0.03954028338745406
0.5,0.3,3.17,0.27796485899486945,1.3898242949743471,0.03970926557069564
0.5,0.3,3.18,0.2791425939794098,1.395712969897049,0.03987751342562997
0.5,0.3,3.19,0.28031525348938935,1.4015762674469467,0.040045036212769905
0.5,0.3,3.2,0.28148290099125906,1.4074145049562952,0.040211842998751295
0.5,0.3,3.21,0.28264559863381084,1.4132279931690541,0.040377942661972976
0.5,0.3,3.22,0.2838034072861925,1.4190170364309624,0.0405433438980275
0.5,0.3,3.23,0.2849563865745236,1.424781932872618,0.04070805522493194
0.5,0.3,3.24,0.28610459491717577,1.4305229745858787,0.04087208498816797
0.5,0.3,3.25,0.28724808955877407,1.4362404477938702,0.04103544136553915
0.5,0.3,3.26,0.28838692660297854,1.4419346330148926,0.04119813237185408
0.5,0.3,3.27,0.2895211610440968,1.4476058052204839,0.0413601658634424
0.5,0.3,3.28,0.2906508467975795,1.4532542339878975,0.04152154954251136
0.5,0.3,3.29,0.29177603672944535,1.4588801836472267,0.04168229096134934
0.5,0.3,3.3,0.29289678268468256,1.4644839134234127,0.041842397526383225
0.5,0.3,3.31,0.2940131355146693,1.4700656775733463,0.042001876502095616
0.5,0.3,3.32,0.295125145103655,1.475625725518275,0.04216073501480786
0.5,0.3,3.33,0.29623286039433855,1.4811643019716927,0.042318980056334075
0.5,0.3,3.34,0.29733632941258537,1.4866816470629267,0.0424766184875122
0.5,0.3,3.35,0.29843559929131597,1.4921779964565798,0.04263365704161657
0.5,0.3,3.36,0.2995307162935983,1.4976535814679914,0.0427901023276569
0.5,0.3,3.37,0.3006217258349791,1.5031086291748954,0.04294596083356844
0.5,0.3,3.38,0.3017086725050826,1.508543362525413,0.043101238929297514
0.5,0.3,3.39,0.30279160008850775,1.5139580004425386,0.043255942869786825
0.5,0.3,3.4,0.3038705515850478,1.5193527579252388,0.04341007879786397
0.5,0.3,3.41,0.3049455692292643,1.5247278461463214,0.04356365274703776
0.5,0.3,3.42,0.3060166945094353,1.5300834725471764,0.04371667064420504
0.5,0.3,3.43,0.30708396818590555,1.5354198409295277,0.043869138312272224
0.5,0.3,3.44,0.30814743030886094,1.5407371515443047,0.04402106147269442
0.5,0.3,3.45,0.30920712023554653,1.5460356011777325,0.04417244574793522
0.5,0.3,3.46,0.31026307664695374,1.5513153832347686,0.044323296663850535
0.5,0.3,3.47,0.3113153375639934,1.5565766878199667,0.04447361965199905
0.5,0.3,3.48,0.31236394036317316,1.5618197018158657,0.04462342005188188
0.5,0.3,3.49,0.313408921791803,1.567044608959015,0.044772703113114716
0.5,0.3,3.5,0.3144503179827373,1.5722515899136864,0.0449214739975339
0.5,0.3,3.51,0.3154881644686804,1.5774408223434018,0.04506973778124006
0.5,0.3,3.52,0.3165224961960633,1.5826124809803166,0.045217499456580476
0.5,0.3,3.53,0.31755334753851266,1.5877667376925633,0.04536476393407324
0.5,0.3,3.54,0.3185807523099228,1.5929037615496138,0.04551153604427468
0.5,0.3,3.55,0.31960474377714665,1.5980237188857331,0.04565782053959238
0.5,0.3,3.56,0.32062535467232073,1.6031267733616035,0.04580362209604582
0.5,0.3,3.57,0.3216426172048333,1.6082130860241663,0.04594894531497618
0.5,0.3,3.58,0.3226565630729507,1.6132828153647534,0.046093794724707246
0.5,0.3,3.59,0.32366722347511345,1.6183361173755673,0.04623817478215907
0.5,0.3,3.6,0.32467462912091394,1.6233731456045697,0.04638208987441628
0.5,0.3,3.61,0.32567881024176437,1.6283940512088217,0.046525544320252056
0.5,0.3,3.62,0.3266797966012683,1.6333989830063413,0.04666854237160976
0.5,0.3,3.63,0.3276776175053043,1.6383880875265213,0.04681108821504347
0.5,0.3,3.64,0.32867230181183227,1.6433615090591613,0.04695318597311889
0.5,0.3,3.65,0.3296638779404299,1.6483193897021493,0.0470948397057757
0.5,0.3,3.66,0.33065237388157104,1.6532618694078551,0.047236053411653
0.5,0.3,3.67,0.331637817205652,1.65818908602826,0.047376831029378855
0.5,0.3,3.68,0.33262023507177557,1.6631011753588778,0.04751717643882508
0.5,0.3,3.69,0.3335996542363002,1.6679982711815011,0.047657093462328604
0.5,0.3,3.7,0.33457610106116165,1.6728805053058082,0.04779658586588024
0.5,0.3,3.71,0.33554960152197516,1.6777480076098756,0.047935657360282165
0.5,0.3,3.72,0.3365201812159245,1.6826009060796223,0.048074311602274926
0.5,0.3,3.73,0.3374878653694454,1.687439326847227,0.04821255219563506
0.5,0.3,3.74,0.3384526788457086,1.692263394228543,0.048350382692244086
0.5,0.3,3.75,0.33941464615191147,1.6970732307595573,0.04848780659313021
0.5,0.3,3.76,0.3403737914463798,1.701868957231899,0.04862482734948283
0.5,0.3,3.77,0.3413301385454921,1.7066506927274605,0.04876144836364173
0.5,0.3,3.78,0.3422837109304235,1.7114185546521172,0.048897672990060495
0.5,0.3,3.79,0.34323453175372426,1.7161726587686212,0.049033504536246324
0.5,0.3,3.8,0.3441826238457291,1.7209131192286455,0.049168946263675586
0.5,0.3,3.81,0.34512800972081026,1.7256400486040513,0.04930400138868718
0.5,0.3,3.82,0.3460707115833649,1.7303535579168243,0.04943867308333784
0.5,0.3,3.83,0.3470107513342956,1.7350537566714779,0.04957296447632794
0.5,0.3,3.84,0.3479481505757425,1.7397407528787125,0.049706878653677504
0.5,0.3,3.85,0.34888293061780906,1.7444146530890452,0.04984041865968701
0.5,0.3,3.86,0.34981511248354824,1.7490755624177412,0.04997358749764975
0.5,0.3,3.87,0.350744716914457,1.753723584572285,0.05010638813063672
0.5,0.3,3.88,0.35167176437573466,1.7583588218786732,0.050238823482247806
0.5,0.3,3.89,0.35259627506141555,1.7629813753070778,0.05037089643734508
0.5,0.3,3.9,0.35351826889937765,1.7675913444968883,0.050502609842768234
0.5,0.3,3.91,0.3544377655562369,1.7721888277811844,0.05063396650803385
0.5,0.3,3.92,0.35535478444212226,1.7767739222106111,0.05076496920601747
0.5,0.3,3.93,0.35626934471534144,1.781346723576707,0.050895620673620204
0.5,0.3,3.94,0.3571814652869382,1.785907326434691,0.05102592361241975
0.5,0.3,3.95,0.3580911648251419,1.7904558241257096,0.05115588068930599
0.5,0.3,3.96,0.35899846175971734,1.7949923087985866,0.051285494537102475
0.5,0.3,3.97,0.3599033742862126,1.799516871431063,0.05141476775517323
0.5,0.3,3.98,0.3608059203701117,1.8040296018505586,0.05154370291001596
0.5,0.3,3.99,0.3617061177508924,1.8085305887544618,0.05167230253584177
0.5,0.3,4.0,0.3626039839459917,1.8130199197299584,0.05180056913514167
0.5,0.3,4.01,0.36349953625468345,1.8174976812734172,0.05192850517924049
0.5,0.3,4.02,0.3643927917618688,1.821963958809344,0.0520561131088384
0.5,0.3,4.03,0.36528376734178264,1.8264188367089131,0.052183395334540375
0.5,0.3,4.04,0.36617247966161587,1.8308623983080792,0.052310354237373693
0.5,0.3,4.05,0.367058945185063,1.835294725925315,0.05243699216929471
0.5,0.3,4.06,0.367943180175786,1.8397159008789299,0.05256331145368371
0.5,0.3,4.07,0.3688252007008065,1.8441260035040323,0.0526893143858295
0.5,0.3,4.08,0.3697050226338232,1.848525113169116,0.05281500323340332
0.5,0.3,4.09,0.3705826616584579,1.8529133082922893,0.05294038023692255
0.5,0.3,4.1,0.3714581332714312,1.8572906663571558,0.05306544761020445
0.5,0.3,4.11,0.37233145278567037,1.8616572639283517,0.05319020754081005
0.5,0.3,4.12,0.37320263533335224,1.8660131766667611,0.05331466219047889
0.5,0.3,4.13,0.37407169586887995,1.8703584793443997,0.053438813695554276
0.5,0.3,4.14,0.3749386491717975,1.8746932458589873,0.05356266416739964
0.5,0.3,4.15,0.37580350984964433,1.8790175492482215,0.053686215692806336
0.5,0.3,4.16,0.37666629234074767,1.8833314617037382,0.053809470334392526
0.5,0.3,4.17,0.3775270109169598,1.8876350545847989,0.053932430130994254
0.5,0.3,4.18,0.37838567968633624,1.891928398431681,0.05405509709804803
0.5,0.3,4.19,0.3792423125957601,1.8962115629788003,0.054177473227965726
0.5,0.3,4.2,0.3800969234335121,1.9004846171675605,0.054299560490501726
0.5,0.3,4.21,0.38094952583178804,1.90474762915894,0.054421360833112574
0.5,0.3,4.22,0.38180013326916573,1.9090006663458285,0.05454287618130939
0.5,0.3,4.23,0.3826487590730209,1.9132437953651045,0.05466410843900299
0.5,0.3,4.24,0.38349541642189583,1.917477082109479,0.05478505948884226
0.5,0.3,4.25,0.3843401183478187,1.9217005917390935,0.054905731192545534
0.5,0.3,4.26,0.38518287773857895,1.9259143886928947,0.05502612539122557
0.5,0.3,4.27,0.38602370733995484,1.9301185366997742,0.05514624390570783
0.5,0.3,4.28,0.3868626197578994,1.9343130987894968,0.05526608853684277
0.5,0.3,4.29,0.3876996274606806,1.938498137303403,0.05538566106581151
0.5,0.3,4.3,0.38853474278098266,1.9426737139049133,0.055504963254426096
0.5,0.3,4.31,0.38936797791796385,1.9468398895898191,0.05562399684542341
0.5,0.3,4.32,0.39019934493927505,1.950996724696375,0.05574276356275358
0.5,0.3,4.33,0.3910288557830396,1.9551442789151978,0.0558612651118628
0.5,0.3,4.34,0.3918565222597947,1.9592826112989736,0.05597950317997068
0.5,0.3,4.35,0.39268235605439517,1.9634117802719757,0.05609747943634217
0.5,0.3,4.36,0.39350636872788153,1.9675318436394076,0.0562151955325545
0.5,0.3,4.37,0.3943285717193117,1.9716428585965584,0.05633265310275881
0.5,0.3,4.38,0.39514897634755913,1.9757448817377956,0.05644985376393702
0.5,0.3,4.39,0.39596759381307556,1.9798379690653778,0.05656679911615365
0.5,0.3,4.4,0.39678443519962187,1.9839221759981092,0.05668349074280312
0.5,0.3,4.41,0.3975995114759655,1.9879975573798274,0.056799930210852216
0.5,0.3,4.42,0.39841283349754747,1.9920641674877373,0.05691611907107821
0.5,0.3,4.43,0.39922441200811726,1.9961220600405862,0.05703205885830247
0.5,0.3,4.44,0.4000342576413378,2.000171288206689,0.05714775109161969
0.5,0.3,4.45,0.40084238092236185,2.004211904611809,0.057263197274623125
0.5,0.3,4.46,0.4016487922693771,2.0082439613468854,0.0573783988956253
0.5,0.3,4.47,0.40245350199512725,2.012267509975636,0.05749335742787532
0.5,0.3,4.48,0.40325652030839965,2.016282601541998,0.05760807432977138
0.5,0.3,4.49,0.4040578573154918,2.020289286577459,0.05772255104507026
0.5,0.3,4.5,0.4048575230216473,2.0242876151082365,0.05783678900309247
0.5,0.3,4.51,0.4056555273324676,2.028277636662338,0.05795078961892395
0.5,0.3,4.52,0.4064518800552989,2.0322594002764944,0.05806455429361413
0.5,0.3,4.53,0.40724659090059306,2.036232954502965,0.05817808441437044
0.5,0.3,4.54,0.40803966948324566,2.040198347416228,0.05829138135474938
0.5,0.3,4.55,0.40883112532390914,2.0441556266195455,0.05840444647484416
0.5,0.3,4.56,0.40962096785028373,2.0481048392514185,0.0585172811214691
0.5,0.3,4.57,0.4104092063983857,2.0520460319919285,0.05862988662834081
0.5,0.3,4.58,0.41119585021379257,2.0559792510689627,0.05874226431625608
0.5,0.3,4.59,0.4119809084528678,2.0599045422643387,0.05885441549326682
0.5,0.3,4.6,0.4127643901839628,2.063821950919814,0.058966341454851835
0.5,0.3,4.61,0.4135463043886006,2.067731521943003,0.0590780434840858
0.5,0.3,4.62,0.4143266599626359,2.0716332998131795,0.05918952285180513
0.5,0.3,4.63,0.4151054657173977,2.0755273285869884,0.0593007808167711
0.5,0.3,4.64,0.41588273038081175,2.0794136519040585,0.05941181862583025
0.5,0.3,4.65,0.41665846259850364,2.0832923129925183,0.05952263751407195
0.5,0.3,4.66,0.4174326709348828,2.0871633546744137,0.05963323870498326
0.5,0.3,4.67,0.4182053638742097,2.091026819371048,0.05974362341060139
0.5,0.3,4.68,0.4189765498216428,2.094882749108214,0.059853792831663255
0.5,0.3,4.69,0.4197462371042711,2.0987311855213555,0.059963748157753016
0.5,0.3,4.7,0.42051443397212557,2.1025721698606277,0.06007349056744651
0.5,0.3,4.71,0.4212811485991771,2.1064057429958853,0.06018302122845387
0.5,0.3,4.72,0.4220463890843161,2.1102319454215803,0.06029234129775944
0.5,0.3,4.73,0.42281016345231687,2.1140508172615844,0.06040145192175955
0.5,0.3,4.74,0.42357247965478434,2.1178623982739215,0.060510354236397765
0.5,0.3,4.75,0.4243333455710888,2.1216667278554437,0.0606190493672984
0.5,0.3,4.76,0.42509276900928106,2.125463845046405,0.060727538429897296
0.5,0.3,4.77,0.42585075770699543,2.129253788534977,0.060835822529570774
0.5,0.3,4.78,0.4266073193323383,2.1330365966616913,0.06094390276176261
0.5,0.3,4.79,0.42736246148476015,2.1368123074238006,0.061051780212108595
0.5,0.3,4.8,0.42811619169591564,2.140580958479578,0.061159455956559375
0.5,0.3,4.81,0.42886851743050886,2.1443425871525443,0.061266931061501266
0.5,0.3,4.82,0.42961944608712593,2.1480972304356296,0.061374206583875136
0.5,0.3,4.83,0.43036898499905235,2.151844924995262,0.06148128357129319
0.5,0.3,4.84,0.43111714143507995,2.1555857071753994,0.061588163062154276
0.5,0.3,4.85,0.4318639226002997,2.1593196130014984,0.0616948460857571
0.5,0.3,4.86,0.43260933563688186,2.163046678184409,0.061801333662411695
0.5,0.3,4.87,0.4333533876248437,2.1667669381242183,0.0619076268035491
0.5,0.3,4.88,0.43409608558280743,2.170480427914037,0.06201372651182963
0.5,0.3,4.89,0.43483743646874284,2.174187182343714,0.062119633781248976
0.5,0.3,4.9,0.4355774471807006,2.177887235903503,0.06222534959724295
0.5,0.3,4.91,0.43631612455753466,2.1815806227876733,0.06233087493679067
0.5,0.3,4.92,0.43705347537961103,2.185267376898055,0.06243621076851586
0.5,0.3,4.93,0.4377895063695088,2.188947531847544,0.06254135805278697
0.5,0.3,4.94,0.43852422419270715,2.1926211209635356,0.06264631774181531
0.5,0.3,4.95,0.4392576354582656,2.196288177291328,0.06275109077975223
0.5,0.3,4.96,0.4399897467194895,2.1999487335974472,0.06285567810278421
0.5,0.3,4.97,0.4407205644745896,2.203602822372948,0.06296008063922709
0.5,0.3,4.98,0.44145009516732864,2.207250475836643,0.06306429930961838
0.5,0.3,4.99,0.44217834518766025,2.210891725938301,0.0631683350268086
0.5,0.3,5.0,0.44290532087235646,2.214526604361782,0.06327218869605092
0.65,0.1,2.5,0.5022311446136672,2.511155723068336,0.07174730637338103
0.65,0.1,2.51,0.5071246540550804,2.5356232702754022,0.07244637915072578
0.65,0.1,2.52,0.5119674912156146,2.5598374560780726,0.07313821303080208
0.65,0.1,2.53,0.5167610882023138,2.583805441011569,0.07382301260033054
0.65,0.1,2.54,0.5215068102225623,2.607534051112811,0.07450097288893746
0.65,0.1,2.55,0.5262059598920333,2.6310297994601664,0.07517227998457619
0.65,0.1,2.56,0.5308597811920746,2.6542989059603728,0.07583711159886779
0.65,0.1,2.57,0.5354694631107872,2.677347315553936,0.07649563758725532
0.65,0.1,2.58,0.540036142998176,2.70018071499088,0.07714802042831086
0.65,0.1,2.59,0.544560909662349,2.722804548311745,0.07779441566604986
0.65,0.1,2.6,0.5490448062308039,2.7452240311540193,0.07843497231868626
0.65,0.1,2.61,0.5534888327982247,2.767444163991123,0.07906983325688924
0.65,0.1,2.62,0.5578939488799535,2.789469744399767,0.07969913555427907
0.65,0.1,2.63,0.562261075688294,2.8113053784414697,0.08032301081261342
0.65,0.1,2.64,0.566591098247047,2.832955491235235,0.08094158546386386
0.65,0.1,2.65,0.5708848673581174,2.854424336790587,0.08155498105115963
0.65,0.1,2.66,0.5751432014326517,2.8757160071632586,0.08216331449037882
0.65,0.1,2.67,0.5793668881979435,2.8968344409897173,0.08276669831399193
0.65,0.1,2.68,0.583556686290269,2.917783431451345,0.08336524089860986
0.65,0.1,2.69,0.5877133267428291,2.938566633714145,0.08395904667754701
0.65,0.1,2.7,0.5918375143771272,2.9591875718856357,0.0845482163395896
0.65,0.1,2.71,0.5959299291058405,2.9796496455292023,0.08513284701512007
0.65,0.1,2.72,0.5999912271510429,2.9999561357552142,0.08571303245014898
0.65,0.1,2.73,0.604022042191536,3.0201102109576796,0.08628886317021943
0.65,0.1,2.74,0.6080229864349788,3.0401149321748937,0.0868604266335684
0.65,0.1,2.75,0.6119946516275081,3.0599732581375405,0.0874278073753583
0.65,0.1,2.76,0.6159376100026059,3.0796880500130297,0.08799108714322942
0.65,0.1,2.77,0.6198524151740517,3.099262075870258,0.08855034502486452
0.65,0.1,2.78,0.6237396029769281,3.1186980148846404,0.08910565756813259
0.65,0.1,2.79,0.6275996922603521,3.13799846130176,0.08965709889433601
0.65,0.1,2.8,0.6314331856352488,3.1571659281762434,0.09020474080503553
0.65,0.1,2.81,0.6352405701802735,3.176202850901367,0.09074865288289621
0.65,0.1,2.82,0.6390223181086904,3.1951115905434517,0.09128890258695577
0.65,0.1,2.83,0.6427788873988323,3.213894436994161,0.09182555534269032
0.65,0.1,2.84,0.6465107223905378,3.2325536119526888,0.09235867462721968
0.65,0.1,2.85,0.6502182543497831,3.251091271748915,0.09288832204996901
0.65,0.1,2.86,0.6539019020035661,3.2695095100178304,0.09341455742908088
0.65,0.1,2.87,0.6575620720469265,3.2878103602346322,0.09393743886384665
0.65,0.1,2.88,0.6611991596238689,3.305995798119344,0.09445702280340984
0.65,0.1,2.89,0.6648135487838036,3.324067743919018,0.09497336411197195
0.65,0.1,2.9,0.6684056129150182,3.342028064575091,0.09548651613071689
0.65,0.1,2.91,0.6719757151565761,3.35987857578288,0.09599653073665372
0.65,0.1,2.92,0.6755242087899401,3.3776210439497003,0.09650345839856288
0.65,0.1,2.93,0.6790514376115305,3.3952571880576525,0.09700734823021864
0.65,0.1,2.94,0.6825577362873385,3.4127886814366923,0.09750824804104836
0.65,0.1,2.95,0.686043430690644,3.4302171534532198,0.09800620438437771
0.65,0.1,2.96,0.6895088382238084,3.4475441911190416,0.0985012626034012
0.65,0.1,2.97,0.6929542681250561,3.4647713406252802,0.09899346687500801
0.65,0.1,2.98,0.696380021761095,3.481900108805475,0.09948286025158501
0.65,0.1,2.99,0.6997863929063285,3.4989319645316423,0.09996948470090407
0.65,0.1,3.0,0.703173668009492,3.5158683400474597,0.10045338114421314
0.65,0.1,3.01,0.7065421264483053,3.532710632241526,0.10093458949261504
0.65,0.1,3.02,0.7098920407728455,3.5494602038642276,0.10141314868183507
0.65,0.1,3.03,0.7132236769382313,3.566118384691156,0.10188909670546162
0.65,0.1,3.04,0.716537294527184,3.5826864726359196,0.10236247064674056
0.65,0.1,3.05,0.7198331469630133,3.5991657348150663,0.1028333067090019
0.65,0.1,3.06,0.7231114817135089,3.6155574085675446,0.10330164024478698
0.65,0.1,3.07,0.7263725404862208,3.631862702431104,0.10376750578374583
0.65,0.1,3.08,0.7296165594155641,3.6480827970778207,0.1042309370593663
0.65,0.1,3.09,0.7328437692421658,3.6642188462108285,0.10469196703459512
0.65,0.1,3.1,0.7360543954848399,3.680271977424199,0.1051506279264057
0.65,0.1,3.11,0.7392486586055637,3.696243293027818,0.10560695122936624
0.65,0.1,3.12,0.7424267741677913,3.7121338708389566,0.1060609677382559
0.65,0.1,3.13,0.7455889529884446,3.727944764942223,0.1065127075697778
0.65,0.1,3.14,0.7487354012838725,3.7436770064193623,0.10696220018341036
0.65,0.1,3.15,0.7518663208100792,3.759331604050396,0.10740947440143989
0.65,0.1,3.16,0.7549819089974944,3.7749095449874717,0.10785455842821348
0.65,0.1,3.17,0.7580823590805317,3.790411795402658,0.10829747986864738
0.65,0.1,3.18,0.7611678602221987,3.8058393011109937,0.10873826574602839
0.65,0.1,3.19,0.7642385976339678,3.821192988169839,0.10917694251913826
0.65,0.1,3.2,0.7672947526911429,3.8364737634557144,0.1096135360987347
0.65,0.1,3.21,0.7703365030439148,3.8516825152195735,0.11004807186341639
0.65,0.1,3.22,0.7733640227243123,3.866820113621561,0.11048057467490176
0.65,0.1,3.23,0.7763774822492218,3.8818874112461086,0.11091106889274596
0.65,0.1,3.24,0.7793770487196618,3.8968852435983092,0.11133957838852312
0.65,0.1,3.25,0.7823628859164645,3.9118144295823223,0.11176612655949493
0.65,0.1,3.26,0.7853351543925388,3.9266757719626937,0.11219073634179125
0.65,0.1,3.27,0.7882940115618462,3.941470057809231,0.11261343022312088
0.65,0.1,3.28,0.7912396117852448,3.956198058926224,0.11303423025503498
0.65,0.1,3.29,0.7941721064533271,3.9708605322666357,0.11345315806476101
0.65,0.1,3.3,0.7970916440663841,3.98545822033192,0.1138702348666263
0.65,0.1,3.31,0.7999983703116131,3.9999918515580655,0.11428548147308759
0.65,0.1,3.32,0.802892428137689,4.014462140688445,0.11469891830538415
0.65,0.1,3.33,0.8057739578268047,4.028869789134023,0.11511056540382925
0.65,0.1,3.34,0.8086430970642833,4.043215485321416,0.11552044243775475
0.65,0.1,3.35,0.8114999810058714,4.057499905029356,0.11592856871512448
0.65,0.1,3.36,0.8143447423427933,4.071723711713966,0.11633496319182761
0.65,0.1,3.37,0.8171775113646661,4.08588755682333,0.11673964448066658
0.65,0.1,3.38,0.8199984160203614,4.099992080101806,0.11714263086005162
0.65,0.1,3.39,0.8228075819768879,4.114037909884439,0.11754394028241255
0.65,0.1,3.4,0.8256051326763784,4.128025663381892,0.11794359038233977
0.65,0.1,3.41,0.8283911893912584,4.141955946956292,0.11834159848446549
0.65,0.1,3.42,0.8311658712776581,4.15582935638829,0.11873798161109402
0.65,0.1,3.43,0.8339292954271422,4.169646477135711,0.11913275648959175
0.65,0.1,3.44,0.8366815769168209,4.1834078845841045,0.11952593955954584
0.65,0.1,3.45,0.8394228288579022,4.197114144289511,0.11991754697970032
0.65,0.1,3.46,0.8421531624427461,4.21076581221373,0.12030759463467801
0.65,0.1,3.47,0.8448726869904741,4.22436343495237,0.1206960981414963
0.65,0.1,3.48,0.8475815099911914,4.237907549955957,0.12108307285588449
0.65,0.1,3.49,0.850279737148873,4.251398685744364,0.12146853387841042
0.65,0.1,3.5,0.8529674724229559,4.264837362114779,0.12185249606042227
0.65,0.1,3.51,0.8556448180686973,4.278224090343486,0.1222349740098139
0.65,0.1,3.52,0.8583118746763312,4.291559373381656,0.12261598209661874
0.65,0.1,3.53,0.8609687412090734,4.304843706045367,0.12299553445843905
0.65,0.1,3.54,0.8636155150400158,4.318077575200078,0.12337364500571654
0.65,0.1,3.55,0.8662522919879474,4.3312614599397365,0.12375032742684963
0.65,0.1,3.56,0.8688791663521387,4.344395831760693,0.12412559519316267
0.65,0.1,3.57,0.8714962309461342,4.357481154730671,0.12449946156373345
0.65,0.1,3.58,0.8741035771305748,4.370517885652874,0.12487193959008212
0.65,0.1,3.59,0.8767012948450943,4.383506474225471,0.12524304212072776
0.65,0.1,3.6,0.8792894726393172,4.396447363196586,0.12561278180561675
0.65,0.1,3.61,0.8818681977029894,4.409340988514947,0.12598117110042706
0.65,0.1,3.62,0.8844375558952718,4.422187779476359,0.12634822227075312
0.65,0.1,3.63,0.8869976317732235,4.434988158866117,0.12671394739617478
0.65,0.1,3.64,0.8895485086195042,4.447742543097521,0.12707835837421488
0.65,0.1,3.65,0.8920902684693197,4.460451342346598,0.12744146692418853
0.65,0.1,3.66,0.8946229921366391,4.473114960683195,0.12780328459094845
0.65,0.1,3.67,0.8971467592397007,4.485733796198503,0.12816382274852867
0.65,0.1,3.68,0.8996616482258386,4.498308241129193,0.12852309260369124
0.65,0.1,3.69,0.9021677363956466,4.510838681978233,0.1288811051993781
0.65,0.1,3.7,0.904665099926502,4.523325499632509,0.12923787141807172
0.65,0.1,3.71,0.9071538138954712,4.535769069477356,0.12959340198506733
0.65,0.1,3.72,0.9096339523016137,4.548169761508068,0.1299477074716591
0.65,0.1,3.73,0.9121055880877098,4.560527940438549,0.13030079829824426
0.65,0.1,3.74,0.9145687931614215,4.572843965807107,0.13065268473734593
0.65,0.1,3.75,0.9170236384159155,4.585118192079578,0.13100337691655936
0.65,0.1,3.76,0.919470193749951,4.597350968749755,0.13135288482142157
0.65,0.1,3.77,0.9219085280874656,4.609542640437327,0.13170121829820938
0.65,0.1,3.78,0.9243387093966584,4.621693546983292,0.1320483870566655
0.65,0.1,3.79,0.9267608047085987,4.633804023542993,0.13239440067265695
0.65,0.1,3.8,0.929174880135368,4.645874400676839,0.13273926859076685
0.65,0.1,3.81,0.9315810008877495,4.6579050044387476,0.13308300012682137
0.65,0.1,3.82,0.9339792312924843,4.669896156462421,0.1334256044703549
0.65,0.1,3.83,0.936369634809098,4.68184817404549,0.133767090687014
0.65,0.1,3.84,0.9387522740463223,4.693761370231611,0.13410746772090318
0.65,0.1,3.85,0.941127210778113,4.705636053890565,0.1344467443968733
0.65,0.1,3.86,0.9434945059592807,4.717472529796403,0.13478492942275438
0.65,0.1,3.87,0.9458542197407482,4.729271098703741,0.13512203139153547
0.65,0.1,3.88,0.9482064114844417,4.741032057422208,0.13545805878349168
0.65,0.1,3.89,0.9505511397778275,4.752755698889137,0.13579301996826107
0.65,0.1,3.9,0.9528884624481041,4.76444231224052,0.136126923206872
0.65,0.1,3.91,0.9552184365760628,4.776092182880314,0.13645977665372325
0.65,0.1,3.92,0.9575411185096196,4.787705592548098,0.1367915883585171
0.65,0.1,3.93,0.9598565638770373,4.799282819385186,0.1371223662681482
0.65,0.1,3.94,0.9621648275998351,4.810824137999175,0.1374521182285479
0.65,0.1,3.95,0.9644659639054075,4.822329819527037,0.1377808519864868
0.65,0.1,3.96,0.966760026339345,4.833800131696725,0.138108575191335
0.65,0.1,3.97,0.9690470677774847,4.845235338887424,0.13843529539678354
0.65,0.1,3.98,0.9713271404376768,4.856635702188384,0.13876102006252525
0.65,0.1,3.99,0.9736002958912928,4.868001479456463,0.13908575655589897
0.65,0.1,4.0,0.9758665850744714,4.879332925372357,0.13940951215349592
0.65,0.1,4.01,0.9781260582991144,4.8906302914955715,0.13973229404273063
0.65,0.1,4.02,0.9803787652636364,4.901893826318182,0.14005410932337664
0.65,0.1,4.03,0.9826247550634802,4.913123775317401,0.1403749650090686
0.65,0.1,4.04,0.9848640762013959,4.9243203810069796,0.14069486802877085
0.65,0.1,4.05,0.9870967765974985,4.9354838829874925,0.14101382522821407
0.65,0.1,4.06,0.9893229035991032,4.946614517995516,0.14133184337130048
0.65,0.1,4.07,0.9915425039903515,4.957712519951757,0.14164892914147878
0.65,0.1,4.08,0.9937556240016233,4.968778120008117,0.14196508914308906
0.65,0.1,4.09,0.995962309318753,4.979811546593765,0.142280329902679
0.65,0.1,4.1,0.9981626050920427,4.990813025460213,0.14259465787029182
0.65,0.1,4.11,1.0003565559450909,5.001782779725454,0.14290807942072728
0.65,0.1,4.12,1.0025442059834244,5.012721029917122,0.14322060085477492
0.65,0.1,4.13,1.004725598802957,5.023627994014785,0.14353222840042243
0.65,0.1,4.14,1.0069007774982677,5.034503887491338,0.14384296821403825
0.65,0.1,4.15,1.0090697846707022,5.045348923353511,0.14415282638152888
0.65,0.1,4.16,1.0112326624363122,5.05616331218156,0.14446180891947316
0.65,0.1,4.17,1.0133894524336273,5.066947262168136,0.14476992177623246
0.65,0.1,4.18,1.0155401958312662,5.07770097915633,0.14507717083303803
0.65,0.1,4.19,1.0176849333353934,5.088424666676967,0.14538356190505622
0.65,0.1,4.2,1.0198237051970214,5.099118525985107,0.14568910074243163
0.65,0.1,4.21,1.0219565512191706,5.109782756095853,0.14599379303131008
0.65,0.1,4.22,1.0240835107638746,5.120417553819372,0.14629764439483922
0.65,0.1,4.23,1.0262046227590549,5.131023113795274,0.1466006603941507
0.65,0.1,4.24,1.0283199257052489,5.141599628526244,0.14690284652932126
0.65,0.1,4.25,1.0304294576822113,5.152147288411056,0.1472042082403159
0.65,0.1,4.26,1.0325332563553788,5.162666281776894,0.14750475090791126
0.65,0.1,4.27,1.0346313589822091,5.173156794911045,0.1478044798546013
0.65,0.1,4.28,1.0367238024183962,5.183619012091981,0.14810340034548516
0.65,0.1,4.29,1.0388106231239618,5.194053115619808,0.1484015175891374
0.65,0.1,4.3,1.0408918571692287,5.204459285846143,0.14869883673846124
0.65,0.1,4.31,1.0429675402406804,5.214837701203401,0.14899536289152576
0.65,0.1,4.32,1.045037707646703,5.225188538233515,0.14929110109238614
0.65,0.1,4.33,1.0471023943232192,5.235511971616096,0.14958605633188846
0.65,0.1,4.34,1.0491616348392159,5.245808174196079,0.14988023354845942
0.65,0.1,4.35,1.0512154634021613,5.256077317010806,0.1501736376288802
0.65,0.1,4.36,1.0532639138633249,5.266319569316624,0.15046627340904642
0.65,0.1,4.37,1.0553070197229923,5.2765350986149615,0.15075814567471318
0.65,0.1,4.38,1.057344814135584,5.286724070677919,0.15104925916222628
0.65,0.1,4.39,1.0593773299146774,5.296886649573387,0.15133961855923964
0.65,0.1,4.4,1.0614045995379344,5.307022997689672,0.1516292285054192
0.65,0.1,4.41,1.063426655151941,5.317133275759704,0.1519180935931344
0.65,0.1,4.42,1.065443528576949,5.327217642884745,0.15220621836813558
0.65,0.1,4.43,1.0674552513115396,5.337276256557698,0.15249360733021994
0.65,0.1,4.44,1.0694618545371972,5.347309272685986,0.15278026493388533
0.65,0.1,4.45,1.0714633691227955,5.357316845613977,0.15306619558897078
0.65,0.1,4.46,1.0734598256290098,5.367299128145048,0.1533514036612871
0.65,0.1,4.47,1.0754512543126433,5.377256271563216,0.15363589347323475
0.65,0.1,4.48,1.0774376851308776,5.387188425654387,0.1539196693044111
0.65,0.1,4.49,1.0794191477454447,5.397095738727223,0.15420273539220639
0.65,0.1,4.5,1.0813956715267272,5.406978357633636,0.1544850959323896
0.65,0.1,4.51,1.0833672855577838,5.416836427788919,0.1547667550796834
0.65,0.1,4.52,1.0853340186383018,5.426670093191508,0.15504771694832883
0.65,0.1,4.53,1.0872958992884807,5.436479496442403,0.1553279856126401
0.65,0.1,4.54,1.0892529557528499,5.446264778764249,0.15560756510754997
0.65,0.1,4.55,1.0912052160040124,5.456026080020062,0.15588645942914464
0.65,0.1,4.56,1.0931527077463317,5.465763538731658,0.15616467253519023
0.65,0.1,4.57,1.0950954584195483,5.475477292097741,0.15644220834564976
0.65,0.1,4.58,1.0970334952023342,5.485167476011671,0.1567190707431906
0.65,0.1,4.59,1.0989668450157881,5.49483422507894,0.156995263573684
0.65,0.1,4.6,1.1008955345268683,5.504477672634341,0.15727079064669547
0.65,0.1,4.61,1.1028195901517692,5.5140979507588455,0.15754565573596704
0.65,0.1,4.62,1.1047390380592355,5.523695190296177,0.15781986257989078
0.65,0.1,4.63,1.1066539041738248,5.533269520869124,0.15809341488197498
0.65,0.1,4.64,1.1085642141791132,5.542821070895566,0.15836631631130188
0.65,0.1,4.65,1.1104699935208442,5.55234996760422,0.15863857050297775
0.65,0.1,4.66,1.1123712674100275,5.561856337050137,0.15891018105857535
0.65,0.1,4.67,1.1142680608259867,5.571340304129933,0.15918115154656953
0.65,0.1,4.68,1.116160398519353,5.580801992596764,0.1594514855027647
0.65,0.1,4.69,1.1180483050150087,5.590241525075044,0.15972118643071553
0.65,0.1,4.7,1.1199318046149866,5.599659023074933,0.15999025780214096
0.65,0.1,4.71,1.1218109214013172,5.609054607006586,0.16025870305733103
0.65,0.1,4.72,1.1236856792388292,5.618428396194146,0.16052652560554703
0.65,0.1,4.73,1.125556101777907,5.6277805088895345,0.1607937288254153
0.65,0.1,4.74,1.1274222124572004,5.637111062286002,0.16106031606531435
0.65,0.1,4.75,1.1292840345062893,5.646420172531446,0.16132629064375562
0.65,0.1,4.76,1.131141590948311,5.655707954741554,0.1615916558497587
0.65,0.1,4.77,1.1329949046025367,5.664974523012683,0.16185641494321953
0.65,0.1,4.78,1.134843998086914,5.67421999043457,0.16212057115527342
0.65,0.1,4.79,1.1366888938205624,5.683444469102811,0.16238412768865176
0.65,0.1,4.8,1.1385296140262342,5.69264807013117,0.16264708771803346
0.65,0.1,4.81,1.1403661807327328,5.701830903663663,0.1629094543903904
0.65,0.1,4.82,1.142198615777294,5.71099307888647,0.16317123082532772
0.65,0.1,4.83,1.1440269408079284,5.7201347040396415,0.16343242011541834
0.65,0.1,4.84,1.1458511772857292,5.729255886428645,0.16369302532653274
0.65,0.1,4.85,1.1476713464871409,5.738356732435704,0.16395304949816297
0.65,0.1,4.86,1.1494874695061947,5.7474373475309735,0.1642124956437421
0.65,0.1,4.87,1.1512995672567086,5.756497836283542,0.16447136675095836
0.65,0.1,4.88,1.1531076604744508,5.765538302372254,0.1647296657820644
0.65,0.1,4.89,1.1549117697192746,5.774558848596373,0.16498739567418208
0.65,0.1,4.9,1.1567119153772167,5.783559576886083,0.1652445593396024
0.65,0.1,4.91,1.1585081176625631,5.792540588312815,0.16550115966608045
0.65,0.1,4.92,1.1603003966198828,5.8015019830994135,0.1657571995171261
0.65,0.1,4.93,1.1620887721260373,5.810443860630186,0.16601268173229106
0.65,0.1,4.94,1.1638732638921478,5.819366319460739,0.1662676091274497
0.65,0.1,4.95,1.1656538914655437,5.828269457327718,0.16652198449507766
0.65,0.1,4.96,1.167430674231673,5.837153371158364,0.1667758106045247
0.65,0.1,4.97,1.169203631415992,5.84601815707996,0.16702909020228457
0.65,0.1,4.98,1.170972782085818,5.854863910429089,0.16728182601225972
0.65,0.1,4.99,1.1727381451521621,5.863690725760811,0.16753402073602316
0.65,0.1,5.0,1.1744997393715289,5.872498696857644,0.16778567705307554
0.65,0.2,2.5,0.3588455608532219,1.7942278042661093,0.05126365155046027
0.65,0.2,2.51,0.3623778663451713,1.8118893317258562,0.05176826662073875
0.65,0.2,2.52,0.3658746063864385,1.8293730319321924,0.05226780091234835
0.65,0.2,2.53,0.36933679260144475,1.8466839630072236,0.05276239894306354
0.65,0.2,2.54,0.3727653892297503,1.8638269461487513,0.0532521984613929
0.65,0.2,2.55,0.37616131618069726,1.8808065809034862,0.05373733088295675
0.65,0.2,2.56,0.3795254518393377,1.8976272591966885,0.05421792169133396
0.65,0.2,2.57,0.3828586356479588,1.9142931782397938,0.05469409080685126
0.65,0.2,2.58,0.38616167048476335,1.9308083524238167,0.055165952926394764
0.65,0.2,2.59,0.38943532485885696,1.9471766242942847,0.055633617836979565
0.65,0.2,2.6,0.39268033493859106,1.9634016746929552,0.05609719070551301
0.65,0.2,2.61,0.39589740642846943,1.979487032142347,0.0565567723469242
0.65,0.2,2.62,0.39908721630822064,1.9954360815411032,0.05701245947260295
0.65,0.2,2.63,0.402250414446207,2.0112520722310347,0.057464344920886715
0.65,0.2,2.64,0.4053876250980957,2.0269381254904784,0.05791251787115653
0.65,0.2,2.65,0.40849944830061785,2.042497241503089,0.058357064042945404
0.65,0.2,2.66,0.41158646116924946,2.057932305846247,0.05879806588132135
0.65,0.2,2.67,0.4146492191077925,2.073246095538962,0.059235602729684644
0.65,0.2,2.68,0.41768825693705985,2.0884412846852993,0.059669750991008554
0.65,0.2,2.69,0.42070408994918285,2.103520449745914,0.060100584278454695
0.65,0.2,2.7,0.42369721489344114,2.1184860744672056,0.06052817355620588
0.65,0.2,2.71,0.42666811089898243,2.1333405544949122,0.06095258727128321
0.65,0.2,2.72,0.42961724033929877,2.148086201696494,0.06137389147704268
0.65,0.2,2.73,0.4325450496428893,2.1627252482144463,0.06179214994898419
0.65,0.2,2.74,0.4354519700541543,2.1772598502707714,0.062207424293450615
0.65,0.2,2.75,0.43833841834820164,2.191692091741008,0.06261977404974309
0.65,0.2,2.76,0.4412047975029359,2.2060239875146794,0.0630292567861337
0.65,0.2,2.77,0.444051497331507,2.220257486657535,0.06343592819021529
0.65,0.2,2.78,0.44687889507794515,2.234394475389726,0.06383984215399216
0.65,0.2,2.79,0.4496873559785604,2.2484367798928018,0.06424105085408006
0.65,0.2,2.8,0.4524772337914923,2.262386168957461,0.06463960482735605
0.65,0.2,2.81,0.4552488712965832,2.276244356482916,0.06503555304236903
0.65,0.2,2.82,0.4580026007675853,2.2900130038379265,0.0654289429667979
0.65,0.2,2.83,0.4607387444185551,2.3036937220927753,0.06581982063122216
0.65,0.2,2.84,0.46345761482613357,2.317288074130668,0.06620823068944766
0.65,0.2,2.85,0.46615951532929023,2.330797576646451,0.0665942164756129
0.65,0.2,2.86,0.4688447404079819,2.3442237020399093,0.06697782005828314
0.65,0.2,2.87,0.4715135760420723,2.3575678802103615,0.06735908229172462
0.65,0.2,2.88,0.4741663000517534,2.3708315002587668,0.0677380428645362
0.65,0.2,2.89,0.476803182420623,2.3840159121031146,0.06811474034580328
0.65,0.2,2.9,0.479424485602487,2.397122428012435,0.06848921222892672
0.65,0.2,2.91,0.4820304648128759,2.4101523240643794,0.06886149497326799
0.65,0.2,2.92,0.4846213683061992,2.4231068415309958,0.06923162404374274
0.65,0.2,2.93,0.4871974376393887,2.4359871881969433,0.0695996339484841
0.65,0.2,2.94,0.4897589079228351,2.4487945396141755,0.06996555827469073
0.65,0.2,2.95,0.4923060080593493,2.4615300402967466,0.0703294297227642
0.65,0.2,2.96,0.49483896097184815,2.474194804859241,0.07069128013883545
0.65,0.2,2.97,0.49735798382040397,2.4867899191020197,0.071051140545772
0.65,0.2,2.98,0.49986328820925857,2.4993164410462927,0.07140904117275122
0.65,0.2,2.99,0.5023550803843683,2.5117754019218412,0.07176501148348118
0.65,0.2,3.0,0.5048335614219963,2.5241678071099813,0.07211908020314232
0.65,0.2,3.01,0.507298927408853,2.5364946370442647,0.07247127534412186
0.65,0.2,3.02,0.5097513696142318,2.548756848071159,0.07282162423060455
0.65,0.2,3.03,0.5121910746545844,2.5609553732729218,0.07317015352208348
0.65,0.2,3.04,0.5146182246509242,2.573091123254621,0.07351688923584632
0.65,0.2,3.05,0.5170329973794446,2.585164986897223,0.07386185676849209
0.65,0.2,3.06,0.5194355664157062,2.597177832078531,0.07420508091652946
0.65,0.2,3.07,0.5218261012727206,2.6091305063636026,0.07454658589610294
0.65,0.2,3.08,0.5242047675332487,2.6210238376662436,0.07488639536189268
0.65,0.2,3.09,0.5265717269766039,2.6328586348830196,0.07522453242522913
0.65,0.2,3.1,0.5289271377002404,2.6446356885012015,0.0755610196714629
0.65,0.2,3.11,0.5312711542363802,2.6563557711819006,0.07589587917662574
0.65,0.2,3.12,0.5336039276639333,2.668019638319666,0.07622913252341904
0.65,0.2,3.13,0.5359256057159292,2.679628028579646,0.07656080081656132
0.65,0.2,3.14,0.5382363328826938,2.691181664413469,0.07689090469752768
0.65,0.2,3.15,0.5405362505109563,2.7026812525547816,0.07721946435870805
0.65,0.2,3.16,0.542825496899101,2.7141274844955046,0.07754649955701443
0.65,0.2,3.17,0.5451042073887289,2.7255210369436442,0.07787202962696127
0.65,0.2,3.18,0.5473725144527143,2.736862572263571,0.0781960734932449
0.65,0.2,3.19,0.5496305477799112,2.7481527388995555,0.07851864968284446
0.65,0.2,3.2,0.5518784343566701,2.7593921717833503,0.07883977633666715
0.65,0.2,3.21,0.5541162985453042,2.770581492726521,0.07915947122075774
0.65,0.2,3.22,0.5563442621596516,2.781721310798258,0.07947775173709308
0.65,0.2,3.23,0.5585624445378569,2.792812222689284,0.07979463493397955
0.65,0.2,3.24,0.5607709626124974,2.8038548130624865,0.08011013751607106
0.65,0.2,3.25,0.5629699309781774,2.8148496548908866,0.08042427585402534
0.65,0.2,3.26,0.5651594619566932,2.8257973097834657,0.08073706599381332
0.65,0.2,3.27,0.5673396656598788,2.836698328299394,0.08104852366569697
0.65,0.2,3.28,0.5695106500502348,2.847553250251174,0.0813586642928907
0.65,0.2,3.29,0.57167252099943,2.85836260499715,0.08166750299991857
0.65,0.2,3.3,0.5738253823447699,2.8691269117238494,0.08197505462068141
0.65,0.2,3.31,0.5759693359437174,2.8798466797185864,0.08228133370624534
0.65,0.2,3.32,0.5781044817265463,2.890522408632731,0.08258635453236375
0.65,0.2,3.33,0.5802309177472056,2.901154588736028,0.08289013110674366
0.65,0.2,3.34,0.582348740232469,2.9117437011623446,0.083192677176067
0.65,0.2,3.35,0.5844580436294393,2.9222902181471966,0.08349400623277704
0.65,0.2,3.36,0.5865589206514727,2.9327946032573635,0.08379413152163896
0.65,0.2,3.37,0.5886514623225916,2.9432573116129577,0.0840930660460845
0.65,0.2,3.38,0.5907357580204411,2.9536787901022055,0.08439082257434873
0.65,0.2,3.39,0.5928118955178501,2.96405947758925,0.08468741364540715
0.65,0.2,3.4,0.5948799610230502,2.974399805115251,0.08498285157472145
0.65,0.2,3.41,0.5969400392186093,2.9847001960930464,0.08527714845980132
0.65,0.2,3.42,0.598992213299122,2.99496106649561,0.08557031618558886
0.65,0.2,3.43,0.601036565007714,3.0051828250385695,0.08586236642967342
0.65,0.2,3.44,0.603073174671398,3.01536587335699,0.08615331066734257
0.65,0.2,3.45,0.6051021212353312,3.025510606176656,0.0864431601764759
0.65,0.2,3.46,0.6071234822960099,3.0356174114800494,0.08673192604228712
0.65,0.2,3.47,0.609137334133449,3.0456866706672447,0.08701961916192127
0.65,0.2,3.48,0.6111437517423739,3.0557187587118695,0.08730625024891056
0.65,0.2,3.49,0.6131428088624719,3.065714044312359,0.08759182983749599
0.65,0.2,3.5,0.6151345780077313,3.0756728900386565,0.08787636828681876
0.65,0.2,3.51,0.6171191304949014,3.085595652474507,0.08815987578498592
0.65,0.2,3.52,0.6190965364711114,3.095482682355557,0.08844236235301592
0.65,0.2,3.53,0.6210668649406689,3.1053343247033443,0.08872383784866698
0.65,0.2,3.54,0.6230301837910769,3.115150918955384,0.08900431197015383
0.65,0.2,3.55,0.624986559818293,3.124932799091465,0.08928379425975615
0.65,0.2,3.56,0.6269360587512545,3.134680293756272,0.08956229410732207
0.65,0.2,3.57,0.6288787452757018,3.1443937263785084,0.08983982075367168
0.65,0.2,3.58,0.6308146830573186,3.1540734152865926,0.09011638329390266
0.65,0.2,3.59,0.6327439347642175,3.1637196738210873,0.09039199068060251
0.65,0.2,3.6,0.6346665620887906,3.1733328104439527,0.09066665172697008
0.65,0.2,3.61,0.636582625768945,3.1829131288447248,0.09094037510984929
0.65,0.2,3.62,0.6384921856087515,3.1924609280437575,0.09121316937267879
0.65,0.2,3.63,0.6403953004985179,3.2019765024925895,0.0914850429283597
0.65,0.2,3.64,0.6422920284343108,3.211460142171554,0.0917560040620444
0.65,0.2,3.65,0.6441824265369448,3.220912132684724,0.09202606093384925
0.65,0.2,3.66,0.6460665510704544,3.230332755352272,0.09229522158149349
0.65,0.2,3.67,0.6479444574600663,3.2397222873003315,0.09256349392286663
0.65,0.2,3.68,0.6498162003096917,3.249081001548458,0.09283088575852738
0.65,0.2,3.69,0.6516818334189461,3.2584091670947304,0.09309740477413517
0.65,0.2,3.7,0.6535414097997257,3.2677070489986284,0.09336305854281797
0.65,0.2,3.71,0.6553949816923381,3.2769749084616904,0.09362785452747688
0.65,0.2,3.72,0.6572426005812154,3.2862130029060768,0.09389180008303077
0.65,0.2,3.73,0.6590843172102153,3.2954215860510763,0.09415490245860218
0.65,0.2,3.74,0.6609201815975264,3.304600907987632,0.09441716879964664
0.65,0.2,3.75,0.6627502430501889,3.3137512152509445,0.09467860615002699
0.65,0.2,3.76,0.6645745501782436,3.322872750891218,0.0949392214540348
0.65,0.2,3.77,0.6663931509085184,3.331965754542592,0.09519902155835977
0.65,0.2,3.78,0.6682060924980693,3.3410304624903464,0.0954580132140099
0.65,0.2,3.79,0.6700134215472802,3.350067107736401,0.09571620307818288
0.65,0.2,3.8,0.6718151840126327,3.3590759200631637,0.09597359771609039
0.65,0.2,3.81,0.6736114252191632,3.368057126095816,0.0962302036027376
0.65,0.2,3.82,0.6754021898726045,3.3770109493630223,0.09648602712465779
0.65,0.2,3.83,0.6771875220712357,3.3859376103561782,0.0967410745816051
0.65,0.2,3.84,0.6789674653174336,3.394837326587168,0.09699535218820479
0.65,0.2,3.85,0.6807420625289503,3.403710312644751,0.09724886607556434
0.65,0.2,3.86,0.682511356049912,3.4125567802495596,0.09750162229284456
0.65,0.2,3.87,0.6842753876615549,3.4213769383077746,0.09775362680879356
0.65,0.2,3.88,0.6860341985927031,3.4301709929635154,0.0980048855132433
0.65,0.2,3.89,0.687787829529997,3.4389391476499847,0.098255404218571
0.65,0.2,3.9,0.6895363206278781,3.44768160313939,0.09850518866112544
0.65,0.2,3.91,0.6912797115183394,3.456398557591697,0.09875424450261992
0.65,0.2,3.92,0.693018041320446,3.4650902066022296,0.09900257733149229
0.65,0.2,3.93,0.6947513486496334,3.473756743248167,0.09925019266423334
0.65,0.2,3.94,0.6964796716267901,3.4823983581339504,0.09949709594668431
0.65,0.2,3.95,0.6982030478871298,3.491015239435649,0.09974329255530426
0.65,0.2,3.96,0.6999215145888599,3.4996075729442992,0.09998878779840856
0.65,0.2,3.97,0.7016351084216519,3.508175542108259,0.10023358691737884
0.65,0.2,3.98,0.7033438656149182,3.516719328074591,0.10047769508784546
0.65,0.2,3.99,0.7050478219459031,3.5252391097295153,0.1007211174208433
0.65,0.2,4.0,0.7067470127475882,3.5337350637379408,0.10096385896394118
0.65,0.2,4.01,0.7084414729164249,3.5422073645821244,0.10120592470234642
0.65,0.2,4.02,0.7101312369198912,3.5506561845994558,0.10144731955998446
0.65,0.2,4.03,0.7118163388038821,3.5590816940194103,0.10168804840055458
0.65,0.2,4.04,0.713496812199935,3.567484060999675,0.10192811602856214
0.65,0.2,4.05,0.7151726903323001,3.5758634516615007,0.1021675271903286
0.65,0.2,4.06,0.7168440060248523,3.5842200301242615,0.1024062865749789
0.65,0.2,4.07,0.718510791707854,3.59255395853927,0.10264439881540773
0.65,0.2,4.08,0.7201730794245718,3.600865397122859,0.10288186848922454
0.65,0.2,4.09,0.7218309008377501,3.6091545041887505,0.1031187001196786
0.65,0.2,4.1,0.7234842872359467,3.6174214361797334,0.10335489817656382
0.65,0.2,4.11,0.7251332695397317,3.625666347698658,0.10359046707710452
0.65,0.2,4.12,0.7267778783077553,3.6338893915387764,0.10382541118682219
0.65,0.2,4.13,0.728418143742688,3.64209071871344,0.104059734820384
0.65,0.2,4.14,0.7300540956970347,3.6502704784851736,0.10429344224243353
0.65,0.2,4.15,0.7316857636788279,3.6584288183941394,0.10452653766840399
0.65,0.2,4.16,0.7333131768571995,3.6665658842859976,0.10475902526531422
0.65,0.2,4.17,0.7349363640678437,3.6746818203392184,0.10499090915254909
0.65,0.2,4.18,0.7365553538183576,3.6827767690917876,0.10522219340262251
0.65,0.2,4.19,0.7381701742934798,3.6908508714673984,0.10545288204192568
0.65,0.2,4.2,0.7397808533602173,3.6989042668010863,0.10568297905145961
0.65,0.2,4.21,0.7413874185728705,3.706937092864352,0.10591248836755293
0.65,0.2,4.22,0.7429898971779543,3.7149494858897714,0.1061414138825649
0.65,0.2,4.23,0.7445883161190218,3.7229415805951085,0.10636975944557454
0.65,0.2,4.24,0.746182702041388,3.73091351020694,0.10659752886305543
0.65,0.2,4.25,0.747773081296763,3.7388654064838147,0.10682472589953758
0.65,0.2,4.26,0.7493594799477895,3.746797399738947,0.10705135427825564
0.65,0.2,4.27,0.7509419237724915,3.7547096188624574,0.10727741768178449
0.65,0.2,4.28,0.7525204382686357,3.7626021913431784,0.10750291975266224
0.65,0.2,4.29,0.7540950486580067,3.7704752432900333,0.10772786409400095
0.65,0.2,4.3,0.7556657798905975,3.7783288994529873,0.10795225427008535
0.65,0.2,4.31,0.7572326566487203,3.786163283243601,0.10817609380696004
0.65,0.2,4.32,0.7587957033510361,3.79397851675518,0.10839938619300515
0.65,0.2,4.33,0.7603549441565072,3.801774720782536,0.10862213487950102
0.65,0.2,4.34,0.7619104029682722,3.8095520148413606,0.10884434328118174
0.65,0.2,4.35,0.763462103437448,3.81731051718724,0.10906601477677828
0.65,0.2,4.36,0.765010068966862,3.8250503448343096,0.10928715270955171
0.65,0.2,4.37,0.7665543227147051,3.8327716135735255,0.10950776038781503
0.65,0.2,4.38,0.7680948875981263,3.8404744379906313,0.10972784108544661
0.65,0.2,4.39,0.7696317862967512,3.848158931483756,0.10994739804239304
0.65,0.2,4.4,0.7711650412561389,3.8558252062806946,0.11016643446516271
0.65,0.2,4.41,0.7726946746911721,3.8634733734558604,0.1103849535273103
0.65,0.2,4.42,0.7742207085893865,3.8711035429469325,0.11060295836991237
0.65,0.2,4.43,0.7757431647142364,3.878715823571182,0.11082045210203377
0.65,0.2,4.44,0.7772620646083002,3.8863103230415006,0.11103743780118573
0.65,0.2,4.45,0.7787774295964284,3.8938871479821415,0.11125391851377549
0.65,0.2,4.46,0.7802892807888338,3.9014464039441688,0.11146989725554768
0.65,0.2,4.47,0.7817976390841233,3.908988195420616,0.11168537701201761
0.65,0.2,4.48,0.783302525172277,3.916512625861385,0.11190036073889673
0.65,0.2,4.49,0.7848039595375733,3.9240197976878664,0.11211485136251047
0.65,0.2,4.5,0.7863019624614597,3.931509812307298,0.11232885178020853
0.65,0.2,4.51,0.7877965540253739,3.938982770126869,0.1125423648607677
0.65,0.2,4.52,0.7892877541135132,3.9464387705675654,0.11275539344478759
0.65,0.2,4.53,0.7907755824155553,3.9538779120777767,0.11296794034507933
0.65,0.2,4.54,0.7922600584293314,3.961300292146657,0.11318000834704735
0.65,0.2,4.55,0.7937412014634508,3.968706007317254,0.1133916002090644
0.65,0.2,4.56,0.7952190306398809,3.976095153199404,0.11360271866284012
0.65,0.2,4.57,0.7966935648964807,3.9834678244824033,0.11381336641378295
0.65,0.2,4.58,0.7981648229894902,3.990824114947451,0.11402354614135575
0.65,0.2,4.59,0.7996328234959785,3.9981641174798925,0.1142332604994255
0.65,0.2,4.6,0.8010975848162469,4.005487924081234,0.1144425121166067
0.65,0.2,4.61,0.8025591251761923,4.012795625880961,0.1146513035965989
0.65,0.2,4.62,0.8040174626296284,4.020087313148141,0.11485963751851834
0.65,0.2,4.63,0.8054726150605703,4.027363075302851,0.11506751643722433
0.65,0.2,4.64,0.8069246001854763,4.034623000927382,0.11527494288363947
0.65,0.2,4.65,0.8083734355554546,4.041867177777273,0.11548191936506494
0.65,0.2,4.66,0.8098191385584304,4.049095692792151,0.11568844836549005
0.65,0.2,4.67,0.8112617264212786,4.056308632106393,0.11589453234589694
0.65,0.2,4.68,0.8127012162119206,4.063506081059603,0.11610017374456008
0.65,0.2,4.69,0.8141376248413826,4.070688124206913,0.11630537497734038
0.65,0.2,4.7,0.8155709690658246,4.077854845329123,0.11651013843797495
0.65,0.2,4.71,0.817001265488533,4.085006327442665,0.11671446649836185
0.65,0.2,4.72,0.8184285305618786,4.092142652809392,0.1169183615088398
0.65,0.2,4.73,0.8198527805892477,4.099263902946238,0.11712182579846396
0.65,0.2,4.74,0.8212740317269348,4.1063701586346735,0.1173248616752764
0.65,0.2,4.75,0.8226922999860107,4.113461499930053,0.11752747142657295
0.65,0.2,4.76,0.8241076012341535,4.120538006170767,0.11772965731916478
0.65,0.2,4.77,0.8255199511974581,4.127599755987291,0.11793142159963688
0.65,0.2,4.78,0.8269293654622077,4.134646827311038,0.11813276649460111
0.65,0.2,4.79,0.8283358594766234,4.141679297383116,0.1183336942109462
0.65,0.2,4.8,0.8297394485525823,4.148697242762911,0.11853420693608319
0.65,0.2,4.81,0.8311401478673093,4.155700739336546,0.11873430683818705
0.65,0.2,4.82,0.832537972465041,4.162689862325204,0.11893399606643443
0.65,0.2,4.83,0.8339329372586656,4.169664686293328,0.11913327675123794
0.65,0.2,4.84,0.835325057031332,4.17662528515666,0.119332151004476
0.65,0.2,4.85,0.8367143464380391,4.183571732190195,0.11953062091971987
0.65,0.2,4.86,0.8381008200071978,4.190504100035988,0.11972868857245682
0.65,0.2,4.87,0.8394844921421656,4.197422460710827,0.11992635602030936
0.65,0.2,4.88,0.8408653771227624,4.204326885613812,0.12012362530325178
0.65,0.2,4.89,0.8422434891067603,4.211217445533801,0.12032049844382289
0.65,0.2,4.9,0.8436188421313479,4.218094210656739,0.1205169774473354
0.65,0.2,4.91,0.8449914501145771,4.224957250572885,0.12071306430208244
0.65,0.2,4.92,0.8463613268567831,4.231806634283915,0.12090876097954044
0.65,0.2,4.93,0.8477284860419855,4.238642430209927,0.12110406943456935
0.65,0.2,4.94,0.8490929412392667,4.2454647061963335,0.12129899160560953
0.65,0.2,4.95,0.8504547059041278,4.252273529520639,0.12149352941487539
0.65,0.2,4.96,0.8518137933798277,4.259068966899138,0.12168768476854681
0.65,0.2,4.97,0.8531702168986999,4.265851084493499,0.12188145955695713
0.65,0.2,4.98,0.8545239895834472,4.272619947917236,0.12207485565477817
0.65,0.2,4.99,0.8558751244484208,4.279375622242104,0.12226787492120297
0.65,0.2,5.0,0.8572236344008783,4.286118172004391,0.12246051920012548
0.65,0.3,2.5,0.23378197458330374,1.1689098729165186,0.033397424940471966
0.65,0.3,2.51,0.2360975268835575,1.1804876344177875,0.0337282181262225
0.65,0.3,2.52,0.23839017644207058,1.1919508822103528,0.03405573949172437
0.65,0.3,2.53,0.24066057798454127,1.2033028899227063,0.034380082569220184
0.65,0.3,2.54,0.2429093555236714,1.214546777618357,0.03470133650338163
0.65,0.3,2.55,0.2451371043402352,1.225685521701176,0.035019586334319314
0.65,0.3,2.56,0.24734439280279383,1.236721964013969,0.035334913257541976
0.65,0.3,2.57,0.24953176404182972,1.2476588202091485,0.035647394863118534
0.65,0.3,2.58,0.25169973749229535,1.2584986874614768,0.03595710535604219
0.65,0.3,2.59,0.253848810316995,1.269244051584975,0.03626411575957072
0.65,0.3,2.6,0.25597945872186845,1.2798972936093422,0.036568494103124065
0.65,0.3,2.61,0.2580921391730393,1.2904606958651965,0.03687030559614847
0.65,0.3,2.62,0.2601872895244571,1.3009364476222853,0.037169612789208155
0.65,0.3,2.63,0.26226533006402525,1.3113266503201262,0.03746647572343218
0.65,0.3,2.64,0.2643266644853083,1.3216333224265413,0.03776095206932976
0.65,0.3,2.65,0.2663716807911892,1.331858403955946,0.038053097255884176
0.65,0.3,2.66,0.26840075213520986,1.3420037606760493,0.038342964590744266
0.65,0.3,2.67,0.27041423760577127,1.3520711880288563,0.03863060537225304
0.65,0.3,2.68,0.2724124829578664,1.3620624147893319,0.038916068993980917
0.65,0.3,2.69,0.2743958212965711,1.3719791064828553,0.0391994030423673
0.65,0.3,2.7,0.2763645737161287,1.3818228685806435,0.039480653388018386
0.65,0.3,2.71,0.27831904989810174,1.3915952494905086,0.039759864271157394
0.65,0.3,2.72,0.28025954867175185,1.4012977433587592,0.04003707838167884
0.65,0.3,2.73,0.28218635853952234,1.4109317926976117,0.04031233693421748
0.65,0.3,2.74,0.28409975817024613,1.4204987908512305,0.04058567973860659
0.65,0.3,2.75,0.28600001686246335,1.4300000843123166,0.040857145266066194
0.65,0.3,2.76,0.2878873949800435,1.4394369749002174,0.041126770711434786
0.65,0.3,2.77,0.2897621443620978,1.4488107218104889,0.041394592051728255
0.65,0.3,2.78,0.2916245087090227,1.4581225435451133,0.04166064410128895
0.65,0.3,2.79,0.2934747239463446,1.4673736197317229,0.04192496056376351
0.65,0.3,2.8,0.29531301856791015,1.4765650928395506,0.04218757408113002
0.65,0.3,2.81,0.2971396139598374,1.4856980697991868,0.04244851627997677
0.65,0.3,2.82,0.2989547247065276,1.494773623532638,0.04270781781521823
0.65,0.3,2.83,0.3007585588799395,1.5037927943996976,0.04296550841141993
0.65,0.3,2.84,0.30255131831323184,1.5127565915661592,0.04322161690189026
0.65,0.3,2.85,0.3043331988597925,1.5216659942989623,0.04347617126568464
0.65,0.3,2.86,0.30610439063859846,1.5305219531929921,0.04372919866265692
0.65,0.3,2.87,0.30786507826677845,1.5393253913338922,0.043980725466682635
0.65,0.3,2.88,0.3096154410801827,1.5480772054009133,0.044230777297168955
0.65,0.3,2.89,0.31135565334271154,1.5567782667135577,0.04447937904895879
0.65,0.3,2.9,0.3130858844450882,1.565429422225441,0.04472655492072689
0.65,0.3,2.91,0.31480629909372954,1.5740314954686476,0.04497232844196136
0.65,0.3,2.92,0.316517057490319,1.5825852874515949,0.045216722498617
0.65,0.3,2.93,0.31821831550256763,1.591091577512838,0.04545975935750966
0.65,0.3,2.94,0.3199102248267709,1.5995511241338545,0.045701460689538696
0.65,0.3,2.95,0.32159293314265547,1.6079646657132773,0.04594184759180792
0.65,0.3,2.96,0.3232665842608477,1.6163329213042383,0.04618094060869253
0.65,0.3,2.97,0.3249313182634692,1.624656591317346,0.04641875975192417
0.65,0.3,2.98,0.32658727163823004,1.63293635819115,0.046655324519747146
0.65,0.3,2.99,0.3282345774058827,1.6411728870294133,0.0468906539151261
0.65,0.3,3.0,0.32987336524437594,1.6493668262218797,0.04712476646348228
0.65,0.3,3.01,0.3315037616025279,1.6575188080126395,0.04735768022893256
0.65,0.3,3.02,0.3331258898135155,1.6656294490675774,0.04758941283050221
0.65,0.3,3.03,0.33473987020095886,1.6736993510047942,0.047819981457279837
0.65,0.3,3.04,0.3363458201808627,1.6817291009043134,0.04804940288298038
0.65,0.3,3.05,0.3379438543591577,1.6897192717957883,0.04827769347987967
0.65,0.3,3.06,0.33953408462507517,1.6976704231253759,0.048504869232153594
0.65,0.3,3.07,0.3411166202405663,1.7055831012028315,0.04873094574865233
0.65,0.3,3.08,0.34269156792597316,1.7134578396298656,0.04895593827513902
0.65,0.3,3.09,0.3442590319421381,1.7212951597106902,0.04917986170601973
0.65,0.3,3.1,0.3458191141691328,1.729095570845664,0.0494027305955904
0.65,0.3,3.11,0.34737191418177676,1.7368595709088837,0.04962455916882525
0.65,0.3,3.12,0.3489175293220997,1.7445876466104984,0.049845361331728524
0.65,0.3,3.13,0.35045605476890296,1.7522802738445147,0.050065150681271854
0.65,0.3,3.14,0.3519875836045556,1.759937918022778,0.050283940514936516
0.65,0.3,3.15,0.35351220687916335,1.7675610343958166,0.05050174383988048
0.65,0.3,3.16,0.3550300136722307,1.7751500683611534,0.05071857338174724
0.65,0.3,3.17,0.35654109115193794,1.7827054557596895,0.05093444159313399
0.65,0.3,3.18,0.358045524632146,1.79022762316073,0.051149360661735144
0.65,0.3,3.19,0.3595433976272294,1.797716988136147,0.051363342518175634
0.65,0.3,3.2,0.3610347919048454,1.8051739595242269,0.051576398843549344
0.65,0.3,3.21,0.36251978753672465,1.8125989376836231,0.05178854107667495
0.65,0.3,3.22,0.36399846294758104,1.8199923147379051,0.051999780421083004
0.65,0.3,3.23,0.365470894962222,1.82735447481111,0.052210127851746
0.65,0.3,3.24,0.3669371588509368,1.834685794254684,0.0524195941215624
0.65,0.3,3.25,0.3683973283732452,1.8419866418662258,0.052628189767606456
0.65,0.3,3.26,0.3698514758200725,1.8492573791003624,0.05283592511715322
0.65,0.3,3.27,0.37129967205442427,1.8564983602721212,0.05304281029348918
0.65,0.3,3.28,0.3727419865506211,1.8637099327531053,0.053248855221517295
0.65,0.3,3.29,0.3741784874321597,1.8708924371607984,0.05345406963316567
0.65,0.3,3.3,0.3756092415082536,1.8780462075412678,0.05365846307260765
0.65,0.3,3.31,0.37703431430911616,1.8851715715455808,0.05386204490130231
0.65,0.3,3.32,0.3784537701200303,1.8922688506001513,0.05406482430286147
0.65,0.3,3.33,0.37986767201426236,1.8993383600713116,0.054266810287751766
0.65,0.3,3.34,0.381276081884864,1.90638040942432,0.054468011697837715
0.65,0.3,3.35,0.3826790604754085,1.9133953023770425,0.05466843721077264
0.65,0.3,3.36,0.384076667409706,1.9203833370485297,0.05486809534424371
0.65,0.3,3.37,0.3854689612205368,1.9273448061026839,0.055066994460076686
0.65,0.3,3.38,0.38685599937744275,1.9342799968872137,0.055265142768206106
0.65,0.3,3.39,0.3882378383136164,1.941189191568082,0.05546254833051663
0.65,0.3,3.4,0.3896145334519203,1.9480726672596016,0.05565921906456005
0.65,0.3,3.41,0.3909861392300717,1.9549306961503583,0.055855162747153096
0.65,0.3,3.42,0.3923527091250265,1.9617635456251326,0.05605038701786093
0.65,0.3,3.43,0.3937142956765912,1.968571478382956,0.05624489938237017
0.65,0.3,3.44,0.39507095051029434,1.9753547525514716,0.056438707215756334
0.65,0.3,3.45,0.3964227243595446,1.982113621797723,0.05663181776564923
0.65,0.3,3.46,0.39776966708710176,1.9888483354355087,0.05682423815530025
0.65,0.3,3.47,0.3991118277058907,1.9955591385294535,0.05701597538655582
0.65,0.3,3.48,0.400449254399175,2.0022462719958747,0.057207036342739284
0.65,0.3,3.49,0.4017819945401222,2.008909972700611,0.05739742779144603
0.65,0.3,3.5,0.40311009471077847,2.0155504735538923,0.05758715638725407
0.65,0.3,3.51,0.4044336007204746,2.022168003602373,0.05777622867435351
0.65,0.3,3.52,0.4057525576236862,2.028762788118431,0.057964651089098033
0.65,0.3,3.53,0.40706700973736426,2.035335048686821,0.05815242996248061
0.65,0.3,3.54,0.4083770006577597,2.0418850032887983,0.058339571522537104
0.65,0.3,3.55,0.40968257327675467,2.048412866383773,0.05852608189667924
0.65,0.3,3.56,0.4109837697977238,2.0549188489886188,0.05871196711396054
0.65,0.3,3.57,0.4122806317509355,2.0614031587546773,0.0588972331072765
0.65,0.3,3.58,0.4135732000085166,2.067866000042583,0.05908188571550237
0.65,0.3,3.59,0.41486151479898775,2.074307573994939,0.05926593068556968
0.65,0.3,3.6,0.41614561572139264,2.080728078606963,0.05944937367448466
0.65,0.3,3.61,0.41742554175902646,2.087127708795132,0.059632220251289496
0.65,0.3,3.62,0.41870133129278475,2.0935066564639238,0.05981447589896925
0.65,0.3,3.63,0.4199730221141406,2.099865110570703,0.059996146016305804
0.65,0.3,3.64,0.4212406514377651,2.1062032571888256,0.06017723591968073
0.65,0.3,3.65,0.4225042559138014,2.112521279569007,0.06035775084482877
0.65,0.3,3.66,0.42376387163980656,2.1188193581990324,0.060537695948543795
0.65,0.3,3.67,0.4250195341723677,2.1250976708618383,0.06071707631033824
0.65,0.3,3.68,0.42627127853840874,2.1313563926920436,0.06089589693405839
0.65,0.3,3.69,0.4275191392461923,2.1375956962309615,0.06107416274945604
0.65,0.3,3.7,0.4287631502960316,2.143815751480158,0.0612518786137188
0.65,0.3,3.71,0.4300033451907177,2.1500167259535883,0.06142904931295967
0.65,0.3,3.72,0.43123975694567385,2.1561987847283692,0.06160567956366769
0.65,0.3,3.73,0.4324724180988441,2.1623620904942205,0.06178177401412059
0.65,0.3,3.74,0.43370136072032683,2.168506803601634,0.061957337245760975
0.65,0.3,3.75,0.43492661642175695,2.1746330821087847,0.06213237377453671
0.65,0.3,3.76,0.4361482163654498,2.180741081827249,0.06230688805220712
0.65,0.3,3.77,0.43736619127331167,2.186830956366558,0.06248088446761595
0.65,0.3,3.78,0.43858057143552126,2.1929028571776064,0.0626543673479316
0.65,0.3,3.79,0.4397913867189972,2.1989569335949857,0.06282734095985675
0.65,0.3,3.8,0.4409986665756479,2.204993332878239,0.06299980951080685
0.65,0.3,3.81,0.4422024400504192,2.211012200252096,0.06317177715005988
0.65,0.3,3.82,0.44340273578914163,2.217013678945708,0.06334324796987738
0.65,0.3,3.83,0.44459958204618294,2.2229979102309145,0.06351422600659756
0.65,0.3,3.84,0.4457930066919134,2.2289650334595668,0.06368471524170191
0.65,0.3,3.85,0.44698303721998994,2.2349151860999497,0.0638547196028557
0.65,0.3,3.86,0.4481697007544617,2.2408485037723085,0.06402424296492311
0.65,0.3,3.87,0.44935302405670613,2.2467651202835306,0.06419328915095802
0.65,0.3,3.88,0.4505330335321956,2.252665167660978,0.0643618619331708
0.65,0.3,3.89,0.45170975523710655,2.2585487761855325,0.06452996503387236
0.65,0.3,3.9,0.45288321488476735,2.2644160744238366,0.06469760212639533
0.65,0.3,3.91,0.45405343785195607,2.2702671892597803,0.06486477683599372
0.65,0.3,3.92,0.45522044918505056,2.2761022459252525,0.06503149274072151
0.65,0.3,3.93,0.45638427360603334,2.2819213680301664,0.06519775337229047
0.65,0.3,3.94,0.4575449355183571,2.2877246775917857,0.06536356221690816
0.65,0.3,3.95,0.45870245901267537,2.2935122950633766,0.06552892271609648
0.65,0.3,3.96,0.4598568678724403,2.299284339362201,0.06569383826749146
0.65,0.3,3.97,0.461008185579372,2.3050409278968598,0.06585831222562458
0.65,0.3,3.98,0.46215643531880446,2.310782176594022,0.06602234790268635
0.65,0.3,3.99,0.4633016399849089,2.3165081999245443,0.0661859485692727
0.65,0.3,4.0,0.4644438221857998,2.322219110928999,0.06634911745511426
0.65,0.3,4.01,0.46558300424852683,2.327915021242634,0.06651185774978954
0.65,0.3,4.02,0.4667192082239537,2.3335960411197685,0.06667417260342196
0.65,0.3,4.03,0.4678524558915309,2.3392622794576545,0.06683606512736155
0.65,0.3,4.04,0.4689827687639598,2.344913843819799,0.0669975383948514
0.65,0.3,4.05,0.47011016809175776,2.3505508404587885,0.06715859544167968
0.65,0.3,4.06,0.47123467486771986,2.3561733743385993,0.06731923926681713
0.65,0.3,4.07,0.4723563098312854,2.3617815491564267,0.06747947283304077
0.65,0.3,4.08,0.47347509347280886,2.3673754673640444,0.06763929906754412
0.65,0.3,4.09,0.4745910460377393,2.3729552301886963,0.06779872086253418
0.65,0.3,4.1,0.4757041875307085,2.3785209376535423,0.0679577410758155
0.65,0.3,4.11,0.47681453771953436,2.3840726885976715,0.06811636253136205
0.65,0.3,4.12,0.47792211613913615,2.3896105806956807,0.0682745880198766
0.65,0.3,4.13,0.47902694209536834,2.3951347104768415,0.06843242029933834
0.65,0.3,4.14,0.4801290346687737,2.4006451733438685,0.0685898620955391
0.65,0.3,4.15,0.4812284127182579,2.406142063591289,0.06874691610260827
0.65,0.3,4.16,0.48232509488468556,2.4116254744234276,0.06890358498352651
0.65,0.3,4.17,0.48341909959440316,2.417095497972016,0.06905987137062902
0.65,0.3,4.18,0.48451044506268975,2.422552225313449,0.06921577786609853
0.65,0.3,4.19,0.48559914929713455,2.4279957464856725,0.06937130704244779
0.65,0.3,4.2,0.4866852301009457,2.4334261505047285,0.06952646144299225
0.65,0.3,4.21,0.4877687050761942,2.4388435253809706,0.06968124358231345
0.65,0.3,4.22,0.48884959162698693,2.4442479581349343,0.06983565594671241
0.65,0.3,4.23,0.48992790696258043,2.449639534812902,0.06998970099465435
0.65,0.3,4.24,0.4910036681004293,2.4550183405021464,0.07014338115720418
0.65,0.3,4.25,0.4920768918691737,2.4603844593458684,0.07029669883845338
0.65,0.3,4.26,0.4931475949115682,2.465737974557841,0.07044965641593831
0.65,0.3,4.27,0.4942157936873508,2.471078968436754,0.07060225624105011
0.65,0.3,4.28,0.49528150447605807,2.47640752238029,0.07075450063943686
0.65,0.3,4.29,0.4963447433797809,2.4817237168989044,0.07090639191139728
0.65,0.3,4.3,0.49740552632586954,2.4870276316293474,0.07105793233226708
0.65,0.3,4.31,0.4984638690695845,2.4923193453479224,0.07120912415279779
0.65,0.3,4.32,0.49951978719669604,2.49759893598348,0.071359969599528
0.65,0.3,4.33,0.5005732961260323,2.5028664806301615,0.07151047087514747
0.65,0.3,4.34,0.5016244111119812,2.5081220555599057,0.07166063015885446
0.65,0.3,4.35,0.5026731472469408,2.5133657362347037,0.07181044960670582
0.65,0.3,4.36,0.5037195194637255,2.518597597318627,0.07195993135196078
0.65,0.3,4.37,0.5047635425379251,2.5238177126896253,0.07210907750541787
0.65,0.3,4.38,0.5058052310902196,2.5290261554510978,0.07225789015574566
0.65,0.3,4.39,0.5068445995886498,2.5342229979432487,0.07240637136980711
0.65,0.3,4.4,0.507881662350847,2.5394083117542348,0.07255452319297814
0.65,0.3,4.41,0.5089164335462177,2.5445821677310887,0.07270234764945968
0.65,0.3,4.42,0.5099489271980919,2.5497446359904594,0.07284984674258456
0.65,0.3,4.43,0.5109791571858271,2.5548957859291352,0.07299702245511816
0.65,0.3,4.44,0.5120071372468766,2.560035686234383,0.0731438767495538
0.65,0.3,4.45,0.5130328809788185,2.5651644048940923,0.07329041156840264
0.65,0.3,4.46,0.5140564018413482,2.5702820092067404,0.07343662883447831
0.65,0.3,4.47,0.5150777131582325,2.575388565791162,0.07358253045117606
0.65,0.3,4.48,0.5160968281192314,2.5804841405961567,0.07372811830274735
0.65,0.3,4.49,0.5171137597819823,2.585568798909911,0.07387339425456889
0.65,0.3,4.5,0.5181285210738513,2.5906426053692564,0.07401836015340733
0.65,0.3,4.51,0.5191411247937523,2.5957056239687613,0.0741630178276789
0.65,0.3,4.52,0.5201515836139315,2.6007579180696574,0.07430736908770451
0.65,0.3,4.53,0.521159910081721,2.605799550408605,0.07445141572596015
0.65,0.3,4.54,0.5221661166212621,2.6108305831063103,0.07459515951732316
0.65,0.3,4.55,0.5231702155351974,2.6158510776759867,0.07473860221931392
0.65,0.3,4.56,0.524172219006332,2.62086109503166,0.07488174557233315
0.65,0.3,4.57,0.5251721390992685,2.6258606954963426,0.0750245912998955
0.65,0.3,4.58,0.5261699877620095,2.6308499388100475,0.0751671411088585
0.65,0.3,4.59,0.5271657768275367,2.6358288841376836,0.0753093966896481
0.65,0.3,4.6,0.5281595180153578,2.640797590076789,0.07545135971647968
0.65,0.3,4.61,0.529151222933031,2.6457561146651547,0.07559303184757585
0.65,0.3,4.62,0.5301409030776607,2.6507045153883033,0.0757344147253801
0.65,0.3,4.63,0.5311285698373677,2.655642849186838,0.07587550997676681
0.65,0.3,4.64,0.5321142344927365,2.6605711724636825,0.07601631921324807
0.65,0.3,4.65,0.5330979082182342,2.665489541091171,0.07615684403117631
0.65,0.3,4.66,0.5340796020836098,2.670398010418049,0.07629708601194427
0.65,0.3,4.67,0.535059327055265,2.675296635276325,0.07643704672218073
0.65,0.3,4.68,0.5360370939976071,2.6801854699880354,0.07657672771394387
0.65,0.3,4.69,0.5370129136743751,2.6850645683718755,0.07671613052491073
0.65,0.3,4.7,0.5379867967499454,2.689933983749727,0.07685525667856363
0.65,0.3,4.71,0.5389587537906162,2.694793768953081,0.07699410768437374
0.65,0.3,4.72,0.5399287952658693,2.6996439763293467,0.07713268503798133
0.65,0.3,4.73,0.5408969315496133,2.704484657748066,0.07727099022137332
0.65,0.3,4.74,0.5418631729214022,2.7093158646070106,0.07740902470305745
0.65,0.3,4.75,0.5428275295676387,2.7141376478381933,0.07754678993823409
0.65,0.3,4.76,0.543790011582756,2.7189500579137795,0.07768428736896514
0.65,0.3,4.77,0.544750628970379,2.723753144851895,0.07782151842433985
0.65,0.3,4.78,0.5457093916444689,2.7285469582223443,0.0779584845206384
0.65,0.3,4.79,0.5466663094304471,2.7333315471522357,0.07809518706149245
0.65,0.3,4.8,0.5476213920663039,2.7381069603315193,0.07823162743804342
0.65,0.3,4.81,0.5485746492036859,2.7428732460184295,0.07836780702909799
0.65,0.3,4.82,0.5495260904089695,2.7476304520448473,0.07850372720128136
0.65,0.3,4.83,0.5504757251643145,2.7523786258215726,0.07863938930918779
0.65,0.3,4.84,0.5514235628687029,2.757117814343514,0.07877479469552898
0.65,0.3,4.85,0.5523696128387459,2.761848064193729,0.07890994469124941
0.65,0.3,4.86,0.5533138843107591,2.7665694215537955,0.07904484061582273
0.65,0.3,4.87,0.5542563864396147,2.7712819321980735,0.07917948377708782
0.65,0.3,4.88,0.5551971283018521,2.7759856415092603,0.07931387547169315
0.65,0.3,4.89,0.5561361188955699,2.7806805944778494,0.07944801698508142
0.65,0.3,4.9,0.5570733671415826,2.785366835707913,0.07958190959165466
0.65,0.3,4.91,0.5580088818843502,2.7900444094217507,0.07971555455490717
0.65,0.3,4.92,0.5589426718928943,2.7947133594644713,0.07984895312755633
0.65,0.3,4.93,0.5598747458616979,2.7993737293084897,0.07998210655167114
0.65,0.3,4.94,0.5608051124115948,2.8040255620579737,0.08011501605879925
0.65,0.3,4.95,0.5617337800906412,2.808668900453206,0.08024768287009161
0.65,0.3,4.96,0.5626607573749767,2.8133037868748834,0.08038010819642524
0.65,0.3,4.97,0.5635860526696723,2.8179302633483614,0.08051229323852462
0.65,0.3,4.98,0.5645096743095656,2.8225483715478275,0.08064423918708079
0.65,0.3,4.99,0.5654316305600808,2.827158152800404,0.0807759472228687
0.65,0.3,5.0,0.5663519296180406,2.8317596480902028,0.08090741851686294
