part,condition,cons,J,mu,alpha,cell_seed,run,m_t50,final_m,final_W,collapsed,collapse_step
c,active_stress,affine,4.0,100,2.0,7057467,0,0.999999,0.9997249626103891,3473.4102830484167,0,-1
c,active_stress,affine,4.0,100,2.0,7057467,1,0.733968608525642,0.9659268421581362,3448.5545747211127,0,-1
c,active_stress,affine,4.0,100,2.0,7057467,2,0.999999,0.999999,3450.1167142334252,0,-1
c,active_stress,affine,4.0,100,2.0,7057467,3,0.9996492662229758,0.9999038111408561,3462.2454342282504,0,-1
c,active_stress,affine,4.0,100,2.0,7057467,4,0.999999,0.9224923507194878,3433.6449708013433,0,-1
c,active_stress,affine,4.0,100,2.0,7057467,5,0.999999,0.9999826970007312,3476.774164527433,0,-1
c,active_stress,affine,4.0,100,2.0,7057467,6,0.999999,0.999999,3461.065525168886,0,-1
c,active_stress,affine,4.0,100,2.0,7057467,7,0.999999,0.9998040971434335,3450.0040407672864,0,-1
c,active_stress,affine,4.0,100,2.0,7057467,8,0.9903237311491171,0.999999,3478.0228803080286,0,-1
c,active_stress,affine,4.0,100,2.0,7057467,9,0.999999,0.999999,3466.5850429910133,0,-1
c,active_stress,affine,4.0,100,2.0,7057467,10,0.999999,0.9999715276194058,3458.4400443528975,0,-1
c,active_stress,affine,4.0,100,2.0,7057467,11,0.999999,0.9791386818980431,3463.854673069361,0,-1
c,active_stress,affine,4.0,100,2.0,7057467,12,0.9971901078384423,0.9935410416009327,3462.790567981279,0,-1
c,active_stress,affine,4.0,100,2.0,7057467,13,0.999999,0.9996737427086319,3444.391165295133,0,-1
c,active_stress,affine,4.0,100,2.0,7057467,14,0.9998448716679322,0.9997729883590987,3439.040591399165,0,-1
c,active_stress,affine,4.0,100,2.0,7057467,15,0.9374829334623171,0.9982631230893523,3379.4959403044645,0,-1
c,active_stress,affine,4.0,100,2.0,7057467,16,0.6804739665745534,0.999999,3465.9416627999067,0,-1
c,active_stress,affine,4.0,100,2.0,7057467,17,0.999999,0.9536468128627599,3473.1523739073937,0,-1
c,active_stress,affine,4.0,100,2.0,7057467,18,0.8107818681013138,0.9860439211316147,3479.9524459765144,0,-1
c,active_stress,affine,4.0,100,2.0,7057467,19,0.999999,0.9756497973108655,3473.114037654339,0,-1
c,active_stress,affine,4.0,100,2.0,7057467,20,0.9971094761587059,0.9955681419015847,3483.792356058622,0,-1
c,active_stress,affine,4.0,100,2.0,7057467,21,0.9988368530685406,0.9999720515848933,3410.6295285434758,0,-1
c,active_stress,affine,4.0,100,2.0,7057467,22,0.9374893948296913,0.9015337273402548,3456.429314017471,0,-1
c,active_stress,affine,4.0,100,2.0,7057467,23,0.9853398815194518,0.999999,3481.1368282859544,0,-1
c,active_stress,affine,4.0,100,2.0,7057467,24,0.9933264370510687,0.9992873769872495,3477.0768706086137,0,-1
c,active_stress,affine,4.0,100,2.0,7057467,25,0.9787360705687882,0.9951773998662887,3463.907740444725,0,-1
c,active_stress,affine,4.0,100,2.0,7057467,26,0.9298265043224011,0.9851334651483048,3475.329080795611,0,-1
c,active_stress,affine,4.0,100,2.0,7057467,27,0.999475491464952,0.9986131967583378,3469.7788360526506,0,-1
c,active_stress,affine,4.0,100,2.0,7057467,28,0.999999,0.9583197411537276,3464.2324890583236,0,-1
c,active_stress,affine,4.0,100,2.0,7057467,29,0.9999914217709682,0.999999,3474.260936827072,0,-1
c,active_stress,affine,4.0,100,2.0,7057467,30,0.999999,0.999999,3443.697216054242,0,-1
c,active_stress,affine,4.0,100,2.0,7057467,31,0.999999,0.999341957610586,3456.756273136794,0,-1
c,active_stress,affine,4.0,100,2.0,7057467,32,0.7945116230886675,0.999999,3477.6256230799113,0,-1
c,active_stress,affine,4.0,100,2.0,7057467,33,0.999999,0.9998922147447825,3453.0227154641816,0,-1
c,active_stress,affine,4.0,100,2.0,7057467,34,0.9999532258047221,0.9998126371511807,3458.1413265985566,0,-1
c,active_stress,affine,4.0,100,2.0,7057467,35,0.9539814403589855,0.999999,3482.114953393895,0,-1
c,active_stress,affine,4.0,100,2.0,7057467,36,0.7457820632505949,0.9997374941539818,3462.5973684269075,0,-1
c,active_stress,affine,4.0,100,2.0,7057467,37,0.9998069800734469,0.9813038860266748,3469.156837383694,0,-1
c,active_stress,affine,4.0,100,2.0,7057467,38,0.9940006238722825,0.9998937898076853,3474.8561319796445,0,-1
c,active_stress,affine,4.0,100,2.0,7057467,39,0.999999,0.999999,3468.140077432441,0,-1
c,active_stress,affine,4.0,100,2.0,7057467,40,0.999999,0.999999,3476.7515056427155,0,-1
c,active_stress,affine,4.0,100,2.0,7057467,41,0.999999,0.999999,3429.8332205880265,0,-1
c,active_stress,affine,4.0,100,2.0,7057467,42,0.999897149957341,0.9853570183677554,3472.027299767222,0,-1
c,active_stress,affine,4.0,100,2.0,7057467,43,0.999999,0.999999,3467.051853426729,0,-1
c,active_stress,affine,4.0,100,2.0,7057467,44,0.999999,0.999999,3475.5742232490675,0,-1
c,active_stress,affine,4.0,100,2.0,7057467,45,0.999964123461515,0.9309565660259791,3455.0310359259383,0,-1
c,active_stress,affine,4.0,100,2.0,7057467,46,0.9947282062800756,0.9997851289664709,3474.4267483710023,0,-1
c,active_stress,affine,4.0,100,2.0,7057467,47,0.999999,0.999999,3439.958763040061,0,-1
c,active_stress,affine,4.0,100,2.0,7057467,48,0.999999,0.999999,3465.9337367227977,0,-1
c,active_stress,affine,4.0,100,2.0,7057467,49,0.9362049721048802,0.999999,3443.9242332129897,0,-1
c,active_stress,affine,4.0,100,2.0,7057467,50,0.999999,0.9999223562761153,3474.412128021993,0,-1
c,active_stress,affine,4.0,100,2.0,7057467,51,0.999999,0.9999390218208473,3475.012070065863,0,-1
c,active_stress,affine,4.0,100,2.0,7057467,52,0.9986932659086734,0.9998714175421155,3435.544122030445,0,-1
c,active_stress,affine,4.0,100,2.0,7057467,53,0.999999,0.9969992811703254,3479.0201739434037,0,-1
c,active_stress,affine,4.0,100,2.0,7057467,54,0.9680934354042368,0.999999,3440.3465091919643,0,-1
c,active_stress,affine,4.0,100,2.0,7057467,55,0.9996865134882712,0.9996903635024812,3462.034056567819,0,-1
c,active_stress,affine,4.0,100,2.0,7057467,56,0.9998988119115827,0.9998859862079953,3407.5486547290307,0,-1
c,active_stress,affine,4.0,100,2.0,7057467,57,0.9998164003280331,0.999999,3445.523364850234,0,-1
c,active_stress,affine,4.0,100,2.0,7057467,58,0.9991780350643763,0.999999,3462.1760903830705,0,-1
c,active_stress,affine,4.0,100,2.0,7057467,59,0.999878358869299,0.999970916678382,3470.402987155017,0,-1
c,active_stress,affine,4.0,100,2.0,7057467,60,0.9982778635585262,0.9156353595200337,3442.607463565731,0,-1
c,active_stress,affine,4.0,100,2.0,7057467,61,0.999999,0.9050814514334462,3461.851366138449,0,-1
c,active_stress,affine,4.0,100,2.0,7057467,62,0.999999,0.9999316821570473,3439.727173861504,0,-1
c,active_stress,affine,4.0,100,2.0,7057467,63,0.999999,0.999999,3461.707918623855,0,-1
c,active_stress,affine,4.0,100,2.0,7057467,64,0.9901724340703656,0.46431202121107573,3440.5529895547697,0,-1
c,active_stress,affine,4.0,100,2.0,7057467,65,0.999999,0.9984226177667139,3465.6202611154517,0,-1
c,active_stress,affine,4.0,100,2.0,7057467,66,0.9999009800873718,0.999999,3461.4289582999418,0,-1
c,active_stress,affine,4.0,100,2.0,7057467,67,0.999999,0.9980598303505496,3461.7622719362466,0,-1
c,active_stress,affine,4.0,100,2.0,7057467,68,0.998860794401993,0.999344765634246,3447.3602860569786,0,-1
c,active_stress,affine,4.0,100,2.0,7057467,69,0.9504418952712048,0.999999,3466.721213719936,0,-1
c,active_stress,affine,4.0,100,2.0,7057467,70,0.999999,0.9995359284613168,3451.525802514667,0,-1
c,active_stress,affine,4.0,100,2.0,7057467,71,0.9999225180029684,0.999999,3463.9560772913464,0,-1
c,active_stress,affine,4.0,100,2.0,7057467,72,0.999999,0.9981590016145531,3401.155580293049,0,-1
c,active_stress,affine,4.0,100,2.0,7057467,73,0.9962938102071346,0.999999,3476.1371865717097,0,-1
c,active_stress,affine,4.0,100,2.0,7057467,74,0.999584184347892,0.9673879111950431,3456.56420719037,0,-1
c,active_stress,affine,4.0,100,2.0,7057467,75,0.9901616085970891,0.9998608328211849,3474.1824290218956,0,-1
c,active_stress,affine,4.0,100,2.0,7057467,76,0.9999398492855908,0.9978391510286174,3458.6866243441523,0,-1
c,active_stress,affine,4.0,100,2.0,7057467,77,0.9996454971135815,0.999999,3469.1789912104496,0,-1
c,active_stress,affine,4.0,100,2.0,7057467,78,0.9889140566031228,0.999999,3440.126602846235,0,-1
c,active_stress,affine,4.0,100,2.0,7057467,79,0.9755300442560862,0.999999,3473.356034024073,0,-1
c,active_stress,affine,4.0,100,2.0,7057467,80,0.9975143294636234,0.9980150457392193,3476.6224747926385,0,-1
c,active_stress,affine,4.0,100,2.0,7057467,81,0.999999,0.999999,3485.7029815703418,0,-1
c,active_stress,affine,4.0,100,2.0,7057467,82,0.999999,0.9999943270107191,3480.6585964101737,0,-1
c,active_stress,affine,4.0,100,2.0,7057467,83,0.9997361363810745,0.999999,3456.262484168335,0,-1
c,active_stress,affine,4.0,100,2.0,7057467,84,0.9361325791503361,0.9958995866442183,3469.510290447372,0,-1
c,active_stress,affine,4.0,100,2.0,7057467,85,0.999999,0.999999,3451.1172925244114,0,-1
c,active_stress,affine,4.0,100,2.0,7057467,86,0.999999,0.9999663040655538,3440.209755238896,0,-1
c,active_stress,affine,4.0,100,2.0,7057467,87,0.7804734965934008,0.9089150501383344,3470.071833002226,0,-1
c,active_stress,affine,4.0,100,2.0,7057467,88,0.999898926357311,0.999999,3463.7593136868004,0,-1
c,active_stress,affine,4.0,100,2.0,7057467,89,0.999999,0.999999,3443.4459842794126,0,-1
c,active_stress,affine,4.0,100,2.0,7057467,90,0.999914699443861,0.999999,3472.583371573099,0,-1
c,active_stress,affine,4.0,100,2.0,7057467,91,0.999999,0.999889041262733,3420.4209394126065,0,-1
c,active_stress,affine,4.0,100,2.0,7057467,92,0.999724977431048,0.999999,3443.559395116669,0,-1
c,active_stress,affine,4.0,100,2.0,7057467,93,0.9278044806986949,0.9998240787389132,3466.3353840638956,0,-1
c,active_stress,affine,4.0,100,2.0,7057467,94,0.999999,0.9998853612011154,3476.6094021013405,0,-1
c,active_stress,affine,4.0,100,2.0,7057467,95,0.8072120950642985,0.9999235938060684,3416.958131592171,0,-1
c,active_stress,affine,4.0,100,2.0,7057467,96,0.999999,0.9938479023372463,3462.8265471015875,0,-1
c,active_stress,affine,4.0,100,2.0,7057467,97,0.9995742389011806,0.9985831229934468,3460.6646540459205,0,-1
c,active_stress,affine,4.0,100,2.0,7057467,98,0.999999,0.9989632283951951,3470.82589524231,0,-1
c,active_stress,affine,4.0,100,2.0,7057467,99,0.999999,0.999999,3456.0162286375426,0,-1
c,active_stress,affine,4.0,100,2.0,7057467,100,0.998801128620968,0.9998310472111253,3455.10128069845,0,-1
c,active_stress,affine,4.0,100,2.0,7057467,101,0.9999322853147058,0.9986806461939058,3470.0091383756667,0,-1
c,active_stress,affine,4.0,100,2.0,7057467,102,0.999999,0.999999,3460.8285275860953,0,-1
c,active_stress,affine,4.0,100,2.0,7057467,103,0.9981655801122613,0.999999,3448.899807066927,0,-1
c,active_stress,affine,4.0,100,2.0,7057467,104,0.9997606367408115,0.999999,3466.450797682888,0,-1
c,active_stress,affine,4.0,100,2.0,7057467,105,0.999999,0.9996448317894615,3440.574718804186,0,-1
c,active_stress,affine,4.0,100,2.0,7057467,106,0.9998639179531185,0.9980073064406755,3438.886940581919,0,-1
c,active_stress,affine,4.0,100,2.0,7057467,107,0.9999704788914906,0.999999,3462.9846777144326,0,-1
c,active_stress,affine,4.0,100,2.0,7057467,108,0.9997422538616552,0.9215895244104866,3467.5493847721855,0,-1
c,active_stress,affine,4.0,100,2.0,7057467,109,0.999999,0.99997113180476,3451.4081408600377,0,-1
c,active_stress,affine,4.0,100,2.0,7057467,110,0.9777863220294091,0.9992824319441581,3463.7840133860545,0,-1
c,active_stress,affine,4.0,100,2.0,7057467,111,0.9991090269000545,0.8741480587626785,3451.281428067902,0,-1
c,active_stress,affine,4.0,100,2.0,7057467,112,0.999999,0.999999,3459.2800834200943,0,-1
c,active_stress,affine,4.0,100,2.0,7057467,113,0.9999174768863076,0.999999,3466.6308960389933,0,-1
c,active_stress,affine,4.0,100,2.0,7057467,114,0.999999,0.999999,3475.952173698835,0,-1
c,active_stress,affine,4.0,100,2.0,7057467,115,0.999999,0.9998934855195445,3469.9993667657527,0,-1
c,active_stress,affine,4.0,100,2.0,7057467,116,0.9533841960821908,0.9982462285856545,3469.6727388753816,0,-1
c,active_stress,affine,4.0,100,2.0,7057467,117,0.999989295441003,0.9997549525157142,3470.307094961471,0,-1
c,active_stress,affine,4.0,100,2.0,7057467,118,0.7529446796261761,0.9964229932998975,3479.603653075698,0,-1
c,active_stress,affine,4.0,100,2.0,7057467,119,0.9998987838457271,0.999999,3468.6021213295485,0,-1
c,active_stress,affine,4.0,100,2.0,7057467,120,0.999999,0.999999,3427.6614476380764,0,-1
c,active_stress,affine,4.0,100,2.0,7057467,121,0.999999,0.9954472738158333,3483.707249924475,0,-1
c,active_stress,affine,4.0,100,2.0,7057467,122,0.9291658206860752,0.999999,3466.681623326219,0,-1
c,active_stress,affine,4.0,100,2.0,7057467,123,0.9618726934092298,0.9979834776216986,3481.5687036834406,0,-1
c,active_stress,affine,4.0,100,2.0,7057467,124,0.9552349024358098,0.9873034810613373,3470.5728155882707,0,-1
c,active_stress,affine,4.0,100,2.0,7057467,125,0.999999,0.9392583030531475,3470.853663085333,0,-1
c,active_stress,affine,4.0,100,2.0,7057467,126,0.999999,0.999864163309792,3473.7481831934965,0,-1
c,active_stress,affine,4.0,100,2.0,7057467,127,0.999999,0.999999,3418.036306049737,0,-1
c,active_stress,affine,4.0,100,2.0,7057467,128,0.923009317599324,0.999999,3467.54397897663,0,-1
c,active_stress,affine,4.0,100,2.0,7057467,129,0.9338051327831051,0.999999,3463.1193584010803,0,-1
c,active_stress,affine,4.0,100,2.0,7057467,130,0.9905527434714114,0.9998275794586677,3457.446383608312,0,-1
c,active_stress,affine,4.0,100,2.0,7057467,131,0.999999,0.999999,3438.3234089435687,0,-1
c,active_stress,affine,4.0,100,2.0,7057467,132,0.9973464049483859,0.9985247070884303,3484.2181479001993,0,-1
c,active_stress,affine,4.0,100,2.0,7057467,133,0.9999918963182982,0.9997427134920087,3472.315263422243,0,-1
c,active_stress,affine,4.0,100,2.0,7057467,134,0.9982021929982281,0.9990026931712872,3457.0024297231257,0,-1
c,active_stress,affine,4.0,100,2.0,7057467,135,0.99061283726521,0.6921055585629594,3434.6962345610827,0,-1
c,active_stress,affine,4.0,100,2.0,7057467,136,0.9992710131247707,0.9988800779711198,3474.238991220492,0,-1
c,active_stress,affine,4.0,100,2.0,7057467,137,0.999999,0.999999,3470.2345243093473,0,-1
c,active_stress,affine,4.0,100,2.0,7057467,138,0.997360671380077,0.999999,3477.0057142190717,0,-1
c,active_stress,affine,4.0,100,2.0,7057467,139,0.9593436959043562,0.9999754975176429,3464.502036529478,0,-1
c,active_stress,affine,4.0,100,2.0,7057467,140,0.9971707329366581,0.8158794470389468,3442.1332713116867,0,-1
c,active_stress,affine,4.0,100,2.0,7057467,141,0.999999,0.9999354839888209,3442.8364051330755,0,-1
c,active_stress,affine,4.0,100,2.0,7057467,142,0.9998834973830062,0.999999,3446.297983315084,0,-1
c,active_stress,affine,4.0,100,2.0,7057467,143,0.998863340910333,0.999999,3484.4741651738987,0,-1
c,active_stress,affine,4.0,100,2.0,7057467,144,0.999999,0.9981488264687767,3455.8625613284116,0,-1
c,active_stress,affine,4.0,100,2.0,7057467,145,0.97830415902956,0.9792865343823773,3482.4116036526825,0,-1
c,active_stress,affine,4.0,100,2.0,7057467,146,0.7685212568334142,0.9981328638982021,3478.566226297529,0,-1
c,active_stress,affine,4.0,100,2.0,7057467,147,0.999999,0.999999,3428.388629913973,0,-1
c,active_stress,affine,4.0,100,2.0,7057467,148,0.9998882397247049,0.9998735942226659,3477.681369479209,0,-1
c,active_stress,affine,4.0,100,2.0,7057467,149,0.8777478107000073,0.999999,3467.997009946621,0,-1
c,active_stress,affine,4.0,100,2.0,7057467,150,0.999999,0.9999472787903085,3415.965004290285,0,-1
c,active_stress,affine,4.0,100,2.0,7057467,151,0.999999,0.9994312118678645,3472.3381176590947,0,-1
c,active_stress,affine,4.0,100,2.0,7057467,152,0.9970377191714168,0.9658709750914681,3471.507707685758,0,-1
c,active_stress,affine,4.0,100,2.0,7057467,153,0.9759879052532614,0.999999,3446.3998764544644,0,-1
c,active_stress,affine,4.0,100,2.0,7057467,154,0.9971104177545921,0.999999,3447.754993803553,0,-1
c,active_stress,affine,4.0,100,2.0,7057467,155,0.999999,0.9998592360599271,3439.2299774640974,0,-1
c,active_stress,affine,4.0,100,2.0,7057467,156,0.9936222778736277,0.999999,3433.120345805708,0,-1
c,active_stress,affine,4.0,100,2.0,7057467,157,0.999999,0.6994563913623576,3473.070161447955,0,-1
c,active_stress,affine,4.0,100,2.0,7057467,158,0.999999,0.9998485203286863,3455.8835394664734,0,-1
c,active_stress,affine,4.0,100,2.0,7057467,159,0.999999,0.9893766008951895,3467.3419230288023,0,-1
c,active_stress,affine,4.0,100,2.0,7057467,160,0.9999534553121295,0.9996790140736275,3467.1081643388447,0,-1
c,active_stress,affine,4.0,100,2.0,7057467,161,0.999999,0.8365580158790643,3468.5058138790655,0,-1
c,active_stress,affine,4.0,100,2.0,7057467,162,0.999999,0.999999,3475.555891049389,0,-1
c,active_stress,affine,4.0,100,2.0,7057467,163,0.9999489468400381,0.9988084742872073,3450.7443885877547,0,-1
c,active_stress,affine,4.0,100,2.0,7057467,164,0.9997501150232141,0.7928695856121218,3458.146919573949,0,-1
c,active_stress,affine,4.0,100,2.0,7057467,165,0.9898687208059533,0.999999,3437.4993714253314,0,-1
c,active_stress,affine,4.0,100,2.0,7057467,166,0.9997638987062855,0.999999,3438.963106184942,0,-1
c,active_stress,affine,4.0,100,2.0,7057467,167,0.9844904297330508,0.999999,3439.265160772586,0,-1
c,active_stress,affine,4.0,100,2.0,7057467,168,0.999999,0.999999,3475.1898511662994,0,-1
c,active_stress,affine,4.0,100,2.0,7057467,169,0.999999,0.9998792104952591,3453.310620725525,0,-1
c,active_stress,affine,4.0,100,2.0,7057467,170,0.9642117308226289,0.9963045318752097,3468.9167337526205,0,-1
c,active_stress,affine,4.0,100,2.0,7057467,171,0.999999,0.9976215869962095,3480.8771136138007,0,-1
c,active_stress,affine,4.0,100,2.0,7057467,172,0.9984114454752725,0.9935249931178617,3469.215717020896,0,-1
c,active_stress,affine,4.0,100,2.0,7057467,173,0.999999,0.9433230842531958,3475.5584066745832,0,-1
c,active_stress,affine,4.0,100,2.0,7057467,174,0.9999909303850549,0.9998012742713039,3463.6958718504015,0,-1
c,active_stress,affine,4.0,100,2.0,7057467,175,0.988463905089806,0.999999,3480.0382870230324,0,-1
c,active_stress,affine,4.0,100,2.0,7057467,176,0.999999,0.999999,3479.231151569704,0,-1
c,active_stress,affine,4.0,100,2.0,7057467,177,0.9860118530017357,0.999999,3482.9277022487704,0,-1
c,active_stress,affine,4.0,100,2.0,7057467,178,0.999999,0.9998565398225295,3429.041210722556,0,-1
c,active_stress,affine,4.0,100,2.0,7057467,179,0.57822372288531,0.9999266799300507,3463.805061915131,0,-1
c,active_stress,affine,4.0,100,2.0,7057467,180,0.9732807474324174,0.999999,3466.6930506682647,0,-1
c,active_stress,affine,4.0,100,2.0,7057467,181,0.999999,0.9998004614726981,3470.7813848941587,0,-1
c,active_stress,affine,4.0,100,2.0,7057467,182,0.9987741486363946,0.9796695943845152,3475.035256158221,0,-1
c,active_stress,affine,4.0,100,2.0,7057467,183,0.999999,0.999999,3439.251754166538,0,-1
c,active_stress,affine,4.0,100,2.0,7057467,184,0.999999,0.9949569274739448,3440.4341534874643,0,-1
c,active_stress,affine,4.0,100,2.0,7057467,185,0.999999,0.999999,3466.6181481652034,0,-1
c,active_stress,affine,4.0,100,2.0,7057467,186,0.9986657080012564,0.9988399769853069,3479.6695147551914,0,-1
c,active_stress,affine,4.0,100,2.0,7057467,187,0.9998970150459818,0.999883608523322,3464.2362712204517,0,-1
c,active_stress,affine,4.0,100,2.0,7057467,188,0.9959914190396095,0.9972004556358692,3482.218357784298,0,-1
c,active_stress,affine,4.0,100,2.0,7057467,189,0.999999,0.999999,3450.1135984922457,0,-1
c,active_stress,affine,4.0,100,2.0,7057467,190,0.9668260508180633,0.9626046209046902,3490.9051040844324,0,-1
c,active_stress,affine,4.0,100,2.0,7057467,191,0.9977055645734917,0.990284574513795,3456.2472598038294,0,-1
c,active_stress,affine,4.0,100,2.0,7057467,192,0.999999,0.9999650729901236,3450.9926018938477,0,-1
c,active_stress,affine,4.0,100,2.0,7057467,193,0.999999,0.978842978498694,3470.5865828730284,0,-1
c,active_stress,affine,4.0,100,2.0,7057467,194,0.9718469485507008,0.999999,3436.7579998717288,0,-1
c,active_stress,affine,4.0,100,2.0,7057467,195,0.9763016157247907,0.999999,3448.4497031674787,0,-1
c,active_stress,affine,4.0,100,2.0,7057467,196,0.999999,0.999999,3472.256419397103,0,-1
c,active_stress,affine,4.0,100,2.0,7057467,197,0.9998517239863163,0.9953344690558055,3467.7550887199204,0,-1
c,active_stress,affine,4.0,100,2.0,7057467,198,0.9987289060841169,0.999999,3478.959689180015,0,-1
c,active_stress,affine,4.0,100,2.0,7057467,199,0.999999,0.999999,3465.3796653342697,0,-1
c,active_stress,affine,4.0,100,2.0,7057467,200,0.999999,0.9999730798792041,3474.912981781929,0,-1
c,active_stress,affine,4.0,100,2.0,7057467,201,0.999999,0.9935363274097093,3481.0276356399477,0,-1
c,active_stress,affine,4.0,100,2.0,7057467,202,0.999977382022123,0.856047148623805,3446.0952864771093,0,-1
c,active_stress,affine,4.0,100,2.0,7057467,203,0.9915971046647972,0.8772812759309012,3486.8270498861566,0,-1
c,active_stress,affine,4.0,100,2.0,7057467,204,0.999999,0.9998930060533843,3450.4043670562423,0,-1
c,active_stress,affine,4.0,100,2.0,7057467,205,0.9996830832046313,0.9946331474952878,3439.59009840221,0,-1
c,active_stress,affine,4.0,100,2.0,7057467,206,0.999999,0.9999665929975718,3487.6718105887694,0,-1
c,active_stress,affine,4.0,100,2.0,7057467,207,0.9966286822555601,0.999999,3478.9487053611233,0,-1
c,active_stress,affine,4.0,100,2.0,7057467,208,0.9999608722528897,0.999999,3448.271120551453,0,-1
c,active_stress,affine,4.0,100,2.0,7057467,209,0.999999,0.9999590009028365,3466.9698541247694,0,-1
c,active_stress,affine,4.0,100,2.0,7057467,210,0.5671177980826291,0.999999,3441.0289124889136,0,-1
c,active_stress,affine,4.0,100,2.0,7057467,211,0.9998289144877711,0.9844499110917349,3467.183672188659,0,-1
c,active_stress,affine,4.0,100,2.0,7057467,212,0.999999,0.9999228786508007,3468.045838899458,0,-1
c,active_stress,affine,4.0,100,2.0,7057467,213,0.999973725606556,0.999999,3458.7688808483035,0,-1
c,active_stress,affine,4.0,100,2.0,7057467,214,0.999999,0.999999,3477.4774308437745,0,-1
c,active_stress,affine,4.0,100,2.0,7057467,215,0.999999,0.9729263883301272,3482.9155039203306,0,-1
c,active_stress,affine,4.0,100,2.0,7057467,216,0.9728029143955739,0.9997652049268192,3469.5882366875,0,-1
c,active_stress,affine,4.0,100,2.0,7057467,217,0.9999641394148288,0.9999725398111219,3473.942299866592,0,-1
c,active_stress,affine,4.0,100,2.0,7057467,218,0.999999,0.9980561070232181,3467.22423474902,0,-1
c,active_stress,affine,4.0,100,2.0,7057467,219,0.999999,0.999999,3486.933579021485,0,-1
c,active_stress,affine,4.0,100,2.0,7057467,220,0.9998362740411401,0.999999,3463.9214534632956,0,-1
c,active_stress,affine,4.0,100,2.0,7057467,221,0.999999,0.9927654168919693,3436.7319044000847,0,-1
c,active_stress,affine,4.0,100,2.0,7057467,222,0.999999,0.999999,3452.805340343948,0,-1
c,active_stress,affine,4.0,100,2.0,7057467,223,0.999999,0.999962428841977,3430.8194723428073,0,-1
c,active_stress,affine,4.0,100,2.0,7057467,224,0.9986671218889202,0.9998315410117992,3483.318952917047,0,-1
c,active_stress,affine,4.0,100,2.0,7057467,225,0.9998708810607901,0.9465149102925899,3454.9977468611264,0,-1
c,active_stress,affine,4.0,100,2.0,7057467,226,0.9995683845559208,0.9978680839771868,3477.5735752584583,0,-1
c,active_stress,affine,4.0,100,2.0,7057467,227,0.9762042239958447,0.9806441732092636,3450.614255096456,0,-1
c,active_stress,affine,4.0,100,2.0,7057467,228,0.9985736645372858,0.999999,3468.822882975671,0,-1
c,active_stress,affine,4.0,100,2.0,7057467,229,0.999999,0.8719761724031707,3460.744715928392,0,-1
c,active_stress,affine,4.0,100,2.0,7057467,230,0.9874370493074326,0.9995864801543289,3472.5308565846535,0,-1
c,active_stress,affine,4.0,100,2.0,7057467,231,0.9999646584876192,0.999999,3482.9900774751077,0,-1
c,active_stress,affine,4.0,100,2.0,7057467,232,0.999999,0.999999,3473.0416231790064,0,-1
c,active_stress,affine,4.0,100,2.0,7057467,233,0.9957422189209465,0.9976191403675362,3476.381180754938,0,-1
c,active_stress,affine,4.0,100,2.0,7057467,234,0.9999132690930502,0.9997759754192875,3475.517319917184,0,-1
c,active_stress,affine,4.0,100,2.0,7057467,235,0.999907852228006,0.999999,3443.146898804126,0,-1
c,active_stress,affine,4.0,100,2.0,7057467,236,0.999999,0.9999911390996895,3476.5826991034496,0,-1
c,active_stress,affine,4.0,100,2.0,7057467,237,0.999999,0.9956729649931186,3470.5166778250514,0,-1
c,active_stress,affine,4.0,100,2.0,7057467,238,0.968340675375317,0.9973174394749734,3477.6952472555167,0,-1
c,active_stress,affine,4.0,100,2.0,7057467,239,0.9999843855140186,0.999999,3453.1472057013293,0,-1
c,active_stress,affine,4.0,100,2.0,7057467,240,0.9926757967759662,0.9999510476962126,3474.370123321729,0,-1
c,active_stress,affine,4.0,100,2.0,7057467,241,0.8029764253128228,0.999999,3474.8586559526843,0,-1
c,active_stress,affine,4.0,100,2.0,7057467,242,0.991714900606294,0.999999,3467.256549890524,0,-1
c,active_stress,affine,4.0,100,2.0,7057467,243,0.999999,0.9996768889082058,3453.170506815952,0,-1
c,active_stress,affine,4.0,100,2.0,7057467,244,0.999934851744032,0.999999,3436.390814904979,0,-1
c,active_stress,affine,4.0,100,2.0,7057467,245,0.9999425932104893,0.999999,3466.9385545466025,0,-1
c,active_stress,affine,4.0,100,2.0,7057467,246,0.999999,0.999999,3450.6555383479176,0,-1
c,active_stress,affine,4.0,100,2.0,7057467,247,0.9999932968173,0.7907390601098687,3436.7392912329874,0,-1
c,active_stress,affine,4.0,100,2.0,7057467,248,0.9342087014664766,0.9995638442444282,3447.171417836403,0,-1
c,active_stress,affine,4.0,100,2.0,7057467,249,0.9999271236135182,0.9996467829618345,3460.607150922856,0,-1
c,active_stress,affine,4.0,100,2.0,7057467,250,0.999999,0.9988057831042313,3483.9986450704,0,-1
c,active_stress,affine,4.0,100,2.0,7057467,251,0.9974743440507509,0.9998566028724059,3479.3582349413705,0,-1
c,active_stress,affine,4.0,100,2.0,7057467,252,0.999999,0.999999,3476.381400586733,0,-1
c,active_stress,affine,4.0,100,2.0,7057467,253,0.999999,0.999999,3474.4744175213345,0,-1
c,active_stress,affine,4.0,100,2.0,7057467,254,0.999999,0.9801191832971425,3451.1528248717054,0,-1
c,active_stress,affine,4.0,100,2.0,7057467,255,0.9975476407799809,0.999999,3440.9895649744326,0,-1
c,active_stress,affine,4.0,100,2.0,7057467,256,0.999999,0.9948103522205604,3453.1841913812486,0,-1
c,active_stress,affine,4.0,100,2.0,7057467,257,0.9893283442001887,0.9969626886707211,3476.7209758865592,0,-1
c,active_stress,affine,4.0,100,2.0,7057467,258,0.9704152198495034,0.999999,3482.287369035921,0,-1
c,active_stress,affine,4.0,100,2.0,7057467,259,0.9999322824727943,0.9997754242156494,3478.687322180837,0,-1
c,active_stress,affine,4.0,100,2.0,7057467,260,0.999999,0.999763660703136,3478.997409791832,0,-1
c,active_stress,affine,4.0,100,2.0,7057467,261,0.9995510573655314,0.9128862012776321,3465.4085912268256,0,-1
c,active_stress,affine,4.0,100,2.0,7057467,262,0.999999,0.999999,3475.724386322349,0,-1
c,active_stress,affine,4.0,100,2.0,7057467,263,0.8144348842606894,0.999999,3439.7325670651026,0,-1
c,active_stress,affine,4.0,100,2.0,7057467,264,0.9783852203799043,0.9979610086141151,3483.1251474738706,0,-1
c,active_stress,affine,4.0,100,2.0,7057467,265,0.999999,0.999999,3480.963935836209,0,-1
c,active_stress,affine,4.0,100,2.0,7057467,266,0.9979806881050611,0.999999,3479.2313921138966,0,-1
c,active_stress,affine,4.0,100,2.0,7057467,267,0.9996631689133624,0.9725283104417,3447.6579893958797,0,-1
c,active_stress,affine,4.0,100,2.0,7057467,268,0.9995193926289679,0.999790482364927,3441.6615037846173,0,-1
c,active_stress,affine,4.0,100,2.0,7057467,269,0.999999,0.9984344618090428,3474.6659312283055,0,-1
c,active_stress,affine,4.0,100,2.0,7057467,270,0.9748914363709055,0.9997259533677851,3437.761487553812,0,-1
c,active_stress,affine,4.0,100,2.0,7057467,271,0.999999,0.9975684940010926,3470.6654589085524,0,-1
c,active_stress,affine,4.0,100,2.0,7057467,272,0.9998150107419416,0.8456530894392835,3466.458315882488,0,-1
c,active_stress,affine,4.0,100,2.0,7057467,273,0.9982845667470683,0.9148929946149787,3470.9798377989805,0,-1
c,active_stress,affine,4.0,100,2.0,7057467,274,0.9957386487055001,0.999999,3452.74867874081,0,-1
c,active_stress,affine,4.0,100,2.0,7057467,275,0.999999,0.9974631313731167,3458.198292087491,0,-1
c,active_stress,affine,4.0,100,2.0,7057467,276,0.999999,0.9999907103664117,3445.633904040467,0,-1
c,active_stress,affine,4.0,100,2.0,7057467,277,0.999999,0.9979357550745442,3471.7894866288275,0,-1
c,active_stress,affine,4.0,100,2.0,7057467,278,0.9997913817089231,0.999999,3462.1852406234025,0,-1
c,active_stress,affine,4.0,100,2.0,7057467,279,0.999999,0.999999,3462.8883336896383,0,-1
c,active_stress,affine,4.0,100,2.0,7057467,280,0.9752243544401725,0.9993661687399583,3454.1015854014045,0,-1
c,active_stress,affine,4.0,100,2.0,7057467,281,0.999999,0.9997253001950371,3463.5702843485037,0,-1
c,active_stress,affine,4.0,100,2.0,7057467,282,0.9888160369694379,0.9998221177329395,3429.4341849776174,0,-1
c,active_stress,affine,4.0,100,2.0,7057467,283,0.967921524021608,0.999999,3460.3008175251275,0,-1
c,active_stress,affine,4.0,100,2.0,7057467,284,0.999999,0.9999160193339665,3462.447583511323,0,-1
c,active_stress,affine,4.0,100,2.0,7057467,285,0.9999403823729084,0.9998564894131783,3448.104324648019,0,-1
c,active_stress,affine,4.0,100,2.0,7057467,286,0.9950004218517711,0.999978553651504,3448.767272044375,0,-1
c,active_stress,affine,4.0,100,2.0,7057467,287,0.999999,0.9754587737604689,3465.617132264662,0,-1
c,active_stress,affine,4.0,100,2.0,7057467,288,0.999999,0.999999,3486.2063761868026,0,-1
c,active_stress,affine,4.0,100,2.0,7057467,289,0.9998576928965485,0.999999,3472.798233685615,0,-1
c,active_stress,affine,4.0,100,2.0,7057467,290,0.999999,0.7236804903893403,3445.252547185773,0,-1
c,active_stress,affine,4.0,100,2.0,7057467,291,0.999999,0.999939877627381,3427.4698273994304,0,-1
c,active_stress,affine,4.0,100,2.0,7057467,292,0.9999407880189174,0.9260148356251758,3473.1236445162913,0,-1
c,active_stress,affine,4.0,100,2.0,7057467,293,0.999999,0.9977002954389125,3463.9251218360987,0,-1
c,active_stress,affine,4.0,100,2.0,7057467,294,0.999999,0.9997134401968876,3417.487255197464,0,-1
c,active_stress,affine,4.0,100,2.0,7057467,295,0.9996994030453874,0.999999,3465.816800867158,0,-1
c,active_stress,affine,4.0,100,2.0,7057467,296,0.999999,0.9999474358640127,3461.1146037593257,0,-1
c,active_stress,affine,4.0,100,2.0,7057467,297,0.9279317814993188,0.999999,3469.6525443060495,0,-1
c,active_stress,affine,4.0,100,2.0,7057467,298,0.8520072676016576,0.999999,3465.6231451894314,0,-1
c,active_stress,affine,4.0,100,2.0,7057467,299,0.9999119833101021,0.9996428332832223,3484.570662854184,0,-1
c,active_stress,affine,4.0,100,2.0,7057467,300,0.999999,0.9956715237264984,3466.1517915972495,0,-1
c,active_stress,affine,4.0,100,2.0,7057467,301,0.9999830284020045,0.999999,3469.4297428687682,0,-1
c,active_stress,affine,4.0,100,2.0,7057467,302,0.999809498749945,0.999999,3433.4465925228733,0,-1
c,active_stress,affine,4.0,100,2.0,7057467,303,0.999999,0.9996509846399623,3469.5586252641465,0,-1
c,active_stress,affine,4.0,100,2.0,7057467,304,0.999999,0.999999,3460.624330576923,0,-1
c,active_stress,affine,4.0,100,2.0,7057467,305,0.999999,0.9949419317361815,3450.7224293383083,0,-1
c,active_stress,affine,4.0,100,2.0,7057467,306,0.9998800594980248,0.9999790834958487,3471.308076238284,0,-1
c,active_stress,affine,4.0,100,2.0,7057467,307,0.9970972083387595,0.9999689247213644,3449.722521746005,0,-1
c,active_stress,affine,4.0,100,2.0,7057467,308,0.9417616403224046,0.9879133458693891,3443.348298879585,0,-1
c,active_stress,affine,4.0,100,2.0,7057467,309,0.9988519390409331,0.999999,3464.7624829128463,0,-1
c,active_stress,affine,4.0,100,2.0,7057467,310,0.999999,0.999999,3469.397540397781,0,-1
c,active_stress,affine,4.0,100,2.0,7057467,311,0.9986074798941371,0.932418379454495,3475.9714148966955,0,-1
c,active_stress,affine,4.0,100,2.0,7057467,312,0.999337112046551,0.999999,3478.2829847311646,0,-1
c,active_stress,affine,4.0,100,2.0,7057467,313,0.999999,0.999999,3476.686786146216,0,-1
c,active_stress,affine,4.0,100,2.0,7057467,314,0.9998803187588866,0.9177481543677809,3457.8942223550343,0,-1
c,active_stress,affine,4.0,100,2.0,7057467,315,0.9991474769515079,0.9995571654970152,3397.867093410521,0,-1
c,active_stress,affine,4.0,100,2.0,7057467,316,0.5464675597078484,0.9856870661340663,3426.312746315598,0,-1
c,active_stress,affine,4.0,100,2.0,7057467,317,0.8556616266399248,0.999999,3471.118311891064,0,-1
c,active_stress,affine,4.0,100,2.0,7057467,318,0.999999,0.999999,3471.801903200931,0,-1
c,active_stress,affine,4.0,100,2.0,7057467,319,0.999887952200067,0.938766323874608,3481.2708522031576,0,-1
c,active_stress,affine,4.0,100,2.0,7057467,320,0.999999,0.9935882314054761,3473.8775885350888,0,-1
c,active_stress,affine,4.0,100,2.0,7057467,321,0.999999,0.999999,3470.8605097472287,0,-1
c,active_stress,affine,4.0,100,2.0,7057467,322,0.999999,0.9999272117139699,3464.137694874473,0,-1
c,active_stress,affine,4.0,100,2.0,7057467,323,0.9996803460592527,0.999999,3464.9043469203816,0,-1
c,active_stress,affine,4.0,100,2.0,7057467,324,0.9997709127536781,0.9684722602455739,3478.165205947439,0,-1
c,active_stress,affine,4.0,100,2.0,7057467,325,0.9998772624232595,0.9571836239198317,3467.291656889182,0,-1
c,active_stress,affine,4.0,100,2.0,7057467,326,0.9997769202182387,0.999999,3437.758878312234,0,-1
c,active_stress,affine,4.0,100,2.0,7057467,327,0.9994311325749871,0.9980880793531279,3474.7184740049393,0,-1
c,active_stress,affine,4.0,100,2.0,7057467,328,0.9592715531392384,0.9999262770582079,3453.5946806900297,0,-1
c,active_stress,affine,4.0,100,2.0,7057467,329,0.9933170785285889,0.9911621318778294,3423.350431617289,0,-1
c,active_stress,affine,4.0,100,2.0,7057467,330,0.9999448998856425,0.999999,3467.0881833697954,0,-1
c,active_stress,affine,4.0,100,2.0,7057467,331,0.9891343188433597,0.999999,3475.2698635612774,0,-1
c,active_stress,affine,4.0,100,2.0,7057467,332,0.999999,0.999999,3437.7674786856646,0,-1
c,active_stress,affine,4.0,100,2.0,7057467,333,0.9996749060044808,0.999999,3458.882094351055,0,-1
c,active_stress,affine,4.0,100,2.0,7057467,334,0.793631319222887,0.9999831773983837,3454.713776897486,0,-1
c,active_stress,affine,4.0,100,2.0,7057467,335,0.999999,0.9961905303811626,3466.808264033493,0,-1
c,active_stress,affine,4.0,100,2.0,7057467,336,0.9999545010202523,0.999999,3467.102433139064,0,-1
c,active_stress,affine,4.0,100,2.0,7057467,337,0.9854613040249548,0.753217089840094,3462.348948220923,0,-1
c,active_stress,affine,4.0,100,2.0,7057467,338,0.7084199649157815,0.8847201738865739,3408.862936345524,0,-1
c,active_stress,affine,4.0,100,2.0,7057467,339,0.9998646236627358,0.999999,3477.4861940946125,0,-1
c,active_stress,affine,4.0,100,2.0,7057467,340,0.9999591217898364,0.9981038997328165,3448.8702550161797,0,-1
c,active_stress,affine,4.0,100,2.0,7057467,341,0.999999,0.999999,3471.3670841143594,0,-1
c,active_stress,affine,4.0,100,2.0,7057467,342,0.999999,0.9974250468670233,3466.158692127081,0,-1
c,active_stress,affine,4.0,100,2.0,7057467,343,0.9987178344927156,0.9998566217690268,3461.7591191823467,0,-1
c,active_stress,affine,4.0,100,2.0,7057467,344,0.9691885616316053,0.9999838756344234,3421.2700742429984,0,-1
c,active_stress,affine,4.0,100,2.0,7057467,345,0.9843985906883733,0.999999,3449.7945067435658,0,-1
c,active_stress,affine,4.0,100,2.0,7057467,346,0.9202650308901407,0.9997269665226343,3457.8870037340735,0,-1
c,active_stress,affine,4.0,100,2.0,7057467,347,0.999950240175938,0.999999,3467.9638615191016,0,-1
c,active_stress,affine,4.0,100,2.0,7057467,348,0.999999,0.9818150808175861,3471.182532223422,0,-1
c,active_stress,affine,4.0,100,2.0,7057467,349,0.7190731829160272,0.9987206956962638,3462.7680070397414,0,-1
c,active_stress,affine,4.0,100,2.0,7057467,350,0.9866081167929034,0.999999,3392.2212386655856,0,-1
c,active_stress,affine,4.0,100,2.0,7057467,351,0.9998834588666338,0.999999,3423.8170317516838,0,-1
c,active_stress,affine,4.0,100,2.0,7057467,352,0.999999,0.999999,3446.520777747006,0,-1
c,active_stress,affine,4.0,100,2.0,7057467,353,0.8333079187328755,0.999999,3471.0893758527177,0,-1
c,active_stress,affine,4.0,100,2.0,7057467,354,0.999999,0.999999,3443.901965513191,0,-1
c,active_stress,affine,4.0,100,2.0,7057467,355,0.999999,0.999999,3467.725160281251,0,-1
c,active_stress,affine,4.0,100,2.0,7057467,356,0.9931296320980869,0.9101498397581879,3441.664959153307,0,-1
c,active_stress,affine,4.0,100,2.0,7057467,357,0.9999744814736915,0.9999139630187458,3454.8849706438264,0,-1
c,active_stress,affine,4.0,100,2.0,7057467,358,0.9883561429623686,0.9999673236176084,3481.8212506365726,0,-1
c,active_stress,affine,4.0,100,2.0,7057467,359,0.999999,0.9999273991042851,3458.7030427344566,0,-1
c,active_stress,affine,4.0,100,2.0,7057467,360,0.9964934127354249,0.96857080276557,3452.7385472713677,0,-1
c,active_stress,affine,4.0,100,2.0,7057467,361,0.999999,0.9997421520278297,3412.354065110805,0,-1
c,active_stress,affine,4.0,100,2.0,7057467,362,0.999999,0.999864612944912,3475.669989496706,0,-1
c,active_stress,affine,4.0,100,2.0,7057467,363,0.9971446315610011,0.999999,3419.578692917484,0,-1
c,active_stress,affine,4.0,100,2.0,7057467,364,0.9955638217240763,0.8885222085782281,3442.240443627549,0,-1
c,active_stress,affine,4.0,100,2.0,7057467,365,0.9959916556792,0.9999429203284163,3462.7990089082236,0,-1
c,active_stress,affine,4.0,100,2.0,7057467,366,0.9958460332416718,0.999999,3463.690775381102,0,-1
c,active_stress,affine,4.0,100,2.0,7057467,367,0.9999528379263911,0.999999,3398.1775180608674,0,-1
c,active_stress,affine,4.0,100,2.0,7057467,368,0.999999,0.999999,3466.0854724293376,0,-1
c,active_stress,affine,4.0,100,2.0,7057467,369,0.9995590485914507,0.999999,3461.601782409113,0,-1
c,active_stress,affine,4.0,100,2.0,7057467,370,0.999999,0.9978699042790317,3383.224418543144,0,-1
c,active_stress,affine,4.0,100,2.0,7057467,371,0.999999,0.9994317302705891,3474.660094703977,0,-1
c,active_stress,affine,4.0,100,2.0,7057467,372,0.9984449890074678,0.999999,3458.242605201601,0,-1
c,active_stress,affine,4.0,100,2.0,7057467,373,0.999999,0.999999,3478.3592144958425,0,-1
c,active_stress,affine,4.0,100,2.0,7057467,374,0.999999,0.999999,3475.320265679111,0,-1
c,active_stress,affine,4.0,100,2.0,7057467,375,0.999999,0.9959137682125199,3464.7864946909176,0,-1
c,active_stress,affine,4.0,100,2.0,7057467,376,0.999999,0.999999,3474.418097572261,0,-1
c,active_stress,affine,4.0,100,2.0,7057467,377,0.999999,0.966440071629897,3464.0198565515425,0,-1
c,active_stress,affine,4.0,100,2.0,7057467,378,0.9553055375257771,0.999999,3479.2956962633434,0,-1
c,active_stress,affine,4.0,100,2.0,7057467,379,0.9995773580164361,0.9979675002338884,3466.879858879298,0,-1
c,active_stress,affine,4.0,100,2.0,7057467,380,0.9994525859420672,0.9999006773131892,3438.8084942670703,0,-1
c,active_stress,affine,4.0,100,2.0,7057467,381,0.9999376537481479,0.9999340246385579,3446.078319253518,0,-1
c,active_stress,affine,4.0,100,2.0,7057467,382,0.9998732775585621,0.9975218032812089,3473.26695446428,0,-1
c,active_stress,affine,4.0,100,2.0,7057467,383,0.9893749400987415,0.999999,3458.976243130048,0,-1
c,active_stress,affine,4.0,100,2.0,7057467,384,0.999999,0.9999337670707156,3459.06504077523,0,-1
c,active_stress,affine,4.0,100,2.0,7057467,385,0.999999,0.9452874433520364,3452.1099542131287,0,-1
c,active_stress,affine,4.0,100,2.0,7057467,386,0.999999,0.9898573601345261,3473.901375480952,0,-1
c,active_stress,affine,4.0,100,2.0,7057467,387,0.9965006874557633,0.9977784414951582,3453.298599622412,0,-1
c,active_stress,affine,4.0,100,2.0,7057467,388,0.999999,0.9572488997850954,3456.2296581860423,0,-1
c,active_stress,affine,4.0,100,2.0,7057467,389,0.999999,0.999999,3452.2490094935692,0,-1
c,active_stress,affine,4.0,100,2.0,7057467,390,0.9990071602202872,0.999999,3429.2349052218565,0,-1
c,active_stress,affine,4.0,100,2.0,7057467,391,0.999999,0.8630744603489878,3469.3825999337464,0,-1
c,active_stress,affine,4.0,100,2.0,7057467,392,0.999999,0.9999719772116776,3476.795081360489,0,-1
c,active_stress,affine,4.0,100,2.0,7057467,393,0.7908688704927925,0.999999,3466.825798183457,0,-1
c,active_stress,affine,4.0,100,2.0,7057467,394,0.999999,0.999999,3469.6299201297425,0,-1
c,active_stress,affine,4.0,100,2.0,7057467,395,0.999999,0.8408422450570695,3462.9330920404786,0,-1
c,active_stress,affine,4.0,100,2.0,7057467,396,0.9912686437144403,0.9999739088418009,3469.1172711068693,0,-1
c,active_stress,affine,4.0,100,2.0,7057467,397,0.999999,0.999999,3468.761738597545,0,-1
c,active_stress,affine,4.0,100,2.0,7057467,398,0.9660153539657138,0.997230133694362,3461.4106323623673,0,-1
c,active_stress,affine,4.0,100,2.0,7057467,399,0.999999,0.9699249864378423,3482.2631196196457,0,-1
c,active_stress,affine,4.0,100,2.0,7057467,400,0.9959966461611661,0.9858096587979809,3466.4104310225575,0,-1
c,active_stress,affine,4.0,100,2.0,7057467,401,0.999999,0.9999792699969011,3476.723194503328,0,-1
c,active_stress,affine,4.0,100,2.0,7057467,402,0.9663718978807493,0.999999,3470.2940691117346,0,-1
c,active_stress,affine,4.0,100,2.0,7057467,403,0.999999,0.9937590671910415,3475.9051650481692,0,-1
c,active_stress,affine,4.0,100,2.0,7057467,404,0.9929022343409964,0.999999,3449.1471053340824,0,-1
c,active_stress,affine,4.0,100,2.0,7057467,405,0.9994908010510665,0.999999,3457.5511052181573,0,-1
c,active_stress,affine,4.0,100,2.0,7057467,406,0.9982207592670229,0.9950528160498928,3480.3030141574163,0,-1
c,active_stress,affine,4.0,100,2.0,7057467,407,0.999999,0.999999,3441.509522585392,0,-1
c,active_stress,affine,4.0,100,2.0,7057467,408,0.9998762671380529,0.999999,3473.2480638744564,0,-1
c,active_stress,affine,4.0,100,2.0,7057467,409,0.999999,0.999999,3455.3793777806313,0,-1
c,active_stress,affine,4.0,100,2.0,7057467,410,0.999999,0.9994953817158337,3453.8499752242637,0,-1
c,active_stress,affine,4.0,100,2.0,7057467,411,0.9999805740205914,0.9983777073147078,3440.6090689882994,0,-1
c,active_stress,affine,4.0,100,2.0,7057467,412,0.9980137919623209,0.9996975162311573,3454.9262740743247,0,-1
c,active_stress,affine,4.0,100,2.0,7057467,413,0.999999,0.999999,3474.34972278271,0,-1
c,active_stress,affine,4.0,100,2.0,7057467,414,0.9997335925109823,0.999999,3418.2484992359136,0,-1
c,active_stress,affine,4.0,100,2.0,7057467,415,0.999999,0.9998638193781978,3416.6675256399526,0,-1
c,active_stress,affine,4.0,100,2.0,7057467,416,0.999391305339074,0.999999,3472.463938519995,0,-1
c,active_stress,affine,4.0,100,2.0,7057467,417,0.969675288348496,0.999999,3461.7367376115963,0,-1
c,active_stress,affine,4.0,100,2.0,7057467,418,0.9957738961969483,0.999999,3477.3128150802627,0,-1
c,active_stress,affine,4.0,100,2.0,7057467,419,0.9994466968491551,0.9477947932726207,3460.9355907613785,0,-1
c,active_stress,affine,4.0,100,2.0,7057467,420,0.988680294689856,0.999999,3444.6454645313725,0,-1
c,active_stress,affine,4.0,100,2.0,7057467,421,0.9906555162984362,0.999819479530938,3461.77591449594,0,-1
c,active_stress,affine,4.0,100,2.0,7057467,422,0.9986940902714956,0.9947667019593722,3462.598965798689,0,-1
c,active_stress,affine,4.0,100,2.0,7057467,423,0.9996008018396338,0.999999,3472.4726314892873,0,-1
c,active_stress,affine,4.0,100,2.0,7057467,424,0.9998244076705886,0.9997640129151151,3471.4023014050326,0,-1
c,active_stress,affine,4.0,100,2.0,7057467,425,0.9956914378784792,0.9376333017214765,3479.3666087161305,0,-1
c,active_stress,affine,4.0,100,2.0,7057467,426,0.8785824925453799,0.9171132230749661,3481.691752832166,0,-1
c,active_stress,affine,4.0,100,2.0,7057467,427,0.9319892665167606,0.978365970125112,3453.6295353756745,0,-1
c,active_stress,affine,4.0,100,2.0,7057467,428,0.9999203441415585,0.9833539364333129,3473.1309423872635,0,-1
c,active_stress,affine,4.0,100,2.0,7057467,429,0.999999,0.999999,3477.13920855356,0,-1
c,active_stress,affine,4.0,100,2.0,7057467,430,0.9988144902669354,0.999844578706491,3484.169325647787,0,-1
c,active_stress,affine,4.0,100,2.0,7057467,431,0.9967061305931966,0.999999,3468.9298150767045,0,-1
c,active_stress,affine,4.0,100,2.0,7057467,432,0.9677034722184935,0.9963575685897412,3477.4224813535934,0,-1
c,active_stress,affine,4.0,100,2.0,7057467,433,0.999999,0.999999,3456.3545527927495,0,-1
c,active_stress,affine,4.0,100,2.0,7057467,434,0.9999297080742054,0.9997218051353302,3467.9702527228865,0,-1
c,active_stress,affine,4.0,100,2.0,7057467,435,0.9901552021716796,0.9979567249098282,3468.118626724956,0,-1
c,active_stress,affine,4.0,100,2.0,7057467,436,0.999999,0.9966911190033371,3472.4400292511536,0,-1
c,active_stress,affine,4.0,100,2.0,7057467,437,0.999999,0.9999856787570949,3478.315792700494,0,-1
c,active_stress,affine,4.0,100,2.0,7057467,438,0.9994148170753414,0.999999,3469.3030729816514,0,-1
c,active_stress,affine,4.0,100,2.0,7057467,439,0.999999,0.999999,3445.6434164225575,0,-1
c,active_stress,affine,4.0,100,2.0,7057467,440,0.999999,0.9997279217122673,3444.463268465354,0,-1
c,active_stress,affine,4.0,100,2.0,7057467,441,0.9999515106303859,0.9910076406546866,3432.076407310415,0,-1
c,active_stress,affine,4.0,100,2.0,7057467,442,0.9998664888931477,0.9997856161221809,3471.662093218082,0,-1
c,active_stress,affine,4.0,100,2.0,7057467,443,0.9997563844226198,0.9997286377261381,3470.4377467104205,0,-1
c,active_stress,affine,4.0,100,2.0,7057467,444,0.9992316024415978,0.9941602542151575,3461.7790713492027,0,-1
c,active_stress,affine,4.0,100,2.0,7057467,445,0.999999,0.9998637623382912,3462.9742981926584,0,-1
c,active_stress,affine,4.0,100,2.0,7057467,446,0.8743588838407681,0.9998388053581567,3459.237653851555,0,-1
c,active_stress,affine,4.0,100,2.0,7057467,447,0.5337354513584194,0.999999,3463.7940346828777,0,-1
c,active_stress,affine,4.0,100,2.0,7057467,448,0.9862427209510687,0.9998099357712225,3467.8399110657556,0,-1
c,active_stress,affine,4.0,100,2.0,7057467,449,0.999999,0.999999,3461.5878596368216,0,-1
c,active_stress,affine,4.0,100,2.0,7057467,450,0.999999,0.750847857434622,3476.6110301266135,0,-1
c,active_stress,affine,4.0,100,2.0,7057467,451,0.7381647951058645,0.9716688695420718,3454.831622576727,0,-1
c,active_stress,affine,4.0,100,2.0,7057467,452,0.999999,0.999999,3410.144335265357,0,-1
c,active_stress,affine,4.0,100,2.0,7057467,453,0.9999163359600733,0.9999424170939012,3474.6519182297843,0,-1
c,active_stress,affine,4.0,100,2.0,7057467,454,0.999999,0.999999,3453.5075475541603,0,-1
c,active_stress,affine,4.0,100,2.0,7057467,455,0.999999,0.9941243347996627,3453.1418214545215,0,-1
c,active_stress,affine,4.0,100,2.0,7057467,456,0.9996516251625022,0.9163800794544155,3464.276018371712,0,-1
c,active_stress,affine,4.0,100,2.0,7057467,457,0.999999,0.999999,3449.7978362265035,0,-1
c,active_stress,affine,4.0,100,2.0,7057467,458,0.9998307094531587,0.999999,3462.3471109516445,0,-1
c,active_stress,affine,4.0,100,2.0,7057467,459,0.999999,0.9594117123119963,3468.901048834584,0,-1
c,active_stress,affine,4.0,100,2.0,7057467,460,0.999999,0.8957708139150132,3443.7045770773825,0,-1
c,active_stress,affine,4.0,100,2.0,7057467,461,0.997082280272158,0.9972270356717182,3484.103005393258,0,-1
c,active_stress,affine,4.0,100,2.0,7057467,462,0.999999,0.999999,3458.9768082573696,0,-1
c,active_stress,affine,4.0,100,2.0,7057467,463,0.999999,0.94767334230931,3464.2738145890394,0,-1
c,active_stress,affine,4.0,100,2.0,7057467,464,0.999999,0.999999,3460.220007904754,0,-1
c,active_stress,affine,4.0,100,2.0,7057467,465,0.9534661813862575,0.999753634391566,3458.75386310156,0,-1
c,active_stress,affine,4.0,100,2.0,7057467,466,0.999999,0.9999241388226064,3441.531238615791,0,-1
c,active_stress,affine,4.0,100,2.0,7057467,467,0.9999527138205053,0.9998383830945936,3454.6014221083346,0,-1
c,active_stress,affine,4.0,100,2.0,7057467,468,0.9999104866216308,0.999999,3458.0371658649938,0,-1
c,active_stress,affine,4.0,100,2.0,7057467,469,0.999999,0.9998587183242079,3475.3056250692102,0,-1
c,active_stress,affine,4.0,100,2.0,7057467,470,0.999999,0.9999851436119059,3474.4486922595283,0,-1
c,active_stress,affine,4.0,100,2.0,7057467,471,0.9998970071305765,0.9902165530564538,3426.3911987313304,0,-1
c,active_stress,affine,4.0,100,2.0,7057467,472,0.999999,0.9999005733875311,3484.163386179279,0,-1
c,active_stress,affine,4.0,100,2.0,7057467,473,0.999999,0.999999,3469.971930529684,0,-1
c,active_stress,affine,4.0,100,2.0,7057467,474,0.999999,0.999999,3452.386497186285,0,-1
c,active_stress,affine,4.0,100,2.0,7057467,475,0.5575322168235404,0.9999587407774013,3452.631247962359,0,-1
c,active_stress,affine,4.0,100,2.0,7057467,476,0.999999,0.999923652524925,3484.166435639142,0,-1
c,active_stress,affine,4.0,100,2.0,7057467,477,0.999999,0.560593428950524,3474.1535962104244,0,-1
c,active_stress,affine,4.0,100,2.0,7057467,478,0.999999,0.999999,3443.5026297621366,0,-1
c,active_stress,affine,4.0,100,2.0,7057467,479,0.9865859225172272,0.999999,3480.6404896246527,0,-1
c,active_stress,affine,4.0,100,2.0,7057467,480,0.999999,0.999999,3424.361608738785,0,-1
c,active_stress,affine,4.0,100,2.0,7057467,481,0.999999,0.9993655413738447,3369.8911726262054,0,-1
c,active_stress,affine,4.0,100,2.0,7057467,482,0.9999765948344057,0.9989140586711175,3452.113186071417,0,-1
c,active_stress,affine,4.0,100,2.0,7057467,483,0.999999,0.999999,3468.2221993785865,0,-1
c,active_stress,affine,4.0,100,2.0,7057467,484,0.9998293453599013,0.999999,3456.079521424869,0,-1
c,active_stress,affine,4.0,100,2.0,7057467,485,0.999999,0.999999,3477.4093508518768,0,-1
c,active_stress,affine,4.0,100,2.0,7057467,486,0.999999,0.999999,3453.9690826189076,0,-1
c,active_stress,affine,4.0,100,2.0,7057467,487,0.9999626113388546,0.999999,3460.7572924787914,0,-1
c,active_stress,affine,4.0,100,2.0,7057467,488,0.999999,0.9134195718124465,3459.7651829792403,0,-1
c,active_stress,affine,4.0,100,2.0,7057467,489,0.9990720587647347,0.9655100214079749,3462.889581594551,0,-1
c,active_stress,affine,4.0,100,2.0,7057467,490,0.999999,0.9997505997878288,3467.8621906227927,0,-1
c,active_stress,affine,4.0,100,2.0,7057467,491,0.9999375391365958,0.999999,3423.0082424121824,0,-1
c,active_stress,affine,4.0,100,2.0,7057467,492,0.999999,0.9999938037955289,3480.069224829004,0,-1
c,active_stress,affine,4.0,100,2.0,7057467,493,0.9999588739242418,0.9987441253368665,3434.827936718375,0,-1
c,active_stress,affine,4.0,100,2.0,7057467,494,0.9967076819014594,0.999999,3482.398788638274,0,-1
c,active_stress,affine,4.0,100,2.0,7057467,495,0.999999,0.9956684037845188,3470.0198301898054,0,-1
c,active_stress,affine,4.0,100,2.0,7057467,496,0.9963326057166242,0.9997623957686204,3473.5963333717277,0,-1
c,active_stress,affine,4.0,100,2.0,7057467,497,0.9873730925822257,0.9886658882729146,3481.0920862421176,0,-1
c,active_stress,affine,4.0,100,2.0,7057467,498,0.9999722094303178,0.9756036739546691,3474.8827203394294,0,-1
c,active_stress,affine,4.0,100,2.0,7057467,499,0.9940940851610222,0.6798132280279456,3446.0556030650446,0,-1
c,active_stress,affine,4.0,100,2.0,7057467,500,0.999999,0.8667872488181297,3463.9371310383935,0,-1
c,active_stress,affine,4.0,100,2.0,7057467,501,0.97677760450173,0.6735247531160894,3394.2685771020456,0,-1
c,active_stress,affine,4.0,100,2.0,7057467,502,0.9997639324785784,0.9998276798626247,3411.134452716119,0,-1
c,active_stress,affine,4.0,100,2.0,7057467,503,0.9996496641223314,0.9997159804595758,3469.6900786317956,0,-1
c,active_stress,affine,4.0,100,2.0,7057467,504,0.9938227857565034,0.999999,3478.1722113801,0,-1
c,active_stress,affine,4.0,100,2.0,7057467,505,0.999999,0.999999,3472.562031442922,0,-1
c,active_stress,affine,4.0,100,2.0,7057467,506,0.8834574341699836,0.9870100133291937,3462.9056947008485,0,-1
c,active_stress,affine,4.0,100,2.0,7057467,507,0.9548907057700347,0.9796630547519947,3468.0087819754203,0,-1
c,active_stress,affine,4.0,100,2.0,7057467,508,0.9973425808147519,0.999999,3474.352281391397,0,-1
c,active_stress,affine,4.0,100,2.0,7057467,509,0.9692709209527348,0.9997456272584949,3442.865454085233,0,-1
c,active_stress,affine,4.0,100,2.0,7057467,510,0.999993020965003,0.9998138752131477,3453.6253905529084,0,-1
c,active_stress,affine,4.0,100,2.0,7057467,511,0.9847103279189704,0.999999,3477.2239954992874,0,-1
c,active_stress,affine,4.0,100,2.0,7057467,512,0.999999,0.999999,3467.0479859208913,0,-1
c,active_stress,affine,4.0,100,2.0,7057467,513,0.9921578323067669,0.9764864089950263,3468.626537929388,0,-1
c,active_stress,affine,4.0,100,2.0,7057467,514,0.999999,0.999999,3467.476515454355,0,-1
c,active_stress,affine,4.0,100,2.0,7057467,515,0.9815674069875979,0.9546045360594204,3480.855643947987,0,-1
c,active_stress,affine,4.0,100,2.0,7057467,516,0.999902800444538,0.9939951732383936,3452.3907193589275,0,-1
c,active_stress,affine,4.0,100,2.0,7057467,517,0.9957292291508716,0.999999,3445.9538173829264,0,-1
c,active_stress,affine,4.0,100,2.0,7057467,518,0.9950168684957732,0.999817686323334,3464.662369101783,0,-1
c,active_stress,affine,4.0,100,2.0,7057467,519,0.9989686530647728,0.8930764985449888,3449.623487467055,0,-1
c,active_stress,affine,4.0,100,2.0,7057467,520,0.9575627399663419,0.999999,3468.445980939447,0,-1
c,active_stress,affine,4.0,100,2.0,7057467,521,0.9944241425472427,0.999999,3450.193172186507,0,-1
c,active_stress,affine,4.0,100,2.0,7057467,522,0.9841398466217955,0.9999878192035894,3445.1059133276303,0,-1
c,active_stress,affine,4.0,100,2.0,7057467,523,0.999999,0.9998726323540845,3459.3116246217155,0,-1
c,active_stress,affine,4.0,100,2.0,7057467,524,0.9976187908773558,0.9763351542883638,3478.9215644180413,0,-1
c,active_stress,affine,4.0,100,2.0,7057467,525,0.9680533582129104,0.9977067502199689,3427.1368764359772,0,-1
c,active_stress,affine,4.0,100,2.0,7057467,526,0.9692200911053042,0.999999,3459.11815974157,0,-1
c,active_stress,affine,4.0,100,2.0,7057467,527,0.999999,0.9998988323931016,3463.1793187847848,0,-1
c,active_stress,affine,4.0,100,2.0,7057467,528,0.9978398537365422,0.999999,3467.2142028162657,0,-1
c,active_stress,affine,4.0,100,2.0,7057467,529,0.999999,0.9991762504874174,3478.74606609854,0,-1
c,active_stress,affine,4.0,100,2.0,7057467,530,0.9976888650347604,0.999999,3406.9374392719574,0,-1
c,active_stress,affine,4.0,100,2.0,7057467,531,0.999999,0.999999,3428.204011484651,0,-1
c,active_stress,affine,4.0,100,2.0,7057467,532,0.9940617165547713,0.9997803342936202,3453.551960002928,0,-1
c,active_stress,affine,4.0,100,2.0,7057467,533,0.999999,0.9952635344025055,3466.562908645457,0,-1
c,active_stress,affine,4.0,100,2.0,7057467,534,0.999999,0.999775019932377,3476.1718794558237,0,-1
c,active_stress,affine,4.0,100,2.0,7057467,535,0.999950597241314,0.9675464710689998,3481.1517412746703,0,-1
c,active_stress,affine,4.0,100,2.0,7057467,536,0.999999,0.8019806232265051,3405.250896790974,0,-1
c,active_stress,affine,4.0,100,2.0,7057467,537,0.999999,0.999999,3462.032882681788,0,-1
c,active_stress,affine,4.0,100,2.0,7057467,538,0.9951920380328851,0.999999,3462.124937968834,0,-1
c,active_stress,affine,4.0,100,2.0,7057467,539,0.8488382142099874,0.999999,3471.751561179257,0,-1
c,active_stress,affine,4.0,100,2.0,7057467,540,0.999999,0.9956584598818129,3475.387552986433,0,-1
c,active_stress,affine,4.0,100,2.0,7057467,541,0.9504226387212842,0.970109991123064,3455.064624804298,0,-1
c,active_stress,affine,4.0,100,2.0,7057467,542,0.9999668762377134,0.999999,3461.6659245644464,0,-1
c,active_stress,affine,4.0,100,2.0,7057467,543,0.9999726451636307,0.9998159163625064,3453.111729592199,0,-1
c,active_stress,affine,4.0,100,2.0,7057467,544,0.9956000685846775,0.9997550393185884,3461.233678096924,0,-1
c,active_stress,affine,4.0,100,2.0,7057467,545,0.9383072290469291,0.999999,3478.1397052408947,0,-1
c,active_stress,affine,4.0,100,2.0,7057467,546,0.9995322925864383,0.9999946082659688,3479.827259029771,0,-1
c,active_stress,affine,4.0,100,2.0,7057467,547,0.9999900483842115,0.9954948581718676,3421.6930341747807,0,-1
c,active_stress,affine,4.0,100,2.0,7057467,548,0.9781864539861067,0.9951347622749821,3437.418636678042,0,-1
c,active_stress,affine,4.0,100,2.0,7057467,549,0.999999,0.999999,3480.2881794665304,0,-1
c,active_stress,affine,4.0,100,2.0,7057467,550,0.999999,0.999809583196774,3464.226242718803,0,-1
c,active_stress,affine,4.0,100,2.0,7057467,551,0.9986227057431588,0.9949537612918031,3461.9849622573483,0,-1
c,active_stress,affine,4.0,100,2.0,7057467,552,0.9999171793898354,0.999999,3483.397323244447,0,-1
c,active_stress,affine,4.0,100,2.0,7057467,553,0.991799581149893,0.999999,3463.906545214717,0,-1
c,active_stress,affine,4.0,100,2.0,7057467,554,0.999999,0.999999,3439.714811598512,0,-1
c,active_stress,affine,4.0,100,2.0,7057467,555,0.999999,0.999728052458811,3465.0096510267517,0,-1
c,active_stress,affine,4.0,100,2.0,7057467,556,0.999840538102248,0.9994273659870275,3468.282508385048,0,-1
c,active_stress,affine,4.0,100,2.0,7057467,557,0.999999,0.999999,3465.2780151207503,0,-1
c,active_stress,affine,4.0,100,2.0,7057467,558,0.999500462068247,0.9978581752899172,3484.993474410491,0,-1
c,active_stress,affine,4.0,100,2.0,7057467,559,0.9954965014550534,0.9874568026789146,3437.954231901445,0,-1
c,active_stress,affine,4.0,100,2.0,7057467,560,0.999999,0.8344764282200481,3460.1519268465813,0,-1
c,active_stress,affine,4.0,100,2.0,7057467,561,0.999988433554709,0.9985522262402496,3457.5454108406625,0,-1
c,active_stress,affine,4.0,100,2.0,7057467,562,0.999999,0.9995813878894333,3458.679495009577,0,-1
c,active_stress,affine,4.0,100,2.0,7057467,563,0.999999,0.999999,3448.303878129384,0,-1
c,active_stress,affine,4.0,100,2.0,7057467,564,0.999999,0.9995306200921875,3464.871059518749,0,-1
c,active_stress,affine,4.0,100,2.0,7057467,565,0.9929095463709768,0.9978212562148725,3438.749977961474,0,-1
c,active_stress,affine,4.0,100,2.0,7057467,566,0.999999,0.999999,3452.7653365952106,0,-1
c,active_stress,affine,4.0,100,2.0,7057467,567,0.9678118833217568,0.9972736639883966,3429.8704625353917,0,-1
c,active_stress,affine,4.0,100,2.0,7057467,568,0.9999038111828339,0.999999,3469.0775152127085,0,-1
c,active_stress,affine,4.0,100,2.0,7057467,569,0.9982620401622407,0.9998925879832753,3403.8435309076967,0,-1
c,active_stress,affine,4.0,100,2.0,7057467,570,0.9705831388694635,0.999999,3481.7945459459993,0,-1
c,active_stress,affine,4.0,100,2.0,7057467,571,0.999999,0.999999,3463.960867005614,0,-1
c,active_stress,affine,4.0,100,2.0,7057467,572,0.8759205014951388,0.9781663533288844,3455.6647506661275,0,-1
c,active_stress,affine,4.0,100,2.0,7057467,573,0.999999,0.9998483195582386,3453.032559407718,0,-1
c,active_stress,affine,4.0,100,2.0,7057467,574,0.999999,0.9914129299005755,3481.348281481041,0,-1
c,active_stress,affine,4.0,100,2.0,7057467,575,0.9998424249394955,0.999999,3474.413273805058,0,-1
c,active_stress,affine,4.0,100,2.0,7057467,576,0.9962999131549207,0.9868366098035246,3469.300648586098,0,-1
c,active_stress,affine,4.0,100,2.0,7057467,577,0.999999,0.9999513597471871,3478.3787178885595,0,-1
c,active_stress,affine,4.0,100,2.0,7057467,578,0.999999,0.9998592179205481,3471.3350879088307,0,-1
c,active_stress,affine,4.0,100,2.0,7057467,579,0.999999,0.999999,3455.3253085483966,0,-1
c,active_stress,affine,4.0,100,2.0,7057467,580,0.999922790589556,0.9596965430369924,3468.2180931756484,0,-1
c,active_stress,affine,4.0,100,2.0,7057467,581,0.999999,0.9911053832659729,3354.3218065266856,0,-1
c,active_stress,affine,4.0,100,2.0,7057467,582,0.999999,0.9997990171538327,3483.8414567649215,0,-1
c,active_stress,affine,4.0,100,2.0,7057467,583,0.999999,0.999999,3380.3013031960236,0,-1
c,active_stress,affine,4.0,100,2.0,7057467,584,0.9999561846990148,0.5285927493077377,3431.277961396059,0,-1
c,active_stress,affine,4.0,100,2.0,7057467,585,0.999999,0.9999941205551791,3474.8729620207027,0,-1
c,active_stress,affine,4.0,100,2.0,7057467,586,0.9999708711992383,0.999999,3471.449545891457,0,-1
c,active_stress,affine,4.0,100,2.0,7057467,587,0.976398661157778,0.9999355521505342,3475.478358243651,0,-1
c,active_stress,affine,4.0,100,2.0,7057467,588,0.9550592305384279,0.999999,3454.8498105251824,0,-1
c,active_stress,affine,4.0,100,2.0,7057467,589,0.9999956571703773,0.999999,3459.4924040563965,0,-1
c,active_stress,affine,4.0,100,2.0,7057467,590,0.9999875917135485,0.9999250788562428,3460.1817846952235,0,-1
c,active_stress,affine,4.0,100,2.0,7057467,591,0.999999,0.9911686681910866,3466.227888867828,0,-1
c,active_stress,affine,4.0,100,2.0,7057467,592,0.9998109169364986,0.9991131175375589,3437.0816818403805,0,-1
c,active_stress,affine,4.0,100,2.0,7057467,593,0.9994885143836142,0.9992751465391754,3456.302808192196,0,-1
c,active_stress,affine,4.0,100,2.0,7057467,594,0.999999,0.9992850304075525,3470.9859108943006,0,-1
c,active_stress,affine,4.0,100,2.0,7057467,595,0.999999,0.9889116113574832,3456.5626851456796,0,-1
c,active_stress,affine,4.0,100,2.0,7057467,596,0.999948567002651,0.999999,3462.7523827806053,0,-1
c,active_stress,affine,4.0,100,2.0,7057467,597,0.9848416533388494,0.999999,3471.057613836148,0,-1
c,active_stress,affine,4.0,100,2.0,7057467,598,0.999999,0.9612613177866807,3464.6105089397824,0,-1
c,active_stress,affine,4.0,100,2.0,7057467,599,0.999999,0.9561612222062461,3468.3066150119744,0,-1
c,active_stress,affine,4.0,100,2.0,7057467,600,0.999999,0.999999,3464.6038615473376,0,-1
c,active_stress,affine,4.0,100,2.0,7057467,601,0.9999156236400122,0.999999,3462.251307450798,0,-1
c,active_stress,affine,4.0,100,2.0,7057467,602,0.962256139909312,0.999999,3458.7887059825025,0,-1
c,active_stress,affine,4.0,100,2.0,7057467,603,0.999999,0.999999,3476.5315242891456,0,-1
c,active_stress,affine,4.0,100,2.0,7057467,604,0.999999,0.9656399217603477,3475.5806519850316,0,-1
c,active_stress,affine,4.0,100,2.0,7057467,605,0.999870688157648,0.999999,3458.1325200455312,0,-1
c,active_stress,affine,4.0,100,2.0,7057467,606,0.9843015110433464,0.9998288057205873,3468.029444442177,0,-1
c,active_stress,affine,4.0,100,2.0,7057467,607,0.9976178580570512,0.9958639568759128,3475.041570304024,0,-1
c,active_stress,affine,4.0,100,2.0,7057467,608,0.9996072742359668,0.9998763479095686,3433.7463632984736,0,-1
c,active_stress,affine,4.0,100,2.0,7057467,609,0.999999,0.9979119943339079,3473.9387537324023,0,-1
c,active_stress,affine,4.0,100,2.0,7057467,610,0.999999,0.9984906508739156,3483.274710462002,0,-1
c,active_stress,affine,4.0,100,2.0,7057467,611,0.8142230014170473,0.999999,3481.178022944205,0,-1
c,active_stress,affine,4.0,100,2.0,7057467,612,0.9998973705032926,0.9674974548323464,3482.5373113295595,0,-1
c,active_stress,affine,4.0,100,2.0,7057467,613,0.9998116964950745,0.9999604019992184,3464.981186885291,0,-1
c,active_stress,affine,4.0,100,2.0,7057467,614,0.9949192698615142,0.9998419542661258,3457.0816463224924,0,-1
c,active_stress,affine,4.0,100,2.0,7057467,615,0.999999,0.999999,3460.1329818579215,0,-1
c,active_stress,affine,4.0,100,2.0,7057467,616,0.999999,0.999999,3475.2575240107094,0,-1
c,active_stress,affine,4.0,100,2.0,7057467,617,0.999999,0.999999,3477.3855582153424,0,-1
c,active_stress,affine,4.0,100,2.0,7057467,618,0.999844216158646,0.999999,3458.5348959670623,0,-1
c,active_stress,affine,4.0,100,2.0,7057467,619,0.9996351187443492,0.9998056214554196,3464.2954331772826,0,-1
c,active_stress,affine,4.0,100,2.0,7057467,620,0.999999,0.9999557826993254,3424.0151677295653,0,-1
c,active_stress,affine,4.0,100,2.0,7057467,621,0.999999,0.999859344518045,3474.290577917814,0,-1
c,active_stress,affine,4.0,100,2.0,7057467,622,0.9997461593431567,0.999999,3456.1732469327167,0,-1
c,active_stress,affine,4.0,100,2.0,7057467,623,0.9619107411704538,0.9996378053777734,3458.5762396695027,0,-1
c,active_stress,affine,4.0,100,2.0,7057467,624,0.999999,0.9999925552617398,3466.9231785453335,0,-1
c,active_stress,affine,4.0,100,2.0,7057467,625,0.49165687788434254,0.999999,3463.0595562614453,0,-1
c,active_stress,affine,4.0,100,2.0,7057467,626,0.9997548437741812,0.9999947958923755,3477.5804234002026,0,-1
c,active_stress,affine,4.0,100,2.0,7057467,627,0.9917360448720197,0.9999842724380266,3408.443554794202,0,-1
c,active_stress,affine,4.0,100,2.0,7057467,628,0.999999,0.999999,3431.494803538122,0,-1
c,active_stress,affine,4.0,100,2.0,7057467,629,0.9670020945768969,0.9995435867640564,3474.883296585069,0,-1
c,active_stress,affine,4.0,100,2.0,7057467,630,0.999999,0.9997340351111772,3462.931911207345,0,-1
c,active_stress,affine,4.0,100,2.0,7057467,631,0.9958768117442255,0.8673101684405541,3475.363775683457,0,-1
c,active_stress,affine,4.0,100,2.0,7057467,632,0.9732655433214461,0.9954061577493193,3471.5186462651905,0,-1
c,active_stress,affine,4.0,100,2.0,7057467,633,0.9997929895637127,0.9851114062347129,3422.569175467213,0,-1
c,active_stress,affine,4.0,100,2.0,7057467,634,0.999999,0.999999,3469.282624512514,0,-1
c,active_stress,affine,4.0,100,2.0,7057467,635,0.9949732062589887,0.9780177449700136,3479.3294280692808,0,-1
c,active_stress,affine,4.0,100,2.0,7057467,636,0.9964326358112313,0.9999716021478493,3481.6194440803656,0,-1
c,active_stress,affine,4.0,100,2.0,7057467,637,0.9963393720295909,0.999999,3459.136503150259,0,-1
c,active_stress,affine,4.0,100,2.0,7057467,638,0.9853399539395914,0.999999,3468.16055082398,0,-1
c,active_stress,affine,4.0,100,2.0,7057467,639,0.999999,0.999999,3468.219845502057,0,-1
c,active_stress,affine,4.0,100,2.0,7057467,640,0.98847611571406,0.999999,3439.9739586120504,0,-1
c,active_stress,affine,4.0,100,2.0,7057467,641,0.999999,0.999999,3436.55886997284,0,-1
c,active_stress,affine,4.0,100,2.0,7057467,642,0.999999,0.999999,3478.4961432605796,0,-1
c,active_stress,affine,4.0,100,2.0,7057467,643,0.8787279545902076,0.9326166505442911,3475.0338802154806,0,-1
c,active_stress,affine,4.0,100,2.0,7057467,644,0.999019169450073,0.999999,3471.092400260719,0,-1
c,active_stress,affine,4.0,100,2.0,7057467,645,0.999999,0.999933371480205,3454.898949397227,0,-1
c,active_stress,affine,4.0,100,2.0,7057467,646,0.9997352155141525,0.999999,3463.95747883365,0,-1
c,active_stress,affine,4.0,100,2.0,7057467,647,0.998295127913674,0.9975776625687638,3460.396756325741,0,-1
c,active_stress,affine,4.0,100,2.0,7057467,648,0.999999,0.999999,3464.7085559099173,0,-1
c,active_stress,affine,4.0,100,2.0,7057467,649,0.999999,0.999999,3474.9344329268083,0,-1
c,active_stress,affine,4.0,100,2.0,7057467,650,0.9741490121529275,0.9998321717886842,3464.660954750583,0,-1
c,active_stress,affine,4.0,100,2.0,7057467,651,0.999999,0.9889402087540953,3473.2072185004276,0,-1
c,active_stress,affine,4.0,100,2.0,7057467,652,0.999999,0.999999,3441.3366278601716,0,-1
c,active_stress,affine,4.0,100,2.0,7057467,653,0.9945072189819347,0.999999,3455.8554520092825,0,-1
c,active_stress,affine,4.0,100,2.0,7057467,654,0.9996204335138565,0.9997203920187296,3458.4268211392423,0,-1
c,active_stress,affine,4.0,100,2.0,7057467,655,0.9956728733985837,0.9958088055249015,3453.8773659570893,0,-1
c,active_stress,affine,4.0,100,2.0,7057467,656,0.817825950465286,0.999999,3466.270904063906,0,-1
c,active_stress,affine,4.0,100,2.0,7057467,657,0.6596452561690376,0.9972941613963198,3476.6238376627994,0,-1
c,active_stress,affine,4.0,100,2.0,7057467,658,0.999999,0.999999,3445.830116864513,0,-1
c,active_stress,affine,4.0,100,2.0,7057467,659,0.999999,0.9997942238797174,3468.6522256148196,0,-1
c,active_stress,affine,4.0,100,2.0,7057467,660,0.9999204413920356,0.999999,3457.716292673076,0,-1
c,active_stress,affine,4.0,100,2.0,7057467,661,0.9982055095295195,0.999999,3470.2183921712435,0,-1
c,active_stress,affine,4.0,100,2.0,7057467,662,0.9743258716659128,0.9954810960530185,3438.6028758171146,0,-1
c,active_stress,affine,4.0,100,2.0,7057467,663,0.7565773933036765,0.9998960683724326,3428.7357085458734,0,-1
c,active_stress,affine,4.0,100,2.0,7057467,664,0.9998685343429926,0.999999,3480.436092212692,0,-1
c,active_stress,affine,4.0,100,2.0,7057467,665,0.999999,0.9994490157167646,3451.469058776432,0,-1
c,active_stress,affine,4.0,100,2.0,7057467,666,0.9949325732877183,0.999999,3460.2902510351832,0,-1
c,active_stress,affine,4.0,100,2.0,7057467,667,0.9999715978759876,0.9988978283658347,3464.0042145398616,0,-1
c,active_stress,affine,4.0,100,2.0,7057467,668,0.999999,0.999999,3449.52849895656,0,-1
c,active_stress,affine,4.0,100,2.0,7057467,669,0.9999404421599222,0.3865348340940499,3442.0674945539363,0,-1
c,active_stress,affine,4.0,100,2.0,7057467,670,0.999999,0.9956643269015963,3470.940724583601,0,-1
c,active_stress,affine,4.0,100,2.0,7057467,671,0.999999,0.999999,3484.9838719455747,0,-1
c,active_stress,affine,4.0,100,2.0,7057467,672,0.999999,0.999999,3426.2300094271272,0,-1
c,active_stress,affine,4.0,100,2.0,7057467,673,0.9911137813629406,0.9997918778196297,3481.6912212041616,0,-1
c,active_stress,affine,4.0,100,2.0,7057467,674,0.999999,0.9981888906108602,3474.917829950813,0,-1
c,active_stress,affine,4.0,100,2.0,7057467,675,0.999999,0.9955994886722737,3461.3362449692804,0,-1
c,active_stress,affine,4.0,100,2.0,7057467,676,0.9997339724729173,0.999999,3447.199531431629,0,-1
c,active_stress,affine,4.0,100,2.0,7057467,677,0.999999,0.9986643000333558,3464.627749309599,0,-1
c,active_stress,affine,4.0,100,2.0,7057467,678,0.999999,0.9997391199945738,3451.334254819947,0,-1
c,active_stress,affine,4.0,100,2.0,7057467,679,0.999999,0.9969084767827688,3423.6115153903893,0,-1
c,active_stress,affine,4.0,100,2.0,7057467,680,0.999999,0.999999,3471.4319567058087,0,-1
c,active_stress,affine,4.0,100,2.0,7057467,681,0.999999,0.9966034995964206,3476.9674044636063,0,-1
c,active_stress,affine,4.0,100,2.0,7057467,682,0.9832981208632922,0.999999,3446.4220386956304,0,-1
c,active_stress,affine,4.0,100,2.0,7057467,683,0.9979873729835786,0.9983541400148938,3448.9374672062195,0,-1
c,active_stress,affine,4.0,100,2.0,7057467,684,0.9943653489996285,0.999999,3470.1975093714886,0,-1
c,active_stress,affine,4.0,100,2.0,7057467,685,0.9992803752442861,0.999999,3476.3463273111643,0,-1
c,active_stress,affine,4.0,100,2.0,7057467,686,0.9999571905106543,0.9999674222220912,3451.5529486600954,0,-1
c,active_stress,affine,4.0,100,2.0,7057467,687,0.999999,0.999999,3480.5565035022873,0,-1
c,active_stress,affine,4.0,100,2.0,7057467,688,0.999999,0.999999,3415.015706902503,0,-1
c,active_stress,affine,4.0,100,2.0,7057467,689,0.9984414934677112,0.9997880055326727,3483.9217245849964,0,-1
c,active_stress,affine,4.0,100,2.0,7057467,690,0.999999,0.9347248565371343,3484.0430915838283,0,-1
c,active_stress,affine,4.0,100,2.0,7057467,691,0.8138333595062965,0.9999737128982055,3443.9418070079028,0,-1
c,active_stress,affine,4.0,100,2.0,7057467,692,0.9708414293729369,0.9980471306283359,3447.225894516974,0,-1
c,active_stress,affine,4.0,100,2.0,7057467,693,0.9997859643093766,0.3102853912982967,3410.148406890866,0,-1
c,active_stress,affine,4.0,100,2.0,7057467,694,0.9996392340604229,0.9990624124291901,3473.052978644092,0,-1
c,active_stress,affine,4.0,100,2.0,7057467,695,0.999999,0.9920643708138943,3481.234284833908,0,-1
c,active_stress,affine,4.0,100,2.0,7057467,696,0.9999733458327337,0.999759968751781,3478.4273885945045,0,-1
c,active_stress,affine,4.0,100,2.0,7057467,697,0.999999,0.9997908035781486,3470.7791507081984,0,-1
c,active_stress,affine,4.0,100,2.0,7057467,698,0.9962047926142019,0.981456641310982,3454.080728411127,0,-1
c,active_stress,affine,4.0,100,2.0,7057467,699,0.999999,0.9994984788047743,3435.617645750007,0,-1
c,active_stress,affine,4.0,100,2.0,7057467,700,0.9983024290189552,0.999999,3483.642397225953,0,-1
c,active_stress,affine,4.0,100,2.0,7057467,701,0.999999,0.999999,3476.804775753285,0,-1
c,active_stress,affine,4.0,100,2.0,7057467,702,0.9999307405712516,0.9998607909530021,3467.9024008198435,0,-1
c,active_stress,affine,4.0,100,2.0,7057467,703,0.999999,0.999999,3472.2874083089887,0,-1
c,active_stress,affine,4.0,100,2.0,7057467,704,0.9999265686622597,0.9998465745724303,3456.269659323345,0,-1
c,active_stress,affine,4.0,100,2.0,7057467,705,0.999999,0.9952282300186105,3463.535081456896,0,-1
c,active_stress,affine,4.0,100,2.0,7057467,706,0.9998988219314251,0.9999445441106123,3435.245825740406,0,-1
c,active_stress,affine,4.0,100,2.0,7057467,707,0.9752146304006574,0.9986464941094507,3440.5974462844374,0,-1
c,active_stress,affine,4.0,100,2.0,7057467,708,0.999999,0.999999,3478.746054397568,0,-1
c,active_stress,affine,4.0,100,2.0,7057467,709,0.9485676298649158,0.999999,3478.305961512498,0,-1
c,active_stress,affine,4.0,100,2.0,7057467,710,0.998844402259225,0.999999,3457.7350495125825,0,-1
c,active_stress,affine,4.0,100,2.0,7057467,711,0.998117975434535,0.799456965867145,3423.0291037127686,0,-1
c,active_stress,affine,4.0,100,2.0,7057467,712,0.999999,0.9828989075661048,3477.522371119375,0,-1
c,active_stress,affine,4.0,100,2.0,7057467,713,0.961695648972891,0.9993571937181415,3461.3844901238226,0,-1
c,active_stress,affine,4.0,100,2.0,7057467,714,0.9749634827405144,0.9999152194847533,3459.560754368762,0,-1
c,active_stress,affine,4.0,100,2.0,7057467,715,0.9997626483675826,0.6638714676751366,3416.2943296670624,0,-1
c,active_stress,affine,4.0,100,2.0,7057467,716,0.999999,0.9999862314276199,3420.8620328772336,0,-1
c,active_stress,affine,4.0,100,2.0,7057467,717,0.997257486876206,0.9998292325264,3456.5191410878633,0,-1
c,active_stress,affine,4.0,100,2.0,7057467,718,0.6927242639387541,0.999999,3460.4308204022386,0,-1
c,active_stress,affine,4.0,100,2.0,7057467,719,0.997821193069951,0.9999734877772587,3464.4845671866256,0,-1
c,active_stress,affine,4.0,100,2.0,7057467,720,0.9729638252318539,0.9994330288937313,3467.1288843532534,0,-1
c,active_stress,affine,4.0,100,2.0,7057467,721,0.999999,0.9899446389319,3468.894116753832,0,-1
c,active_stress,affine,4.0,100,2.0,7057467,722,0.999999,0.9997922608950373,3457.61079206328,0,-1
c,active_stress,affine,4.0,100,2.0,7057467,723,0.999999,0.9987905817646994,3465.7161345577,0,-1
c,active_stress,affine,4.0,100,2.0,7057467,724,0.9999759476531138,0.9997988431617068,3476.0135019984314,0,-1
c,active_stress,affine,4.0,100,2.0,7057467,725,0.9999791939816772,0.9997719959431686,3464.074675303881,0,-1
c,active_stress,affine,4.0,100,2.0,7057467,726,0.9999874643043456,0.999999,3466.9798243079895,0,-1
c,active_stress,affine,4.0,100,2.0,7057467,727,0.9988769006675681,0.999999,3453.9346699173325,0,-1
c,active_stress,affine,4.0,100,2.0,7057467,728,0.999999,0.9998007981974353,3464.9951059633922,0,-1
c,active_stress,affine,4.0,100,2.0,7057467,729,0.9997907064128192,0.9738008681278595,3460.830778030174,0,-1
c,active_stress,affine,4.0,100,2.0,7057467,730,0.999999,0.8236681385135362,3441.4885350815052,0,-1
c,active_stress,affine,4.0,100,2.0,7057467,731,0.8751521177686102,0.9568266791889696,3473.0134391523807,0,-1
c,active_stress,affine,4.0,100,2.0,7057467,732,0.999999,0.9997348941849501,3453.8473319370005,0,-1
c,active_stress,affine,4.0,100,2.0,7057467,733,0.9998994881409041,0.9976663118645157,3466.592976687272,0,-1
c,active_stress,affine,4.0,100,2.0,7057467,734,0.7756561216119288,0.999999,3461.972929914048,0,-1
c,active_stress,affine,4.0,100,2.0,7057467,735,0.999999,0.9999426676035491,3472.798001911377,0,-1
c,active_stress,affine,4.0,100,2.0,7057467,736,0.9766076764166765,0.999999,3471.3566023745557,0,-1
c,active_stress,affine,4.0,100,2.0,7057467,737,0.999999,0.9996976395298202,3441.8336558341107,0,-1
c,active_stress,affine,4.0,100,2.0,7057467,738,0.999999,0.9224578174542952,3476.014154086589,0,-1
c,active_stress,affine,4.0,100,2.0,7057467,739,0.9987218652249813,0.9999156190942335,3465.701854641576,0,-1
c,active_stress,affine,4.0,100,2.0,7057467,740,0.999999,0.999999,3476.3800473967244,0,-1
c,active_stress,affine,4.0,100,2.0,7057467,741,0.989010128980076,0.9999685502121344,3475.304436935925,0,-1
c,active_stress,affine,4.0,100,2.0,7057467,742,0.9926781970999343,0.999999,3479.2228218337345,0,-1
c,active_stress,affine,4.0,100,2.0,7057467,743,0.9999797389164299,0.999999,3448.6686928819404,0,-1
c,active_stress,affine,4.0,100,2.0,7057467,744,0.9988912193648041,0.999999,3458.4099115780473,0,-1
c,active_stress,affine,4.0,100,2.0,7057467,745,0.999999,0.999999,3474.119028677952,0,-1
c,active_stress,affine,4.0,100,2.0,7057467,746,0.9788118146574035,0.9700672750663403,3471.041862742082,0,-1
c,active_stress,affine,4.0,100,2.0,7057467,747,0.999999,0.7318235811121571,3423.579328986444,0,-1
c,active_stress,affine,4.0,100,2.0,7057467,748,0.8943945073405919,0.9999373951834136,3456.1335825266556,0,-1
c,active_stress,affine,4.0,100,2.0,7057467,749,0.957615470791234,0.9969493167450566,3486.626695458139,0,-1
c,active_stress,affine,4.0,100,2.0,7057467,750,0.999999,0.9999475914098206,3441.358556354642,0,-1
c,active_stress,affine,4.0,100,2.0,7057467,751,0.999553152963821,0.999999,3463.7370637236954,0,-1
c,active_stress,affine,4.0,100,2.0,7057467,752,0.9970871687422734,0.9996373670373603,3480.0216554498156,0,-1
c,active_stress,affine,4.0,100,2.0,7057467,753,0.9925659413974595,0.9140085158532988,3465.085324756378,0,-1
c,active_stress,affine,4.0,100,2.0,7057467,754,0.999999,0.9998977287556028,3467.473643639775,0,-1
c,active_stress,affine,4.0,100,2.0,7057467,755,0.9806138239604151,0.9970156416487056,3456.131919529765,0,-1
c,active_stress,affine,4.0,100,2.0,7057467,756,0.999999,0.999999,3472.0187864293225,0,-1
c,active_stress,affine,4.0,100,2.0,7057467,757,0.9999678058625919,0.9999557837802695,3443.6563456362705,0,-1
c,active_stress,affine,4.0,100,2.0,7057467,758,0.9999233621659945,0.9649518511602864,3457.1297196932696,0,-1
c,active_stress,affine,4.0,100,2.0,7057467,759,0.9077173934623871,0.999999,3455.776057003761,0,-1
c,active_stress,affine,4.0,100,2.0,7057467,760,0.9547767304107716,0.999399993399941,3464.3694617960623,0,-1
c,active_stress,affine,4.0,100,2.0,7057467,761,0.9987813923830745,0.9855039913338278,3459.940914836361,0,-1
c,active_stress,affine,4.0,100,2.0,7057467,762,0.9999257959444086,0.9933836557824158,3454.6676203648294,0,-1
c,active_stress,affine,4.0,100,2.0,7057467,763,0.9938369490081498,0.999888317580917,3458.9146267516994,0,-1
c,active_stress,affine,4.0,100,2.0,7057467,764,0.9999210684743564,0.9814014758026081,3459.219175574538,0,-1
c,active_stress,affine,4.0,100,2.0,7057467,765,0.9999005598612708,0.999999,3476.829661599082,0,-1
c,active_stress,affine,4.0,100,2.0,7057467,766,0.999999,0.8916431645112834,3475.5951372419117,0,-1
c,active_stress,affine,4.0,100,2.0,7057467,767,0.9998453084775888,0.999999,3444.379794532736,0,-1
c,active_stress,affine,4.0,100,2.0,7057467,768,0.3192936487754683,0.999999,3456.207520853625,0,-1
c,active_stress,affine,4.0,100,2.0,7057467,769,0.9997238247176454,0.999999,3482.262471722234,0,-1
c,active_stress,affine,4.0,100,2.0,7057467,770,0.997788946343898,0.9983916224325021,3471.8789673247707,0,-1
c,active_stress,affine,4.0,100,2.0,7057467,771,0.9998088734626972,0.9999517022194471,3454.899681370664,0,-1
c,active_stress,affine,4.0,100,2.0,7057467,772,0.9996009016304381,0.999999,3470.5712164733245,0,-1
c,active_stress,affine,4.0,100,2.0,7057467,773,0.999999,0.9766456075501195,3423.6098361548766,0,-1
c,active_stress,affine,4.0,100,2.0,7057467,774,0.999999,0.9948283808230759,3476.420966278706,0,-1
c,active_stress,affine,4.0,100,2.0,7057467,775,0.999999,0.999999,3441.7380138175563,0,-1
c,active_stress,affine,4.0,100,2.0,7057467,776,0.9996775132294113,0.9914006973741569,3472.3288864592546,0,-1
c,active_stress,affine,4.0,100,2.0,7057467,777,0.999901819905931,0.985453561001913,3427.816840449867,0,-1
c,active_stress,affine,4.0,100,2.0,7057467,778,0.999999,0.9999966128384574,3474.513562475108,0,-1
c,active_stress,affine,4.0,100,2.0,7057467,779,0.9996812747497467,0.9632434294926808,3478.490362234853,0,-1
c,active_stress,affine,4.0,100,2.0,7057467,780,0.999999,0.999999,3465.2567481223655,0,-1
c,active_stress,affine,4.0,100,2.0,7057467,781,0.999999,0.999999,3470.814134420515,0,-1
c,active_stress,affine,4.0,100,2.0,7057467,782,0.999999,0.999999,3471.8649570307443,0,-1
c,active_stress,affine,4.0,100,2.0,7057467,783,0.999999,0.9999964338226259,3469.1228943669244,0,-1
c,active_stress,affine,4.0,100,2.0,7057467,784,0.999999,0.999999,3474.6672405070185,0,-1
c,active_stress,affine,4.0,100,2.0,7057467,785,0.99654873969099,0.9998597939453374,3461.021403344143,0,-1
c,active_stress,affine,4.0,100,2.0,7057467,786,0.9997070406685766,0.9967208190987492,3462.2960421333805,0,-1
c,active_stress,affine,4.0,100,2.0,7057467,787,0.999999,0.999974288835176,3460.7261409831012,0,-1
c,active_stress,affine,4.0,100,2.0,7057467,788,0.9996814711734711,0.998215455951413,3468.559067738108,0,-1
c,active_stress,affine,4.0,100,2.0,7057467,789,0.9999489988707281,0.999999,3474.3948366493164,0,-1
c,active_stress,affine,4.0,100,2.0,7057467,790,0.999999,0.999999,3435.6849969357972,0,-1
c,active_stress,affine,4.0,100,2.0,7057467,791,0.9999115240435787,0.9998356245530094,3458.3136866365644,0,-1
c,active_stress,affine,4.0,100,2.0,7057467,792,0.999999,0.9999022860068699,3482.8123981694152,0,-1
c,active_stress,affine,4.0,100,2.0,7057467,793,0.9998769908887175,0.7562917251419179,3419.9841442737516,0,-1
c,active_stress,affine,4.0,100,2.0,7057467,794,0.9999374560853826,0.9999983264169937,3468.1463905237024,0,-1
c,active_stress,affine,4.0,100,2.0,7057467,795,0.9993153020188044,0.9929084753582017,3476.5788941322226,0,-1
c,active_stress,affine,4.0,100,2.0,7057467,796,0.999999,0.999999,3448.008491029344,0,-1
c,active_stress,affine,4.0,100,2.0,7057467,797,0.999999,0.999999,3483.379629330656,0,-1
c,active_stress,affine,4.0,100,2.0,7057467,798,0.9933517114978306,0.9995726846777037,3473.3214191724237,0,-1
c,active_stress,affine,4.0,100,2.0,7057467,799,0.9997768506652519,0.999999,3470.363945573164,0,-1
c,active_stress,affine,4.0,100,2.0,7057467,800,0.999999,0.9998569122760208,3455.4591885110694,0,-1
c,active_stress,affine,4.0,100,2.0,7057467,801,0.9992716453694651,0.9849381305996867,3466.863610749621,0,-1
c,active_stress,affine,4.0,100,2.0,7057467,802,0.999999,0.999999,3455.282036401527,0,-1
c,active_stress,affine,4.0,100,2.0,7057467,803,0.999999,0.999999,3459.869539781135,0,-1
c,active_stress,affine,4.0,100,2.0,7057467,804,0.9999873833924995,0.999999,3477.5020513649233,0,-1
c,active_stress,affine,4.0,100,2.0,7057467,805,0.9996359037056728,0.7266424778554418,3467.453425094193,0,-1
c,active_stress,affine,4.0,100,2.0,7057467,806,0.5321874611420235,0.999999,3479.7331799154003,0,-1
c,active_stress,affine,4.0,100,2.0,7057467,807,0.999999,0.9999595044574268,3455.2696123084797,0,-1
c,active_stress,affine,4.0,100,2.0,7057467,808,0.9995742989894731,0.999999,3417.120365105928,0,-1
c,active_stress,affine,4.0,100,2.0,7057467,809,0.9998703754719673,0.999999,3480.063340499901,0,-1
c,active_stress,affine,4.0,100,2.0,7057467,810,0.9943836320274237,0.9315084931936926,3466.154149110537,0,-1
c,active_stress,affine,4.0,100,2.0,7057467,811,0.9997918102050183,0.8250259938357686,3450.82274028762,0,-1
c,active_stress,affine,4.0,100,2.0,7057467,812,0.999999,0.999999,3452.150742383229,0,-1
c,active_stress,affine,4.0,100,2.0,7057467,813,0.9998489635189507,0.999999,3427.3107022761724,0,-1
c,active_stress,affine,4.0,100,2.0,7057467,814,0.999999,0.999999,3474.6454513314607,0,-1
c,active_stress,affine,4.0,100,2.0,7057467,815,0.9999304875305121,0.999999,3455.3078755161787,0,-1
c,active_stress,affine,4.0,100,2.0,7057467,816,0.999985053902268,0.7607829034655631,3445.799041129585,0,-1
c,active_stress,affine,4.0,100,2.0,7057467,817,0.7279152837963322,0.9993440220290883,3462.4021417521876,0,-1
c,active_stress,affine,4.0,100,2.0,7057467,818,0.9880021523080074,0.999999,3468.583962964797,0,-1
c,active_stress,affine,4.0,100,2.0,7057467,819,0.9602837043050212,0.9991579517831197,3441.0056176482512,0,-1
c,active_stress,affine,4.0,100,2.0,7057467,820,0.9805888044062123,0.9988267471106568,3479.2230973069672,0,-1
c,active_stress,affine,4.0,100,2.0,7057467,821,0.9987722998295098,0.9999169269355531,3476.1273780195293,0,-1
c,active_stress,affine,4.0,100,2.0,7057467,822,0.999999,0.9997110928486249,3459.7327481646225,0,-1
c,active_stress,affine,4.0,100,2.0,7057467,823,0.9949161377952604,0.999999,3461.5288828104617,0,-1
c,active_stress,affine,4.0,100,2.0,7057467,824,0.9930706472174564,0.9983861241663028,3460.901688796157,0,-1
c,active_stress,affine,4.0,100,2.0,7057467,825,0.999999,0.999999,3477.691610965198,0,-1
c,active_stress,affine,4.0,100,2.0,7057467,826,0.9999090760760145,0.99534073316934,3449.676585031223,0,-1
c,active_stress,affine,4.0,100,2.0,7057467,827,0.999999,0.999999,3458.573993457879,0,-1
c,active_stress,affine,4.0,100,2.0,7057467,828,0.999999,0.999999,3442.2782272011455,0,-1
c,active_stress,affine,4.0,100,2.0,7057467,829,0.9985212612871974,0.9998405730807967,3457.9515671665295,0,-1
c,active_stress,affine,4.0,100,2.0,7057467,830,0.9900780828519128,0.999999,3482.012285488652,0,-1
c,active_stress,affine,4.0,100,2.0,7057467,831,0.9997389780926491,0.9997160106780172,3438.5156068619935,0,-1
c,active_stress,affine,4.0,100,2.0,7057467,832,0.999999,0.9975899269661679,3416.1302678369034,0,-1
c,active_stress,affine,4.0,100,2.0,7057467,833,0.999999,0.9820151990573592,3449.104033980419,0,-1
c,active_stress,affine,4.0,100,2.0,7057467,834,0.9251852297353444,0.999999,3483.4053575034127,0,-1
c,active_stress,affine,4.0,100,2.0,7057467,835,0.999999,0.999999,3456.0109481875384,0,-1
c,active_stress,affine,4.0,100,2.0,7057467,836,0.9994198773886007,0.9999942422812564,3477.612964120333,0,-1
c,active_stress,affine,4.0,100,2.0,7057467,837,0.999825484990287,0.999999,3443.1154046591973,0,-1
c,active_stress,affine,4.0,100,2.0,7057467,838,0.999999,0.999999,3463.912951656603,0,-1
c,active_stress,affine,4.0,100,2.0,7057467,839,0.9632113131400737,0.5794746384490677,3443.6988341757287,0,-1
c,active_stress,affine,4.0,100,2.0,7057467,840,0.9889970724101248,0.9998487601899299,3474.7147495761924,0,-1
c,active_stress,affine,4.0,100,2.0,7057467,841,0.9999603249490847,0.9986852182115279,3467.2112879504994,0,-1
c,active_stress,affine,4.0,100,2.0,7057467,842,0.8362299154146208,0.999999,3455.7609967605836,0,-1
c,active_stress,affine,4.0,100,2.0,7057467,843,0.9822426389715129,0.9969013973091628,3458.1387112151347,0,-1
c,active_stress,affine,4.0,100,2.0,7057467,844,0.9998046492314078,0.9949180790886153,3462.0483781479247,0,-1
c,active_stress,affine,4.0,100,2.0,7057467,845,0.999999,0.9844691215206547,3482.17314576031,0,-1
c,active_stress,affine,4.0,100,2.0,7057467,846,0.9998378646671906,0.999999,3471.753063796058,0,-1
c,active_stress,affine,4.0,100,2.0,7057467,847,0.998584063208963,0.998396564823281,3435.6795787263377,0,-1
c,active_stress,affine,4.0,100,2.0,7057467,848,0.999999,0.9999716788596699,3435.520820864527,0,-1
c,active_stress,affine,4.0,100,2.0,7057467,849,0.9866160264311059,0.999999,3471.610863881412,0,-1
c,active_stress,affine,4.0,100,2.0,7057467,850,0.9998071197272312,0.999999,3474.664668818354,0,-1
c,active_stress,affine,4.0,100,2.0,7057467,851,0.999999,0.999999,3475.4404988153888,0,-1
c,active_stress,affine,4.0,100,2.0,7057467,852,0.995448628740406,0.999999,3469.481750731624,0,-1
c,active_stress,affine,4.0,100,2.0,7057467,853,0.999999,0.9999296533768458,3460.1076794597766,0,-1
c,active_stress,affine,4.0,100,2.0,7057467,854,0.999999,0.999999,3465.359750914416,0,-1
c,active_stress,affine,4.0,100,2.0,7057467,855,0.999999,0.999999,3444.260458166305,0,-1
c,active_stress,affine,4.0,100,2.0,7057467,856,0.999996234478237,0.999999,3445.660575885897,0,-1
c,active_stress,affine,4.0,100,2.0,7057467,857,0.9998748242797444,0.999999,3472.7907703034234,0,-1
c,active_stress,affine,4.0,100,2.0,7057467,858,0.999999,0.9992066117290105,3442.105290731404,0,-1
c,active_stress,affine,4.0,100,2.0,7057467,859,0.9996809158847391,0.9999768915695083,3477.7651022717546,0,-1
c,active_stress,affine,4.0,100,2.0,7057467,860,0.9993037255640421,0.999999,3469.0739249504577,0,-1
c,active_stress,affine,4.0,100,2.0,7057467,861,0.9886366211614738,0.9999872789719016,3464.4512785739544,0,-1
c,active_stress,affine,4.0,100,2.0,7057467,862,0.9353568909382504,0.9456685416454056,3453.8581838120194,0,-1
c,active_stress,affine,4.0,100,2.0,7057467,863,0.999999,0.9696919425648373,3459.431447474564,0,-1
c,active_stress,affine,4.0,100,2.0,7057467,864,0.999999,0.9976132749235307,3467.8058246824035,0,-1
c,active_stress,affine,4.0,100,2.0,7057467,865,0.9998832127204081,0.999999,3473.6797283580386,0,-1
c,active_stress,affine,4.0,100,2.0,7057467,866,0.9997474024336401,0.998526326657526,3481.511774580152,0,-1
c,active_stress,affine,4.0,100,2.0,7057467,867,0.999999,0.999999,3465.306803949207,0,-1
c,active_stress,affine,4.0,100,2.0,7057467,868,0.9999009929984715,0.9824328620091187,3472.6911361863,0,-1
c,active_stress,affine,4.0,100,2.0,7057467,869,0.9998073802603409,0.9121448484694448,3406.6434002927012,0,-1
c,active_stress,affine,4.0,100,2.0,7057467,870,0.9997944630242648,0.9999363787722976,3463.7672791454106,0,-1
c,active_stress,affine,4.0,100,2.0,7057467,871,0.999999,0.999999,3483.853719764515,0,-1
c,active_stress,affine,4.0,100,2.0,7057467,872,0.999999,0.9999019278016332,3460.959381874104,0,-1
c,active_stress,affine,4.0,100,2.0,7057467,873,0.9560644538073059,0.999999,3449.664576839697,0,-1
c,active_stress,affine,4.0,100,2.0,7057467,874,0.9995616730100435,0.8951012509343703,3471.9201306260006,0,-1
c,active_stress,affine,4.0,100,2.0,7057467,875,0.9998731200791043,0.9620523024356381,3480.8800907144046,0,-1
c,active_stress,affine,4.0,100,2.0,7057467,876,0.9997895785360265,0.999999,3472.6960295048134,0,-1
c,active_stress,affine,4.0,100,2.0,7057467,877,0.9319644405812711,0.9998911840230961,3451.5589475001666,0,-1
c,active_stress,affine,4.0,100,2.0,7057467,878,0.9996582333228036,0.999999,3467.828441114484,0,-1
c,active_stress,affine,4.0,100,2.0,7057467,879,0.999999,0.999999,3470.4924980349406,0,-1
c,active_stress,affine,4.0,100,2.0,7057467,880,0.999999,0.8571955702297432,3474.0450348608892,0,-1
c,active_stress,affine,4.0,100,2.0,7057467,881,0.9998424215215507,0.9957623390459337,3442.7923292830847,0,-1
c,active_stress,affine,4.0,100,2.0,7057467,882,0.999999,0.9345317004856715,3473.608367287544,0,-1
c,active_stress,affine,4.0,100,2.0,7057467,883,0.999999,0.994377247448638,3470.1150879125807,0,-1
c,active_stress,affine,4.0,100,2.0,7057467,884,0.9999894043547987,0.9318587230081326,3450.0227436135337,0,-1
c,active_stress,affine,4.0,100,2.0,7057467,885,0.999718607778457,0.999999,3467.7783673047034,0,-1
c,active_stress,affine,4.0,100,2.0,7057467,886,0.999987401717448,0.9896708280526489,3457.2251886090235,0,-1
c,active_stress,affine,4.0,100,2.0,7057467,887,0.999999,0.9874149395444244,3457.037962510452,0,-1
c,active_stress,affine,4.0,100,2.0,7057467,888,0.999999,0.998596572266772,3421.561056274385,0,-1
c,active_stress,affine,4.0,100,2.0,7057467,889,0.9999360332461277,0.999999,3469.4029894622086,0,-1
c,active_stress,affine,4.0,100,2.0,7057467,890,0.999999,0.9998105159053534,3475.742803186314,0,-1
c,active_stress,affine,4.0,100,2.0,7057467,891,0.9794174930168587,0.9760776481257669,3455.24357756693,0,-1
c,active_stress,affine,4.0,100,2.0,7057467,892,0.9999259144889638,0.9997777420538753,3442.5455746453044,0,-1
c,active_stress,affine,4.0,100,2.0,7057467,893,0.9702186251426601,0.999999,3469.92204958434,0,-1
c,active_stress,affine,4.0,100,2.0,7057467,894,0.9522491927892028,0.9982105169135311,3435.103542957297,0,-1
c,active_stress,affine,4.0,100,2.0,7057467,895,0.8843273066647319,0.9471503434026897,3465.3585905029277,0,-1
c,active_stress,affine,4.0,100,2.0,7057467,896,0.999999,0.9951884396292154,3474.818432341939,0,-1
c,active_stress,affine,4.0,100,2.0,7057467,897,0.999999,0.999999,3463.84599945183,0,-1
c,active_stress,affine,4.0,100,2.0,7057467,898,0.999999,0.9472737778362952,3478.466387127003,0,-1
c,active_stress,affine,4.0,100,2.0,7057467,899,0.9653544305490414,0.810766379801155,3482.7568766106588,0,-1
c,active_stress,affine,4.0,100,2.0,7057467,900,0.9999874518900561,0.999999,3453.4248253624473,0,-1
c,active_stress,affine,4.0,100,2.0,7057467,901,0.999999,0.99805635742548,3469.6817134488883,0,-1
c,active_stress,affine,4.0,100,2.0,7057467,902,0.9997517807730171,0.9961436410311614,3445.379305090795,0,-1
c,active_stress,affine,4.0,100,2.0,7057467,903,0.9999263539467751,0.9997959865339823,3479.9252683140653,0,-1
c,active_stress,affine,4.0,100,2.0,7057467,904,0.9970508816129741,0.9440511985872967,3442.762454647781,0,-1
c,active_stress,affine,4.0,100,2.0,7057467,905,0.9998015603781192,0.9997887678916403,3466.575300949571,0,-1
c,active_stress,affine,4.0,100,2.0,7057467,906,0.999999,0.999999,3441.2866431517787,0,-1
c,active_stress,affine,4.0,100,2.0,7057467,907,0.9999708257149218,0.999999,3466.795783221593,0,-1
c,active_stress,affine,4.0,100,2.0,7057467,908,0.999999,0.9998348930668808,3463.3330702268395,0,-1
c,active_stress,affine,4.0,100,2.0,7057467,909,0.999999,0.9927819041174539,3466.4707819747773,0,-1
c,active_stress,affine,4.0,100,2.0,7057467,910,0.9999103324504994,0.999999,3441.147800872024,0,-1
c,active_stress,affine,4.0,100,2.0,7057467,911,0.999999,0.999999,3472.6257488850715,0,-1
c,active_stress,affine,4.0,100,2.0,7057467,912,0.9997696556748322,0.9833985719095839,3471.817403058773,0,-1
c,active_stress,affine,4.0,100,2.0,7057467,913,0.9984733079450547,0.9995554699669252,3460.971143486143,0,-1
c,active_stress,affine,4.0,100,2.0,7057467,914,0.999999,0.9982721345639571,3479.1512688511134,0,-1
c,active_stress,affine,4.0,100,2.0,7057467,915,0.9646176384259562,0.999999,3470.932865390379,0,-1
c,active_stress,affine,4.0,100,2.0,7057467,916,0.9997280344665253,0.9989181900504477,3467.2571152438704,0,-1
c,active_stress,affine,4.0,100,2.0,7057467,917,0.999999,0.9499650757372546,3395.7490960368204,0,-1
c,active_stress,affine,4.0,100,2.0,7057467,918,0.9995902654149151,0.999831228442531,3468.2306238894,0,-1
c,active_stress,affine,4.0,100,2.0,7057467,919,0.999999,0.9999327155737365,3450.1398840404927,0,-1
c,active_stress,affine,4.0,100,2.0,7057467,920,0.999999,0.9999339182578275,3476.2217750401073,0,-1
c,active_stress,affine,4.0,100,2.0,7057467,921,0.999999,0.9887219160331241,3458.2614124449738,0,-1
c,active_stress,affine,4.0,100,2.0,7057467,922,0.9383888907236121,0.9957260814695306,3461.4128842051387,0,-1
c,active_stress,affine,4.0,100,2.0,7057467,923,0.999999,0.9954272665900298,3480.3669009060523,0,-1
c,active_stress,affine,4.0,100,2.0,7057467,924,0.999999,0.9942201831665931,3453.1153087262146,0,-1
c,active_stress,affine,4.0,100,2.0,7057467,925,0.9390940712643525,0.999999,3462.886283186783,0,-1
c,active_stress,affine,4.0,100,2.0,7057467,926,0.9625790335204721,0.9996830769619152,3469.6004340763548,0,-1
c,active_stress,affine,4.0,100,2.0,7057467,927,0.9439285943552793,0.9992344676958645,3460.4671199497598,0,-1
c,active_stress,affine,4.0,100,2.0,7057467,928,0.999999,0.999999,3464.4800417600527,0,-1
c,active_stress,affine,4.0,100,2.0,7057467,929,0.9579865730837053,0.9999471588088895,3454.1816979962873,0,-1
c,active_stress,affine,4.0,100,2.0,7057467,930,0.9999503785000549,0.9854344998764788,3455.258053923417,0,-1
c,active_stress,affine,4.0,100,2.0,7057467,931,0.9903043386148925,0.999999,3473.604990639366,0,-1
c,active_stress,affine,4.0,100,2.0,7057467,932,0.9914551538527026,0.9999639812771174,3411.8803077911357,0,-1
c,active_stress,affine,4.0,100,2.0,7057467,933,0.999999,0.9997949606168061,3462.7631543270695,0,-1
c,active_stress,affine,4.0,100,2.0,7057467,934,0.9999709461217801,0.965063219925548,3476.7083916769243,0,-1
c,active_stress,affine,4.0,100,2.0,7057467,935,0.9997752832442791,0.9961120622267466,3456.414032885941,0,-1
c,active_stress,affine,4.0,100,2.0,7057467,936,0.999999,0.9985460789871863,3459.924077602285,0,-1
c,active_stress,affine,4.0,100,2.0,7057467,937,0.9997806699094441,0.999999,3455.676486848379,0,-1
c,active_stress,affine,4.0,100,2.0,7057467,938,0.999999,0.999999,3443.260022851087,0,-1
c,active_stress,affine,4.0,100,2.0,7057467,939,0.9998214554591128,0.999920668872914,3474.480131437514,0,-1
c,active_stress,affine,4.0,100,2.0,7057467,940,0.9955516778705341,0.999999,3449.529134660787,0,-1
c,active_stress,affine,4.0,100,2.0,7057467,941,0.999999,0.999999,3472.8219649384046,0,-1
c,active_stress,affine,4.0,100,2.0,7057467,942,0.999999,0.9270443726970589,3460.283927458153,0,-1
c,active_stress,affine,4.0,100,2.0,7057467,943,0.9782909602512021,0.9999405343911185,3461.993475992806,0,-1
c,active_stress,affine,4.0,100,2.0,7057467,944,0.9857321768043221,0.999999,3478.468744385184,0,-1
c,active_stress,affine,4.0,100,2.0,7057467,945,0.9902274179258479,0.999999,3476.3373139069995,0,-1
c,active_stress,affine,4.0,100,2.0,7057467,946,0.999999,0.9834890192732594,3465.097444248521,0,-1
c,active_stress,affine,4.0,100,2.0,7057467,947,0.999999,0.999979747412144,3468.9204406053595,0,-1
c,active_stress,affine,4.0,100,2.0,7057467,948,0.999999,0.99994975784108,3450.6007527323463,0,-1
c,active_stress,affine,4.0,100,2.0,7057467,949,0.9977390314117519,0.999999,3472.9795914596475,0,-1
c,active_stress,affine,4.0,100,2.0,7057467,950,0.999999,0.9959088606219173,3473.6224278778986,0,-1
c,active_stress,affine,4.0,100,2.0,7057467,951,0.999999,0.9998550586285588,3470.1311427213323,0,-1
c,active_stress,affine,4.0,100,2.0,7057467,952,0.9926231180863114,0.999999,3458.5532551326846,0,-1
c,active_stress,affine,4.0,100,2.0,7057467,953,0.9842216931549171,0.999156168847983,3470.2130074606002,0,-1
c,active_stress,affine,4.0,100,2.0,7057467,954,0.9974742223993304,0.9851737964284817,3459.9392275962705,0,-1
c,active_stress,affine,4.0,100,2.0,7057467,955,0.999999,0.9995354738092312,3461.8594165587265,0,-1
c,active_stress,affine,4.0,100,2.0,7057467,956,0.9997236536375286,0.9997587899243071,3471.388524599595,0,-1
c,active_stress,affine,4.0,100,2.0,7057467,957,0.9961427106960984,0.9966850289648511,3447.2691808937316,0,-1
c,active_stress,affine,4.0,100,2.0,7057467,958,0.9998098842859856,0.9998957005082278,3465.8630007623383,0,-1
c,active_stress,affine,4.0,100,2.0,7057467,959,0.999999,0.9996948225745866,3475.785229827592,0,-1
c,active_stress,affine,4.0,100,2.0,7057467,960,0.999999,0.9844350141957998,3446.2496255118053,0,-1
c,active_stress,affine,4.0,100,2.0,7057467,961,0.999999,0.9973208611949361,3460.189747084061,0,-1
c,active_stress,affine,4.0,100,2.0,7057467,962,0.9998895730294223,0.995310351586549,3478.2890709600856,0,-1
c,active_stress,affine,4.0,100,2.0,7057467,963,0.999999,0.9993331437422002,3474.452960220469,0,-1
c,active_stress,affine,4.0,100,2.0,7057467,964,0.9956630761406452,0.9998597489516163,3467.64029617741,0,-1
c,active_stress,affine,4.0,100,2.0,7057467,965,0.999999,0.9846253600647478,3452.682182602832,0,-1
c,active_stress,affine,4.0,100,2.0,7057467,966,0.9456403039099,0.999999,3458.072817843086,0,-1
c,active_stress,affine,4.0,100,2.0,7057467,967,0.999999,0.999999,3475.459815282911,0,-1
c,active_stress,affine,4.0,100,2.0,7057467,968,0.999999,0.9999783398398755,3476.63279742454,0,-1
c,active_stress,affine,4.0,100,2.0,7057467,969,0.8114857196248488,0.9855208790740865,3476.7373782513096,0,-1
c,active_stress,affine,4.0,100,2.0,7057467,970,0.999999,0.9991053069703073,3452.693207502265,0,-1
c,active_stress,affine,4.0,100,2.0,7057467,971,0.9998299410621455,0.9873630713571963,3411.4317595355915,0,-1
c,active_stress,affine,4.0,100,2.0,7057467,972,0.9686132221803057,0.9997075667765859,3482.0351682244723,0,-1
c,active_stress,affine,4.0,100,2.0,7057467,973,0.999999,0.9607867611389742,3445.176919801699,0,-1
c,active_stress,affine,4.0,100,2.0,7057467,974,0.6367998954519588,0.999999,3421.619042553908,0,-1
c,active_stress,affine,4.0,100,2.0,7057467,975,0.9955881061416947,0.9606590124187462,3480.277546226933,0,-1
c,active_stress,affine,4.0,100,2.0,7057467,976,0.999972188104204,0.999999,3476.0723988974087,0,-1
c,active_stress,affine,4.0,100,2.0,7057467,977,0.999999,0.9404248284779357,3429.6811392263226,0,-1
c,active_stress,affine,4.0,100,2.0,7057467,978,0.999999,0.9997178364755277,3464.7585303495744,0,-1
c,active_stress,affine,4.0,100,2.0,7057467,979,0.9869727338558132,0.999999,3454.502588544122,0,-1
c,active_stress,affine,4.0,100,2.0,7057467,980,0.9771074795469669,0.9998003440026797,3467.157441809529,0,-1
c,active_stress,affine,4.0,100,2.0,7057467,981,0.999999,0.9985545982575592,3439.4724450070603,0,-1
c,active_stress,affine,4.0,100,2.0,7057467,982,0.999999,0.999999,3465.1823414291953,0,-1
c,active_stress,affine,4.0,100,2.0,7057467,983,0.9975860341528902,0.9304779241468041,3460.517893259206,0,-1
c,active_stress,affine,4.0,100,2.0,7057467,984,0.9702895631493369,0.999999,3460.1808927000043,0,-1
c,active_stress,affine,4.0,100,2.0,7057467,985,0.9997221856256393,0.9318194734632487,3460.3612240940606,0,-1
c,active_stress,affine,4.0,100,2.0,7057467,986,0.9999633928483376,0.999999,3343.512585223779,0,-1
c,active_stress,affine,4.0,100,2.0,7057467,987,0.9997400157075265,0.999999,3445.888218560532,0,-1
c,active_stress,affine,4.0,100,2.0,7057467,988,0.999999,0.999999,3462.105171142599,0,-1
c,active_stress,affine,4.0,100,2.0,7057467,989,0.999999,0.9998458790814613,3470.1719801005565,0,-1
c,active_stress,affine,4.0,100,2.0,7057467,990,0.999999,0.999999,3457.5283600855273,0,-1
c,active_stress,affine,4.0,100,2.0,7057467,991,0.9990178582887452,0.9629543651537306,3469.7318333447665,0,-1
c,active_stress,affine,4.0,100,2.0,7057467,992,0.999999,0.9998728015779629,3468.8248813855384,0,-1
c,active_stress,affine,4.0,100,2.0,7057467,993,0.999999,0.9998919983836615,3468.4205094992512,0,-1
c,active_stress,affine,4.0,100,2.0,7057467,994,0.9999396878618525,0.999999,3474.0410924054872,0,-1
c,active_stress,affine,4.0,100,2.0,7057467,995,0.8720010256328804,0.9990315041679962,3476.4248613120267,0,-1
c,active_stress,affine,4.0,100,2.0,7057467,996,0.999999,0.9998669670557266,3448.078588702205,0,-1
c,active_stress,affine,4.0,100,2.0,7057467,997,0.999999,0.9999174775541041,3466.3394756162265,0,-1
c,active_stress,affine,4.0,100,2.0,7057467,998,0.9998417713387716,0.9964833225361908,3460.1197767165017,0,-1
c,active_stress,affine,4.0,100,2.0,7057467,999,0.999999,0.9999188089760424,3458.651784834832,0,-1
c,active_stress,affine,4.5,100,2.0,8057470,0,0.999999,0.9971200198484647,3467.3992862996015,0,-1
c,active_stress,affine,4.5,100,2.0,8057470,1,0.999999,0.999999,3396.4571661119353,0,-1
c,active_stress,affine,4.5,100,2.0,8057470,2,0.9998761055340356,0.9963179879917424,3464.5017988505015,0,-1
c,active_stress,affine,4.5,100,2.0,8057470,3,0.999999,0.9996645740112237,3435.894441276906,0,-1
c,active_stress,affine,4.5,100,2.0,8057470,4,0.999581840126542,0.999973767994388,3474.298512924176,0,-1
c,active_stress,affine,4.5,100,2.0,8057470,5,0.999999,0.9945251608453783,3442.488079538133,0,-1
c,active_stress,affine,4.5,100,2.0,8057470,6,0.9465710480502696,0.9998921087849721,3472.8405996979373,0,-1
c,active_stress,affine,4.5,100,2.0,8057470,7,0.9921693383418123,0.9577830212797589,3470.6567826347377,0,-1
c,active_stress,affine,4.5,100,2.0,8057470,8,0.999999,0.999999,3444.244188396204,0,-1
c,active_stress,affine,4.5,100,2.0,8057470,9,0.999999,0.9999320157296226,3469.638182085674,0,-1
c,active_stress,affine,4.5,100,2.0,8057470,10,0.9996561215497988,0.999999,3455.564077976315,0,-1
c,active_stress,affine,4.5,100,2.0,8057470,11,0.7668360165834427,0.999999,3442.8522669553013,0,-1
c,active_stress,affine,4.5,100,2.0,8057470,12,0.9997217653434506,0.9999687574474522,3471.466463984304,0,-1
c,active_stress,affine,4.5,100,2.0,8057470,13,0.9967960901868176,0.928366087763592,3443.24421190831,0,-1
c,active_stress,affine,4.5,100,2.0,8057470,14,0.999999,0.999999,3469.3588416931816,0,-1
c,active_stress,affine,4.5,100,2.0,8057470,15,0.9987067503433144,0.9999639841337745,3468.2590690461384,0,-1
c,active_stress,affine,4.5,100,2.0,8057470,16,0.999999,0.9980415944386785,3445.95235027984,0,-1
c,active_stress,affine,4.5,100,2.0,8057470,17,0.9861658137136168,0.9858908947278934,3473.0161513123917,0,-1
c,active_stress,affine,4.5,100,2.0,8057470,18,0.980125419636625,0.9124163791411232,3427.229352847576,0,-1
c,active_stress,affine,4.5,100,2.0,8057470,19,0.8674034274322104,0.9991277692420858,3452.50594256708,0,-1
c,active_stress,affine,4.5,100,2.0,8057470,20,0.9998758195115683,0.999999,3456.7959390128394,0,-1
c,active_stress,affine,4.5,100,2.0,8057470,21,0.9816330856617467,0.999999,3449.031640463997,0,-1
c,active_stress,affine,4.5,100,2.0,8057470,22,0.999999,0.9986334448169217,3401.2283660070925,0,-1
c,active_stress,affine,4.5,100,2.0,8057470,23,0.999999,0.9999840754024107,3465.769221204431,0,-1
c,active_stress,affine,4.5,100,2.0,8057470,24,0.999999,0.999999,3471.026547571407,0,-1
c,active_stress,affine,4.5,100,2.0,8057470,25,0.9998164486348617,0.999999,3473.4244786952786,0,-1
c,active_stress,affine,4.5,100,2.0,8057470,26,0.9425140738764628,0.9971582453465034,3455.8336682454087,0,-1
c,active_stress,affine,4.5,100,2.0,8057470,27,0.9999008869581665,0.999999,3479.45860378076,0,-1
c,active_stress,affine,4.5,100,2.0,8057470,28,0.999999,0.999999,3404.436622913305,0,-1
c,active_stress,affine,4.5,100,2.0,8057470,29,0.9966103340020032,0.9674848654270333,3449.4656449261997,0,-1
c,active_stress,affine,4.5,100,2.0,8057470,30,0.8926746002200303,0.999999,3469.034301099229,0,-1
c,active_stress,affine,4.5,100,2.0,8057470,31,0.9449198897957697,0.9981269604812568,3380.1117143885263,0,-1
c,active_stress,affine,4.5,100,2.0,8057470,32,0.999999,0.9933662483564899,3443.124009390694,0,-1
c,active_stress,affine,4.5,100,2.0,8057470,33,0.9998249517545904,0.9995234745049209,3451.1355617722947,0,-1
c,active_stress,affine,4.5,100,2.0,8057470,34,0.999999,0.99909848557669,3475.329176990223,0,-1
c,active_stress,affine,4.5,100,2.0,8057470,35,0.9977206012665806,0.999999,3464.7662176682898,0,-1
c,active_stress,affine,4.5,100,2.0,8057470,36,0.999999,0.999999,3472.206774865455,0,-1
c,active_stress,affine,4.5,100,2.0,8057470,37,0.999999,0.999999,3466.4899348343215,0,-1
c,active_stress,affine,4.5,100,2.0,8057470,38,0.8028422983517546,0.5590908464677056,3371.5664486647306,0,-1
c,active_stress,affine,4.5,100,2.0,8057470,39,0.999999,0.999999,3460.634053318775,0,-1
c,active_stress,affine,4.5,100,2.0,8057470,40,0.9998498311670233,0.9973817897919255,3466.3317566673377,0,-1
c,active_stress,affine,4.5,100,2.0,8057470,41,0.9959975767035066,0.8443492374723092,3460.732336313525,0,-1
c,active_stress,affine,4.5,100,2.0,8057470,42,0.9998725116576488,0.9999200778751255,3453.054923350089,0,-1
c,active_stress,affine,4.5,100,2.0,8057470,43,0.9954524950257408,0.999999,3461.4977246151157,0,-1
c,active_stress,affine,4.5,100,2.0,8057470,44,0.9992559699876518,0.999967348793363,3465.9306148903834,0,-1
c,active_stress,affine,4.5,100,2.0,8057470,45,0.9959138120718525,0.9827245599593524,3477.7552677297367,0,-1
c,active_stress,affine,4.5,100,2.0,8057470,46,0.9986323555485057,0.999998313588744,3467.8361172192554,0,-1
c,active_stress,affine,4.5,100,2.0,8057470,47,0.9999104772443208,0.999999,3468.71721027764,0,-1
c,active_stress,affine,4.5,100,2.0,8057470,48,0.9999668581085076,0.9982038816099958,3461.445424670445,0,-1
c,active_stress,affine,4.5,100,2.0,8057470,49,0.999999,0.9997108921165131,3456.9798438529833,0,-1
c,active_stress,affine,4.5,100,2.0,8057470,50,0.999999,0.999999,3464.136885170816,0,-1
c,active_stress,affine,4.5,100,2.0,8057470,51,0.9970723901128031,0.999999,3464.760338249911,0,-1
c,active_stress,affine,4.5,100,2.0,8057470,52,0.9951928741633089,0.995193274306691,3454.525036182377,0,-1
c,active_stress,affine,4.5,100,2.0,8057470,53,0.9996954678004759,0.9956976566255451,3473.5956682370734,0,-1
c,active_stress,affine,4.5,100,2.0,8057470,54,0.9985099804026621,0.9999357478176046,3479.104851972771,0,-1
c,active_stress,affine,4.5,100,2.0,8057470,55,0.9802775839071217,0.999999,3444.7573827235087,0,-1
c,active_stress,affine,4.5,100,2.0,8057470,56,0.9909033908391435,0.9999418572352412,3461.8107808319287,0,-1
c,active_stress,affine,4.5,100,2.0,8057470,57,0.998103108542647,0.9998913910492739,3446.26011077298,0,-1
c,active_stress,affine,4.5,100,2.0,8057470,58,0.999999,0.999999,3473.8579262377334,0,-1
c,active_stress,affine,4.5,100,2.0,8057470,59,0.9392722574818807,0.8048827276566227,3432.369272134706,0,-1
c,active_stress,affine,4.5,100,2.0,8057470,60,0.9997522147574591,0.9999521686869064,3464.81818877002,0,-1
c,active_stress,affine,4.5,100,2.0,8057470,61,0.999999,0.999999,3471.9645719277405,0,-1
c,active_stress,affine,4.5,100,2.0,8057470,62,0.999999,0.999468251202641,3468.013615447307,0,-1
c,active_stress,affine,4.5,100,2.0,8057470,63,0.999999,0.999746617566763,3463.0346896187184,0,-1
c,active_stress,affine,4.5,100,2.0,8057470,64,0.9974353080776173,0.999999,3445.9417153099325,0,-1
c,active_stress,affine,4.5,100,2.0,8057470,65,0.999999,0.9937579313071241,3426.100359704494,0,-1
c,active_stress,affine,4.5,100,2.0,8057470,66,0.999999,0.999999,3470.281632106585,0,-1
c,active_stress,affine,4.5,100,2.0,8057470,67,0.5713447510536375,0.9825543903650987,3467.058955958764,0,-1
c,active_stress,affine,4.5,100,2.0,8057470,68,0.999999,0.9998823664903495,3474.239972632108,0,-1
c,active_stress,affine,4.5,100,2.0,8057470,69,0.9996838454422527,0.999999,3476.2517650978693,0,-1
c,active_stress,affine,4.5,100,2.0,8057470,70,0.9997694416831078,0.999999,3465.8789614827606,0,-1
c,active_stress,affine,4.5,100,2.0,8057470,71,0.999999,0.999999,3435.9004442275177,0,-1
c,active_stress,affine,4.5,100,2.0,8057470,72,0.9992430876836861,0.972396750144178,3474.929558525387,0,-1
c,active_stress,affine,4.5,100,2.0,8057470,73,0.999999,0.9821228616257104,3467.546124544567,0,-1
c,active_stress,affine,4.5,100,2.0,8057470,74,0.9374552582065925,0.997123934122551,3443.5701867284065,0,-1
c,active_stress,affine,4.5,100,2.0,8057470,75,0.9849470690261755,0.999999,3443.0890323301564,0,-1
c,active_stress,affine,4.5,100,2.0,8057470,76,0.9999116145032242,0.9966406383946373,3481.4669577025975,0,-1
c,active_stress,affine,4.5,100,2.0,8057470,77,0.9897676816759893,0.9892688153073969,3466.1288937928025,0,-1
c,active_stress,affine,4.5,100,2.0,8057470,78,0.999999,0.9999341672472685,3442.1508006530557,0,-1
c,active_stress,affine,4.5,100,2.0,8057470,79,0.9130587935206667,0.9964729908429656,3457.7776302924744,0,-1
c,active_stress,affine,4.5,100,2.0,8057470,80,0.999999,0.9994092022903579,3482.78122075791,0,-1
c,active_stress,affine,4.5,100,2.0,8057470,81,0.9602514979909159,0.9659106389817822,3475.163868328481,0,-1
c,active_stress,affine,4.5,100,2.0,8057470,82,0.999999,0.999999,3457.6980892034007,0,-1
c,active_stress,affine,4.5,100,2.0,8057470,83,0.999999,0.999999,3476.597926290309,0,-1
c,active_stress,affine,4.5,100,2.0,8057470,84,0.999999,0.999999,3448.9902898110727,0,-1
c,active_stress,affine,4.5,100,2.0,8057470,85,0.9952384249851656,0.999999,3476.7740386794085,0,-1
c,active_stress,affine,4.5,100,2.0,8057470,86,0.9991255282291561,0.9984087135419698,3474.6563171943576,0,-1
c,active_stress,affine,4.5,100,2.0,8057470,87,0.9641183079715461,0.9999197958390834,3461.104644800605,0,-1
c,active_stress,affine,4.5,100,2.0,8057470,88,0.9999814791921658,0.9998605399555003,3473.7176597551793,0,-1
c,active_stress,affine,4.5,100,2.0,8057470,89,0.999999,0.9991102767890523,3456.1997552819776,0,-1
c,active_stress,affine,4.5,100,2.0,8057470,90,0.9704275316550285,0.9997639650137441,3444.2716770537963,0,-1
c,active_stress,affine,4.5,100,2.0,8057470,91,0.9898756217991032,0.999999,3449.961766013842,0,-1
c,active_stress,affine,4.5,100,2.0,8057470,92,0.999999,0.999999,3437.3454920852755,0,-1
c,active_stress,affine,4.5,100,2.0,8057470,93,0.9998049788917753,0.9972642363046196,3463.3527819546052,0,-1
c,active_stress,affine,4.5,100,2.0,8057470,94,0.999999,0.999999,3469.8673644893556,0,-1
c,active_stress,affine,4.5,100,2.0,8057470,95,0.9998569171684508,0.999999,3477.0685407891715,0,-1
c,active_stress,affine,4.5,100,2.0,8057470,96,0.9997725232486354,0.999999,3468.446650033806,0,-1
c,active_stress,affine,4.5,100,2.0,8057470,97,0.999999,0.9995148787275188,3430.905994702682,0,-1
c,active_stress,affine,4.5,100,2.0,8057470,98,0.9999693388977561,0.7184477575615146,3443.4025464807687,0,-1
c,active_stress,affine,4.5,100,2.0,8057470,99,0.604592123936186,0.999999,3475.4870378635756,0,-1
c,active_stress,affine,4.5,100,2.0,8057470,100,0.2217998688145795,0.9984437998246468,3457.552887886584,0,-1
c,active_stress,affine,4.5,100,2.0,8057470,101,0.999999,0.999999,3473.5646932163736,0,-1
c,active_stress,affine,4.5,100,2.0,8057470,102,0.9999822746542872,0.6769349793645884,3457.2060673519113,0,-1
c,active_stress,affine,4.5,100,2.0,8057470,103,0.9980693991122076,0.9999396441797465,3434.015247111703,0,-1
c,active_stress,affine,4.5,100,2.0,8057470,104,0.9998769638537311,0.9982852462045412,3477.2901402560265,0,-1
c,active_stress,affine,4.5,100,2.0,8057470,105,0.9847639674528356,0.9998546254978069,3469.9576880282357,0,-1
c,active_stress,affine,4.5,100,2.0,8057470,106,0.9983188609557038,0.999750388343088,3472.6481685524927,0,-1
c,active_stress,affine,4.5,100,2.0,8057470,107,0.999999,0.9971553439491087,3427.6682513656287,0,-1
c,active_stress,affine,4.5,100,2.0,8057470,108,0.999999,0.999999,3474.83161723071,0,-1
c,active_stress,affine,4.5,100,2.0,8057470,109,0.9613187864356462,0.9999746178427125,3462.7890587434295,0,-1
c,active_stress,affine,4.5,100,2.0,8057470,110,0.999999,0.9999086094134124,3467.5739157628454,0,-1
c,active_stress,affine,4.5,100,2.0,8057470,111,0.9976291762184399,0.999999,3438.4454437577233,0,-1
c,active_stress,affine,4.5,100,2.0,8057470,112,0.9998260081561448,0.9996614544205435,3439.5740938262916,0,-1
c,active_stress,affine,4.5,100,2.0,8057470,113,0.999999,0.9999724221577487,3480.1959524973495,0,-1
c,active_stress,affine,4.5,100,2.0,8057470,114,0.9999080621199206,0.9953906057685737,3434.5670942017887,0,-1
c,active_stress,affine,4.5,100,2.0,8057470,115,0.9999726537197285,0.9995516251460591,3471.943265851784,0,-1
c,active_stress,affine,4.5,100,2.0,8057470,116,0.998719586353675,0.9998456880952915,3471.808787326606,0,-1
c,active_stress,affine,4.5,100,2.0,8057470,117,0.9999684673733162,0.9422074676475324,3465.0558863161104,0,-1
c,active_stress,affine,4.5,100,2.0,8057470,118,0.9965228668656145,0.9996765625326816,3467.5875385549084,0,-1
c,active_stress,affine,4.5,100,2.0,8057470,119,0.999999,0.9999192106620659,3466.2438700970024,0,-1
c,active_stress,affine,4.5,100,2.0,8057470,120,0.999999,0.9984667308918589,3457.7915679103808,0,-1
c,active_stress,affine,4.5,100,2.0,8057470,121,0.9945845016740008,0.9612345669467046,3438.487909860101,0,-1
c,active_stress,affine,4.5,100,2.0,8057470,122,0.9977886166783755,0.9826265192034308,3473.834571639493,0,-1
c,active_stress,affine,4.5,100,2.0,8057470,123,0.9171201843271468,0.9999918130548179,3458.732619386988,0,-1
c,active_stress,affine,4.5,100,2.0,8057470,124,0.9994732103795554,0.999999,3474.7793321480017,0,-1
c,active_stress,affine,4.5,100,2.0,8057470,125,0.9998025515109373,0.8589141002887056,3457.932144440269,0,-1
c,active_stress,affine,4.5,100,2.0,8057470,126,0.999999,0.9983130649753268,3463.0138042125895,0,-1
c,active_stress,affine,4.5,100,2.0,8057470,127,0.9997634775619453,0.999604606313014,3477.6540043236923,0,-1
c,active_stress,affine,4.5,100,2.0,8057470,128,0.9998054468578396,0.9727495774191861,3472.2506717119086,0,-1
c,active_stress,affine,4.5,100,2.0,8057470,129,0.9996912349390221,0.999999,3446.5235873579645,0,-1
c,active_stress,affine,4.5,100,2.0,8057470,130,0.9988604663207014,0.999999,3478.1268015020655,0,-1
c,active_stress,affine,4.5,100,2.0,8057470,131,0.758459513801333,0.9922601662365574,3483.36443042626,0,-1
c,active_stress,affine,4.5,100,2.0,8057470,132,0.9845985530602568,0.999821942966734,3443.2879580560116,0,-1
c,active_stress,affine,4.5,100,2.0,8057470,133,0.9998356166814809,0.9240407464371102,3459.2151535256116,0,-1
c,active_stress,affine,4.5,100,2.0,8057470,134,0.9999816450371293,0.999999,3476.9624760820666,0,-1
c,active_stress,affine,4.5,100,2.0,8057470,135,0.999999,0.9995834484355002,3468.8202798320804,0,-1
c,active_stress,affine,4.5,100,2.0,8057470,136,0.9997926114128259,0.999999,3460.8239024400664,0,-1
c,active_stress,affine,4.5,100,2.0,8057470,137,0.999999,0.9997370212827421,3438.8458250031695,0,-1
c,active_stress,affine,4.5,100,2.0,8057470,138,0.999999,0.9999754506434099,3465.501748360683,0,-1
c,active_stress,affine,4.5,100,2.0,8057470,139,0.999999,0.9931330152526331,3462.532211244535,0,-1
c,active_stress,affine,4.5,100,2.0,8057470,140,0.9964490106011956,0.999999,3478.0364804492974,0,-1
c,active_stress,affine,4.5,100,2.0,8057470,141,0.924699821675625,0.8389462167137037,3455.313119631188,0,-1
c,active_stress,affine,4.5,100,2.0,8057470,142,0.9857094340258705,0.9999016343257717,3407.934127998423,0,-1
c,active_stress,affine,4.5,100,2.0,8057470,143,0.9417891275412837,0.9992388340682735,3466.823775322033,0,-1
c,active_stress,affine,4.5,100,2.0,8057470,144,0.9997714209961909,0.999999,3435.904986184563,0,-1
c,active_stress,affine,4.5,100,2.0,8057470,145,0.999999,0.9990011104388686,3460.741332251527,0,-1
c,active_stress,affine,4.5,100,2.0,8057470,146,0.999999,0.9910553074263782,3473.6275344306696,0,-1
c,active_stress,affine,4.5,100,2.0,8057470,147,0.999937152068969,0.9677292173482772,3478.7256798668154,0,-1
c,active_stress,affine,4.5,100,2.0,8057470,148,0.999999,0.999999,3477.884539328906,0,-1
c,active_stress,affine,4.5,100,2.0,8057470,149,0.999999,0.9998222212461032,3465.052548220661,0,-1
c,active_stress,affine,4.5,100,2.0,8057470,150,0.9987873170781034,0.9746111509554445,3441.1627585710366,0,-1
c,active_stress,affine,4.5,100,2.0,8057470,151,0.9983266714272562,0.999999,3458.006339830759,0,-1
c,active_stress,affine,4.5,100,2.0,8057470,152,0.9998885976555033,0.999999,3483.131656048461,0,-1
c,active_stress,affine,4.5,100,2.0,8057470,153,0.9999881739756555,0.9969004712922522,3466.350317006619,0,-1
c,active_stress,affine,4.5,100,2.0,8057470,154,0.9849514424193172,0.999999,3436.3910441356384,0,-1
c,active_stress,affine,4.5,100,2.0,8057470,155,0.9997804545019162,0.999999,3480.949642089779,0,-1
c,active_stress,affine,4.5,100,2.0,8057470,156,0.9990696848897844,0.999999,3444.8706094843114,0,-1
c,active_stress,affine,4.5,100,2.0,8057470,157,0.999999,0.9965162120605694,3442.0567222186805,0,-1
c,active_stress,affine,4.5,100,2.0,8057470,158,0.999999,0.9999278119053423,3476.5990896834555,0,-1
c,active_stress,affine,4.5,100,2.0,8057470,159,0.9999363518805137,0.9999168303533087,3460.9458600297567,0,-1
c,active_stress,affine,4.5,100,2.0,8057470,160,0.999999,0.999999,3452.93560081236,0,-1
c,active_stress,affine,4.5,100,2.0,8057470,161,0.999999,0.999999,3454.450291999232,0,-1
c,active_stress,affine,4.5,100,2.0,8057470,162,0.9998935584002964,0.9594443092004094,3461.4387998520688,0,-1
c,active_stress,affine,4.5,100,2.0,8057470,163,0.999999,0.8362368859862892,3466.1791644339673,0,-1
c,active_stress,affine,4.5,100,2.0,8057470,164,0.999869128412085,0.9999189623521438,3475.688698583936,0,-1
c,active_stress,affine,4.5,100,2.0,8057470,165,0.9996617615885333,0.9997449676549202,3466.9578632241264,0,-1
c,active_stress,affine,4.5,100,2.0,8057470,166,0.999999,0.9995293197039785,3450.0690106026645,0,-1
c,active_stress,affine,4.5,100,2.0,8057470,167,0.9723951978390928,0.9748039870474937,3459.6535101942386,0,-1
c,active_stress,affine,4.5,100,2.0,8057470,168,0.9976087042383389,0.999999,3477.4861893376815,0,-1
c,active_stress,affine,4.5,100,2.0,8057470,169,0.9999815853305585,0.6240421879764437,3367.1691844414554,0,-1
c,active_stress,affine,4.5,100,2.0,8057470,170,0.9989838607795813,0.999999,3457.788360411852,0,-1
c,active_stress,affine,4.5,100,2.0,8057470,171,0.9823201585751538,0.999999,3461.261523633114,0,-1
c,active_stress,affine,4.5,100,2.0,8057470,172,0.9448045164901363,0.9998653683213862,3441.491756162363,0,-1
c,active_stress,affine,4.5,100,2.0,8057470,173,0.979120920129086,0.7950813313418679,3452.9534394427146,0,-1
c,active_stress,affine,4.5,100,2.0,8057470,174,0.9823095642399923,0.9810722362291318,3473.7960945497025,0,-1
c,active_stress,affine,4.5,100,2.0,8057470,175,0.9993070879309385,0.999999,3465.2059518206197,0,-1
c,active_stress,affine,4.5,100,2.0,8057470,176,0.9999646458271925,0.9903092699891007,3467.8491204507677,0,-1
c,active_stress,affine,4.5,100,2.0,8057470,177,0.9690064259396038,0.999999,3471.309656972887,0,-1
c,active_stress,affine,4.5,100,2.0,8057470,178,0.9983913146091778,0.9825293720812105,3437.6687843236537,0,-1
c,active_stress,affine,4.5,100,2.0,8057470,179,0.999999,0.7775252320807652,3403.1445282543305,0,-1
c,active_stress,affine,4.5,100,2.0,8057470,180,0.9297980199590825,0.9984212564990294,3480.66987869384,0,-1
c,active_stress,affine,4.5,100,2.0,8057470,181,0.9388851561346155,0.999999,3433.6040760260635,0,-1
c,active_stress,affine,4.5,100,2.0,8057470,182,0.999999,0.999999,3477.074213183168,0,-1
c,active_stress,affine,4.5,100,2.0,8057470,183,0.9986739050589492,0.9999577086120222,3458.7060289746446,0,-1
c,active_stress,affine,4.5,100,2.0,8057470,184,0.9998936856011025,0.9676000675019685,3464.0018014263665,0,-1
c,active_stress,affine,4.5,100,2.0,8057470,185,0.9895005756653364,0.999999,3474.201974549447,0,-1
c,active_stress,affine,4.5,100,2.0,8057470,186,0.9980957230584037,0.999999,3463.3067207357753,0,-1
c,active_stress,affine,4.5,100,2.0,8057470,187,0.9999569964935743,0.9989753305718221,3449.886030608533,0,-1
c,active_stress,affine,4.5,100,2.0,8057470,188,0.9999392769440558,0.9312022282329013,3458.6582645384588,0,-1
c,active_stress,affine,4.5,100,2.0,8057470,189,0.999999,0.999999,3470.701237683815,0,-1
c,active_stress,affine,4.5,100,2.0,8057470,190,0.9998861118320008,0.999999,3471.9410438656287,0,-1
c,active_stress,affine,4.5,100,2.0,8057470,191,0.9998333662143496,0.997052976605551,3463.798915028093,0,-1
c,active_stress,affine,4.5,100,2.0,8057470,192,0.9981510128568218,0.9998573998170608,3459.090984362866,0,-1
c,active_stress,affine,4.5,100,2.0,8057470,193,0.9988700167706713,0.999987749378732,3462.2430758023374,0,-1
c,active_stress,affine,4.5,100,2.0,8057470,194,0.999999,0.999999,3443.7733118228825,0,-1
c,active_stress,affine,4.5,100,2.0,8057470,195,0.9998799085241791,0.9996393873860223,3471.7133995988206,0,-1
c,active_stress,affine,4.5,100,2.0,8057470,196,0.9997567855986242,0.9976648055628483,3471.4007605010784,0,-1
c,active_stress,affine,4.5,100,2.0,8057470,197,0.999999,0.999999,3412.638999250085,0,-1
c,active_stress,affine,4.5,100,2.0,8057470,198,0.9989192857220962,0.999999,3482.930073538446,0,-1
c,active_stress,affine,4.5,100,2.0,8057470,199,0.999999,0.9860514140748106,3459.1783431253275,0,-1
c,active_stress,affine,4.5,100,2.0,8057470,200,0.9999707806440997,0.8464819341496229,3474.940563031476,0,-1
c,active_stress,affine,4.5,100,2.0,8057470,201,0.9976486130078543,0.9944536780861432,3467.7287091605062,0,-1
c,active_stress,affine,4.5,100,2.0,8057470,202,0.9983342051992343,0.9997434604339366,3438.5103780291115,0,-1
c,active_stress,affine,4.5,100,2.0,8057470,203,0.9999698670787066,0.999999,3426.348090980243,0,-1
c,active_stress,affine,4.5,100,2.0,8057470,204,0.9892008875705737,0.999999,3448.2891076984706,0,-1
c,active_stress,affine,4.5,100,2.0,8057470,205,0.9998071579121172,0.9998153370718836,3393.89333910993,0,-1
c,active_stress,affine,4.5,100,2.0,8057470,206,0.999999,0.9999902140746024,3362.8233063311477,0,-1
c,active_stress,affine,4.5,100,2.0,8057470,207,0.7676509261838277,0.999999,3482.880741965327,0,-1
c,active_stress,affine,4.5,100,2.0,8057470,208,0.998665283663496,0.9973615541019014,3460.5527170803894,0,-1
c,active_stress,affine,4.5,100,2.0,8057470,209,0.9466476495041831,0.967050382713626,3465.95799801579,0,-1
c,active_stress,affine,4.5,100,2.0,8057470,210,0.9309053141655529,0.999999,3475.4968980624576,0,-1
c,active_stress,affine,4.5,100,2.0,8057470,211,0.999999,0.999999,3437.551226463138,0,-1
c,active_stress,affine,4.5,100,2.0,8057470,212,0.9141119138458738,0.999999,3471.3905995781224,0,-1
c,active_stress,affine,4.5,100,2.0,8057470,213,0.999999,0.9998767172077453,3461.5634244274866,0,-1
c,active_stress,affine,4.5,100,2.0,8057470,214,0.9914505542938695,0.9999545213975567,3468.26617924677,0,-1
c,active_stress,affine,4.5,100,2.0,8057470,215,0.999999,0.832376523989233,3463.814860835926,0,-1
c,active_stress,affine,4.5,100,2.0,8057470,216,0.999999,0.9998601631649545,3473.4548953574295,0,-1
c,active_stress,affine,4.5,100,2.0,8057470,217,0.9887544300505049,0.999999,3476.2025072998363,0,-1
c,active_stress,affine,4.5,100,2.0,8057470,218,0.999999,0.9952043570585428,3475.0205829867828,0,-1
c,active_stress,affine,4.5,100,2.0,8057470,219,0.5840821903092623,0.8642882069917937,3477.959042382136,0,-1
c,active_stress,affine,4.5,100,2.0,8057470,220,0.999999,0.9988198510146417,3471.550320745108,0,-1
c,active_stress,affine,4.5,100,2.0,8057470,221,0.999999,0.9990756972437265,3452.998181001496,0,-1
c,active_stress,affine,4.5,100,2.0,8057470,222,0.9253484306119902,0.9547357140045497,3466.900084171412,0,-1
c,active_stress,affine,4.5,100,2.0,8057470,223,0.9171200736739392,0.999999,3463.7521238469085,0,-1
c,active_stress,affine,4.5,100,2.0,8057470,224,0.999823784342359,0.999999,3452.9555891954114,0,-1
c,active_stress,affine,4.5,100,2.0,8057470,225,0.9998740887451446,0.999999,3440.966308564397,0,-1
c,active_stress,affine,4.5,100,2.0,8057470,226,0.999999,0.999999,3461.977115955365,0,-1
c,active_stress,affine,4.5,100,2.0,8057470,227,0.913260441986826,0.9941768258765775,3452.4740990251385,0,-1
c,active_stress,affine,4.5,100,2.0,8057470,228,0.7952679473253437,0.999999,3477.521257876836,0,-1
c,active_stress,affine,4.5,100,2.0,8057470,229,0.9998454891561394,0.999999,3474.0227250835924,0,-1
c,active_stress,affine,4.5,100,2.0,8057470,230,0.9987422641880646,0.999999,3444.7363987070758,0,-1
c,active_stress,affine,4.5,100,2.0,8057470,231,0.999999,0.9998853944879555,3472.949398719207,0,-1
c,active_stress,affine,4.5,100,2.0,8057470,232,0.8856943584639623,0.972930700577989,3454.8619177909645,0,-1
c,active_stress,affine,4.5,100,2.0,8057470,233,0.999999,0.99290187207233,3455.827260011252,0,-1
c,active_stress,affine,4.5,100,2.0,8057470,234,0.999999,0.9881769062934611,3461.9379995758454,0,-1
c,active_stress,affine,4.5,100,2.0,8057470,235,0.9605625396504351,0.999999,3470.471259753222,0,-1
c,active_stress,affine,4.5,100,2.0,8057470,236,0.9998211286613992,0.9998822570911509,3434.3910359091856,0,-1
c,active_stress,affine,4.5,100,2.0,8057470,237,0.98455918708012,0.999999,3480.9251447202173,0,-1
c,active_stress,affine,4.5,100,2.0,8057470,238,0.999999,0.999999,3475.4683363913946,0,-1
c,active_stress,affine,4.5,100,2.0,8057470,239,0.9999330486753394,0.9997007495106213,3480.5901509140867,0,-1
c,active_stress,affine,4.5,100,2.0,8057470,240,0.999999,0.9998877232267486,3484.1796782984775,0,-1
c,active_stress,affine,4.5,100,2.0,8057470,241,0.999999,0.999999,3454.0248039607886,0,-1
c,active_stress,affine,4.5,100,2.0,8057470,242,0.9687632604229668,0.999999,3474.5530040121475,0,-1
c,active_stress,affine,4.5,100,2.0,8057470,243,0.9998559336581687,0.9999977832816038,3474.185659033295,0,-1
c,active_stress,affine,4.5,100,2.0,8057470,244,0.999999,0.9488062383383737,3448.703229116922,0,-1
c,active_stress,affine,4.5,100,2.0,8057470,245,0.9956071168220253,0.9955488843314619,3474.852275587558,0,-1
c,active_stress,affine,4.5,100,2.0,8057470,246,0.9898934143455419,0.9978706389448989,3462.061083907202,0,-1
c,active_stress,affine,4.5,100,2.0,8057470,247,0.8933580859522711,0.999999,3460.6606347376346,0,-1
c,active_stress,affine,4.5,100,2.0,8057470,248,0.9998911926406644,0.9527426441404443,3475.367325934664,0,-1
c,active_stress,affine,4.5,100,2.0,8057470,249,0.999999,0.999999,3467.6597388310975,0,-1
c,active_stress,affine,4.5,100,2.0,8057470,250,0.9329329516322852,0.999999,3473.880489300501,0,-1
c,active_stress,affine,4.5,100,2.0,8057470,251,0.999999,0.999999,3469.026383133794,0,-1
c,active_stress,affine,4.5,100,2.0,8057470,252,0.9999918779691378,0.999999,3426.6129582543467,0,-1
c,active_stress,affine,4.5,100,2.0,8057470,253,0.9960791453718556,0.9976261477508646,3483.9541834645183,0,-1
c,active_stress,affine,4.5,100,2.0,8057470,254,0.9998982691066778,0.9997839284100961,3472.789620930487,0,-1
c,active_stress,affine,4.5,100,2.0,8057470,255,0.999805572785111,0.8832151185727788,3428.2963940880427,0,-1
c,active_stress,affine,4.5,100,2.0,8057470,256,0.999999,0.999999,3479.722026151709,0,-1
c,active_stress,affine,4.5,100,2.0,8057470,257,0.999999,0.999999,3476.2414845430417,0,-1
c,active_stress,affine,4.5,100,2.0,8057470,258,0.999999,0.999999,3480.25562555367,0,-1
c,active_stress,affine,4.5,100,2.0,8057470,259,0.9999163845640474,0.999999,3447.243787718732,0,-1
c,active_stress,affine,4.5,100,2.0,8057470,260,0.9974444852049984,0.9999342452397986,3447.409793230052,0,-1
c,active_stress,affine,4.5,100,2.0,8057470,261,0.999999,0.9998960460883364,3441.247316742122,0,-1
c,active_stress,affine,4.5,100,2.0,8057470,262,0.9999154745456379,0.999999,3459.8221459053075,0,-1
c,active_stress,affine,4.5,100,2.0,8057470,263,0.9987171764163435,0.8518201594413132,3463.59107063273,0,-1
c,active_stress,affine,4.5,100,2.0,8057470,264,0.999999,0.9952062198750143,3476.50219206617,0,-1
c,active_stress,affine,4.5,100,2.0,8057470,265,0.990673393012049,0.999999,3485.4853879286748,0,-1
c,active_stress,affine,4.5,100,2.0,8057470,266,0.999999,0.999999,3445.294721350289,0,-1
c,active_stress,affine,4.5,100,2.0,8057470,267,0.999999,0.938442049889939,3470.8531567568866,0,-1
c,active_stress,affine,4.5,100,2.0,8057470,268,0.9999863441640688,0.9998722454205446,3474.677683697134,0,-1
c,active_stress,affine,4.5,100,2.0,8057470,269,0.999999,0.9990964020818013,3456.3660507770956,0,-1
c,active_stress,affine,4.5,100,2.0,8057470,270,0.9059236377654764,0.999999,3476.399681553058,0,-1
c,active_stress,affine,4.5,100,2.0,8057470,271,0.9999492979715301,0.9852337645649856,3452.4220706845595,0,-1
c,active_stress,affine,4.5,100,2.0,8057470,272,0.9998293523300525,0.999999,3463.9379565179634,0,-1
c,active_stress,affine,4.5,100,2.0,8057470,273,0.999999,0.9996823447594007,3484.469418545533,0,-1
c,active_stress,affine,4.5,100,2.0,8057470,274,0.9998493565330542,0.999999,3468.3627447625227,0,-1
c,active_stress,affine,4.5,100,2.0,8057470,275,0.9290795340788804,0.999999,3464.7049779166005,0,-1
c,active_stress,affine,4.5,100,2.0,8057470,276,0.999999,0.999999,3460.937543112601,0,-1
c,active_stress,affine,4.5,100,2.0,8057470,277,0.9999912948927145,0.8592297822982943,3471.6317990361295,0,-1
c,active_stress,affine,4.5,100,2.0,8057470,278,0.9999735656421228,0.9999912246937008,3484.1842904474547,0,-1
c,active_stress,affine,4.5,100,2.0,8057470,279,0.8557983538025957,0.999999,3466.8683679968667,0,-1
c,active_stress,affine,4.5,100,2.0,8057470,280,0.999931940856054,0.999999,3467.6240660464837,0,-1
c,active_stress,affine,4.5,100,2.0,8057470,281,0.999999,0.9992371153337828,3460.441769303877,0,-1
c,active_stress,affine,4.5,100,2.0,8057470,282,0.9986395488888705,0.9311798480762956,3442.159157610749,0,-1
c,active_stress,affine,4.5,100,2.0,8057470,283,0.9914127050169387,0.999999,3466.53288463502,0,-1
c,active_stress,affine,4.5,100,2.0,8057470,284,0.999999,0.999999,3471.333324259325,0,-1
c,active_stress,affine,4.5,100,2.0,8057470,285,0.983100370261272,0.999999,3449.18934017963,0,-1
c,active_stress,affine,4.5,100,2.0,8057470,286,0.9958239299030706,0.999999,3464.293310341666,0,-1
c,active_stress,affine,4.5,100,2.0,8057470,287,0.999914264082455,0.9951529490207278,3469.0577151983866,0,-1
c,active_stress,affine,4.5,100,2.0,8057470,288,0.9997502422302954,0.999999,3476.178508133649,0,-1
c,active_stress,affine,4.5,100,2.0,8057470,289,0.999999,0.999999,3468.6832790207554,0,-1
c,active_stress,affine,4.5,100,2.0,8057470,290,0.7684920807103871,0.9634806742600859,3440.4878587652006,0,-1
c,active_stress,affine,4.5,100,2.0,8057470,291,0.9998899419848156,0.9996497710009183,3463.620241019312,0,-1
c,active_stress,affine,4.5,100,2.0,8057470,292,0.9995237092056782,0.9906277359141126,3475.9835053708057,0,-1
c,active_stress,affine,4.5,100,2.0,8057470,293,0.6989909358336184,0.999999,3459.7473964810792,0,-1
c,active_stress,affine,4.5,100,2.0,8057470,294,0.9999584937112106,0.9952733087231068,3459.4768787402945,0,-1
c,active_stress,affine,4.5,100,2.0,8057470,295,0.9571003930152377,0.9917991593574746,3467.262770968859,0,-1
c,active_stress,affine,4.5,100,2.0,8057470,296,0.9998989440691002,0.999999,3475.1904967274545,0,-1
c,active_stress,affine,4.5,100,2.0,8057470,297,0.9999850674578756,0.999909625690574,3408.5192535330493,0,-1
c,active_stress,affine,4.5,100,2.0,8057470,298,0.999999,0.9998174344133103,3452.801892441586,0,-1
c,active_stress,affine,4.5,100,2.0,8057470,299,0.999999,0.9972275960436111,3477.472540912774,0,-1
c,active_stress,affine,4.5,100,2.0,8057470,300,0.9998842453380128,0.999999,3415.51365468151,0,-1
c,active_stress,affine,4.5,100,2.0,8057470,301,0.9543308751594707,0.9702566844653387,3436.60555455999,0,-1
c,active_stress,affine,4.5,100,2.0,8057470,302,0.999999,0.999999,3419.0763259767073,0,-1
c,active_stress,affine,4.5,100,2.0,8057470,303,0.999979173266641,0.9985056270348147,3476.960255653712,0,-1
c,active_stress,affine,4.5,100,2.0,8057470,304,0.999999,0.999999,3481.7097859773967,0,-1
c,active_stress,affine,4.5,100,2.0,8057470,305,0.9999199963794634,0.9982594481438797,3465.6982066503188,0,-1
c,active_stress,affine,4.5,100,2.0,8057470,306,0.9998843789777216,0.9776434966105249,3435.611966506631,0,-1
c,active_stress,affine,4.5,100,2.0,8057470,307,0.999999,0.9986161801404603,3469.81552614292,0,-1
c,active_stress,affine,4.5,100,2.0,8057470,308,0.9998569127347052,0.9774861721974574,3442.841636350292,0,-1
c,active_stress,affine,4.5,100,2.0,8057470,309,0.999999,0.999999,3421.0371184906753,0,-1
c,active_stress,affine,4.5,100,2.0,8057470,310,0.9999622152594497,0.999999,3465.0380053611098,0,-1
c,active_stress,affine,4.5,100,2.0,8057470,311,0.999999,0.999999,3484.8075368904147,0,-1
c,active_stress,affine,4.5,100,2.0,8057470,312,0.999999,0.9978842273592653,3469.561353840393,0,-1
c,active_stress,affine,4.5,100,2.0,8057470,313,0.999999,0.9999177225868691,3423.7219792262167,0,-1
c,active_stress,affine,4.5,100,2.0,8057470,314,0.999999,0.6611635443980906,3418.2073177281436,0,-1
c,active_stress,affine,4.5,100,2.0,8057470,315,0.9999921123420153,0.999999,3446.0288182582312,0,-1
c,active_stress,affine,4.5,100,2.0,8057470,316,0.999999,0.9419070570635161,3451.006834099899,0,-1
c,active_stress,affine,4.5,100,2.0,8057470,317,0.999999,0.9367749608223811,3459.6227381215404,0,-1
c,active_stress,affine,4.5,100,2.0,8057470,318,0.9998355600713945,0.9261599339416323,3459.1997284850977,0,-1
c,active_stress,affine,4.5,100,2.0,8057470,319,0.9898690515186448,0.8520952436005895,3459.035069028681,0,-1
c,active_stress,affine,4.5,100,2.0,8057470,320,0.9993690109130493,0.9583262912734015,3464.028471962697,0,-1
c,active_stress,affine,4.5,100,2.0,8057470,321,0.999999,0.8311675028441707,3459.610741743794,0,-1
c,active_stress,affine,4.5,100,2.0,8057470,322,0.999999,0.999375345185872,3400.3948158755147,0,-1
c,active_stress,affine,4.5,100,2.0,8057470,323,0.999999,0.9998575038205005,3407.7822873601285,0,-1
c,active_stress,affine,4.5,100,2.0,8057470,324,0.9830329925034884,0.9999553648240911,3441.535958145197,0,-1
c,active_stress,affine,4.5,100,2.0,8057470,325,0.999999,0.99839313403044,3458.062315055202,0,-1
c,active_stress,affine,4.5,100,2.0,8057470,326,0.999999,0.9839001851290311,3467.9961701211055,0,-1
c,active_stress,affine,4.5,100,2.0,8057470,327,0.9999649353455592,0.9982279123439946,3474.9599329417642,0,-1
c,active_stress,affine,4.5,100,2.0,8057470,328,0.9997883343195639,0.9998648959373025,3472.1175398093133,0,-1
c,active_stress,affine,4.5,100,2.0,8057470,329,0.999999,0.9185187648343747,3463.309738172212,0,-1
c,active_stress,affine,4.5,100,2.0,8057470,330,0.9994712911462323,0.9999853711529645,3474.76521678663,0,-1
c,active_stress,affine,4.5,100,2.0,8057470,331,0.9760178968270731,0.980926482570627,3485.6699407397573,0,-1
c,active_stress,affine,4.5,100,2.0,8057470,332,0.9999451170916033,0.992858978372904,3454.8309594142324,0,-1
c,active_stress,affine,4.5,100,2.0,8057470,333,0.9987072458574568,0.999999,3457.9515784798014,0,-1
c,active_stress,affine,4.5,100,2.0,8057470,334,0.999999,0.9999528212555459,3458.1929383527954,0,-1
c,active_stress,affine,4.5,100,2.0,8057470,335,0.983028294062148,0.999999,3470.91969379976,0,-1
c,active_stress,affine,4.5,100,2.0,8057470,336,0.9891281295729304,0.999999,3442.3617817720296,0,-1
c,active_stress,affine,4.5,100,2.0,8057470,337,0.999999,0.9998983929753129,3473.509763832165,0,-1
c,active_stress,affine,4.5,100,2.0,8057470,338,0.999999,0.9803918927005822,3489.151533265654,0,-1
c,active_stress,affine,4.5,100,2.0,8057470,339,0.999999,0.999999,3469.98883889221,0,-1
c,active_stress,affine,4.5,100,2.0,8057470,340,0.999999,0.9925332761464483,3481.89987906796,0,-1
c,active_stress,affine,4.5,100,2.0,8057470,341,0.9992110968875547,0.9820552774789398,3451.8266124518727,0,-1
c,active_stress,affine,4.5,100,2.0,8057470,342,0.999999,0.9999156030961219,3483.9351367389013,0,-1
c,active_stress,affine,4.5,100,2.0,8057470,343,0.9997346981991806,0.9157206474934353,3467.923889716216,0,-1
c,active_stress,affine,4.5,100,2.0,8057470,344,0.999999,0.999999,3466.7143282578722,0,-1
c,active_stress,affine,4.5,100,2.0,8057470,345,0.9801673733561839,0.9988235296327075,3456.6089943417237,0,-1
c,active_stress,affine,4.5,100,2.0,8057470,346,0.999999,0.940259972698825,3474.9011132697774,0,-1
c,active_stress,affine,4.5,100,2.0,8057470,347,0.999999,0.9868051505021486,3458.4803740088614,0,-1
c,active_stress,affine,4.5,100,2.0,8057470,348,0.9999423160590293,0.9998689170246046,3458.4818552838206,0,-1
c,active_stress,affine,4.5,100,2.0,8057470,349,0.999999,0.9989018596913065,3463.8298589188094,0,-1
c,active_stress,affine,4.5,100,2.0,8057470,350,0.9987202292421772,0.999999,3447.9863842814702,0,-1
c,active_stress,affine,4.5,100,2.0,8057470,351,0.9928814501864978,0.9999798084912794,3483.3951451815406,0,-1
c,active_stress,affine,4.5,100,2.0,8057470,352,0.9999694223447236,0.9976321012948473,3471.400640230171,0,-1
c,active_stress,affine,4.5,100,2.0,8057470,353,0.999999,0.999809680896815,3479.517621915094,0,-1
c,active_stress,affine,4.5,100,2.0,8057470,354,0.9998324270052497,0.9998774471537265,3378.598304173138,0,-1
c,active_stress,affine,4.5,100,2.0,8057470,355,0.999999,0.999999,3489.6863005976516,0,-1
c,active_stress,affine,4.5,100,2.0,8057470,356,0.9986772980774132,0.9997389772965789,3462.184910877618,0,-1
c,active_stress,affine,4.5,100,2.0,8057470,357,0.9443092830086937,0.9997338202713654,3453.618035336675,0,-1
c,active_stress,affine,4.5,100,2.0,8057470,358,0.998945841573792,0.9997761281058849,3456.3941196462174,0,-1
c,active_stress,affine,4.5,100,2.0,8057470,359,0.999999,0.9999514988730531,3482.295815486439,0,-1
c,active_stress,affine,4.5,100,2.0,8057470,360,0.999999,0.9997886985331541,3414.474781541977,0,-1
c,active_stress,affine,4.5,100,2.0,8057470,361,0.999999,0.9998522540214909,3469.9278487490124,0,-1
c,active_stress,affine,4.5,100,2.0,8057470,362,0.999999,0.9999471023170401,3460.9012751946093,0,-1
c,active_stress,affine,4.5,100,2.0,8057470,363,0.9998489701285919,0.9964506019950383,3468.78743231381,0,-1
c,active_stress,affine,4.5,100,2.0,8057470,364,0.999999,0.999999,3464.0513442196484,0,-1
c,active_stress,affine,4.5,100,2.0,8057470,365,0.8622576480806994,0.9394966892541909,3469.5906921181363,0,-1
c,active_stress,affine,4.5,100,2.0,8057470,366,0.9998817057430106,0.999999,3479.7592523661083,0,-1
c,active_stress,affine,4.5,100,2.0,8057470,367,0.999999,0.999999,3466.5466758839807,0,-1
c,active_stress,affine,4.5,100,2.0,8057470,368,0.999999,0.999999,3444.643672039036,0,-1
c,active_stress,affine,4.5,100,2.0,8057470,369,0.9776798274813636,0.9968183122099556,3458.0379904062584,0,-1
c,active_stress,affine,4.5,100,2.0,8057470,370,0.9953585007812878,0.9999600210112232,3447.3922203626353,0,-1
c,active_stress,affine,4.5,100,2.0,8057470,371,0.999999,0.999999,3472.1328752014124,0,-1
c,active_stress,affine,4.5,100,2.0,8057470,372,0.999999,0.9621506189037246,3475.0818276751133,0,-1
c,active_stress,affine,4.5,100,2.0,8057470,373,0.9997697247461068,0.9997935885174631,3476.3617323280355,0,-1
c,active_stress,affine,4.5,100,2.0,8057470,374,0.9998263168874828,0.9997759170421117,3483.284837792748,0,-1
c,active_stress,affine,4.5,100,2.0,8057470,375,0.999999,0.9998506837333587,3477.8962759207534,0,-1
c,active_stress,affine,4.5,100,2.0,8057470,376,0.9999591655599462,0.993051031194403,3453.1211934386806,0,-1
c,active_stress,affine,4.5,100,2.0,8057470,377,0.9996416929077832,0.999999,3465.501086280448,0,-1
c,active_stress,affine,4.5,100,2.0,8057470,378,0.9930949087845962,0.9966778846163779,3467.0876084035326,0,-1
c,active_stress,affine,4.5,100,2.0,8057470,379,0.9997709046952511,0.9576391394744102,3468.605761340431,0,-1
c,active_stress,affine,4.5,100,2.0,8057470,380,0.999999,0.9925047497542078,3453.494516516324,0,-1
c,active_stress,affine,4.5,100,2.0,8057470,381,0.9133186367484427,0.9993212378178321,3445.539761566761,0,-1
c,active_stress,affine,4.5,100,2.0,8057470,382,0.9999173268732057,0.981874025620819,3482.2682200817662,0,-1
c,active_stress,affine,4.5,100,2.0,8057470,383,0.9998848008116684,0.9606612820400424,3455.4902141635175,0,-1
c,active_stress,affine,4.5,100,2.0,8057470,384,0.999999,0.9990581684597917,3468.524360271243,0,-1
c,active_stress,affine,4.5,100,2.0,8057470,385,0.9979234335737208,0.932884891326841,3475.943700900146,0,-1
c,active_stress,affine,4.5,100,2.0,8057470,386,0.999999,0.999999,3462.659321661865,0,-1
c,active_stress,affine,4.5,100,2.0,8057470,387,0.999999,0.999999,3460.366809070353,0,-1
c,active_stress,affine,4.5,100,2.0,8057470,388,0.999999,0.999999,3464.82014561643,0,-1
c,active_stress,affine,4.5,100,2.0,8057470,389,0.9826822097463211,0.9773316631452901,3474.3841722722827,0,-1
c,active_stress,affine,4.5,100,2.0,8057470,390,0.9999561692226212,0.9902391314238262,3440.7002869454764,0,-1
c,active_stress,affine,4.5,100,2.0,8057470,391,0.999999,0.9993249987742567,3447.9681587197797,0,-1
c,active_stress,affine,4.5,100,2.0,8057470,392,0.926108509766075,0.999907146741437,3452.01187653869,0,-1
c,active_stress,affine,4.5,100,2.0,8057470,393,0.9666178980177891,0.9318382519247833,3433.10188496435,0,-1
c,active_stress,affine,4.5,100,2.0,8057470,394,0.9997510418903851,0.999999,3457.0791121260554,0,-1
c,active_stress,affine,4.5,100,2.0,8057470,395,0.999999,0.999999,3392.4828387832736,0,-1
c,active_stress,affine,4.5,100,2.0,8057470,396,0.999938255252635,0.8554204134084451,3446.098858609,0,-1
c,active_stress,affine,4.5,100,2.0,8057470,397,0.999999,0.9498337246786899,3448.7918690597994,0,-1
c,active_stress,affine,4.5,100,2.0,8057470,398,0.998050205094092,0.9999801811851805,3475.672997918565,0,-1
c,active_stress,affine,4.5,100,2.0,8057470,399,0.9997460698873001,0.9999720640619577,3464.059844538069,0,-1
c,active_stress,affine,4.5,100,2.0,8057470,400,0.9983063333188352,0.999999,3487.1792666028277,0,-1
c,active_stress,affine,4.5,100,2.0,8057470,401,0.9980148892511018,0.9997299670577067,3468.888917481401,0,-1
c,active_stress,affine,4.5,100,2.0,8057470,402,0.999743276070042,0.9809160565025924,3476.636635498553,0,-1
c,active_stress,affine,4.5,100,2.0,8057470,403,0.9985977399310421,0.999999,3464.4089219490443,0,-1
c,active_stress,affine,4.5,100,2.0,8057470,404,0.9973430487982164,0.999607617567071,3470.1106661535177,0,-1
c,active_stress,affine,4.5,100,2.0,8057470,405,0.9998364325417788,0.9995795949570783,3469.791933123647,0,-1
c,active_stress,affine,4.5,100,2.0,8057470,406,0.999999,0.9939866097311797,3464.83910039478,0,-1
c,active_stress,affine,4.5,100,2.0,8057470,407,0.9932317685001477,0.999999,3480.7449548051554,0,-1
c,active_stress,affine,4.5,100,2.0,8057470,408,0.9997496335644536,0.999999,3454.6637779023413,0,-1
c,active_stress,affine,4.5,100,2.0,8057470,409,0.9989434715232476,0.9999522627927907,3398.184438145189,0,-1
c,active_stress,affine,4.5,100,2.0,8057470,410,0.999999,0.999999,3459.3639575271422,0,-1
c,active_stress,affine,4.5,100,2.0,8057470,411,0.9980783482277821,0.9962283083341478,3474.8949756082397,0,-1
c,active_stress,affine,4.5,100,2.0,8057470,412,0.9987653378415752,0.9986675801088389,3477.4768109764473,0,-1
c,active_stress,affine,4.5,100,2.0,8057470,413,0.999695509222672,0.9814842010733655,3457.9892225306403,0,-1
c,active_stress,affine,4.5,100,2.0,8057470,414,0.999999,0.9995193025217092,3454.071625805211,0,-1
c,active_stress,affine,4.5,100,2.0,8057470,415,0.999099912035805,0.9998693786652132,3428.257151440712,0,-1
c,active_stress,affine,4.5,100,2.0,8057470,416,0.9997345901411638,0.999999,3475.949273276038,0,-1
c,active_stress,affine,4.5,100,2.0,8057470,417,0.9797542793566671,0.999999,3472.814367419095,0,-1
c,active_stress,affine,4.5,100,2.0,8057470,418,0.999999,0.999999,3461.1616131257424,0,-1
c,active_stress,affine,4.5,100,2.0,8057470,419,0.9949342939055654,0.9999651581849809,3463.1995915801112,0,-1
c,active_stress,affine,4.5,100,2.0,8057470,420,0.9939092907379456,0.9997390238625643,3459.1270441116653,0,-1
c,active_stress,affine,4.5,100,2.0,8057470,421,0.9992626652111326,0.917178760771655,3445.968083148597,0,-1
c,active_stress,affine,4.5,100,2.0,8057470,422,0.999999,0.999999,3389.6896855707373,0,-1
c,active_stress,affine,4.5,100,2.0,8057470,423,0.9931987564505275,0.999999,3470.7811059518003,0,-1
c,active_stress,affine,4.5,100,2.0,8057470,424,0.999900576373713,0.999999,3473.5878920460805,0,-1
c,active_stress,affine,4.5,100,2.0,8057470,425,0.999999,0.9997655561111879,3431.3151804541994,0,-1
c,active_stress,affine,4.5,100,2.0,8057470,426,0.999999,0.9993177441698039,3466.1158518572806,0,-1
c,active_stress,affine,4.5,100,2.0,8057470,427,0.999999,0.9999106939984752,3481.773073655287,0,-1
c,active_stress,affine,4.5,100,2.0,8057470,428,0.8337464785645612,0.999999,3443.2677279663008,0,-1
c,active_stress,affine,4.5,100,2.0,8057470,429,0.9999039813953954,0.999872061657275,3444.340868899374,0,-1
c,active_stress,affine,4.5,100,2.0,8057470,430,0.9726613698292539,0.9718305030832115,3460.284376502065,0,-1
c,active_stress,affine,4.5,100,2.0,8057470,431,0.9999301903037462,0.999999,3466.3517386451654,0,-1
c,active_stress,affine,4.5,100,2.0,8057470,432,0.9987295895570225,0.9999552214492156,3460.103225085594,0,-1
c,active_stress,affine,4.5,100,2.0,8057470,433,0.999999,0.9996941500261337,3395.958190258403,0,-1
c,active_stress,affine,4.5,100,2.0,8057470,434,0.99996519140819,0.9980767785065389,3471.5892622918577,0,-1
c,active_stress,affine,4.5,100,2.0,8057470,435,0.9999858290718818,0.9996912585761716,3448.5108886953535,0,-1
c,active_stress,affine,4.5,100,2.0,8057470,436,0.9997913369729738,0.999999,3456.727721372881,0,-1
c,active_stress,affine,4.5,100,2.0,8057470,437,0.9950028891850015,0.999999,3434.933207386701,0,-1
c,active_stress,affine,4.5,100,2.0,8057470,438,0.995986192191538,0.9791235467034294,3474.274530893302,0,-1
c,active_stress,affine,4.5,100,2.0,8057470,439,0.9999268780912638,0.9998921409660368,3455.576628582762,0,-1
c,active_stress,affine,4.5,100,2.0,8057470,440,0.9999662153994715,0.9997588039811446,3482.4190186996757,0,-1
c,active_stress,affine,4.5,100,2.0,8057470,441,0.999999,0.9885393642743082,3445.9292507018436,0,-1
c,active_stress,affine,4.5,100,2.0,8057470,442,0.8670175610985866,0.9981747499994964,3442.568564013129,0,-1
c,active_stress,affine,4.5,100,2.0,8057470,443,0.9999904788595617,0.9994057686706522,3473.600280212924,0,-1
c,active_stress,affine,4.5,100,2.0,8057470,444,0.9482206430208515,0.9952965185800737,3465.0112296259786,0,-1
c,active_stress,affine,4.5,100,2.0,8057470,445,0.9727405573881366,0.9977200682912505,3478.062271846736,0,-1
c,active_stress,affine,4.5,100,2.0,8057470,446,0.9938465226588113,0.8961342616028316,3449.0464725538777,0,-1
c,active_stress,affine,4.5,100,2.0,8057470,447,0.999999,0.9999162934837346,3462.404747390004,0,-1
c,active_stress,affine,4.5,100,2.0,8057470,448,0.999999,0.999999,3447.961996874849,0,-1
c,active_stress,affine,4.5,100,2.0,8057470,449,0.986337425859192,0.9745872476702896,3479.718183340782,0,-1
c,active_stress,affine,4.5,100,2.0,8057470,450,0.999999,0.999428617071884,3425.5195400480957,0,-1
c,active_stress,affine,4.5,100,2.0,8057470,451,0.999999,0.99997978074698,3423.053887779009,0,-1
c,active_stress,affine,4.5,100,2.0,8057470,452,0.9821259638095046,0.998923638635065,3468.7746318087306,0,-1
c,active_stress,affine,4.5,100,2.0,8057470,453,0.9999988270445764,0.999999,3449.3462801423557,0,-1
c,active_stress,affine,4.5,100,2.0,8057470,454,0.9871470375199753,0.999999,3440.074150506034,0,-1
c,active_stress,affine,4.5,100,2.0,8057470,455,0.999999,0.6608845078939598,3421.9235038087627,0,-1
c,active_stress,affine,4.5,100,2.0,8057470,456,0.999999,0.999999,3463.8367112369324,0,-1
c,active_stress,affine,4.5,100,2.0,8057470,457,0.999999,0.999999,3475.4179716120993,0,-1
c,active_stress,affine,4.5,100,2.0,8057470,458,0.981334600446061,0.9980542230981947,3460.366120802762,0,-1
c,active_stress,affine,4.5,100,2.0,8057470,459,0.999999,0.999999,3472.9501131903703,0,-1
c,active_stress,affine,4.5,100,2.0,8057470,460,0.999999,0.999999,3476.645050043641,0,-1
c,active_stress,affine,4.5,100,2.0,8057470,461,0.9998183981271763,0.999999,3484.787395650439,0,-1
c,active_stress,affine,4.5,100,2.0,8057470,462,0.9992545699385663,0.999999,3442.6442686451624,0,-1
c,active_stress,affine,4.5,100,2.0,8057470,463,0.9999136115546612,0.9963907833503398,3472.6826971981573,0,-1
c,active_stress,affine,4.5,100,2.0,8057470,464,0.999999,0.9999147787342137,3481.254452161602,0,-1
c,active_stress,affine,4.5,100,2.0,8057470,465,0.999999,0.9982227192823033,3468.434713668844,0,-1
c,active_stress,affine,4.5,100,2.0,8057470,466,0.9873701876337366,0.999863154989777,3449.7262057258954,0,-1
c,active_stress,affine,4.5,100,2.0,8057470,467,0.999999,0.9986657998816215,3425.528022693175,0,-1
c,active_stress,affine,4.5,100,2.0,8057470,468,0.999999,0.9998359703685834,3448.353048610538,0,-1
c,active_stress,affine,4.5,100,2.0,8057470,469,0.9998801744087671,0.9999885009634751,3476.0851080939433,0,-1
c,active_stress,affine,4.5,100,2.0,8057470,470,0.9993613324217119,0.99822615219774,3469.4328815596623,0,-1
c,active_stress,affine,4.5,100,2.0,8057470,471,0.9998586164328737,0.9486799912307144,3459.1507393732327,0,-1
c,active_stress,affine,4.5,100,2.0,8057470,472,0.9942366561655707,0.9430050348650809,3469.6329445744555,0,-1
c,active_stress,affine,4.5,100,2.0,8057470,473,0.9845275950148434,0.9998624554512022,3474.8324823515127,0,-1
c,active_stress,affine,4.5,100,2.0,8057470,474,0.999999,0.999999,3462.7926164992405,0,-1
c,active_stress,affine,4.5,100,2.0,8057470,475,0.9991507559068187,0.973697096672027,3469.4671630617627,0,-1
c,active_stress,affine,4.5,100,2.0,8057470,476,0.9979880150882074,0.9998479034686614,3467.6372516201686,0,-1
c,active_stress,affine,4.5,100,2.0,8057470,477,0.999999,0.9998827683772946,3476.269618664938,0,-1
c,active_stress,affine,4.5,100,2.0,8057470,478,0.999999,0.997209902395091,3463.509399883322,0,-1
c,active_stress,affine,4.5,100,2.0,8057470,479,0.999999,0.999999,3459.2661987804413,0,-1
c,active_stress,affine,4.5,100,2.0,8057470,480,0.999999,0.999659507530422,3442.572930186824,0,-1
c,active_stress,affine,4.5,100,2.0,8057470,481,0.9883950541035339,0.999999,3475.203209985732,0,-1
c,active_stress,affine,4.5,100,2.0,8057470,482,0.999999,0.999999,3466.0174470637726,0,-1
c,active_stress,affine,4.5,100,2.0,8057470,483,0.9998417690280927,0.999999,3466.482521578141,0,-1
c,active_stress,affine,4.5,100,2.0,8057470,484,0.999999,0.9986761668016735,3468.9067802215127,0,-1
c,active_stress,affine,4.5,100,2.0,8057470,485,0.9999203138681623,0.9977499461113181,3452.583406217845,0,-1
c,active_stress,affine,4.5,100,2.0,8057470,486,0.9999191109807773,0.999999,3469.582052705477,0,-1
c,active_stress,affine,4.5,100,2.0,8057470,487,0.999999,0.9999429610181989,3465.7564611536736,0,-1
c,active_stress,affine,4.5,100,2.0,8057470,488,0.999999,0.999999,3461.735013728309,0,-1
c,active_stress,affine,4.5,100,2.0,8057470,489,0.999999,0.999999,3473.136046011871,0,-1
c,active_stress,affine,4.5,100,2.0,8057470,490,0.9993249553945398,0.888882372374137,3465.991066725705,0,-1
c,active_stress,affine,4.5,100,2.0,8057470,491,0.9999575544880487,0.9989933917000297,3450.7119895163646,0,-1
c,active_stress,affine,4.5,100,2.0,8057470,492,0.999999,0.999999,3464.0019822620197,0,-1
c,active_stress,affine,4.5,100,2.0,8057470,493,0.9985701857928821,0.9693472043932264,3430.8202813177936,0,-1
c,active_stress,affine,4.5,100,2.0,8057470,494,0.999999,0.999999,3469.57828421308,0,-1
c,active_stress,affine,4.5,100,2.0,8057470,495,0.9997054304000993,0.9998163478570915,3458.2414091701817,0,-1
c,active_stress,affine,4.5,100,2.0,8057470,496,0.7446289582106873,0.999984666463462,3465.9688483788896,0,-1
c,active_stress,affine,4.5,100,2.0,8057470,497,0.9875257141284073,0.9982534956566317,3475.0832700388833,0,-1
c,active_stress,affine,4.5,100,2.0,8057470,498,0.9999204978489955,0.999999,3428.7669025070354,0,-1
c,active_stress,affine,4.5,100,2.0,8057470,499,0.999999,0.995484517064381,3470.8519525269985,0,-1
c,active_stress,affine,4.5,100,2.0,8057470,500,0.999999,0.9999884422845423,3479.0940805479695,0,-1
c,active_stress,affine,4.5,100,2.0,8057470,501,0.9999404607087548,0.999999,3464.4106856753137,0,-1
c,active_stress,affine,4.5,100,2.0,8057470,502,0.999093508296224,0.998156107322183,3441.97415494343,0,-1
c,active_stress,affine,4.5,100,2.0,8057470,503,0.9477179409871536,0.9995787455989513,3472.445516591225,0,-1
c,active_stress,affine,4.5,100,2.0,8057470,504,0.999999,0.999999,3465.743188276725,0,-1
c,active_stress,affine,4.5,100,2.0,8057470,505,0.8495130487617447,0.9996813128199428,3483.751091065919,0,-1
c,active_stress,affine,4.5,100,2.0,8057470,506,0.999999,0.9998786858997679,3415.7782617420626,0,-1
c,active_stress,affine,4.5,100,2.0,8057470,507,0.999999,0.999999,3484.5818378324843,0,-1
c,active_stress,affine,4.5,100,2.0,8057470,508,0.999999,0.999999,3464.1377063069613,0,-1
c,active_stress,affine,4.5,100,2.0,8057470,509,0.999999,0.9999668719825113,3468.2615375745554,0,-1
c,active_stress,affine,4.5,100,2.0,8057470,510,0.999999,0.9573166883264627,3468.98676223416,0,-1
c,active_stress,affine,4.5,100,2.0,8057470,511,0.999999,0.9999849339758149,3480.9461747190717,0,-1
c,active_stress,affine,4.5,100,2.0,8057470,512,0.9828162133405488,0.999999,3479.6467516088446,0,-1
c,active_stress,affine,4.5,100,2.0,8057470,513,0.999999,0.9996527903087254,3470.4966498165036,0,-1
c,active_stress,affine,4.5,100,2.0,8057470,514,0.999999,0.9849478252631156,3445.060436477022,0,-1
c,active_stress,affine,4.5,100,2.0,8057470,515,0.998902211599231,0.999999,3465.9858101752984,0,-1
c,active_stress,affine,4.5,100,2.0,8057470,516,0.999999,0.99316716962196,3464.002043401018,0,-1
c,active_stress,affine,4.5,100,2.0,8057470,517,0.9978203283420346,0.9962257266110117,3470.9228764630398,0,-1
c,active_stress,affine,4.5,100,2.0,8057470,518,0.9943039435685361,0.999999,3474.378219988775,0,-1
c,active_stress,affine,4.5,100,2.0,8057470,519,0.999999,0.999999,3412.369176709235,0,-1
c,active_stress,affine,4.5,100,2.0,8057470,520,0.999999,0.9736409194064755,3431.2421987368552,0,-1
c,active_stress,affine,4.5,100,2.0,8057470,521,0.999999,0.9893320949486176,3477.4679335796395,0,-1
c,active_stress,affine,4.5,100,2.0,8057470,522,0.9999987684846438,0.9999371360867603,3465.629014663944,0,-1
c,active_stress,affine,4.5,100,2.0,8057470,523,0.999999,0.9999153919368768,3482.1741546776475,0,-1
c,active_stress,affine,4.5,100,2.0,8057470,524,0.999999,0.999999,3455.3864809423358,0,-1
c,active_stress,affine,4.5,100,2.0,8057470,525,0.999999,0.9995363337757132,3474.168889425957,0,-1
c,active_stress,affine,4.5,100,2.0,8057470,526,0.999999,0.9853758437323401,3451.9535505147774,0,-1
c,active_stress,affine,4.5,100,2.0,8057470,527,0.999999,0.999999,3479.3756938996576,0,-1
c,active_stress,affine,4.5,100,2.0,8057470,528,0.9982079674056199,0.999999,3466.1556350554365,0,-1
c,active_stress,affine,4.5,100,2.0,8057470,529,0.999999,0.9965230247508686,3416.0456741081944,0,-1
c,active_stress,affine,4.5,100,2.0,8057470,530,0.9527601716191582,0.999999,3459.2880845821533,0,-1
c,active_stress,affine,4.5,100,2.0,8057470,531,0.999999,0.9992680921216872,3467.7905773112234,0,-1
c,active_stress,affine,4.5,100,2.0,8057470,532,0.9995430915090606,0.999999,3435.9428893320032,0,-1
c,active_stress,affine,4.5,100,2.0,8057470,533,0.9999420295610673,0.999999,3478.5683781073044,0,-1
c,active_stress,affine,4.5,100,2.0,8057470,534,0.999999,0.999999,3433.900795820221,0,-1
c,active_stress,affine,4.5,100,2.0,8057470,535,0.9997905691307216,0.9979687726608444,3467.58181912614,0,-1
c,active_stress,affine,4.5,100,2.0,8057470,536,0.999999,0.9977476789923717,3457.3610161381607,0,-1
c,active_stress,affine,4.5,100,2.0,8057470,537,0.9926933280139261,0.9792714185483129,3453.910048271032,0,-1
c,active_stress,affine,4.5,100,2.0,8057470,538,0.9998662697144856,0.999999,3420.745160288886,0,-1
c,active_stress,affine,4.5,100,2.0,8057470,539,0.999999,0.9952671155802625,3431.265317121725,0,-1
c,active_stress,affine,4.5,100,2.0,8057470,540,0.999356707838736,0.997931211773632,3460.2144283549565,0,-1
c,active_stress,affine,4.5,100,2.0,8057470,541,0.9998428263332781,0.9725396564127252,3470.2975960801023,0,-1
c,active_stress,affine,4.5,100,2.0,8057470,542,0.993402060864327,0.999999,3465.922040145298,0,-1
c,active_stress,affine,4.5,100,2.0,8057470,543,0.9998684233202312,0.8565850537932806,3461.222987860868,0,-1
c,active_stress,affine,4.5,100,2.0,8057470,544,0.999999,0.9701284770807715,3453.6748482243447,0,-1
c,active_stress,affine,4.5,100,2.0,8057470,545,0.9991134800049601,0.9999623503930904,3455.7383691777263,0,-1
c,active_stress,affine,4.5,100,2.0,8057470,546,0.968146798954521,0.999999,3432.7007314169955,0,-1
c,active_stress,affine,4.5,100,2.0,8057470,547,0.9998918370082953,0.999999,3475.294181770846,0,-1
c,active_stress,affine,4.5,100,2.0,8057470,548,0.9999920853582989,0.9998359063717598,3473.3020826893767,0,-1
c,active_stress,affine,4.5,100,2.0,8057470,549,0.9988956382599129,0.9969002953692754,3478.796824862438,0,-1
c,active_stress,affine,4.5,100,2.0,8057470,550,0.9999345706696021,0.9999134592639627,3472.8452694426674,0,-1
c,active_stress,affine,4.5,100,2.0,8057470,551,0.801954315937738,0.9997964787865649,3437.0660774983094,0,-1
c,active_stress,affine,4.5,100,2.0,8057470,552,0.999999,0.999999,3468.336287856906,0,-1
c,active_stress,affine,4.5,100,2.0,8057470,553,0.999999,0.999999,3468.060055434125,0,-1
c,active_stress,affine,4.5,100,2.0,8057470,554,0.8128677242431931,0.9970421742814225,3458.6282024760453,0,-1
c,active_stress,affine,4.5,100,2.0,8057470,555,0.999999,0.999999,3480.012277795489,0,-1
c,active_stress,affine,4.5,100,2.0,8057470,556,0.9999968219086057,0.9997781176455213,3470.032840348893,0,-1
c,active_stress,affine,4.5,100,2.0,8057470,557,0.992166512318555,0.999999,3455.806167734448,0,-1
c,active_stress,affine,4.5,100,2.0,8057470,558,0.999999,0.999999,3464.0609534991254,0,-1
c,active_stress,affine,4.5,100,2.0,8057470,559,0.8706215414352332,0.942295368481705,3413.882840508562,0,-1
c,active_stress,affine,4.5,100,2.0,8057470,560,0.9943361579603532,0.999999,3485.169520559877,0,-1
c,active_stress,affine,4.5,100,2.0,8057470,561,0.7938388817411945,0.999999,3449.676853953732,0,-1
c,active_stress,affine,4.5,100,2.0,8057470,562,0.9644682519114507,0.9664268993334405,3452.722118847817,0,-1
c,active_stress,affine,4.5,100,2.0,8057470,563,0.999999,0.9998282899420678,3455.090525268634,0,-1
c,active_stress,affine,4.5,100,2.0,8057470,564,0.999999,0.9997286100453534,3474.02358341023,0,-1
c,active_stress,affine,4.5,100,2.0,8057470,565,0.999999,0.9985704878622755,3456.358118555182,0,-1
c,active_stress,affine,4.5,100,2.0,8057470,566,0.9999433478440227,0.999999,3478.9486872032967,0,-1
c,active_stress,affine,4.5,100,2.0,8057470,567,0.999999,0.9798800406186337,3455.776520706371,0,-1
c,active_stress,affine,4.5,100,2.0,8057470,568,0.8633338613699917,0.8921923859484526,3450.275756748195,0,-1
c,active_stress,affine,4.5,100,2.0,8057470,569,0.999999,0.999999,3441.606981565956,0,-1
c,active_stress,affine,4.5,100,2.0,8057470,570,0.999999,0.9986085694400121,3465.1532849442556,0,-1
c,active_stress,affine,4.5,100,2.0,8057470,571,0.999999,0.999999,3479.2104704154713,0,-1
c,active_stress,affine,4.5,100,2.0,8057470,572,0.9975246637553999,0.9999414205817005,3472.6411798971503,0,-1
c,active_stress,affine,4.5,100,2.0,8057470,573,0.9909436692251806,0.999999,3478.2483943398065,0,-1
c,active_stress,affine,4.5,100,2.0,8057470,574,0.9733208449427417,0.999999,3462.6349783962987,0,-1
c,active_stress,affine,4.5,100,2.0,8057470,575,0.995788353006285,0.9985623683917687,3450.3944713443166,0,-1
c,active_stress,affine,4.5,100,2.0,8057470,576,0.9998717551934179,0.999999,3470.138804820176,0,-1
c,active_stress,affine,4.5,100,2.0,8057470,577,0.9999849409413374,0.9999057156967838,3486.547050695339,0,-1
c,active_stress,affine,4.5,100,2.0,8057470,578,0.980554870511011,0.999999,3465.3328100467943,0,-1
c,active_stress,affine,4.5,100,2.0,8057470,579,0.999999,0.983645588602809,3458.7588037811634,0,-1
c,active_stress,affine,4.5,100,2.0,8057470,580,0.999999,0.9991066871710471,3465.24554158622,0,-1
c,active_stress,affine,4.5,100,2.0,8057470,581,0.9999218653068336,0.9999939267118914,3463.4271480678867,0,-1
c,active_stress,affine,4.5,100,2.0,8057470,582,0.999999,0.999999,3483.8830131389236,0,-1
c,active_stress,affine,4.5,100,2.0,8057470,583,0.9973826875276953,0.9999865595507479,3458.9482037978146,0,-1
c,active_stress,affine,4.5,100,2.0,8057470,584,0.999999,0.999999,3471.2864419906646,0,-1
c,active_stress,affine,4.5,100,2.0,8057470,585,0.999999,0.9976155565858045,3456.3348858823815,0,-1
c,active_stress,affine,4.5,100,2.0,8057470,586,0.999999,0.9952655503390387,3461.882304880547,0,-1
c,active_stress,affine,4.5,100,2.0,8057470,587,0.999999,0.9678566788738422,3479.8684687960827,0,-1
c,active_stress,affine,4.5,100,2.0,8057470,588,0.999999,0.999822681663756,3442.3823217494764,0,-1
c,active_stress,affine,4.5,100,2.0,8057470,589,0.999999,0.999999,3428.9850500711864,0,-1
c,active_stress,affine,4.5,100,2.0,8057470,590,0.9999655349213548,0.8580653515762562,3461.4703469397077,0,-1
c,active_stress,affine,4.5,100,2.0,8057470,591,0.999999,0.990203200031477,3409.314036472703,0,-1
c,active_stress,affine,4.5,100,2.0,8057470,592,0.950219355053133,0.9996761198902953,3428.677094255884,0,-1
c,active_stress,affine,4.5,100,2.0,8057470,593,0.9998620434142518,0.999999,3459.913732837827,0,-1
c,active_stress,affine,4.5,100,2.0,8057470,594,0.8675972020866992,0.991907790184258,3484.835571082928,0,-1
c,active_stress,affine,4.5,100,2.0,8057470,595,0.999999,0.999999,3465.4065291379284,0,-1
c,active_stress,affine,4.5,100,2.0,8057470,596,0.9904019716860816,0.8661362623266196,3444.3262109964016,0,-1
c,active_stress,affine,4.5,100,2.0,8057470,597,0.9999933861271347,0.9929799437837651,3429.9620949503064,0,-1
c,active_stress,affine,4.5,100,2.0,8057470,598,0.999999,0.999999,3464.7326020782984,0,-1
c,active_stress,affine,4.5,100,2.0,8057470,599,0.9999125313358437,0.9563458559966077,3454.460071849661,0,-1
c,active_stress,affine,4.5,100,2.0,8057470,600,0.999999,0.999999,3475.76627636626,0,-1
c,active_stress,affine,4.5,100,2.0,8057470,601,0.999999,0.999999,3475.16351412357,0,-1
c,active_stress,affine,4.5,100,2.0,8057470,602,0.999999,0.999999,3444.67781496233,0,-1
c,active_stress,affine,4.5,100,2.0,8057470,603,0.9832656527328791,0.9769628373595731,3471.2190009454052,0,-1
c,active_stress,affine,4.5,100,2.0,8057470,604,0.9999894163659736,0.999623355512849,3485.218672350611,0,-1
c,active_stress,affine,4.5,100,2.0,8057470,605,0.7405914435331222,0.9999295187515442,3471.593813012391,0,-1
c,active_stress,affine,4.5,100,2.0,8057470,606,0.9908908236337719,0.9321405300153663,3381.085879624769,0,-1
c,active_stress,affine,4.5,100,2.0,8057470,607,0.9988727931500387,0.9376492414658232,3466.9952400967213,0,-1
c,active_stress,affine,4.5,100,2.0,8057470,608,0.9999722131853465,0.999999,3472.6611889291685,0,-1
c,active_stress,affine,4.5,100,2.0,8057470,609,0.999999,0.9977963600388696,3476.2102664186314,0,-1
c,active_stress,affine,4.5,100,2.0,8057470,610,0.9998740336477229,0.999999,3455.7262599256082,0,-1
c,active_stress,affine,4.5,100,2.0,8057470,611,0.999999,0.999999,3469.7147159902684,0,-1
c,active_stress,affine,4.5,100,2.0,8057470,612,0.999999,0.999999,3462.4851659250253,0,-1
c,active_stress,affine,4.5,100,2.0,8057470,613,0.9937891028816693,0.999999,3464.5121239272244,0,-1
c,active_stress,affine,4.5,100,2.0,8057470,614,0.9999703426445073,0.9999878105026483,3429.6591590537796,0,-1
c,active_stress,affine,4.5,100,2.0,8057470,615,0.9998415307517754,0.999676488564121,3460.8569930387907,0,-1
c,active_stress,affine,4.5,100,2.0,8057470,616,0.999999,0.9909343498685446,3458.851079112093,0,-1
c,active_stress,affine,4.5,100,2.0,8057470,617,0.9997981499125407,0.999999,3446.262364016599,0,-1
c,active_stress,affine,4.5,100,2.0,8057470,618,0.9998267186409086,0.999999,3459.9649973092937,0,-1
c,active_stress,affine,4.5,100,2.0,8057470,619,0.999999,0.9998821228923389,3446.5324361403746,0,-1
c,active_stress,affine,4.5,100,2.0,8057470,620,0.9847510072539603,0.9998950323588446,3477.383166747062,0,-1
c,active_stress,affine,4.5,100,2.0,8057470,621,0.9973425319335714,0.999999,3462.1109226203985,0,-1
c,active_stress,affine,4.5,100,2.0,8057470,622,0.9874105462479793,0.999999,3429.84934717352,0,-1
c,active_stress,affine,4.5,100,2.0,8057470,623,0.999999,0.999999,3476.0584450736956,0,-1
c,active_stress,affine,4.5,100,2.0,8057470,624,0.999999,0.9309859809340634,3469.1010248052476,0,-1
c,active_stress,affine,4.5,100,2.0,8057470,625,0.999999,0.999999,3465.758573948896,0,-1
c,active_stress,affine,4.5,100,2.0,8057470,626,0.9562681050932346,0.999999,3476.5197415723437,0,-1
c,active_stress,affine,4.5,100,2.0,8057470,627,0.9980596560163074,0.9999032293440729,3480.915906183524,0,-1
c,active_stress,affine,4.5,100,2.0,8057470,628,0.999803965718681,0.9994653723064252,3434.22238531218,0,-1
c,active_stress,affine,4.5,100,2.0,8057470,629,0.9999287161935703,0.9999285071600517,3459.9350928723593,0,-1
c,active_stress,affine,4.5,100,2.0,8057470,630,0.999999,0.9998923087719006,3448.349929418449,0,-1
c,active_stress,affine,4.5,100,2.0,8057470,631,0.9999910972889383,0.9998593112653072,3461.00943509759,0,-1
c,active_stress,affine,4.5,100,2.0,8057470,632,0.9979573013952635,0.9997827534493086,3452.6428218245683,0,-1
c,active_stress,affine,4.5,100,2.0,8057470,633,0.9725862710949542,0.9997651771892111,3454.4236573437565,0,-1
c,active_stress,affine,4.5,100,2.0,8057470,634,0.999999,0.999999,3446.965493140218,0,-1
c,active_stress,affine,4.5,100,2.0,8057470,635,0.999999,0.999729595294165,3473.6155612362477,0,-1
c,active_stress,affine,4.5,100,2.0,8057470,636,0.999999,0.999999,3466.7213622155705,0,-1
c,active_stress,affine,4.5,100,2.0,8057470,637,0.9985004280368251,0.999999,3465.9714226785695,0,-1
c,active_stress,affine,4.5,100,2.0,8057470,638,0.999999,0.999999,3447.0664576444115,0,-1
c,active_stress,affine,4.5,100,2.0,8057470,639,0.9878837427060495,0.999999,3467.6576615969307,0,-1
c,active_stress,affine,4.5,100,2.0,8057470,640,0.9240092624470454,0.9659815382163661,3443.9369294048697,0,-1
c,active_stress,affine,4.5,100,2.0,8057470,641,0.9998953503187099,0.9976897752261982,3463.3812409589405,0,-1
c,active_stress,affine,4.5,100,2.0,8057470,642,0.999999,0.999999,3470.716617975525,0,-1
c,active_stress,affine,4.5,100,2.0,8057470,643,0.999940905040474,0.9999927163089865,3466.279905738426,0,-1
c,active_stress,affine,4.5,100,2.0,8057470,644,0.999999,0.9999699219803149,3423.2193971382694,0,-1
c,active_stress,affine,4.5,100,2.0,8057470,645,0.9999913452018799,0.9988312658236699,3463.340783182636,0,-1
c,active_stress,affine,4.5,100,2.0,8057470,646,0.999999,0.999999,3468.997882327248,0,-1
c,active_stress,affine,4.5,100,2.0,8057470,647,0.999999,0.99523004457287,3471.69297392136,0,-1
c,active_stress,affine,4.5,100,2.0,8057470,648,0.9848562320040023,0.999999,3453.2501616823083,0,-1
c,active_stress,affine,4.5,100,2.0,8057470,649,0.9995553680265806,0.999578872310212,3418.4376526597134,0,-1
c,active_stress,affine,4.5,100,2.0,8057470,650,0.999999,0.9997074742678321,3464.191499744893,0,-1
c,active_stress,affine,4.5,100,2.0,8057470,651,0.999999,0.9991291932910243,3473.5749673453615,0,-1
c,active_stress,affine,4.5,100,2.0,8057470,652,0.9998289168082658,0.9921033070067957,3461.8310317097444,0,-1
c,active_stress,affine,4.5,100,2.0,8057470,653,0.9999459362213897,0.9382313410864515,3472.8992094756795,0,-1
c,active_stress,affine,4.5,100,2.0,8057470,654,0.9999007227344381,0.9999890932066825,3479.4170414806194,0,-1
c,active_stress,affine,4.5,100,2.0,8057470,655,0.999999,0.999999,3473.2870132385483,0,-1
c,active_stress,affine,4.5,100,2.0,8057470,656,0.9999570407211575,0.999999,3453.755052176948,0,-1
c,active_stress,affine,4.5,100,2.0,8057470,657,0.999999,0.9999186137888564,3473.404910093344,0,-1
c,active_stress,affine,4.5,100,2.0,8057470,658,0.999999,0.9984955781382193,3467.488525632079,0,-1
c,active_stress,affine,4.5,100,2.0,8057470,659,0.9999185651911962,0.9933628076974023,3450.7352827353493,0,-1
c,active_stress,affine,4.5,100,2.0,8057470,660,0.992302856653112,0.999999,3464.628276222124,0,-1
c,active_stress,affine,4.5,100,2.0,8057470,661,0.9999858742056245,0.999999,3485.620905281573,0,-1
c,active_stress,affine,4.5,100,2.0,8057470,662,0.999768017113882,0.999999,3476.990154895184,0,-1
c,active_stress,affine,4.5,100,2.0,8057470,663,0.999265757956394,0.9997671927003953,3481.103733418664,0,-1
c,active_stress,affine,4.5,100,2.0,8057470,664,0.9994746041752929,0.8912751205419286,3466.7915123112966,0,-1
c,active_stress,affine,4.5,100,2.0,8057470,665,0.9999495724577484,0.9940356990050268,3448.94511345087,0,-1
c,active_stress,affine,4.5,100,2.0,8057470,666,0.999999,0.999999,3465.3014104054846,0,-1
c,active_stress,affine,4.5,100,2.0,8057470,667,0.9967612197173821,0.993512140335616,3470.0544759099066,0,-1
c,active_stress,affine,4.5,100,2.0,8057470,668,0.9824210094369552,0.999999,3470.2504705177234,0,-1
c,active_stress,affine,4.5,100,2.0,8057470,669,0.9082452841720081,0.9644243457211551,3461.1405974570816,0,-1
c,active_stress,affine,4.5,100,2.0,8057470,670,0.9997671144458549,0.9782288554636499,3473.560713168681,0,-1
c,active_stress,affine,4.5,100,2.0,8057470,671,0.9980425259153887,0.9851858601829854,3474.9388188171906,0,-1
c,active_stress,affine,4.5,100,2.0,8057470,672,0.9973570805272323,0.999999,3480.070933229582,0,-1
c,active_stress,affine,4.5,100,2.0,8057470,673,0.999843270150824,0.9903866594291553,3470.4507487035708,0,-1
c,active_stress,affine,4.5,100,2.0,8057470,674,0.9934209046834858,0.999999,3481.130836365214,0,-1
c,active_stress,affine,4.5,100,2.0,8057470,675,0.996245800585837,0.999999,3441.2547207206003,0,-1
c,active_stress,affine,4.5,100,2.0,8057470,676,0.9999848703791261,0.9977334848108219,3475.467286436434,0,-1
c,active_stress,affine,4.5,100,2.0,8057470,677,0.9522260620716234,0.9065172538745768,3427.9879527236003,0,-1
c,active_stress,affine,4.5,100,2.0,8057470,678,0.9866554569153001,0.9978009881491976,3470.2365440891863,0,-1
c,active_stress,affine,4.5,100,2.0,8057470,679,0.999999,0.999999,3474.4768911739625,0,-1
c,active_stress,affine,4.5,100,2.0,8057470,680,0.9997470059426931,0.999999,3464.474408907652,0,-1
c,active_stress,affine,4.5,100,2.0,8057470,681,0.9151429264277728,0.999999,3476.8573383768344,0,-1
c,active_stress,affine,4.5,100,2.0,8057470,682,0.999999,0.999999,3455.371978111201,0,-1
c,active_stress,affine,4.5,100,2.0,8057470,683,0.999083062392273,0.9991760458775105,3476.503457664805,0,-1
c,active_stress,affine,4.5,100,2.0,8057470,684,0.9917894104045586,0.999999,3461.587006808896,0,-1
c,active_stress,affine,4.5,100,2.0,8057470,685,0.999969056831678,0.9929461009880906,3464.830971011883,0,-1
c,active_stress,affine,4.5,100,2.0,8057470,686,0.9965040960381191,0.9923987781726635,3478.856674045337,0,-1
c,active_stress,affine,4.5,100,2.0,8057470,687,0.9971012286850938,0.9542612027427753,3477.4724738628597,0,-1
c,active_stress,affine,4.5,100,2.0,8057470,688,0.9959365241598861,0.9930288616827717,3449.677903256327,0,-1
c,active_stress,affine,4.5,100,2.0,8057470,689,0.9194865040308229,0.9995107307027292,3400.9271018568775,0,-1
c,active_stress,affine,4.5,100,2.0,8057470,690,0.9920073933803859,0.8654412889481348,3472.207343453713,0,-1
c,active_stress,affine,4.5,100,2.0,8057470,691,0.9040582511476067,0.9998221653530994,3456.6998645090544,0,-1
c,active_stress,affine,4.5,100,2.0,8057470,692,0.999999,0.999999,3434.3325028985723,0,-1
c,active_stress,affine,4.5,100,2.0,8057470,693,0.9998630918358561,0.933907710507167,3463.6449150682965,0,-1
c,active_stress,affine,4.5,100,2.0,8057470,694,0.999999,0.9998525375543144,3423.2348463165954,0,-1
c,active_stress,affine,4.5,100,2.0,8057470,695,0.999999,0.9861522774724787,3459.7386059064042,0,-1
c,active_stress,affine,4.5,100,2.0,8057470,696,0.7677993377006076,0.999999,3452.8472707977317,0,-1
c,active_stress,affine,4.5,100,2.0,8057470,697,0.9780203077389055,0.999999,3464.1794585044368,0,-1
c,active_stress,affine,4.5,100,2.0,8057470,698,0.9932715951442671,0.9995727853989865,3410.9810905196387,0,-1
c,active_stress,affine,4.5,100,2.0,8057470,699,0.999999,0.9985896887811455,3463.34224654413,0,-1
c,active_stress,affine,4.5,100,2.0,8057470,700,0.987978314510904,0.999999,3469.6293100563726,0,-1
c,active_stress,affine,4.5,100,2.0,8057470,701,0.9997437950702828,0.999999,3481.9647911093375,0,-1
c,active_stress,affine,4.5,100,2.0,8057470,702,0.7586353601838935,0.9924223216958381,3470.058732136401,0,-1
c,active_stress,affine,4.5,100,2.0,8057470,703,0.9980363211305217,0.9998603608958219,3443.794874418216,0,-1
c,active_stress,affine,4.5,100,2.0,8057470,704,0.9687450083597848,0.9322083385799839,3476.137577900926,0,-1
c,active_stress,affine,4.5,100,2.0,8057470,705,0.999999,0.999999,3465.710411540362,0,-1
c,active_stress,affine,4.5,100,2.0,8057470,706,0.9999362336593445,0.9996014777682298,3470.537813110864,0,-1
c,active_stress,affine,4.5,100,2.0,8057470,707,0.9998100142870192,0.9994814320838499,3470.294809098743,0,-1
c,active_stress,affine,4.5,100,2.0,8057470,708,0.9999106148443593,0.9999566432679542,3482.9420674880803,0,-1
c,active_stress,affine,4.5,100,2.0,8057470,709,0.9920716202008286,0.816676362609893,3461.0907819300987,0,-1
c,active_stress,affine,4.5,100,2.0,8057470,710,0.9980545223993382,0.999999,3483.272634210049,0,-1
c,active_stress,affine,4.5,100,2.0,8057470,711,0.9960717374689377,0.9953024811422401,3472.3108042306467,0,-1
c,active_stress,affine,4.5,100,2.0,8057470,712,0.9982496654269835,0.999999,3450.558154021064,0,-1
c,active_stress,affine,4.5,100,2.0,8057470,713,0.989699269408036,0.9990163418892917,3453.1579284812915,0,-1
c,active_stress,affine,4.5,100,2.0,8057470,714,0.998922003677097,0.9969004684819744,3480.612034918283,0,-1
c,active_stress,affine,4.5,100,2.0,8057470,715,0.9958165150346379,0.9997968593966273,3446.1155657766544,0,-1
c,active_stress,affine,4.5,100,2.0,8057470,716,0.9997777809873487,0.9999944569572025,3460.410903125782,0,-1
c,active_stress,affine,4.5,100,2.0,8057470,717,0.9535045618848311,0.999999,3483.3980611863294,0,-1
c,active_stress,affine,4.5,100,2.0,8057470,718,0.6743839808358314,0.9998216465569261,3457.7830863832546,0,-1
c,active_stress,affine,4.5,100,2.0,8057470,719,0.9751770216761984,0.999999,3468.76650496316,0,-1
c,active_stress,affine,4.5,100,2.0,8057470,720,0.9998730151240035,0.9997848540057498,3469.8439573313085,0,-1
c,active_stress,affine,4.5,100,2.0,8057470,721,0.9999251662683295,0.9997075927660041,3467.453899404608,0,-1
c,active_stress,affine,4.5,100,2.0,8057470,722,0.9999630491365946,0.999999,3451.244876761902,0,-1
c,active_stress,affine,4.5,100,2.0,8057470,723,0.999999,0.6769192886921009,3463.563227081932,0,-1
c,active_stress,affine,4.5,100,2.0,8057470,724,0.999952679319254,0.999999,3465.863480536306,0,-1
c,active_stress,affine,4.5,100,2.0,8057470,725,0.757084842105381,0.9955516349736256,3468.280573704299,0,-1
c,active_stress,affine,4.5,100,2.0,8057470,726,0.999999,0.999999,3437.0757475297223,0,-1
c,active_stress,affine,4.5,100,2.0,8057470,727,0.998125992927762,0.9999800801573214,3469.883115825692,0,-1
c,active_stress,affine,4.5,100,2.0,8057470,728,0.999999,0.9999336214347359,3450.874895384202,0,-1
c,active_stress,affine,4.5,100,2.0,8057470,729,0.999999,0.9990678092380297,3459.179673297026,0,-1
c,active_stress,affine,4.5,100,2.0,8057470,730,0.999999,0.9892476219812895,3457.3971204720006,0,-1
c,active_stress,affine,4.5,100,2.0,8057470,731,0.9211192564266351,0.9999540161536628,3485.5148735997877,0,-1
c,active_stress,affine,4.5,100,2.0,8057470,732,0.9792996474615823,0.9751341296398447,3458.813930151229,0,-1
c,active_stress,affine,4.5,100,2.0,8057470,733,0.8477663678241781,0.9999940676744343,3405.432166040869,0,-1
c,active_stress,affine,4.5,100,2.0,8057470,734,0.9788239605360863,0.9999967509859272,3479.675189151819,0,-1
c,active_stress,affine,4.5,100,2.0,8057470,735,0.999999,0.999999,3456.221467213327,0,-1
c,active_stress,affine,4.5,100,2.0,8057470,736,0.9760249879025336,0.9997455109385496,3457.4150124955186,0,-1
c,active_stress,affine,4.5,100,2.0,8057470,737,0.999999,0.999999,3446.573325544363,0,-1
c,active_stress,affine,4.5,100,2.0,8057470,738,0.9978109016171903,0.9002332106707007,3466.1462457622765,0,-1
c,active_stress,affine,4.5,100,2.0,8057470,739,0.767620540210527,0.999999,3462.2661946876533,0,-1
c,active_stress,affine,4.5,100,2.0,8057470,740,0.9965011036329212,0.999999,3448.23313948875,0,-1
c,active_stress,affine,4.5,100,2.0,8057470,741,0.999999,0.9996791068877713,3449.479190197804,0,-1
c,active_stress,affine,4.5,100,2.0,8057470,742,0.9997675789408974,0.9928717289499673,3434.796298718313,0,-1
c,active_stress,affine,4.5,100,2.0,8057470,743,0.9482426191840975,0.9999380003708754,3463.5248985552794,0,-1
c,active_stress,affine,4.5,100,2.0,8057470,744,0.9955197609853986,0.9999604006585427,3471.168649708607,0,-1
c,active_stress,affine,4.5,100,2.0,8057470,745,0.998439995394491,0.9999174093858253,3468.3658209716605,0,-1
c,active_stress,affine,4.5,100,2.0,8057470,746,0.999999,0.999999,3457.5923785621185,0,-1
c,active_stress,affine,4.5,100,2.0,8057470,747,0.999039502740753,0.987407089160774,3425.6169804507845,0,-1
c,active_stress,affine,4.5,100,2.0,8057470,748,0.999999,0.9999313450335496,3473.8738914910346,0,-1
c,active_stress,affine,4.5,100,2.0,8057470,749,0.999999,0.9999319320444398,3469.976368566472,0,-1
c,active_stress,affine,4.5,100,2.0,8057470,750,0.999999,0.999999,3445.0348742976366,0,-1
c,active_stress,affine,4.5,100,2.0,8057470,751,0.9999700542549104,0.9998173069615108,3471.562132573444,0,-1
c,active_stress,affine,4.5,100,2.0,8057470,752,0.999999,0.999999,3473.951168191625,0,-1
c,active_stress,affine,4.5,100,2.0,8057470,753,0.999999,0.999999,3477.5374214752433,0,-1
c,active_stress,affine,4.5,100,2.0,8057470,754,0.999999,0.999999,3462.5755572730823,0,-1
c,active_stress,affine,4.5,100,2.0,8057470,755,0.9305438333706997,0.9449307410473908,3468.6021968514115,0,-1
c,active_stress,affine,4.5,100,2.0,8057470,756,0.9996482627552512,0.9999862445365387,3464.228776869045,0,-1
c,active_stress,affine,4.5,100,2.0,8057470,757,0.999999,0.999999,3405.751359685684,0,-1
c,active_stress,affine,4.5,100,2.0,8057470,758,0.9986609871664642,0.784919290839188,3437.3351598544314,0,-1
c,active_stress,affine,4.5,100,2.0,8057470,759,0.9983104626714644,0.9829959938516882,3436.09982158527,0,-1
c,active_stress,affine,4.5,100,2.0,8057470,760,0.9825250547967015,0.999999,3468.6133778802655,0,-1
c,active_stress,affine,4.5,100,2.0,8057470,761,0.999999,0.9986685492730594,3483.0347303640347,0,-1
c,active_stress,affine,4.5,100,2.0,8057470,762,0.999999,0.9999812819944944,3478.208348575482,0,-1
c,active_stress,affine,4.5,100,2.0,8057470,763,0.9922373013087451,0.999999,3446.953127515091,0,-1
c,active_stress,affine,4.5,100,2.0,8057470,764,0.999846690269018,0.999999,3444.7367969273964,0,-1
c,active_stress,affine,4.5,100,2.0,8057470,765,0.999999,0.9997201967404027,3466.8883104638194,0,-1
c,active_stress,affine,4.5,100,2.0,8057470,766,0.999999,0.999999,3454.630919583843,0,-1
c,active_stress,affine,4.5,100,2.0,8057470,767,0.9997146929076935,0.999999,3452.57755001571,0,-1
c,active_stress,affine,4.5,100,2.0,8057470,768,0.9997771980929357,0.999999,3467.4447350296705,0,-1
c,active_stress,affine,4.5,100,2.0,8057470,769,0.9999128059131811,0.999999,3431.0935395834704,0,-1
c,active_stress,affine,4.5,100,2.0,8057470,770,0.999999,0.8978935614555021,3469.033417574379,0,-1
c,active_stress,affine,4.5,100,2.0,8057470,771,0.9135278199604597,0.999999,3423.6000971498815,0,-1
c,active_stress,affine,4.5,100,2.0,8057470,772,0.9999822713815041,0.9680779564304368,3452.9498408704194,0,-1
c,active_stress,affine,4.5,100,2.0,8057470,773,0.9998239227410161,0.9721527094722083,3461.9089028089797,0,-1
c,active_stress,affine,4.5,100,2.0,8057470,774,0.999999,0.9999886638149366,3477.6549057313136,0,-1
c,active_stress,affine,4.5,100,2.0,8057470,775,0.999999,0.9903716950368421,3437.469142028871,0,-1
c,active_stress,affine,4.5,100,2.0,8057470,776,0.9099193903808095,0.999999,3483.4557534899277,0,-1
c,active_stress,affine,4.5,100,2.0,8057470,777,0.9999738654106669,0.9992595054151796,3454.73891195281,0,-1
c,active_stress,affine,4.5,100,2.0,8057470,778,0.9930685081098843,0.9999254129610189,3472.214563580768,0,-1
c,active_stress,affine,4.5,100,2.0,8057470,779,0.999999,0.999999,3446.2020357943125,0,-1
c,active_stress,affine,4.5,100,2.0,8057470,780,0.999999,0.9999083117173702,3449.7789011238847,0,-1
c,active_stress,affine,4.5,100,2.0,8057470,781,0.9979701111797038,0.999999,3470.943128304939,0,-1
c,active_stress,affine,4.5,100,2.0,8057470,782,0.999999,0.999999,3459.5194597058653,0,-1
c,active_stress,affine,4.5,100,2.0,8057470,783,0.999739889290929,0.999999,3469.975851539722,0,-1
c,active_stress,affine,4.5,100,2.0,8057470,784,0.6799189917034415,0.9961934997854147,3463.233293998183,0,-1
c,active_stress,affine,4.5,100,2.0,8057470,785,0.999999,0.999999,3444.8157044699974,0,-1
c,active_stress,affine,4.5,100,2.0,8057470,786,0.9763383822112868,0.999999,3481.374158143608,0,-1
c,active_stress,affine,4.5,100,2.0,8057470,787,0.9999915148358469,0.9720395130297838,3460.3472038743666,0,-1
c,active_stress,affine,4.5,100,2.0,8057470,788,0.999999,0.999999,3479.616949353407,0,-1
c,active_stress,affine,4.5,100,2.0,8057470,789,0.999999,0.999999,3465.6662718660077,0,-1
c,active_stress,affine,4.5,100,2.0,8057470,790,0.999999,0.9999188410834803,3460.293251124896,0,-1
c,active_stress,affine,4.5,100,2.0,8057470,791,0.999999,0.9982449495725682,3463.95342452833,0,-1
c,active_stress,affine,4.5,100,2.0,8057470,792,0.9997861086302066,0.999966399326893,3444.2595367839285,0,-1
c,active_stress,affine,4.5,100,2.0,8057470,793,0.9999449780083225,0.7813735299507476,3451.4415835045456,0,-1
c,active_stress,affine,4.5,100,2.0,8057470,794,0.9755890548680535,0.999999,3474.4617783985454,0,-1
c,active_stress,affine,4.5,100,2.0,8057470,795,0.9999257253485995,0.999999,3468.076021658388,0,-1
c,active_stress,affine,4.5,100,2.0,8057470,796,0.9956097790609988,0.9944597715256989,3478.1020742569394,0,-1
c,active_stress,affine,4.5,100,2.0,8057470,797,0.9959813675172632,0.999999,3481.3004167734794,0,-1
c,active_stress,affine,4.5,100,2.0,8057470,798,0.999999,0.9998170028946404,3466.6703502457162,0,-1
c,active_stress,affine,4.5,100,2.0,8057470,799,0.972881135447453,0.9999052905471633,3471.557631701402,0,-1
c,active_stress,affine,4.5,100,2.0,8057470,800,0.8413875642006019,0.8591326533006719,3450.7846664549,0,-1
c,active_stress,affine,4.5,100,2.0,8057470,801,0.999999,0.999999,3477.0081598118586,0,-1
c,active_stress,affine,4.5,100,2.0,8057470,802,0.999999,0.9996540399483215,3465.4566994642114,0,-1
c,active_stress,affine,4.5,100,2.0,8057470,803,0.9960306331049662,0.9910570893028771,3442.1059685923415,0,-1
c,active_stress,affine,4.5,100,2.0,8057470,804,0.9999857349210016,0.9999337495621456,3476.211878410238,0,-1
c,active_stress,affine,4.5,100,2.0,8057470,805,0.999999,0.9967302368938398,3463.8554741961466,0,-1
c,active_stress,affine,4.5,100,2.0,8057470,806,0.999999,0.998475326313714,3406.122929917477,0,-1
c,active_stress,affine,4.5,100,2.0,8057470,807,0.999999,0.999999,3459.486725344375,0,-1
c,active_stress,affine,4.5,100,2.0,8057470,808,0.9999252889717876,0.999999,3478.404709878282,0,-1
c,active_stress,affine,4.5,100,2.0,8057470,809,0.999999,0.999999,3441.920236948374,0,-1
c,active_stress,affine,4.5,100,2.0,8057470,810,0.9996341063274623,0.9999240357273793,3430.703233966809,0,-1
c,active_stress,affine,4.5,100,2.0,8057470,811,0.999999,0.999999,3464.5395742949468,0,-1
c,active_stress,affine,4.5,100,2.0,8057470,812,0.7556198109145971,0.999999,3448.528098140296,0,-1
c,active_stress,affine,4.5,100,2.0,8057470,813,0.8892613672410179,0.9904278383046617,3436.9207071926385,0,-1
c,active_stress,affine,4.5,100,2.0,8057470,814,0.999999,0.999999,3477.0916638942467,0,-1
c,active_stress,affine,4.5,100,2.0,8057470,815,0.999999,0.999999,3447.379120530613,0,-1
c,active_stress,affine,4.5,100,2.0,8057470,816,0.9999349942345006,0.9952567598108178,3454.2106302666716,0,-1
c,active_stress,affine,4.5,100,2.0,8057470,817,0.9871016725607243,0.9878345787364156,3468.3430533326095,0,-1
c,active_stress,affine,4.5,100,2.0,8057470,818,0.999999,0.9226846551026431,3452.1130210722717,0,-1
c,active_stress,affine,4.5,100,2.0,8057470,819,0.9802831576933242,0.999857385143135,3457.405789864467,0,-1
c,active_stress,affine,4.5,100,2.0,8057470,820,0.9997291398956845,0.999999,3473.180343012766,0,-1
c,active_stress,affine,4.5,100,2.0,8057470,821,0.999999,0.999999,3469.637746366156,0,-1
c,active_stress,affine,4.5,100,2.0,8057470,822,0.9999150983994034,0.9910084002345658,3427.2428107016644,0,-1
c,active_stress,affine,4.5,100,2.0,8057470,823,0.9970754607933657,0.9991484083277886,3431.003383719828,0,-1
c,active_stress,affine,4.5,100,2.0,8057470,824,0.9037691853267236,0.9998792499002188,3458.3951577449725,0,-1
c,active_stress,affine,4.5,100,2.0,8057470,825,0.9959574435117221,0.9999889594592997,3471.167149572453,0,-1
c,active_stress,affine,4.5,100,2.0,8057470,826,0.9818036998257449,0.999999,3456.165236661677,0,-1
c,active_stress,affine,4.5,100,2.0,8057470,827,0.9959358873103898,0.9999246682673552,3468.6127228264863,0,-1
c,active_stress,affine,4.5,100,2.0,8057470,828,0.999999,0.9692211244573242,3451.072193673132,0,-1
c,active_stress,affine,4.5,100,2.0,8057470,829,0.999999,0.9999716732707655,3478.945905395931,0,-1
c,active_stress,affine,4.5,100,2.0,8057470,830,0.9999977356617481,0.999999,3456.7883206195506,0,-1
c,active_stress,affine,4.5,100,2.0,8057470,831,0.999999,0.999999,3456.930879817441,0,-1
c,active_stress,affine,4.5,100,2.0,8057470,832,0.9392010374817001,0.9538204322062547,3452.8221475895753,0,-1
c,active_stress,affine,4.5,100,2.0,8057470,833,0.999999,0.977837981994188,3484.0105192209485,0,-1
c,active_stress,affine,4.5,100,2.0,8057470,834,0.999999,0.9982219697387378,3433.8992141925537,0,-1
c,active_stress,affine,4.5,100,2.0,8057470,835,0.999999,0.999999,3432.6696787509577,0,-1
c,active_stress,affine,4.5,100,2.0,8057470,836,0.999999,0.9990280355171554,3469.3363805203403,0,-1
c,active_stress,affine,4.5,100,2.0,8057470,837,0.999999,0.7488849287549915,3465.6377934841694,0,-1
c,active_stress,affine,4.5,100,2.0,8057470,838,0.9999478846440946,0.999999,3462.7429930410995,0,-1
c,active_stress,affine,4.5,100,2.0,8057470,839,0.9992267431062676,0.9990404764832744,3430.677806376509,0,-1
c,active_stress,affine,4.5,100,2.0,8057470,840,0.999999,0.9724242169072546,3454.731150227497,0,-1
c,active_stress,affine,4.5,100,2.0,8057470,841,0.9999751686052276,0.9852595502262405,3439.1508025997828,0,-1
c,active_stress,affine,4.5,100,2.0,8057470,842,0.9998997846433412,0.9869059696746361,3434.481509196305,0,-1
c,active_stress,affine,4.5,100,2.0,8057470,843,0.990614764883488,0.999999,3469.92538356908,0,-1
c,active_stress,affine,4.5,100,2.0,8057470,844,0.999999,0.9999183361974465,3465.0022564408764,0,-1
c,active_stress,affine,4.5,100,2.0,8057470,845,0.999999,0.999999,3453.048910668435,0,-1
c,active_stress,affine,4.5,100,2.0,8057470,846,0.9997044484105774,0.999999,3444.7563788043894,0,-1
c,active_stress,affine,4.5,100,2.0,8057470,847,0.999999,0.9905738753439022,3465.3449697072892,0,-1
c,active_stress,affine,4.5,100,2.0,8057470,848,0.9999226508252579,0.9999181688466829,3482.839761453363,0,-1
c,active_stress,affine,4.5,100,2.0,8057470,849,0.999999,0.9999488507453274,3462.4341424167314,0,-1
c,active_stress,affine,4.5,100,2.0,8057470,850,0.999999,0.9960367778481494,3474.2067549566077,0,-1
c,active_stress,affine,4.5,100,2.0,8057470,851,0.9988969403218345,0.9996969646971535,3476.6588349469303,0,-1
c,active_stress,affine,4.5,100,2.0,8057470,852,0.999977377639536,0.999999,3476.0628169732504,0,-1
c,active_stress,affine,4.5,100,2.0,8057470,853,0.9960346570125248,0.9998431222168895,3474.6778072966035,0,-1
c,active_stress,affine,4.5,100,2.0,8057470,854,0.9998151550944023,0.9579375247257305,3470.6549063892057,0,-1
c,active_stress,affine,4.5,100,2.0,8057470,855,0.999999,0.9999324158691085,3476.0696013722722,0,-1
c,active_stress,affine,4.5,100,2.0,8057470,856,0.999999,0.999999,3425.2785338343647,0,-1
c,active_stress,affine,4.5,100,2.0,8057470,857,0.9979449706252511,0.999999,3475.770247504786,0,-1
c,active_stress,affine,4.5,100,2.0,8057470,858,0.999999,0.9998116315046428,3443.922221645306,0,-1
c,active_stress,affine,4.5,100,2.0,8057470,859,0.999999,0.999999,3459.038982744305,0,-1
c,active_stress,affine,4.5,100,2.0,8057470,860,0.999999,0.9998510282441507,3480.041072044954,0,-1
c,active_stress,affine,4.5,100,2.0,8057470,861,0.999999,0.9998480055475021,3471.9367679698757,0,-1
c,active_stress,affine,4.5,100,2.0,8057470,862,0.9999709387374427,0.9997098217536581,3405.9573864067293,0,-1
c,active_stress,affine,4.5,100,2.0,8057470,863,0.999999,0.999999,3450.4026513129793,0,-1
c,active_stress,affine,4.5,100,2.0,8057470,864,0.9995620261774023,0.999940507924607,3476.382511733212,0,-1
c,active_stress,affine,4.5,100,2.0,8057470,865,0.9999534123895011,0.9995069808479171,3441.9243701715336,0,-1
c,active_stress,affine,4.5,100,2.0,8057470,866,0.999999,0.999999,3479.6188955224234,0,-1
c,active_stress,affine,4.5,100,2.0,8057470,867,0.9952757946436208,0.999999,3485.201163942511,0,-1
c,active_stress,affine,4.5,100,2.0,8057470,868,0.9966490055084405,0.999999,3458.3435343709552,0,-1
c,active_stress,affine,4.5,100,2.0,8057470,869,0.999999,0.999999,3464.5733785431894,0,-1
c,active_stress,affine,4.5,100,2.0,8057470,870,0.999999,0.9686596330113518,3472.8970539947372,0,-1
c,active_stress,affine,4.5,100,2.0,8057470,871,0.999999,0.999999,3451.5181094469363,0,-1
c,active_stress,affine,4.5,100,2.0,8057470,872,0.999999,0.9543837372626964,3454.13812109311,0,-1
c,active_stress,affine,4.5,100,2.0,8057470,873,0.999999,0.9117906296120885,3390.6825298085055,0,-1
c,active_stress,affine,4.5,100,2.0,8057470,874,0.9999823874982534,0.9999042215522931,3482.765572944054,0,-1
c,active_stress,affine,4.5,100,2.0,8057470,875,0.9999771613320801,0.999999,3475.415559855778,0,-1
c,active_stress,affine,4.5,100,2.0,8057470,876,0.999999,0.9998494076152342,3461.0385679812844,0,-1
c,active_stress,affine,4.5,100,2.0,8057470,877,0.999999,0.9979598215399641,3463.819702701276,0,-1
c,active_stress,affine,4.5,100,2.0,8057470,878,0.925701156926745,0.9997090020816071,3480.542886107309,0,-1
c,active_stress,affine,4.5,100,2.0,8057470,879,0.999999,0.999697339286602,3446.8417455287395,0,-1
c,active_stress,affine,4.5,100,2.0,8057470,880,0.9999058717359204,0.9996463775765283,3460.434138276299,0,-1
c,active_stress,affine,4.5,100,2.0,8057470,881,0.9678340892826837,0.9997815904409693,3479.9985718146545,0,-1
c,active_stress,affine,4.5,100,2.0,8057470,882,0.9978927709827566,0.999999,3454.6414948021347,0,-1
c,active_stress,affine,4.5,100,2.0,8057470,883,0.999999,0.999999,3464.8060823580245,0,-1
c,active_stress,affine,4.5,100,2.0,8057470,884,0.999999,0.9356655664368039,3456.582808783653,0,-1
c,active_stress,affine,4.5,100,2.0,8057470,885,0.9996579470312285,0.9999522796699822,3471.715519149278,0,-1
c,active_stress,affine,4.5,100,2.0,8057470,886,0.9999211012619114,0.999999,3461.5018750005065,0,-1
c,active_stress,affine,4.5,100,2.0,8057470,887,0.9999944983709831,0.9947206397764016,3472.711871957074,0,-1
c,active_stress,affine,4.5,100,2.0,8057470,888,0.999999,0.9999891340726575,3490.563260426258,0,-1
c,active_stress,affine,4.5,100,2.0,8057470,889,0.9975399842620492,0.999999,3478.7589160279776,0,-1
c,active_stress,affine,4.5,100,2.0,8057470,890,0.9999487903571884,0.8705618149612835,3475.2586187153693,0,-1
c,active_stress,affine,4.5,100,2.0,8057470,891,0.984817419476262,0.9028169217352751,3467.806877656082,0,-1
c,active_stress,affine,4.5,100,2.0,8057470,892,0.999999,0.9996822066880163,3461.476990491624,0,-1
c,active_stress,affine,4.5,100,2.0,8057470,893,0.9981417764092496,0.999999,3440.661225833393,0,-1
c,active_stress,affine,4.5,100,2.0,8057470,894,0.9997532181832578,0.9976823759769612,3457.151685333088,0,-1
c,active_stress,affine,4.5,100,2.0,8057470,895,0.9832950191839462,0.9990567723926828,3480.218291064926,0,-1
c,active_stress,affine,4.5,100,2.0,8057470,896,0.999999,0.9996160302325499,3458.4114679067793,0,-1
c,active_stress,affine,4.5,100,2.0,8057470,897,0.999999,0.999999,3454.7138902062816,0,-1
c,active_stress,affine,4.5,100,2.0,8057470,898,0.9690823894841614,0.9998931560596029,3473.304767338549,0,-1
c,active_stress,affine,4.5,100,2.0,8057470,899,0.9986750463098643,0.999883411060092,3437.530850137882,0,-1
c,active_stress,affine,4.5,100,2.0,8057470,900,0.999999,0.999999,3418.0659823896813,0,-1
c,active_stress,affine,4.5,100,2.0,8057470,901,0.999999,0.9999437243453627,3477.274924254391,0,-1
c,active_stress,affine,4.5,100,2.0,8057470,902,0.9350314305024924,0.9962672211444424,3435.7696335738256,0,-1
c,active_stress,affine,4.5,100,2.0,8057470,903,0.9982168560253915,0.9998841767627242,3457.774713784839,0,-1
c,active_stress,affine,4.5,100,2.0,8057470,904,0.9777963126635474,0.999999,3471.0149121858262,0,-1
c,active_stress,affine,4.5,100,2.0,8057470,905,0.999999,0.9626892760278037,3477.3830674315873,0,-1
c,active_stress,affine,4.5,100,2.0,8057470,906,0.9398043032394838,0.9965646950485316,3434.9918264121384,0,-1
c,active_stress,affine,4.5,100,2.0,8057470,907,0.999999,0.9997708140216222,3467.6430409472187,0,-1
c,active_stress,affine,4.5,100,2.0,8057470,908,0.9505649469074261,0.9965867835083443,3464.218816407851,0,-1
c,active_stress,affine,4.5,100,2.0,8057470,909,0.999999,0.9755698890245081,3442.8532640810463,0,-1
c,active_stress,affine,4.5,100,2.0,8057470,910,0.999786033897448,0.9998256190896293,3475.9347867099627,0,-1
c,active_stress,affine,4.5,100,2.0,8057470,911,0.9974563598406349,0.9940302472153314,3477.3243954880736,0,-1
c,active_stress,affine,4.5,100,2.0,8057470,912,0.999699147044449,0.999999,3471.912618126475,0,-1
c,active_stress,affine,4.5,100,2.0,8057470,913,0.9956954978269711,0.999121050424612,3447.386636514425,0,-1
c,active_stress,affine,4.5,100,2.0,8057470,914,0.9998947789798315,0.9998256699832009,3429.022716257367,0,-1
c,active_stress,affine,4.5,100,2.0,8057470,915,0.9983709668370537,0.9985382700612109,3439.409933913747,0,-1
c,active_stress,affine,4.5,100,2.0,8057470,916,0.999999,0.9812071892804448,3478.3521621649575,0,-1
c,active_stress,affine,4.5,100,2.0,8057470,917,0.999999,0.9998141532779071,3478.3279330044224,0,-1
c,active_stress,affine,4.5,100,2.0,8057470,918,0.999999,0.999999,3437.4730009565997,0,-1
c,active_stress,affine,4.5,100,2.0,8057470,919,0.9962943290376223,0.999894507294826,3427.164755175269,0,-1
c,active_stress,affine,4.5,100,2.0,8057470,920,0.999999,0.9956735443746534,3464.3365640159786,0,-1
c,active_stress,affine,4.5,100,2.0,8057470,921,0.9998853688000864,0.999999,3455.804226715568,0,-1
c,active_stress,affine,4.5,100,2.0,8057470,922,0.999999,0.9972654411402329,3484.7293633917025,0,-1
c,active_stress,affine,4.5,100,2.0,8057470,923,0.9967617684500053,0.9936798179700049,3446.5165839986894,0,-1
c,active_stress,affine,4.5,100,2.0,8057470,924,0.9997325006144555,0.999999,3434.6949147026926,0,-1
c,active_stress,affine,4.5,100,2.0,8057470,925,0.999999,0.9374619116398609,3450.237621283511,0,-1
c,active_stress,affine,4.5,100,2.0,8057470,926,0.999999,0.999999,3475.7758887816262,0,-1
c,active_stress,affine,4.5,100,2.0,8057470,927,0.9963648693721839,0.999999,3418.393234165749,0,-1
c,active_stress,affine,4.5,100,2.0,8057470,928,0.999999,0.999999,3476.073931112929,0,-1
c,active_stress,affine,4.5,100,2.0,8057470,929,0.9025508399700415,0.8730473742780485,3473.468346068867,0,-1
c,active_stress,affine,4.5,100,2.0,8057470,930,0.9998984307126867,0.9994092324738413,3434.699845677774,0,-1
c,active_stress,affine,4.5,100,2.0,8057470,931,0.9978221628116261,0.987014844774895,3451.7211271096894,0,-1
c,active_stress,affine,4.5,100,2.0,8057470,932,0.9997215019508487,0.999999,3473.8965443825846,0,-1
c,active_stress,affine,4.5,100,2.0,8057470,933,0.999999,0.9999858431013801,3479.071502796637,0,-1
c,active_stress,affine,4.5,100,2.0,8057470,934,0.994794902951914,0.9938228753067021,3449.806342876699,0,-1
c,active_stress,affine,4.5,100,2.0,8057470,935,0.9993136051032908,0.8210520918367218,3471.285032552215,0,-1
c,active_stress,affine,4.5,100,2.0,8057470,936,0.999999,0.9831956956800287,3431.1338873052764,0,-1
c,active_stress,affine,4.5,100,2.0,8057470,937,0.9895230252517325,0.999999,3426.7468449520284,0,-1
c,active_stress,affine,4.5,100,2.0,8057470,938,0.999999,0.9997025467657951,3483.2091148044046,0,-1
c,active_stress,affine,4.5,100,2.0,8057470,939,0.9120483966135909,0.9971775664568643,3476.92058254995,0,-1
c,active_stress,affine,4.5,100,2.0,8057470,940,0.9818903080490986,0.9999752059683255,3472.2852516673606,0,-1
c,active_stress,affine,4.5,100,2.0,8057470,941,0.999999,0.999999,3484.65798799271,0,-1
c,active_stress,affine,4.5,100,2.0,8057470,942,0.999999,0.9998817139463426,3458.892491575239,0,-1
c,active_stress,affine,4.5,100,2.0,8057470,943,0.999999,0.9857949004854476,3466.534728076287,0,-1
c,active_stress,affine,4.5,100,2.0,8057470,944,0.999999,0.9358996761316056,3317.368844559792,0,-1
c,active_stress,affine,4.5,100,2.0,8057470,945,0.999999,0.9918346319143537,3469.802262929009,0,-1
c,active_stress,affine,4.5,100,2.0,8057470,946,0.9996298266805882,0.9830013574011737,3476.286840351408,0,-1
c,active_stress,affine,4.5,100,2.0,8057470,947,0.9998802648448153,0.9997063473929733,3449.416046518147,0,-1
c,active_stress,affine,4.5,100,2.0,8057470,948,0.999999,0.999999,3393.043805153389,0,-1
c,active_stress,affine,4.5,100,2.0,8057470,949,0.9999934879899791,0.9884447991079198,3482.98896097007,0,-1
c,active_stress,affine,4.5,100,2.0,8057470,950,0.999999,0.9972813172610613,3475.3951484239483,0,-1
c,active_stress,affine,4.5,100,2.0,8057470,951,0.9990667593601996,0.999999,3479.064539884372,0,-1
c,active_stress,affine,4.5,100,2.0,8057470,952,0.9027451988318549,0.9638943215854756,3465.5548935942043,0,-1
c,active_stress,affine,4.5,100,2.0,8057470,953,0.9986463103559774,0.9981534248893884,3485.0973716449976,0,-1
c,active_stress,affine,4.5,100,2.0,8057470,954,0.9997319299419414,0.9992024275117704,3468.5294091237547,0,-1
c,active_stress,affine,4.5,100,2.0,8057470,955,0.8322864873874369,0.9493737133997087,3473.644807198036,0,-1
c,active_stress,affine,4.5,100,2.0,8057470,956,0.9974881883337178,0.924550018275354,3469.0814752917267,0,-1
c,active_stress,affine,4.5,100,2.0,8057470,957,0.999999,0.9809176274913269,3474.358646154766,0,-1
c,active_stress,affine,4.5,100,2.0,8057470,958,0.9999398840625564,0.9995401817653483,3470.4165493831647,0,-1
c,active_stress,affine,4.5,100,2.0,8057470,959,0.04167082163693145,0.9997518113205544,3481.0125243021603,0,-1
c,active_stress,affine,4.5,100,2.0,8057470,960,0.999999,0.999999,3481.068472381111,0,-1
c,active_stress,affine,4.5,100,2.0,8057470,961,0.994468343719362,0.9798646452485386,3458.172399346409,0,-1
c,active_stress,affine,4.5,100,2.0,8057470,962,0.999999,0.9959860737935409,3449.0958592071424,0,-1
c,active_stress,affine,4.5,100,2.0,8057470,963,0.9712220578281019,0.999999,3417.5651879032957,0,-1
c,active_stress,affine,4.5,100,2.0,8057470,964,0.9999966458136382,0.971203694541025,3443.124144649653,0,-1
c,active_stress,affine,4.5,100,2.0,8057470,965,0.9999316245377987,0.999999,3468.3865373420363,0,-1
c,active_stress,affine,4.5,100,2.0,8057470,966,0.9975880835371911,0.9266454051740776,3474.7043380786545,0,-1
c,active_stress,affine,4.5,100,2.0,8057470,967,0.9924471044758507,0.9968349588256347,3467.840420703679,0,-1
c,active_stress,affine,4.5,100,2.0,8057470,968,0.9996537638160372,0.9999442266598446,3435.5090465217854,0,-1
c,active_stress,affine,4.5,100,2.0,8057470,969,0.9940821380025404,0.999999,3448.8226090015637,0,-1
c,active_stress,affine,4.5,100,2.0,8057470,970,0.9968323304679073,0.9973844183336334,3475.087648574426,0,-1
c,active_stress,affine,4.5,100,2.0,8057470,971,0.9998083094738893,0.999999,3439.84753507774,0,-1
c,active_stress,affine,4.5,100,2.0,8057470,972,0.9999801424007002,0.9987659393164433,3461.760759097048,0,-1
c,active_stress,affine,4.5,100,2.0,8057470,973,0.999999,0.999759461707753,3464.3515900012603,0,-1
c,active_stress,affine,4.5,100,2.0,8057470,974,0.9986682340243795,0.9963375153987315,3469.491269649539,0,-1
c,active_stress,affine,4.5,100,2.0,8057470,975,0.999999,0.999999,3476.8066571643653,0,-1
c,active_stress,affine,4.5,100,2.0,8057470,976,0.999999,0.9999084859934672,3458.0776342489326,0,-1
c,active_stress,affine,4.5,100,2.0,8057470,977,0.999999,0.999999,3445.373765612695,0,-1
c,active_stress,affine,4.5,100,2.0,8057470,978,0.999999,0.999999,3479.5220208326746,0,-1
c,active_stress,affine,4.5,100,2.0,8057470,979,0.999999,0.999999,3477.43240484751,0,-1
c,active_stress,affine,4.5,100,2.0,8057470,980,0.9990007386217334,0.9999517077132976,3474.0139547880035,0,-1
c,active_stress,affine,4.5,100,2.0,8057470,981,0.9990357699114628,0.999999,3475.4866375150673,0,-1
c,active_stress,affine,4.5,100,2.0,8057470,982,0.9999571695945039,0.836008894669127,3455.1138285807883,0,-1
c,active_stress,affine,4.5,100,2.0,8057470,983,0.999999,0.9999440480716931,3474.7464697095065,0,-1
c,active_stress,affine,4.5,100,2.0,8057470,984,0.9999283522874896,0.9998326336599374,3462.654658750127,0,-1
c,active_stress,affine,4.5,100,2.0,8057470,985,0.9998785573405022,0.999999,3473.965783641389,0,-1
c,active_stress,affine,4.5,100,2.0,8057470,986,0.9972349722159135,0.999999,3455.6828357710438,0,-1
c,active_stress,affine,4.5,100,2.0,8057470,987,0.9644551174831439,0.9999126416040356,3454.9401697923367,0,-1
c,active_stress,affine,4.5,100,2.0,8057470,988,0.999999,0.5902702977215076,3406.0518128340527,0,-1
c,active_stress,affine,4.5,100,2.0,8057470,989,0.9999437072620885,0.9994200965018706,3477.4426462000756,0,-1
c,active_stress,affine,4.5,100,2.0,8057470,990,0.9987994776983402,0.9990908593250339,3472.0023548024365,0,-1
c,active_stress,affine,4.5,100,2.0,8057470,991,0.999510335823487,0.9999206405366524,3445.7282287480202,0,-1
c,active_stress,affine,4.5,100,2.0,8057470,992,0.999999,0.999999,3468.0205120965993,0,-1
c,active_stress,affine,4.5,100,2.0,8057470,993,0.999999,0.9999683899623236,3474.1453969917447,0,-1
c,active_stress,affine,4.5,100,2.0,8057470,994,0.8587584682013212,0.9996140461052015,3452.0084982125422,0,-1
c,active_stress,affine,4.5,100,2.0,8057470,995,0.9998385771628204,0.9998178558316972,3462.9149946439197,0,-1
c,active_stress,affine,4.5,100,2.0,8057470,996,0.9999811928096322,0.998145430721227,3472.6387694015825,0,-1
c,active_stress,affine,4.5,100,2.0,8057470,997,0.9913003979874966,0.9939304197480539,3462.4544027311113,0,-1
c,active_stress,affine,4.5,100,2.0,8057470,998,0.8684124637688381,0.9998679744456909,3442.5651714031546,0,-1
c,active_stress,affine,4.5,100,2.0,8057470,999,0.999999,0.999999,3469.583020900621,0,-1
c,active_stress,affine,5.0,100,2.0,9057473,0,0.999999,0.9998697158337886,3486.933435760793,0,-1
c,active_stress,affine,5.0,100,2.0,9057473,1,0.9852267045641129,0.999999,3470.779809721825,0,-1
c,active_stress,affine,5.0,100,2.0,9057473,2,0.999999,0.999999,3461.771357041035,0,-1
c,active_stress,affine,5.0,100,2.0,9057473,3,0.6224003330523692,0.999999,3465.9798536754065,0,-1
c,active_stress,affine,5.0,100,2.0,9057473,4,0.9999917923880131,0.9958930784420014,3412.3757081747126,0,-1
c,active_stress,affine,5.0,100,2.0,9057473,5,0.9999681634813482,0.999999,3477.292084542966,0,-1
c,active_stress,affine,5.0,100,2.0,9057473,6,0.999999,0.999999,3470.8098224379955,0,-1
c,active_stress,affine,5.0,100,2.0,9057473,7,0.9996858170261794,0.9976409802189393,3459.7291526821227,0,-1
c,active_stress,affine,5.0,100,2.0,9057473,8,0.9999888192807652,0.938459855967023,3464.213841767282,0,-1
c,active_stress,affine,5.0,100,2.0,9057473,9,0.9999920282696222,0.999999,3465.0306692553336,0,-1
c,active_stress,affine,5.0,100,2.0,9057473,10,0.999999,0.999999,3452.2173181723497,0,-1
c,active_stress,affine,5.0,100,2.0,9057473,11,0.999999,0.9999201273440809,3474.1430631070507,0,-1
c,active_stress,affine,5.0,100,2.0,9057473,12,0.9623790239588456,0.9852159147661986,3475.8923271375174,0,-1
c,active_stress,affine,5.0,100,2.0,9057473,13,0.9988437956437086,0.999999,3473.76460800738,0,-1
c,active_stress,affine,5.0,100,2.0,9057473,14,0.9285898970914663,0.996702986398003,3462.232435042593,0,-1
c,active_stress,affine,5.0,100,2.0,9057473,15,0.999999,0.999999,3481.3752591054954,0,-1
c,active_stress,affine,5.0,100,2.0,9057473,16,0.9999411535650774,0.999999,3462.710412462449,0,-1
c,active_stress,affine,5.0,100,2.0,9057473,17,0.999999,0.98540021730982,3472.5657063302506,0,-1
c,active_stress,affine,5.0,100,2.0,9057473,18,0.999999,0.9998994579141985,3466.8401157051744,0,-1
c,active_stress,affine,5.0,100,2.0,9057473,19,0.9641858742974118,0.9893637744171003,3458.6053871949757,0,-1
c,active_stress,affine,5.0,100,2.0,9057473,20,0.999999,0.999999,3464.3470063253435,0,-1
c,active_stress,affine,5.0,100,2.0,9057473,21,0.9996523187666431,0.999999,3484.0356348818377,0,-1
c,active_stress,affine,5.0,100,2.0,9057473,22,0.999999,0.9608976436356065,3473.270033175542,0,-1
c,active_stress,affine,5.0,100,2.0,9057473,23,0.999999,0.9998860915023352,3464.339131657103,0,-1
c,active_stress,affine,5.0,100,2.0,9057473,24,0.999999,0.9998828154212204,3479.4094946455252,0,-1
c,active_stress,affine,5.0,100,2.0,9057473,25,0.999999,0.999999,3456.817456747181,0,-1
c,active_stress,affine,5.0,100,2.0,9057473,26,0.999999,0.999999,3468.330234226436,0,-1
c,active_stress,affine,5.0,100,2.0,9057473,27,0.6906886649663591,0.9998887613194231,3469.9279328346042,0,-1
c,active_stress,affine,5.0,100,2.0,9057473,28,0.9951326707613907,0.999999,3466.3309683648745,0,-1
c,active_stress,affine,5.0,100,2.0,9057473,29,0.9999616142352838,0.999999,3469.539542207652,0,-1
c,active_stress,affine,5.0,100,2.0,9057473,30,0.5252210627691627,0.999999,3478.966768667199,0,-1
c,active_stress,affine,5.0,100,2.0,9057473,31,0.999999,0.999160855854559,3469.925178273139,0,-1
c,active_stress,affine,5.0,100,2.0,9057473,32,0.9997376682008735,0.8946437823092872,3443.7168017065287,0,-1
c,active_stress,affine,5.0,100,2.0,9057473,33,0.9998672632953265,0.999999,3432.1958145496164,0,-1
c,active_stress,affine,5.0,100,2.0,9057473,34,0.9992841152188333,0.999999,3472.5860629866656,0,-1
c,active_stress,affine,5.0,100,2.0,9057473,35,0.999999,0.9992227564678767,3471.1054920086704,0,-1
c,active_stress,affine,5.0,100,2.0,9057473,36,0.9999833323562605,0.999999,3483.645481528339,0,-1
c,active_stress,affine,5.0,100,2.0,9057473,37,0.999999,0.999999,3434.03545907297,0,-1
c,active_stress,affine,5.0,100,2.0,9057473,38,0.999999,0.999999,3445.528068985546,0,-1
c,active_stress,affine,5.0,100,2.0,9057473,39,0.8347075622775582,0.999999,3449.9124462279246,0,-1
c,active_stress,affine,5.0,100,2.0,9057473,40,0.999999,0.9998523145342577,3458.6076611342023,0,-1
c,active_stress,affine,5.0,100,2.0,9057473,41,0.999999,0.8801985923876811,3470.660727674355,0,-1
c,active_stress,affine,5.0,100,2.0,9057473,42,0.9999726301989332,0.9967076906871177,3451.8581910391495,0,-1
c,active_stress,affine,5.0,100,2.0,9057473,43,0.999999,0.999999,3457.2683312808313,0,-1
c,active_stress,affine,5.0,100,2.0,9057473,44,0.9972747501259941,0.9999162888062646,3474.2203494805235,0,-1
c,active_stress,affine,5.0,100,2.0,9057473,45,0.9998605150695592,0.9913269342404551,3453.6199214377775,0,-1
c,active_stress,affine,5.0,100,2.0,9057473,46,0.8977044467845308,0.7328793751169941,3449.0520649043447,0,-1
c,active_stress,affine,5.0,100,2.0,9057473,47,0.8661401326951133,0.999999,3461.818189840804,0,-1
c,active_stress,affine,5.0,100,2.0,9057473,48,0.9750827377165886,0.999999,3470.2373370105797,0,-1
c,active_stress,affine,5.0,100,2.0,9057473,49,0.999999,0.9992637463847343,3470.278035133058,0,-1
c,active_stress,affine,5.0,100,2.0,9057473,50,0.9982718663736041,0.9997227909501645,3481.6892459682367,0,-1
c,active_stress,affine,5.0,100,2.0,9057473,51,0.999999,0.9885409900876452,3474.7185334610435,0,-1
c,active_stress,affine,5.0,100,2.0,9057473,52,0.9996171812761618,0.999999,3470.3439050312772,0,-1
c,active_stress,affine,5.0,100,2.0,9057473,53,0.999999,0.9997589346721357,3446.142659338175,0,-1
c,active_stress,affine,5.0,100,2.0,9057473,54,0.9999976813901738,0.999999,3395.0670973399297,0,-1
c,active_stress,affine,5.0,100,2.0,9057473,55,0.999999,0.999999,3465.912885628576,0,-1
c,active_stress,affine,5.0,100,2.0,9057473,56,0.999999,0.999999,3472.5886789065407,0,-1
c,active_stress,affine,5.0,100,2.0,9057473,57,0.9990405022111325,0.999999,3459.8108254854747,0,-1
c,active_stress,affine,5.0,100,2.0,9057473,58,0.9895530765611442,0.9992068949484595,3464.7619996109347,0,-1
c,active_stress,affine,5.0,100,2.0,9057473,59,0.9914416510073947,0.9996448539380068,3477.0051471410757,0,-1
c,active_stress,affine,5.0,100,2.0,9057473,60,0.9999897684878484,0.9695217964823988,3450.8379198768907,0,-1
c,active_stress,affine,5.0,100,2.0,9057473,61,0.9992110626118007,0.999999,3454.253964043713,0,-1
c,active_stress,affine,5.0,100,2.0,9057473,62,0.9998194999862937,0.999999,3476.5542768368173,0,-1
c,active_stress,affine,5.0,100,2.0,9057473,63,0.9998520203363265,0.999999,3471.1270899448486,0,-1
c,active_stress,affine,5.0,100,2.0,9057473,64,0.999999,0.9985332307752518,3471.8999628685283,0,-1
c,active_stress,affine,5.0,100,2.0,9057473,65,0.8673161972545915,0.9986860315827337,3438.206129534831,0,-1
c,active_stress,affine,5.0,100,2.0,9057473,66,0.999999,0.9999733870623053,3464.172577549225,0,-1
c,active_stress,affine,5.0,100,2.0,9057473,67,0.9886285800318532,0.9983568739202752,3466.7427469552117,0,-1
c,active_stress,affine,5.0,100,2.0,9057473,68,0.9976049018344194,0.9964362702815471,3482.7477769069333,0,-1
c,active_stress,affine,5.0,100,2.0,9057473,69,0.999999,0.999999,3482.0730731241356,0,-1
c,active_stress,affine,5.0,100,2.0,9057473,70,0.9956582497627211,0.8082158514642631,3418.0829077240865,0,-1
c,active_stress,affine,5.0,100,2.0,9057473,71,0.999999,0.9999342786026244,3463.8124853233694,0,-1
c,active_stress,affine,5.0,100,2.0,9057473,72,0.8636557471147611,0.9836918149219415,3475.561718420795,0,-1
c,active_stress,affine,5.0,100,2.0,9057473,73,0.999999,0.999999,3440.517066375215,0,-1
c,active_stress,affine,5.0,100,2.0,9057473,74,0.9861535776958382,0.9620716963773727,3453.7296318625727,0,-1
c,active_stress,affine,5.0,100,2.0,9057473,75,0.999999,0.9993739544121069,3446.6225402208,0,-1
c,active_stress,affine,5.0,100,2.0,9057473,76,0.95551474633749,0.999999,3425.6859701538547,0,-1
c,active_stress,affine,5.0,100,2.0,9057473,77,0.8121263977447696,0.9373087629588684,3474.618756103581,0,-1
c,active_stress,affine,5.0,100,2.0,9057473,78,0.9977421619924459,0.8307968377131596,3467.502988020513,0,-1
c,active_stress,affine,5.0,100,2.0,9057473,79,0.9997735126727778,0.999999,3446.9068971586507,0,-1
c,active_stress,affine,5.0,100,2.0,9057473,80,0.999999,0.9993294082772675,3353.2747707883254,0,-1
c,active_stress,affine,5.0,100,2.0,9057473,81,0.999999,0.9999622933856186,3461.757392182622,0,-1
c,active_stress,affine,5.0,100,2.0,9057473,82,0.999999,0.9940724355083359,3480.5248013478235,0,-1
c,active_stress,affine,5.0,100,2.0,9057473,83,0.999999,0.999999,3457.539790957599,0,-1
c,active_stress,affine,5.0,100,2.0,9057473,84,0.999999,0.9998693537148686,3461.105980284028,0,-1
c,active_stress,affine,5.0,100,2.0,9057473,85,0.9997960190592847,0.9998807957063773,3454.796662709376,0,-1
c,active_stress,affine,5.0,100,2.0,9057473,86,0.9998590149250715,0.9996956852579789,3423.202060894377,0,-1
c,active_stress,affine,5.0,100,2.0,9057473,87,0.9997609186819566,0.9998962515513357,3480.2394775500693,0,-1
c,active_stress,affine,5.0,100,2.0,9057473,88,0.9999489076680136,0.9999552684492514,3475.1977948424415,0,-1
c,active_stress,affine,5.0,100,2.0,9057473,89,0.99997658063955,0.999999,3474.853263992125,0,-1
c,active_stress,affine,5.0,100,2.0,9057473,90,0.928455331468217,0.9986383964489366,3432.331052197468,0,-1
c,active_stress,affine,5.0,100,2.0,9057473,91,0.9902870273238241,0.9946078107498924,3447.572549495208,0,-1
c,active_stress,affine,5.0,100,2.0,9057473,92,0.999999,0.999809732522914,3468.247351841886,0,-1
c,active_stress,affine,5.0,100,2.0,9057473,93,0.9980933474141457,0.9997048665864325,3477.2969763407227,0,-1
c,active_stress,affine,5.0,100,2.0,9057473,94,0.999999,0.999999,3475.739995455243,0,-1
c,active_stress,affine,5.0,100,2.0,9057473,95,0.9892554915230003,0.9996702009893671,3471.2850028490716,0,-1
c,active_stress,affine,5.0,100,2.0,9057473,96,0.999999,0.999999,3471.243021605107,0,-1
c,active_stress,affine,5.0,100,2.0,9057473,97,0.9997826165443535,0.999999,3470.4915124463037,0,-1
c,active_stress,affine,5.0,100,2.0,9057473,98,0.9998024213024128,0.999999,3473.0586638126756,0,-1
c,active_stress,affine,5.0,100,2.0,9057473,99,0.9999517953611916,0.9936240856758307,3477.4304036759377,0,-1
c,active_stress,affine,5.0,100,2.0,9057473,100,0.9954390451410415,0.999999,3463.3264309032543,0,-1
c,active_stress,affine,5.0,100,2.0,9057473,101,0.9999569859412288,0.999999,3476.3771424663723,0,-1
c,active_stress,affine,5.0,100,2.0,9057473,102,0.9997949322321107,0.9999778153061989,3438.0731177594453,0,-1
c,active_stress,affine,5.0,100,2.0,9057473,103,0.9998818608811787,0.999999,3469.7566139954884,0,-1
c,active_stress,affine,5.0,100,2.0,9057473,104,0.6390016058150086,0.999999,3450.7164307025905,0,-1
c,active_stress,affine,5.0,100,2.0,9057473,105,0.9979307872945615,0.8646634407280602,3466.9737936158804,0,-1
c,active_stress,affine,5.0,100,2.0,9057473,106,0.9943855736675108,0.9997174002089069,3473.3945851477943,0,-1
c,active_stress,affine,5.0,100,2.0,9057473,107,0.999999,0.9998649718759629,3472.8361999295835,0,-1
c,active_stress,affine,5.0,100,2.0,9057473,108,0.9800923286413729,0.999999,3453.0853221669977,0,-1
c,active_stress,affine,5.0,100,2.0,9057473,109,0.9988128085653298,0.9995502190877853,3473.562679959458,0,-1
c,active_stress,affine,5.0,100,2.0,9057473,110,0.999999,0.999999,3440.8126840980667,0,-1
c,active_stress,affine,5.0,100,2.0,9057473,111,0.9999933818851778,0.999999,3480.13459837768,0,-1
c,active_stress,affine,5.0,100,2.0,9057473,112,0.9999490271451066,0.999992395058635,3465.552179592751,0,-1
c,active_stress,affine,5.0,100,2.0,9057473,113,0.999999,0.9997929140977374,3457.869375156351,0,-1
c,active_stress,affine,5.0,100,2.0,9057473,114,0.996413199708893,0.9998908606152399,3469.859929965189,0,-1
c,active_stress,affine,5.0,100,2.0,9057473,115,0.999999,0.9998340854090861,3469.757718553463,0,-1
c,active_stress,affine,5.0,100,2.0,9057473,116,0.9996519616785599,0.999999,3447.412978998311,0,-1
c,active_stress,affine,5.0,100,2.0,9057473,117,0.9819781227650904,0.9825659871269331,3479.2606779407974,0,-1
c,active_stress,affine,5.0,100,2.0,9057473,118,0.999999,0.9999978971943316,3482.345564762858,0,-1
c,active_stress,affine,5.0,100,2.0,9057473,119,0.999999,0.9999454993065557,3463.019749820246,0,-1
c,active_stress,affine,5.0,100,2.0,9057473,120,0.979658727454927,0.9889699447344742,3462.1050058236765,0,-1
c,active_stress,affine,5.0,100,2.0,9057473,121,0.9415964585085621,0.9758418518309613,3333.912340136993,0,-1
c,active_stress,affine,5.0,100,2.0,9057473,122,0.999666899191835,0.999999,3453.3491785817837,0,-1
c,active_stress,affine,5.0,100,2.0,9057473,123,0.999999,0.36090716351265884,3456.6249886700816,0,-1
c,active_stress,affine,5.0,100,2.0,9057473,124,0.9999793138684562,0.9986266970739726,3470.7788299577132,0,-1
c,active_stress,affine,5.0,100,2.0,9057473,125,0.999999,0.999999,3472.5953552932865,0,-1
c,active_stress,affine,5.0,100,2.0,9057473,126,0.999999,0.9957293012898839,3438.743241170906,0,-1
c,active_stress,affine,5.0,100,2.0,9057473,127,0.999999,0.999999,3479.631325184621,0,-1
c,active_stress,affine,5.0,100,2.0,9057473,128,0.8630021977343816,0.9760790575727554,3461.215743555935,0,-1
c,active_stress,affine,5.0,100,2.0,9057473,129,0.999999,0.9996916741523266,3453.0305387066255,0,-1
c,active_stress,affine,5.0,100,2.0,9057473,130,0.999999,0.9981428440421715,3476.8621018533545,0,-1
c,active_stress,affine,5.0,100,2.0,9057473,131,0.999999,0.9998280863862753,3474.2688482788676,0,-1
c,active_stress,affine,5.0,100,2.0,9057473,132,0.9892164682958542,0.9998685347825707,3462.548004654801,0,-1
c,active_stress,affine,5.0,100,2.0,9057473,133,0.9983802675139956,0.999999,3463.4322255304887,0,-1
c,active_stress,affine,5.0,100,2.0,9057473,134,0.999999,0.999999,3472.7663209042585,0,-1
c,active_stress,affine,5.0,100,2.0,9057473,135,0.999999,0.9259157146631405,3447.346752785312,0,-1
c,active_stress,affine,5.0,100,2.0,9057473,136,0.999999,0.9994579944673012,3470.6266234808754,0,-1
c,active_stress,affine,5.0,100,2.0,9057473,137,0.999999,0.999999,3343.8911808200405,0,-1
c,active_stress,affine,5.0,100,2.0,9057473,138,0.9955332738074829,0.9999008699633689,3439.524096298887,0,-1
c,active_stress,affine,5.0,100,2.0,9057473,139,0.999999,0.9890953026664081,3471.9994268893406,0,-1
c,active_stress,affine,5.0,100,2.0,9057473,140,0.999999,0.999999,3469.344314329745,0,-1
c,active_stress,affine,5.0,100,2.0,9057473,141,0.9998220846424651,0.999999,3454.0346871045754,0,-1
c,active_stress,affine,5.0,100,2.0,9057473,142,0.999999,0.9998770026713643,3473.200661645832,0,-1
c,active_stress,affine,5.0,100,2.0,9057473,143,0.9965777931896496,0.999999,3471.683516475883,0,-1
c,active_stress,affine,5.0,100,2.0,9057473,144,0.7776070077877146,0.9948752202170303,3470.426029381425,0,-1
c,active_stress,affine,5.0,100,2.0,9057473,145,0.999999,0.999999,3467.0564420631954,0,-1
c,active_stress,affine,5.0,100,2.0,9057473,146,0.999999,0.999999,3459.8083141794805,0,-1
c,active_stress,affine,5.0,100,2.0,9057473,147,0.9880541714302471,0.999999,3421.128852940424,0,-1
c,active_stress,affine,5.0,100,2.0,9057473,148,0.999999,0.999999,3431.1270761873525,0,-1
c,active_stress,affine,5.0,100,2.0,9057473,149,0.999999,0.8200093107321169,3423.4496218487784,0,-1
c,active_stress,affine,5.0,100,2.0,9057473,150,0.8384509712984275,0.9999529599654522,3406.7818361401014,0,-1
c,active_stress,affine,5.0,100,2.0,9057473,151,0.999999,0.8597594000428701,3389.941340880398,0,-1
c,active_stress,affine,5.0,100,2.0,9057473,152,0.999999,0.9999294625731041,3436.1221779484877,0,-1
c,active_stress,affine,5.0,100,2.0,9057473,153,0.9986283483870285,0.999999,3465.504440431698,0,-1
c,active_stress,affine,5.0,100,2.0,9057473,154,0.9853127983114851,0.999999,3460.2628106047277,0,-1
c,active_stress,affine,5.0,100,2.0,9057473,155,0.999999,0.884901680425378,3448.4700524470245,0,-1
c,active_stress,affine,5.0,100,2.0,9057473,156,0.9998268424692485,0.999999,3471.9121401986768,0,-1
c,active_stress,affine,5.0,100,2.0,9057473,157,0.9523875773092256,0.9999630891831729,3472.824143155775,0,-1
c,active_stress,affine,5.0,100,2.0,9057473,158,0.9999859603438371,0.864525139203946,3441.2804171761395,0,-1
c,active_stress,affine,5.0,100,2.0,9057473,159,0.8970740492623986,0.999747042840723,3477.6709341800333,0,-1
c,active_stress,affine,5.0,100,2.0,9057473,160,0.9993297154336305,0.999999,3463.3338442164945,0,-1
c,active_stress,affine,5.0,100,2.0,9057473,161,0.9586266897167725,0.9999270031863796,3479.4163802346684,0,-1
c,active_stress,affine,5.0,100,2.0,9057473,162,0.999999,0.9911078942432197,3469.4354738881534,0,-1
c,active_stress,affine,5.0,100,2.0,9057473,163,0.9767504696286782,0.9996790286315428,3455.2227947242077,0,-1
c,active_stress,affine,5.0,100,2.0,9057473,164,0.999999,0.999972369677599,3474.8294188774757,0,-1
c,active_stress,affine,5.0,100,2.0,9057473,165,0.999999,0.999999,3470.5655107494395,0,-1
c,active_stress,affine,5.0,100,2.0,9057473,166,0.999999,0.999999,3422.7220639377097,0,-1
c,active_stress,affine,5.0,100,2.0,9057473,167,0.999999,0.8351173079033074,3478.223592715674,0,-1
c,active_stress,affine,5.0,100,2.0,9057473,168,0.9999437668096038,0.999999,3469.62476725889,0,-1
c,active_stress,affine,5.0,100,2.0,9057473,169,0.999999,0.9999297350220386,3462.5609454223018,0,-1
c,active_stress,affine,5.0,100,2.0,9057473,170,0.999999,0.999999,3450.7564694343087,0,-1
c,active_stress,affine,5.0,100,2.0,9057473,171,0.999999,0.9998292840814541,3436.057048963224,0,-1
c,active_stress,affine,5.0,100,2.0,9057473,172,0.9999967802815302,0.9954443178238894,3473.1581937566148,0,-1
c,active_stress,affine,5.0,100,2.0,9057473,173,0.9891727292999175,0.999999,3445.504266035949,0,-1
c,active_stress,affine,5.0,100,2.0,9057473,174,0.9997748799868864,0.999999,3476.3427944093683,0,-1
c,active_stress,affine,5.0,100,2.0,9057473,175,0.9999604664418995,0.9999939366607438,3476.197286932744,0,-1
c,active_stress,affine,5.0,100,2.0,9057473,176,0.9999333639849582,0.9956274094613874,3456.5923720277215,0,-1
c,active_stress,affine,5.0,100,2.0,9057473,177,0.999999,0.999969105774065,3458.553699517223,0,-1
c,active_stress,affine,5.0,100,2.0,9057473,178,0.999999,0.9974372102258496,3471.702713509375,0,-1
c,active_stress,affine,5.0,100,2.0,9057473,179,0.9999955263293169,0.9999879583063125,3453.970089401537,0,-1
c,active_stress,affine,5.0,100,2.0,9057473,180,0.999999,0.9900261929706899,3459.7560463860873,0,-1
c,active_stress,affine,5.0,100,2.0,9057473,181,0.999999,0.999999,3471.8204004645813,0,-1
c,active_stress,affine,5.0,100,2.0,9057473,182,0.999999,0.9998007704676215,3475.463087054493,0,-1
c,active_stress,affine,5.0,100,2.0,9057473,183,0.9998642190741012,0.998623410603435,3475.0247733329684,0,-1
c,active_stress,affine,5.0,100,2.0,9057473,184,0.999999,0.999999,3456.3395621717314,0,-1
c,active_stress,affine,5.0,100,2.0,9057473,185,0.999999,0.999999,3451.378041417994,0,-1
c,active_stress,affine,5.0,100,2.0,9057473,186,0.999999,0.9955017470072719,3473.4267932242637,0,-1
c,active_stress,affine,5.0,100,2.0,9057473,187,0.999999,0.999999,3437.6926782125915,0,-1
c,active_stress,affine,5.0,100,2.0,9057473,188,0.999999,0.999999,3471.9441122384196,0,-1
c,active_stress,affine,5.0,100,2.0,9057473,189,0.999999,0.9999923830854386,3477.8778503450017,0,-1
c,active_stress,affine,5.0,100,2.0,9057473,190,0.999999,0.99994498201711,3470.048695235068,0,-1
c,active_stress,affine,5.0,100,2.0,9057473,191,0.999999,0.999999,3459.956850592071,0,-1
c,active_stress,affine,5.0,100,2.0,9057473,192,0.9999710875391056,0.9858565218082922,3473.039191256496,0,-1
c,active_stress,affine,5.0,100,2.0,9057473,193,0.999955792355315,0.999999,3466.8190061320547,0,-1
c,active_stress,affine,5.0,100,2.0,9057473,194,0.9866082437330395,0.999999,3454.760772053765,0,-1
c,active_stress,affine,5.0,100,2.0,9057473,195,0.9886537849804857,0.9999069416471379,3463.5577258359044,0,-1
c,active_stress,affine,5.0,100,2.0,9057473,196,0.9978499434209986,0.9848514334718257,3416.3639503099616,0,-1
c,active_stress,affine,5.0,100,2.0,9057473,197,0.999999,0.9997266554974836,3424.6780818014827,0,-1
c,active_stress,affine,5.0,100,2.0,9057473,198,0.999999,0.999999,3465.240427263732,0,-1
c,active_stress,affine,5.0,100,2.0,9057473,199,0.9728734280965186,0.8331515592561554,3458.036055816142,0,-1
c,active_stress,affine,5.0,100,2.0,9057473,200,0.999999,0.9974001360253167,3436.594873988593,0,-1
c,active_stress,affine,5.0,100,2.0,9057473,201,0.9998494250442278,0.999999,3456.8018921661583,0,-1
c,active_stress,affine,5.0,100,2.0,9057473,202,0.9963650166949796,0.993638386172576,3473.579365114671,0,-1
c,active_stress,affine,5.0,100,2.0,9057473,203,0.9999699718794377,0.9987331109266129,3450.065804087699,0,-1
c,active_stress,affine,5.0,100,2.0,9057473,204,0.9011223842561782,0.999999,3451.9571447712638,0,-1
c,active_stress,affine,5.0,100,2.0,9057473,205,0.9999760035346605,0.9999045382176899,3456.6211502458696,0,-1
c,active_stress,affine,5.0,100,2.0,9057473,206,0.999999,0.999999,3456.568190534999,0,-1
c,active_stress,affine,5.0,100,2.0,9057473,207,0.9629897253021404,0.999999,3476.621602471998,0,-1
c,active_stress,affine,5.0,100,2.0,9057473,208,0.999999,0.9944895462661977,3482.3282509300284,0,-1
c,active_stress,affine,5.0,100,2.0,9057473,209,0.9996867800485041,0.9999019903965924,3477.189766519904,0,-1
c,active_stress,affine,5.0,100,2.0,9057473,210,0.9996415013101957,0.999818271156166,3471.508030156254,0,-1
c,active_stress,affine,5.0,100,2.0,9057473,211,0.999999,0.9955537444927163,3460.562960891393,0,-1
c,active_stress,affine,5.0,100,2.0,9057473,212,0.9999463136934214,0.999999,3460.5169458575306,0,-1
c,active_stress,affine,5.0,100,2.0,9057473,213,0.9997068347622184,0.999999,3461.0059233685374,0,-1
c,active_stress,affine,5.0,100,2.0,9057473,214,0.999999,0.9997046545556044,3413.3069388354006,0,-1
c,active_stress,affine,5.0,100,2.0,9057473,215,0.999999,0.715156444060943,3456.2282657587043,0,-1
c,active_stress,affine,5.0,100,2.0,9057473,216,0.999999,0.9864324367817173,3468.72877698455,0,-1
c,active_stress,affine,5.0,100,2.0,9057473,217,0.999999,0.9765355326191424,3451.9221721564245,0,-1
c,active_stress,affine,5.0,100,2.0,9057473,218,0.999999,0.999999,3467.760775164862,0,-1
c,active_stress,affine,5.0,100,2.0,9057473,219,0.999999,0.999999,3450.657579398727,0,-1
c,active_stress,affine,5.0,100,2.0,9057473,220,0.9997818921715231,0.999910037782,3480.8988386119604,0,-1
c,active_stress,affine,5.0,100,2.0,9057473,221,0.40721582278917545,0.999999,3417.146301589947,0,-1
c,active_stress,affine,5.0,100,2.0,9057473,222,0.995637461354562,0.9998414444778526,3477.1050055143346,0,-1
c,active_stress,affine,5.0,100,2.0,9057473,223,0.9881881619459426,0.9668466758743842,3468.0560583426004,0,-1
c,active_stress,affine,5.0,100,2.0,9057473,224,0.999999,0.999999,3437.6369999878043,0,-1
c,active_stress,affine,5.0,100,2.0,9057473,225,0.999999,0.999999,3479.381851748425,0,-1
c,active_stress,affine,5.0,100,2.0,9057473,226,0.999999,0.999999,3459.4134215106715,0,-1
c,active_stress,affine,5.0,100,2.0,9057473,227,0.999999,0.999999,3456.108282758548,0,-1
c,active_stress,affine,5.0,100,2.0,9057473,228,0.4871162365022659,0.9995909072116691,3464.0479289330824,0,-1
c,active_stress,affine,5.0,100,2.0,9057473,229,0.8971380316954154,0.9973403279904324,3472.588240926308,0,-1
c,active_stress,affine,5.0,100,2.0,9057473,230,0.999999,0.9999688758886732,3469.997812925398,0,-1
c,active_stress,affine,5.0,100,2.0,9057473,231,0.999999,0.9999116711029801,3482.7038916450815,0,-1
c,active_stress,affine,5.0,100,2.0,9057473,232,0.999999,0.9971165015773499,3459.5865567699357,0,-1
c,active_stress,affine,5.0,100,2.0,9057473,233,0.999999,0.9999768721696991,3463.8837002149853,0,-1
c,active_stress,affine,5.0,100,2.0,9057473,234,0.9998754647935905,0.999999,3341.815745416483,0,-1
c,active_stress,affine,5.0,100,2.0,9057473,235,0.999999,0.8985097394307694,3468.697966781002,0,-1
c,active_stress,affine,5.0,100,2.0,9057473,236,0.9054593270282107,0.9999086960206708,3464.7546638968047,0,-1
c,active_stress,affine,5.0,100,2.0,9057473,237,0.965532608894652,0.9872489438972663,3429.2097120370245,0,-1
c,active_stress,affine,5.0,100,2.0,9057473,238,0.999999,0.9934655023492648,3476.9154676089584,0,-1
c,active_stress,affine,5.0,100,2.0,9057473,239,0.999999,0.9998759202268965,3470.99037512481,0,-1
c,active_stress,affine,5.0,100,2.0,9057473,240,0.999999,0.9999025493826417,3478.4854865736797,0,-1
c,active_stress,affine,5.0,100,2.0,9057473,241,0.999999,0.999999,3478.36817904004,0,-1
c,active_stress,affine,5.0,100,2.0,9057473,242,0.680970167681239,0.9965811022798947,3451.416754446099,0,-1
c,active_stress,affine,5.0,100,2.0,9057473,243,0.9898976836621274,0.999999,3472.7664683463017,0,-1
c,active_stress,affine,5.0,100,2.0,9057473,244,0.999999,0.999999,3452.4530936324504,0,-1
c,active_stress,affine,5.0,100,2.0,9057473,245,0.999312253984981,0.9982845824652624,3476.584358098666,0,-1
c,active_stress,affine,5.0,100,2.0,9057473,246,0.9943063615725185,0.9998178152211257,3448.6438397416887,0,-1
c,active_stress,affine,5.0,100,2.0,9057473,247,0.96600993594242,0.9819123930746274,3445.1335662441697,0,-1
c,active_stress,affine,5.0,100,2.0,9057473,248,0.999999,0.9999294453511115,3434.481974630139,0,-1
c,active_stress,affine,5.0,100,2.0,9057473,249,0.9913814072990528,0.999999,3460.91866085461,0,-1
c,active_stress,affine,5.0,100,2.0,9057473,250,0.9999432607940727,0.9776679444190132,3443.8704865897735,0,-1
c,active_stress,affine,5.0,100,2.0,9057473,251,0.9920489423331345,0.999999,3467.9890897535483,0,-1
c,active_stress,affine,5.0,100,2.0,9057473,252,0.9951699260236112,0.9999156796208232,3475.0126833896243,0,-1
c,active_stress,affine,5.0,100,2.0,9057473,253,0.999999,0.9997099800402678,3470.469315291166,0,-1
c,active_stress,affine,5.0,100,2.0,9057473,254,0.9550810537657153,0.9998844588720128,3469.2586620945285,0,-1
c,active_stress,affine,5.0,100,2.0,9057473,255,0.9998699810451629,0.999999,3472.0702629422876,0,-1
c,active_stress,affine,5.0,100,2.0,9057473,256,0.999999,0.997663177897979,3437.4065844546785,0,-1
c,active_stress,affine,5.0,100,2.0,9057473,257,0.999999,0.9989628476213749,3483.1730699172863,0,-1
c,active_stress,affine,5.0,100,2.0,9057473,258,0.999999,0.9992030292576676,3461.4624064335408,0,-1
c,active_stress,affine,5.0,100,2.0,9057473,259,0.9101777485615881,0.9983301213918595,3475.170202248134,0,-1
c,active_stress,affine,5.0,100,2.0,9057473,260,0.999999,0.999999,3473.1586811742122,0,-1
c,active_stress,affine,5.0,100,2.0,9057473,261,0.9999408470058349,0.9953192023238283,3407.7157560979363,0,-1
c,active_stress,affine,5.0,100,2.0,9057473,262,0.9998654516594361,0.969882579257208,3454.9395231178296,0,-1
c,active_stress,affine,5.0,100,2.0,9057473,263,0.9868381734256003,0.999999,3471.3913508789096,0,-1
c,active_stress,affine,5.0,100,2.0,9057473,264,0.9991446297640288,0.7046105205068884,3410.5921995225744,0,-1
c,active_stress,affine,5.0,100,2.0,9057473,265,0.9999487712608626,0.9987926552399922,3475.596775131062,0,-1
c,active_stress,affine,5.0,100,2.0,9057473,266,0.5676229588064089,0.999999,3404.580187689987,0,-1
c,active_stress,affine,5.0,100,2.0,9057473,267,0.9968998176559422,0.999999,3470.8549833037177,0,-1
c,active_stress,affine,5.0,100,2.0,9057473,268,0.9846895144270251,0.999999,3418.392462153762,0,-1
c,active_stress,affine,5.0,100,2.0,9057473,269,0.9951341659453014,0.999999,3468.469815837542,0,-1
c,active_stress,affine,5.0,100,2.0,9057473,270,0.9916170713880116,0.999999,3475.7159181298857,0,-1
c,active_stress,affine,5.0,100,2.0,9057473,271,0.999999,0.9978474978623417,3464.898025417364,0,-1
c,active_stress,affine,5.0,100,2.0,9057473,272,0.7894649384141208,0.999999,3483.122242336865,0,-1
c,active_stress,affine,5.0,100,2.0,9057473,273,0.999999,0.999999,3457.8794814247035,0,-1
c,active_stress,affine,5.0,100,2.0,9057473,274,0.999999,0.9975360958955416,3472.9334707422004,0,-1
c,active_stress,affine,5.0,100,2.0,9057473,275,0.999999,0.980606675483257,3445.207521280686,0,-1
c,active_stress,affine,5.0,100,2.0,9057473,276,0.999999,0.999999,3456.584181553898,0,-1
c,active_stress,affine,5.0,100,2.0,9057473,277,0.9996691589120706,0.999999,3478.3820364913877,0,-1
c,active_stress,affine,5.0,100,2.0,9057473,278,0.99991296562372,0.9992698959561116,3459.6177411441968,0,-1
c,active_stress,affine,5.0,100,2.0,9057473,279,0.9997559602922477,0.9984034762781712,3448.8201601095952,0,-1
c,active_stress,affine,5.0,100,2.0,9057473,280,0.9998759314805578,0.9853019569870645,3456.8242915516516,0,-1
c,active_stress,affine,5.0,100,2.0,9057473,281,0.8702881253337654,0.999999,3464.5681805815107,0,-1
c,active_stress,affine,5.0,100,2.0,9057473,282,0.9998136100866999,0.9998838957205586,3432.3347531156924,0,-1
c,active_stress,affine,5.0,100,2.0,9057473,283,0.9991541061634646,0.9905528979707159,3401.2504320528606,0,-1
c,active_stress,affine,5.0,100,2.0,9057473,284,0.9999982567615096,0.9762892234615048,3415.7025689624006,0,-1
c,active_stress,affine,5.0,100,2.0,9057473,285,0.999999,0.9980696924905211,3465.375314574193,0,-1
c,active_stress,affine,5.0,100,2.0,9057473,286,0.999999,0.999230487690352,3448.749811381346,0,-1
c,active_stress,affine,5.0,100,2.0,9057473,287,0.9999486432163364,0.9420539720271578,3442.206993425579,0,-1
c,active_stress,affine,5.0,100,2.0,9057473,288,0.999999,0.999999,3445.561428877114,0,-1
c,active_stress,affine,5.0,100,2.0,9057473,289,0.9999040836322021,0.7330941915721169,3466.549383437893,0,-1
c,active_stress,affine,5.0,100,2.0,9057473,290,0.9998953267564754,0.999999,3469.429595467075,0,-1
c,active_stress,affine,5.0,100,2.0,9057473,291,0.9999633275872627,0.9997612941199117,3462.8904591039795,0,-1
c,active_stress,affine,5.0,100,2.0,9057473,292,0.999999,0.9996730702510858,3481.503702876897,0,-1
c,active_stress,affine,5.0,100,2.0,9057473,293,0.9981379591215521,0.8628507145347297,3461.3524648418397,0,-1
c,active_stress,affine,5.0,100,2.0,9057473,294,0.9185621738792317,0.9972907526414276,3468.281913985322,0,-1
c,active_stress,affine,5.0,100,2.0,9057473,295,0.987697458538008,0.999999,3480.6337516362205,0,-1
c,active_stress,affine,5.0,100,2.0,9057473,296,0.999999,0.8478102317645239,3477.450805840035,0,-1
c,active_stress,affine,5.0,100,2.0,9057473,297,0.9982699254994426,0.9595667813876502,3468.6228786745387,0,-1
c,active_stress,affine,5.0,100,2.0,9057473,298,0.9992918774347854,0.5601590499612042,3353.143580341099,0,-1
c,active_stress,affine,5.0,100,2.0,9057473,299,0.999999,0.999999,3466.924211271174,0,-1
c,active_stress,affine,5.0,100,2.0,9057473,300,0.9944215573242141,0.946687118428988,3425.5789801235005,0,-1
c,active_stress,affine,5.0,100,2.0,9057473,301,0.9998695866554045,0.9999953915202591,3477.0702307881843,0,-1
c,active_stress,affine,5.0,100,2.0,9057473,302,0.999999,0.9999910333644821,3477.7653839609466,0,-1
c,active_stress,affine,5.0,100,2.0,9057473,303,0.999999,0.999999,3468.3427754317304,0,-1
c,active_stress,affine,5.0,100,2.0,9057473,304,0.999999,0.9999867345936427,3459.838777138533,0,-1
c,active_stress,affine,5.0,100,2.0,9057473,305,0.999999,0.6696909167709074,3396.1714853941994,0,-1
c,active_stress,affine,5.0,100,2.0,9057473,306,0.9996814104326859,0.999999,3460.970283648315,0,-1
c,active_stress,affine,5.0,100,2.0,9057473,307,0.9377991683492349,0.9736020624570101,3463.837134109125,0,-1
c,active_stress,affine,5.0,100,2.0,9057473,308,0.999999,0.9076743907567565,3435.38905237466,0,-1
c,active_stress,affine,5.0,100,2.0,9057473,309,0.999999,0.9999915544101005,3459.199251116997,0,-1
c,active_stress,affine,5.0,100,2.0,9057473,310,0.999999,0.9714391712312015,3474.897982126799,0,-1
c,active_stress,affine,5.0,100,2.0,9057473,311,0.8891800702658733,0.999999,3463.8974727730383,0,-1
c,active_stress,affine,5.0,100,2.0,9057473,312,0.9992053218197284,0.9999555419234764,3476.1310968719536,0,-1
c,active_stress,affine,5.0,100,2.0,9057473,313,0.999999,0.9965208880799368,3473.5324824177824,0,-1
c,active_stress,affine,5.0,100,2.0,9057473,314,0.999999,0.999999,3469.2506782696482,0,-1
c,active_stress,affine,5.0,100,2.0,9057473,315,0.9997659273239268,0.9999588612249575,3461.9857517040487,0,-1
c,active_stress,affine,5.0,100,2.0,9057473,316,0.999999,0.999999,3477.844177409467,0,-1
c,active_stress,affine,5.0,100,2.0,9057473,317,0.999999,0.999999,3460.6088042366437,0,-1
c,active_stress,affine,5.0,100,2.0,9057473,318,0.999999,0.9998696529926092,3458.0492539373527,0,-1
c,active_stress,affine,5.0,100,2.0,9057473,319,0.999663072456211,0.999999,3477.863381964757,0,-1
c,active_stress,affine,5.0,100,2.0,9057473,320,0.9998098684059664,0.9999763909512468,3438.7798706336253,0,-1
c,active_stress,affine,5.0,100,2.0,9057473,321,0.9999528023224856,0.9966997010213875,3435.973318178889,0,-1
c,active_stress,affine,5.0,100,2.0,9057473,322,0.9972207374084922,0.999999,3468.8785760403325,0,-1
c,active_stress,affine,5.0,100,2.0,9057473,323,0.9093773282545785,0.999999,3469.4884967058692,0,-1
c,active_stress,affine,5.0,100,2.0,9057473,324,0.9976268313155702,0.9838409256085264,3429.1547018531905,0,-1
c,active_stress,affine,5.0,100,2.0,9057473,325,0.999999,0.999999,3460.248801080159,0,-1
c,active_stress,affine,5.0,100,2.0,9057473,326,0.9998518726520308,0.999999,3468.1204528120784,0,-1
c,active_stress,affine,5.0,100,2.0,9057473,327,0.999999,0.9970020313279156,3469.021085208868,0,-1
c,active_stress,affine,5.0,100,2.0,9057473,328,0.999980574580126,0.9999869773245885,3464.5735987817643,0,-1
c,active_stress,affine,5.0,100,2.0,9057473,329,0.999999,0.999999,3476.4837533640907,0,-1
c,active_stress,affine,5.0,100,2.0,9057473,330,0.999999,0.9996467236276915,3468.922625241939,0,-1
c,active_stress,affine,5.0,100,2.0,9057473,331,0.9985535818673384,0.999999,3470.0263657043233,0,-1
c,active_stress,affine,5.0,100,2.0,9057473,332,0.9980056536549873,0.9997260527471172,3449.7729817922464,0,-1
c,active_stress,affine,5.0,100,2.0,9057473,333,0.9943187010060918,0.999999,3474.583385922774,0,-1
c,active_stress,affine,5.0,100,2.0,9057473,334,0.9899074910817898,0.999999,3452.5924720364956,0,-1
c,active_stress,affine,5.0,100,2.0,9057473,335,0.9999340309181078,0.999999,3454.868516665461,0,-1
c,active_stress,affine,5.0,100,2.0,9057473,336,0.999999,0.999999,3475.172533298983,0,-1
c,active_stress,affine,5.0,100,2.0,9057473,337,0.999999,0.9967986170163367,3462.0139208580567,0,-1
c,active_stress,affine,5.0,100,2.0,9057473,338,0.999999,0.999999,3457.796763776211,0,-1
c,active_stress,affine,5.0,100,2.0,9057473,339,0.9962492542388264,0.999999,3468.338295095859,0,-1
c,active_stress,affine,5.0,100,2.0,9057473,340,0.999999,0.999999,3473.5673131837298,0,-1
c,active_stress,affine,5.0,100,2.0,9057473,341,0.9999896898168108,0.4830883437195551,3464.234489052616,0,-1
c,active_stress,affine,5.0,100,2.0,9057473,342,0.9970443326331637,0.9997912145837455,3448.93105974676,0,-1
c,active_stress,affine,5.0,100,2.0,9057473,343,0.9976920995853642,0.9761542752726573,3466.912795959387,0,-1
c,active_stress,affine,5.0,100,2.0,9057473,344,0.99991511680887,0.999999,3464.0320524913473,0,-1
c,active_stress,affine,5.0,100,2.0,9057473,345,0.999999,0.9998929644781995,3456.5763799964043,0,-1
c,active_stress,affine,5.0,100,2.0,9057473,346,0.9956978544960143,0.9821532606790744,3476.456574629071,0,-1
c,active_stress,affine,5.0,100,2.0,9057473,347,0.9994085394896428,0.9998032194706861,3472.4386022136096,0,-1
c,active_stress,affine,5.0,100,2.0,9057473,348,0.9987321301737198,0.9994819560544956,3472.618061086366,0,-1
c,active_stress,affine,5.0,100,2.0,9057473,349,0.9997844707680209,0.9998620922227591,3472.614731287563,0,-1
c,active_stress,affine,5.0,100,2.0,9057473,350,0.9999541969283111,0.999999,3481.5794111472305,0,-1
c,active_stress,affine,5.0,100,2.0,9057473,351,0.9999658758526497,0.9900674141909253,3476.6479232424426,0,-1
c,active_stress,affine,5.0,100,2.0,9057473,352,0.9998808916516395,0.999999,3408.6895766876287,0,-1
c,active_stress,affine,5.0,100,2.0,9057473,353,0.8403737895866383,0.9975896500576731,3462.1497624040935,0,-1
c,active_stress,affine,5.0,100,2.0,9057473,354,0.7513787789431359,0.999999,3439.7431756517144,0,-1
c,active_stress,affine,5.0,100,2.0,9057473,355,0.9299724932944075,0.9984278023861418,3424.640502545687,0,-1
c,active_stress,affine,5.0,100,2.0,9057473,356,0.9992281457120059,0.999999,3448.0656826646064,0,-1
c,active_stress,affine,5.0,100,2.0,9057473,357,0.9998331184643172,0.999999,3427.8429038211625,0,-1
c,active_stress,affine,5.0,100,2.0,9057473,358,0.999859438778618,0.999999,3470.347730867354,0,-1
c,active_stress,affine,5.0,100,2.0,9057473,359,0.999999,0.9077771458353368,3455.561208509495,0,-1
c,active_stress,affine,5.0,100,2.0,9057473,360,0.999695185562363,0.998955126607722,3485.85850151404,0,-1
c,active_stress,affine,5.0,100,2.0,9057473,361,0.999999,0.9998393555967708,3463.2382275363566,0,-1
c,active_stress,affine,5.0,100,2.0,9057473,362,0.9884529645030834,0.8850133242809971,3442.8433756751742,0,-1
c,active_stress,affine,5.0,100,2.0,9057473,363,0.9888276829586267,0.996195987844722,3477.161523275625,0,-1
c,active_stress,affine,5.0,100,2.0,9057473,364,0.999999,0.999118693267019,3464.4580919263417,0,-1
c,active_stress,affine,5.0,100,2.0,9057473,365,0.9999206432771164,0.9695518671573309,3472.729238432489,0,-1
c,active_stress,affine,5.0,100,2.0,9057473,366,0.998106202505338,0.999999,3467.605868449476,0,-1
c,active_stress,affine,5.0,100,2.0,9057473,367,0.999999,0.999999,3347.270585276854,0,-1
c,active_stress,affine,5.0,100,2.0,9057473,368,0.9918640125185741,0.956264484639421,3469.7876896161756,0,-1
c,active_stress,affine,5.0,100,2.0,9057473,369,0.9700473167998228,0.9318902123909999,3460.6790990295094,0,-1
c,active_stress,affine,5.0,100,2.0,9057473,370,0.9999002842780825,0.9995680498879861,3469.9495744664114,0,-1
c,active_stress,affine,5.0,100,2.0,9057473,371,0.9957491549026135,0.999999,3477.6450241809425,0,-1
c,active_stress,affine,5.0,100,2.0,9057473,372,0.999999,0.973963040652983,3472.1473622797503,0,-1
c,active_stress,affine,5.0,100,2.0,9057473,373,0.999999,0.9999979524184059,3471.6644624289715,0,-1
c,active_stress,affine,5.0,100,2.0,9057473,374,0.999999,0.9999242961882546,3438.266758595655,0,-1
c,active_stress,affine,5.0,100,2.0,9057473,375,0.999999,0.994505625365494,3468.3878361810494,0,-1
c,active_stress,affine,5.0,100,2.0,9057473,376,0.9968030113723398,0.9820642639234803,3455.5016103001817,0,-1
c,active_stress,affine,5.0,100,2.0,9057473,377,0.999999,0.9917916584099424,3474.8288466537797,0,-1
c,active_stress,affine,5.0,100,2.0,9057473,378,0.9996165975177956,0.998891886086896,3474.9860145925554,0,-1
c,active_stress,affine,5.0,100,2.0,9057473,379,0.9999787501588331,0.9963224341010193,3459.0611461103285,0,-1
c,active_stress,affine,5.0,100,2.0,9057473,380,0.999999,0.7641254496792642,3443.0525747464603,0,-1
c,active_stress,affine,5.0,100,2.0,9057473,381,0.999999,0.999999,3453.8020131727158,0,-1
c,active_stress,affine,5.0,100,2.0,9057473,382,0.9145332219529162,0.999999,3442.3975523569775,0,-1
c,active_stress,affine,5.0,100,2.0,9057473,383,0.999999,0.999889910486353,3467.0699766015755,0,-1
c,active_stress,affine,5.0,100,2.0,9057473,384,0.964601617590757,0.999999,3465.2276696900035,0,-1
c,active_stress,affine,5.0,100,2.0,9057473,385,0.9999557411901566,0.999999,3462.5048242026764,0,-1
c,active_stress,affine,5.0,100,2.0,9057473,386,0.8572787564714213,0.999999,3440.9115141903176,0,-1
c,active_stress,affine,5.0,100,2.0,9057473,387,0.999999,0.999999,3475.144625828694,0,-1
c,active_stress,affine,5.0,100,2.0,9057473,388,0.999999,0.9998343684047505,3449.6912180166446,0,-1
c,active_stress,affine,5.0,100,2.0,9057473,389,0.999999,0.999999,3466.5944280000863,0,-1
c,active_stress,affine,5.0,100,2.0,9057473,390,0.988038508201334,0.999999,3470.5006487173196,0,-1
c,active_stress,affine,5.0,100,2.0,9057473,391,0.9988713102881991,0.999999,3480.260246170761,0,-1
c,active_stress,affine,5.0,100,2.0,9057473,392,0.9997297073153452,0.9975599961138787,3448.9448415898696,0,-1
c,active_stress,affine,5.0,100,2.0,9057473,393,0.999999,0.999999,3470.7050128233973,0,-1
c,active_stress,affine,5.0,100,2.0,9057473,394,0.947578249238705,0.999999,3477.9925634418723,0,-1
c,active_stress,affine,5.0,100,2.0,9057473,395,0.999999,0.999999,3471.882662190247,0,-1
c,active_stress,affine,5.0,100,2.0,9057473,396,0.999999,0.9809016898133389,3454.7189604104237,0,-1
c,active_stress,affine,5.0,100,2.0,9057473,397,0.999999,0.977642522116879,3435.088213853267,0,-1
c,active_stress,affine,5.0,100,2.0,9057473,398,0.999999,0.999999,3430.9883994338666,0,-1
c,active_stress,affine,5.0,100,2.0,9057473,399,0.999931122550798,0.9992445394073926,3420.6060491788826,0,-1
c,active_stress,affine,5.0,100,2.0,9057473,400,0.999999,0.9992281084387871,3461.7745591291896,0,-1
c,active_stress,affine,5.0,100,2.0,9057473,401,0.9806748625930993,0.973815315491947,3415.039016902114,0,-1
c,active_stress,affine,5.0,100,2.0,9057473,402,0.999999,0.9992017862114886,3450.428683523352,0,-1
c,active_stress,affine,5.0,100,2.0,9057473,403,0.999999,0.999999,3469.364395595573,0,-1
c,active_stress,affine,5.0,100,2.0,9057473,404,0.9921980777194113,0.9885019751241216,3473.1890280093635,0,-1
c,active_stress,affine,5.0,100,2.0,9057473,405,0.9997617278939047,0.6690098308027013,3459.4187954882336,0,-1
c,active_stress,affine,5.0,100,2.0,9057473,406,0.9997565646363608,0.932858020065401,3460.2245464575813,0,-1
c,active_stress,affine,5.0,100,2.0,9057473,407,0.9976837233279997,0.9999510211127876,3438.051889963828,0,-1
c,active_stress,affine,5.0,100,2.0,9057473,408,0.9918179818260665,0.999999,3449.4076679006685,0,-1
c,active_stress,affine,5.0,100,2.0,9057473,409,0.999999,0.9995054788164687,3463.5576971437567,0,-1
c,active_stress,affine,5.0,100,2.0,9057473,410,0.9999352642073688,0.9484492513805572,3457.674469545309,0,-1
c,active_stress,affine,5.0,100,2.0,9057473,411,0.5896508499547659,0.9998211387653184,3471.086051257854,0,-1
c,active_stress,affine,5.0,100,2.0,9057473,412,0.9793187284679047,0.9809072709413776,3441.3996595089593,0,-1
c,active_stress,affine,5.0,100,2.0,9057473,413,0.9996401693785,0.996492743092001,3471.4265852249628,0,-1
c,active_stress,affine,5.0,100,2.0,9057473,414,0.9999861836925648,0.9559053184273374,3479.9752034945373,0,-1
c,active_stress,affine,5.0,100,2.0,9057473,415,0.999999,0.951454926436287,3471.5300394700553,0,-1
c,active_stress,affine,5.0,100,2.0,9057473,416,0.999027038274405,0.9675715403312248,3460.0074888966437,0,-1
c,active_stress,affine,5.0,100,2.0,9057473,417,0.999999,0.987681046988748,3462.820331708748,0,-1
c,active_stress,affine,5.0,100,2.0,9057473,418,0.999999,0.99983161820048,3463.223441842119,0,-1
c,active_stress,affine,5.0,100,2.0,9057473,419,0.9999925760758167,0.999999,3428.302230518378,0,-1
c,active_stress,affine,5.0,100,2.0,9057473,420,0.999999,0.999999,3447.9927256490473,0,-1
c,active_stress,affine,5.0,100,2.0,9057473,421,0.999999,0.999999,3442.585972626859,0,-1
c,active_stress,affine,5.0,100,2.0,9057473,422,0.9999404275103098,0.999982503323952,3423.2401036517454,0,-1
c,active_stress,affine,5.0,100,2.0,9057473,423,0.9958735152422048,0.9947515996734858,3468.6076581966017,0,-1
c,active_stress,affine,5.0,100,2.0,9057473,424,0.999999,0.999793750978536,3471.16869425718,0,-1
c,active_stress,affine,5.0,100,2.0,9057473,425,0.9446023031703443,0.999999,3431.2609679678776,0,-1
c,active_stress,affine,5.0,100,2.0,9057473,426,0.999999,0.999911155293409,3461.5148724865594,0,-1
c,active_stress,affine,5.0,100,2.0,9057473,427,0.999999,0.999999,3459.5574926671125,0,-1
c,active_stress,affine,5.0,100,2.0,9057473,428,0.9998998450175983,0.999999,3474.075332836115,0,-1
c,active_stress,affine,5.0,100,2.0,9057473,429,0.9999613295901505,0.999999,3478.4234589300595,0,-1
c,active_stress,affine,5.0,100,2.0,9057473,430,0.999999,0.9999690955918636,3470.363434746526,0,-1
c,active_stress,affine,5.0,100,2.0,9057473,431,0.999999,0.9998330303408537,3454.9709523577812,0,-1
c,active_stress,affine,5.0,100,2.0,9057473,432,0.7971846733067338,0.99479454609922,3481.3896676555364,0,-1
c,active_stress,affine,5.0,100,2.0,9057473,433,0.999999,0.980591213709003,3455.4808931872385,0,-1
c,active_stress,affine,5.0,100,2.0,9057473,434,0.999999,0.999999,3482.562979774817,0,-1
c,active_stress,affine,5.0,100,2.0,9057473,435,0.999999,0.9985329386684155,3463.874426392248,0,-1
c,active_stress,affine,5.0,100,2.0,9057473,436,0.999999,0.8975494078070739,3462.1265289697017,0,-1
c,active_stress,affine,5.0,100,2.0,9057473,437,0.9993827225983728,0.999999,3471.958812259302,0,-1
c,active_stress,affine,5.0,100,2.0,9057473,438,0.999999,0.999999,3443.1265435408895,0,-1
c,active_stress,affine,5.0,100,2.0,9057473,439,0.9996899362178494,0.999999,3475.288688622081,0,-1
c,active_stress,affine,5.0,100,2.0,9057473,440,0.999999,0.9763227261153491,3459.3831527021594,0,-1
c,active_stress,affine,5.0,100,2.0,9057473,441,0.999999,0.999999,3473.3784888856944,0,-1
c,active_stress,affine,5.0,100,2.0,9057473,442,0.999999,0.999999,3461.4773082710976,0,-1
c,active_stress,affine,5.0,100,2.0,9057473,443,0.9998883195580353,0.9990648666620503,3474.6677503881115,0,-1
c,active_stress,affine,5.0,100,2.0,9057473,444,0.999999,0.8592797466860215,3457.56104392538,0,-1
c,active_stress,affine,5.0,100,2.0,9057473,445,0.999999,0.9988105403395364,3463.879334298454,0,-1
c,active_stress,affine,5.0,100,2.0,9057473,446,0.9998732537608022,0.999895037841441,3477.035253137229,0,-1
c,active_stress,affine,5.0,100,2.0,9057473,447,0.9998348910591669,0.999999,3483.169534881714,0,-1
c,active_stress,affine,5.0,100,2.0,9057473,448,0.9838480025210026,0.999999,3469.024022989057,0,-1
c,active_stress,affine,5.0,100,2.0,9057473,449,0.999999,0.999999,3460.400732634227,0,-1
c,active_stress,affine,5.0,100,2.0,9057473,450,0.999999,0.9837025765555686,3462.662653479253,0,-1
c,active_stress,affine,5.0,100,2.0,9057473,451,0.999999,0.9892401498752192,3483.8632997318678,0,-1
c,active_stress,affine,5.0,100,2.0,9057473,452,0.9982446772045738,0.9999300395377148,3471.806638649106,0,-1
c,active_stress,affine,5.0,100,2.0,9057473,453,0.8454404637648638,0.999615169068262,3462.092856594529,0,-1
c,active_stress,affine,5.0,100,2.0,9057473,454,0.9999448790489988,0.9998683252605188,3438.2008260924176,0,-1
c,active_stress,affine,5.0,100,2.0,9057473,455,0.999999,0.999999,3463.2317916411016,0,-1
c,active_stress,affine,5.0,100,2.0,9057473,456,0.9999883103593139,0.999999,3469.8397296275875,0,-1
c,active_stress,affine,5.0,100,2.0,9057473,457,0.9999492515285332,0.9826340996827762,3478.2075040232203,0,-1
c,active_stress,affine,5.0,100,2.0,9057473,458,0.9999190060667419,0.999999,3427.597737691399,0,-1
c,active_stress,affine,5.0,100,2.0,9057473,459,0.999999,0.999999,3471.21968796243,0,-1
c,active_stress,affine,5.0,100,2.0,9057473,460,0.999999,0.999999,3448.444091411148,0,-1
c,active_stress,affine,5.0,100,2.0,9057473,461,0.9957202018404024,0.999999,3478.8919513118535,0,-1
c,active_stress,affine,5.0,100,2.0,9057473,462,0.999999,0.9999578249236827,3454.42295278954,0,-1
c,active_stress,affine,5.0,100,2.0,9057473,463,0.9999636797739558,0.9997211798751846,3467.3706135026864,0,-1
c,active_stress,affine,5.0,100,2.0,9057473,464,0.9765238376105535,0.9983200368913299,3436.7560474122897,0,-1
c,active_stress,affine,5.0,100,2.0,9057473,465,0.999999,0.9997417284120005,3422.9754233573212,0,-1
c,active_stress,affine,5.0,100,2.0,9057473,466,0.999999,0.999999,3472.3992407042942,0,-1
c,active_stress,affine,5.0,100,2.0,9057473,467,0.999551468686579,0.9946151231580467,3415.9473412376633,0,-1
c,active_stress,affine,5.0,100,2.0,9057473,468,0.918848415295572,0.996609257050402,3448.773371111582,0,-1
c,active_stress,affine,5.0,100,2.0,9057473,469,0.999999,0.999999,3476.048178027063,0,-1
c,active_stress,affine,5.0,100,2.0,9057473,470,0.9999778975704756,0.9804932170549073,3475.1376936842726,0,-1
c,active_stress,affine,5.0,100,2.0,9057473,471,0.999999,0.9997161918073338,3474.157125395099,0,-1
c,active_stress,affine,5.0,100,2.0,9057473,472,0.999999,0.999999,3477.347246362802,0,-1
c,active_stress,affine,5.0,100,2.0,9057473,473,0.787881374079744,0.9971574731973695,3463.2748900308143,0,-1
c,active_stress,affine,5.0,100,2.0,9057473,474,0.999999,0.9951207503578032,3481.744675393046,0,-1
c,active_stress,affine,5.0,100,2.0,9057473,475,0.9800068542947872,0.999999,3478.111558458024,0,-1
c,active_stress,affine,5.0,100,2.0,9057473,476,0.9999440268816909,0.999999,3410.5608353629214,0,-1
c,active_stress,affine,5.0,100,2.0,9057473,477,0.929537701557645,0.874347301137505,3439.299895611352,0,-1
c,active_stress,affine,5.0,100,2.0,9057473,478,0.9982566730646562,0.999999,3472.4003687679196,0,-1
c,active_stress,affine,5.0,100,2.0,9057473,479,0.999999,0.990709942087189,3461.209987260783,0,-1
c,active_stress,affine,5.0,100,2.0,9057473,480,0.9997290707185889,0.999826111619243,3465.116287608285,0,-1
c,active_stress,affine,5.0,100,2.0,9057473,481,0.999999,0.999999,3455.1594392655197,0,-1
c,active_stress,affine,5.0,100,2.0,9057473,482,0.999999,0.910133002588116,3468.0860172270663,0,-1
c,active_stress,affine,5.0,100,2.0,9057473,483,0.999999,0.999999,3440.812976785916,0,-1
c,active_stress,affine,5.0,100,2.0,9057473,484,0.9998318143349173,0.9975261732761591,3449.2473130819885,0,-1
c,active_stress,affine,5.0,100,2.0,9057473,485,0.9900603228160172,0.999999,3467.5885393584435,0,-1
c,active_stress,affine,5.0,100,2.0,9057473,486,0.9671603619770817,0.999999,3477.226438889782,0,-1
c,active_stress,affine,5.0,100,2.0,9057473,487,0.9997631879061258,0.9998084160499534,3478.1274090977327,0,-1
c,active_stress,affine,5.0,100,2.0,9057473,488,0.999999,0.999999,3469.8322644553687,0,-1
c,active_stress,affine,5.0,100,2.0,9057473,489,0.999999,0.9957088659317983,3468.376305634124,0,-1
c,active_stress,affine,5.0,100,2.0,9057473,490,0.9999147013181325,0.999999,3456.4061760860286,0,-1
c,active_stress,affine,5.0,100,2.0,9057473,491,0.9999386535593079,0.999999,3474.6799901117947,0,-1
c,active_stress,affine,5.0,100,2.0,9057473,492,0.9076109661918677,0.999999,3469.3752224546556,0,-1
c,active_stress,affine,5.0,100,2.0,9057473,493,0.999999,0.999999,3463.151195458969,0,-1
c,active_stress,affine,5.0,100,2.0,9057473,494,0.9999136683950608,0.999999,3468.2469222945297,0,-1
c,active_stress,affine,5.0,100,2.0,9057473,495,0.9890034860493517,0.999999,3424.233977347478,0,-1
c,active_stress,affine,5.0,100,2.0,9057473,496,0.9999920583536661,0.999999,3435.3263026158993,0,-1
c,active_stress,affine,5.0,100,2.0,9057473,497,0.9999190251698842,0.999999,3457.1686582496,0,-1
c,active_stress,affine,5.0,100,2.0,9057473,498,0.999131020435183,0.999999,3402.9312514401163,0,-1
c,active_stress,affine,5.0,100,2.0,9057473,499,0.9885558305876286,0.9972608512617144,3458.644458179658,0,-1
c,active_stress,affine,5.0,100,2.0,9057473,500,0.8848045390150152,0.999999,3482.277907823542,0,-1
c,active_stress,affine,5.0,100,2.0,9057473,501,0.9992039437639033,0.9997884378900541,3485.238183987354,0,-1
c,active_stress,affine,5.0,100,2.0,9057473,502,0.999872995601749,0.9988680564057208,3467.148654317342,0,-1
c,active_stress,affine,5.0,100,2.0,9057473,503,0.9999237642032658,0.999999,3432.77376508277,0,-1
c,active_stress,affine,5.0,100,2.0,9057473,504,0.9885794853412055,0.999999,3443.3286783244594,0,-1
c,active_stress,affine,5.0,100,2.0,9057473,505,0.999999,0.999999,3460.5289011126542,0,-1
c,active_stress,affine,5.0,100,2.0,9057473,506,0.999999,0.9804849180706704,3427.637728747262,0,-1
c,active_stress,affine,5.0,100,2.0,9057473,507,0.9985544770992598,0.999999,3454.466445847678,0,-1
c,active_stress,affine,5.0,100,2.0,9057473,508,0.9999380858355114,0.5537756293913494,3481.071832737128,0,-1
c,active_stress,affine,5.0,100,2.0,9057473,509,0.8024620561362353,0.999922793528819,3441.980003137616,0,-1
c,active_stress,affine,5.0,100,2.0,9057473,510,0.9504363317057553,0.9966702885305426,3485.4440760751736,0,-1
c,active_stress,affine,5.0,100,2.0,9057473,511,0.9987155017235627,0.999999,3467.6035973279227,0,-1
c,active_stress,affine,5.0,100,2.0,9057473,512,0.9998438712758366,0.9842148665681564,3468.3252598972986,0,-1
c,active_stress,affine,5.0,100,2.0,9057473,513,0.9592070717983601,0.999999,3479.6165177800176,0,-1
c,active_stress,affine,5.0,100,2.0,9057473,514,0.999999,0.999999,3462.5996919887502,0,-1
c,active_stress,affine,5.0,100,2.0,9057473,515,0.999999,0.999999,3470.405834353925,0,-1
c,active_stress,affine,5.0,100,2.0,9057473,516,0.9971782598110398,0.999999,3476.180201980104,0,-1
c,active_stress,affine,5.0,100,2.0,9057473,517,0.999999,0.999999,3443.3288367016307,0,-1
c,active_stress,affine,5.0,100,2.0,9057473,518,0.999999,0.9702423041364977,3452.2814421927123,0,-1
c,active_stress,affine,5.0,100,2.0,9057473,519,0.999999,0.999999,3465.840373359695,0,-1
c,active_stress,affine,5.0,100,2.0,9057473,520,0.999999,0.983696732592909,3455.5185284675194,0,-1
c,active_stress,affine,5.0,100,2.0,9057473,521,0.9875108269474946,0.9680915112347824,3478.96286887312,0,-1
c,active_stress,affine,5.0,100,2.0,9057473,522,0.9999259600888502,0.990087609732668,3471.9939672632136,0,-1
c,active_stress,affine,5.0,100,2.0,9057473,523,0.9999292236385373,0.9997610636914087,3474.9543837616,0,-1
c,active_stress,affine,5.0,100,2.0,9057473,524,0.9990765508254871,0.9998998067041305,3442.088642221967,0,-1
c,active_stress,affine,5.0,100,2.0,9057473,525,0.9997454085441925,0.9914231170300356,3435.377642267461,0,-1
c,active_stress,affine,5.0,100,2.0,9057473,526,0.999999,0.999999,3458.079984645999,0,-1
c,active_stress,affine,5.0,100,2.0,9057473,527,0.999958762802326,0.999999,3421.8520864278344,0,-1
c,active_stress,affine,5.0,100,2.0,9057473,528,0.9993840378355597,0.9996691753026534,3479.5122729148484,0,-1
c,active_stress,affine,5.0,100,2.0,9057473,529,0.9993466199260459,0.9940889509156349,3459.4611090451776,0,-1
c,active_stress,affine,5.0,100,2.0,9057473,530,0.999711007666945,0.9991126131658098,3447.7363825201364,0,-1
c,active_stress,affine,5.0,100,2.0,9057473,531,0.999886788636429,0.9956721182403713,3448.0906778226713,0,-1
c,active_stress,affine,5.0,100,2.0,9057473,532,0.999999,0.9998890505919474,3481.4108965001706,0,-1
c,active_stress,affine,5.0,100,2.0,9057473,533,0.999999,0.9775218906859116,3466.532575281929,0,-1
c,active_stress,affine,5.0,100,2.0,9057473,534,0.9191209866869342,0.9999975105159224,3456.7593838021826,0,-1
c,active_stress,affine,5.0,100,2.0,9057473,535,0.999999,0.999999,3475.3541888550503,0,-1
c,active_stress,affine,5.0,100,2.0,9057473,536,0.9759600640175004,0.9999486000768956,3435.148043359593,0,-1
c,active_stress,affine,5.0,100,2.0,9057473,537,0.9998179123764556,0.999999,3398.1232815877634,0,-1
c,active_stress,affine,5.0,100,2.0,9057473,538,0.9630147556520722,0.999999,3445.7026330661124,0,-1
c,active_stress,affine,5.0,100,2.0,9057473,539,0.999999,0.999999,3460.399416637609,0,-1
c,active_stress,affine,5.0,100,2.0,9057473,540,0.9998696705952612,0.9996719060621979,3467.9500335876564,0,-1
c,active_stress,affine,5.0,100,2.0,9057473,541,0.9999182693209577,0.999999,3436.4323453257543,0,-1
c,active_stress,affine,5.0,100,2.0,9057473,542,0.999999,0.9954551143910363,3470.699384137962,0,-1
c,active_stress,affine,5.0,100,2.0,9057473,543,0.9951542933737132,0.999999,3474.6931157246945,0,-1
c,active_stress,affine,5.0,100,2.0,9057473,544,0.999999,0.999999,3474.509053017053,0,-1
c,active_stress,affine,5.0,100,2.0,9057473,545,0.999921387146027,0.999999,3452.069362586735,0,-1
c,active_stress,affine,5.0,100,2.0,9057473,546,0.99999167622352,0.9418946615372666,3466.557390404595,0,-1
c,active_stress,affine,5.0,100,2.0,9057473,547,0.9928981824478301,0.999600364882,3439.0280227782737,0,-1
c,active_stress,affine,5.0,100,2.0,9057473,548,0.999999,0.999999,3483.2753481825807,0,-1
c,active_stress,affine,5.0,100,2.0,9057473,549,0.999999,0.9999404041802832,3477.939520922552,0,-1
c,active_stress,affine,5.0,100,2.0,9057473,550,0.9768852284700795,0.9728628133944295,3459.7494821369046,0,-1
c,active_stress,affine,5.0,100,2.0,9057473,551,0.737117024324356,0.999999,3465.780829614742,0,-1
c,active_stress,affine,5.0,100,2.0,9057473,552,0.999999,0.9998208095100253,3479.820750053136,0,-1
c,active_stress,affine,5.0,100,2.0,9057473,553,0.999999,0.999999,3460.210389065376,0,-1
c,active_stress,affine,5.0,100,2.0,9057473,554,0.9688284950074953,0.999999,3456.850789718872,0,-1
c,active_stress,affine,5.0,100,2.0,9057473,555,0.8273509353543396,0.9997136898920005,3483.7625644236286,0,-1
c,active_stress,affine,5.0,100,2.0,9057473,556,0.9479357071513523,0.884737474660414,3449.89338054085,0,-1
c,active_stress,affine,5.0,100,2.0,9057473,557,0.9999766368047746,0.999999,3458.1925653229405,0,-1
c,active_stress,affine,5.0,100,2.0,9057473,558,0.999999,0.9186050693767834,3437.7659297596088,0,-1
c,active_stress,affine,5.0,100,2.0,9057473,559,0.9997778748254809,0.99995858698618,3469.6739245319077,0,-1
c,active_stress,affine,5.0,100,2.0,9057473,560,0.5821873870577083,0.9984899326497608,3464.533678013646,0,-1
c,active_stress,affine,5.0,100,2.0,9057473,561,0.9998322039277572,0.999999,3459.766335741475,0,-1
c,active_stress,affine,5.0,100,2.0,9057473,562,0.999999,0.9992748166582299,3467.5084387675097,0,-1
c,active_stress,affine,5.0,100,2.0,9057473,563,0.999999,0.9955160263812299,3467.754521391933,0,-1
c,active_stress,affine,5.0,100,2.0,9057473,564,0.9969035191893809,0.9999815165113045,3472.4480048304267,0,-1
c,active_stress,affine,5.0,100,2.0,9057473,565,0.999999,0.9999359270229004,3473.464938353163,0,-1
c,active_stress,affine,5.0,100,2.0,9057473,566,0.9943287344768262,0.9730165609460221,3467.7879900027956,0,-1
c,active_stress,affine,5.0,100,2.0,9057473,567,0.8820141426749714,0.999999,3424.9112389222896,0,-1
c,active_stress,affine,5.0,100,2.0,9057473,568,0.9996302418373406,0.9999386640704768,3471.3104516815533,0,-1
c,active_stress,affine,5.0,100,2.0,9057473,569,0.9999399318286382,0.991739660466441,3454.909275277437,0,-1
c,active_stress,affine,5.0,100,2.0,9057473,570,0.999999,0.999999,3463.366320066519,0,-1
c,active_stress,affine,5.0,100,2.0,9057473,571,0.999476139838781,0.9965713941784367,3480.7913928134885,0,-1
c,active_stress,affine,5.0,100,2.0,9057473,572,0.999999,0.9995601741827003,3478.122695568648,0,-1
c,active_stress,affine,5.0,100,2.0,9057473,573,0.724908454600269,0.9955973701475581,3470.6778044138273,0,-1
c,active_stress,affine,5.0,100,2.0,9057473,574,0.9978870273348367,0.9998408842872396,3468.0685431941115,0,-1
c,active_stress,affine,5.0,100,2.0,9057473,575,0.9999850706067991,0.999999,3466.9422728039526,0,-1
c,active_stress,affine,5.0,100,2.0,9057473,576,0.999999,0.9980777195414318,3472.985987109622,0,-1
c,active_stress,affine,5.0,100,2.0,9057473,577,0.999999,0.9998829129962884,3423.0997396195385,0,-1
c,active_stress,affine,5.0,100,2.0,9057473,578,0.9570688504886619,0.9997772559670894,3483.462671172276,0,-1
c,active_stress,affine,5.0,100,2.0,9057473,579,0.97977774730884,0.9857622656767775,3465.4775368310884,0,-1
c,active_stress,affine,5.0,100,2.0,9057473,580,0.9988205057459302,0.9653866762779866,3474.1093474073973,0,-1
c,active_stress,affine,5.0,100,2.0,9057473,581,0.9227272805110506,0.9994576544379837,3484.33281843379,0,-1
c,active_stress,affine,5.0,100,2.0,9057473,582,0.999999,0.9996748372316084,3480.432018365126,0,-1
c,active_stress,affine,5.0,100,2.0,9057473,583,0.999999,0.999999,3463.3607175017974,0,-1
c,active_stress,affine,5.0,100,2.0,9057473,584,0.9882750722533021,0.9971987440131834,3474.8568962025984,0,-1
c,active_stress,affine,5.0,100,2.0,9057473,585,0.999999,0.9997247330276423,3453.7412265272005,0,-1
c,active_stress,affine,5.0,100,2.0,9057473,586,0.9985907226994652,0.999845405715829,3434.406568248454,0,-1
c,active_stress,affine,5.0,100,2.0,9057473,587,0.9982776788989898,0.9998262724059344,3464.3156839104595,0,-1
c,active_stress,affine,5.0,100,2.0,9057473,588,0.999999,0.7105208198616426,3367.71862501039,0,-1
c,active_stress,affine,5.0,100,2.0,9057473,589,0.9622439950333395,0.9732428605549227,3473.0823910851936,0,-1
c,active_stress,affine,5.0,100,2.0,9057473,590,0.9963003954589216,0.9955940977254509,3462.983981043062,0,-1
c,active_stress,affine,5.0,100,2.0,9057473,591,0.9836342215211624,0.999999,3474.9245555326575,0,-1
c,active_stress,affine,5.0,100,2.0,9057473,592,0.999999,0.999999,3437.7499301609805,0,-1
c,active_stress,affine,5.0,100,2.0,9057473,593,0.9998859544005371,0.999999,3448.8485442221827,0,-1
c,active_stress,affine,5.0,100,2.0,9057473,594,0.9987637256746673,0.9999865747619984,3470.672223144623,0,-1
c,active_stress,affine,5.0,100,2.0,9057473,595,0.999999,0.999999,3454.0263141951677,0,-1
c,active_stress,affine,5.0,100,2.0,9057473,596,0.999999,0.9995089397580664,3432.7993777704237,0,-1
c,active_stress,affine,5.0,100,2.0,9057473,597,0.999999,0.9886662663060973,3448.6019823341676,0,-1
c,active_stress,affine,5.0,100,2.0,9057473,598,0.8770582798766133,0.999999,3461.3918150916306,0,-1
c,active_stress,affine,5.0,100,2.0,9057473,599,0.999999,0.999999,3476.8707819980914,0,-1
c,active_stress,affine,5.0,100,2.0,9057473,600,0.9998551886558293,0.9998080094219209,3481.508684784765,0,-1
c,active_stress,affine,5.0,100,2.0,9057473,601,0.996083795463828,0.9998453257642373,3471.264274359971,0,-1
c,active_stress,affine,5.0,100,2.0,9057473,602,0.9999715201255149,0.9999613398446207,3480.2569331517584,0,-1
c,active_stress,affine,5.0,100,2.0,9057473,603,0.9999389062793541,0.8677457545285943,3428.63879127398,0,-1
c,active_stress,affine,5.0,100,2.0,9057473,604,0.999999,0.999999,3479.6780190055974,0,-1
c,active_stress,affine,5.0,100,2.0,9057473,605,0.999999,0.999999,3445.8436321705735,0,-1
c,active_stress,affine,5.0,100,2.0,9057473,606,0.998851320514073,0.999999,3463.469095067558,0,-1
c,active_stress,affine,5.0,100,2.0,9057473,607,0.999999,0.999999,3465.8860935684843,0,-1
c,active_stress,affine,5.0,100,2.0,9057473,608,0.9995033494904362,0.9858234831850099,3446.5126434586805,0,-1
c,active_stress,affine,5.0,100,2.0,9057473,609,0.9104562397913751,0.9998530972993835,3473.0171561482903,0,-1
c,active_stress,affine,5.0,100,2.0,9057473,610,0.9998471045168744,0.9998985418927824,3459.3155776427257,0,-1
c,active_stress,affine,5.0,100,2.0,9057473,611,0.9940087769986499,0.999999,3446.2316471182244,0,-1
c,active_stress,affine,5.0,100,2.0,9057473,612,0.999999,0.9920406211592234,3459.7624029761782,0,-1
c,active_stress,affine,5.0,100,2.0,9057473,613,0.9113375164732099,0.9997305649401022,3439.6287105770357,0,-1
c,active_stress,affine,5.0,100,2.0,9057473,614,0.9254293817280332,0.9999795998209635,3460.7119965453376,0,-1
c,active_stress,affine,5.0,100,2.0,9057473,615,0.9993894763844964,0.999999,3473.4094765259933,0,-1
c,active_stress,affine,5.0,100,2.0,9057473,616,0.9977404454160379,0.9998543745794889,3465.0693544485716,0,-1
c,active_stress,affine,5.0,100,2.0,9057473,617,0.999999,0.9964648636004009,3458.065734402451,0,-1
c,active_stress,affine,5.0,100,2.0,9057473,618,0.999999,0.999999,3461.16449167506,0,-1
c,active_stress,affine,5.0,100,2.0,9057473,619,0.999999,0.999999,3447.1343207154064,0,-1
c,active_stress,affine,5.0,100,2.0,9057473,620,0.9998517540741096,0.999999,3467.0122640446716,0,-1
c,active_stress,affine,5.0,100,2.0,9057473,621,0.999542887211912,0.9997113725500769,3481.0489151221846,0,-1
c,active_stress,affine,5.0,100,2.0,9057473,622,0.999999,0.9958275981073482,3465.789160378382,0,-1
c,active_stress,affine,5.0,100,2.0,9057473,623,0.9980960931350317,0.999999,3454.931972372237,0,-1
c,active_stress,affine,5.0,100,2.0,9057473,624,0.9939340575410983,0.9993521782014245,3463.532695880045,0,-1
c,active_stress,affine,5.0,100,2.0,9057473,625,0.9989775400486832,0.9963422185753151,3483.6366052122657,0,-1
c,active_stress,affine,5.0,100,2.0,9057473,626,0.8290464197013443,0.9978467725467605,3456.3612554403458,0,-1
c,active_stress,affine,5.0,100,2.0,9057473,627,0.9244774286352084,0.9998638915201844,3486.6957945356994,0,-1
c,active_stress,affine,5.0,100,2.0,9057473,628,0.9197265748087194,0.999999,3471.5405301461183,0,-1
c,active_stress,affine,5.0,100,2.0,9057473,629,0.9999733565029565,0.9965543789137339,3476.541701259194,0,-1
c,active_stress,affine,5.0,100,2.0,9057473,630,0.9999038205611189,0.9979557284557518,3473.2295349408855,0,-1
c,active_stress,affine,5.0,100,2.0,9057473,631,0.999999,0.999999,3433.0620130606035,0,-1
c,active_stress,affine,5.0,100,2.0,9057473,632,0.999999,0.9999884861794741,3449.3388757549505,0,-1
c,active_stress,affine,5.0,100,2.0,9057473,633,0.999999,0.9967041878512523,3475.1529362082097,0,-1
c,active_stress,affine,5.0,100,2.0,9057473,634,0.999999,0.9981412072516379,3472.3880524874317,0,-1
c,active_stress,affine,5.0,100,2.0,9057473,635,0.999999,0.9919527884847613,3440.8732630008276,0,-1
c,active_stress,affine,5.0,100,2.0,9057473,636,0.9956499374497203,0.999999,3452.1630361283646,0,-1
c,active_stress,affine,5.0,100,2.0,9057473,637,0.9999570256723151,0.984244039104789,3484.244837673193,0,-1
c,active_stress,affine,5.0,100,2.0,9057473,638,0.999910314778924,0.999999,3458.2436483856495,0,-1
c,active_stress,affine,5.0,100,2.0,9057473,639,0.999999,0.9997459161342276,3461.5538119857656,0,-1
c,active_stress,affine,5.0,100,2.0,9057473,640,0.9999776268579296,0.999999,3466.435274380225,0,-1
c,active_stress,affine,5.0,100,2.0,9057473,641,0.999999,0.9430557802509768,3438.209109129203,0,-1
c,active_stress,affine,5.0,100,2.0,9057473,642,0.9983735326491046,0.9999777942434125,3446.4432894021147,0,-1
c,active_stress,affine,5.0,100,2.0,9057473,643,0.999999,0.999999,3462.161252304513,0,-1
c,active_stress,affine,5.0,100,2.0,9057473,644,0.9998523614192482,0.9964695609334351,3473.2394984121465,0,-1
c,active_stress,affine,5.0,100,2.0,9057473,645,0.9998867436299489,0.999999,3479.100305584741,0,-1
c,active_stress,affine,5.0,100,2.0,9057473,646,0.9959615853534088,0.999999,3482.165030024387,0,-1
c,active_stress,affine,5.0,100,2.0,9057473,647,0.999999,0.999948527467181,3477.4753948820653,0,-1
c,active_stress,affine,5.0,100,2.0,9057473,648,0.999999,0.999999,3396.190420966576,0,-1
c,active_stress,affine,5.0,100,2.0,9057473,649,0.9962720030756895,0.9982272366338909,3458.748402527437,0,-1
c,active_stress,affine,5.0,100,2.0,9057473,650,0.8738692908207382,0.999999,3468.00003335718,0,-1
c,active_stress,affine,5.0,100,2.0,9057473,651,0.999999,0.9775996692293992,3479.6818244143783,0,-1
c,active_stress,affine,5.0,100,2.0,9057473,652,0.9981830036025755,0.999999,3467.346240284126,0,-1
c,active_stress,affine,5.0,100,2.0,9057473,653,0.9986217060946593,0.9820600484870713,3451.7428090328676,0,-1
c,active_stress,affine,5.0,100,2.0,9057473,654,0.9999241134296375,0.9999952557218396,3464.8982883950134,0,-1
c,active_stress,affine,5.0,100,2.0,9057473,655,0.9764596555576054,0.997322719219299,3454.919994484142,0,-1
c,active_stress,affine,5.0,100,2.0,9057473,656,0.9993091104403248,0.999999,3467.6328347890826,0,-1
c,active_stress,affine,5.0,100,2.0,9057473,657,0.9996952898418904,0.999999,3455.7356982074834,0,-1
c,active_stress,affine,5.0,100,2.0,9057473,658,0.999999,0.9433645975226245,3428.4672294782367,0,-1
c,active_stress,affine,5.0,100,2.0,9057473,659,0.999999,0.9939887878318969,3469.986876853126,0,-1
c,active_stress,affine,5.0,100,2.0,9057473,660,0.999986777932035,0.9998954593690019,3476.3294436038427,0,-1
c,active_stress,affine,5.0,100,2.0,9057473,661,0.9873177082427441,0.9999661324500316,3474.590803693202,0,-1
c,active_stress,affine,5.0,100,2.0,9057473,662,0.999999,0.9999817476689811,3471.5873300479393,0,-1
c,active_stress,affine,5.0,100,2.0,9057473,663,0.9877391278575997,0.999999,3420.8684315667965,0,-1
c,active_stress,affine,5.0,100,2.0,9057473,664,0.9438470624912645,0.999999,3468.1704397741964,0,-1
c,active_stress,affine,5.0,100,2.0,9057473,665,0.709764714905938,0.999999,3461.3611414444226,0,-1
c,active_stress,affine,5.0,100,2.0,9057473,666,0.9986633222153718,0.9902176578106922,3439.3698972423235,0,-1
c,active_stress,affine,5.0,100,2.0,9057473,667,0.9990318119910869,0.9998300560687562,3481.363321093913,0,-1
c,active_stress,affine,5.0,100,2.0,9057473,668,0.9998240950391311,0.999999,3462.8480526539265,0,-1
c,active_stress,affine,5.0,100,2.0,9057473,669,0.9998355301421645,0.9967495228604405,3463.99243213998,0,-1
c,active_stress,affine,5.0,100,2.0,9057473,670,0.999999,0.999999,3464.7241418194926,0,-1
c,active_stress,affine,5.0,100,2.0,9057473,671,0.999999,0.999999,3482.169622490268,0,-1
c,active_stress,affine,5.0,100,2.0,9057473,672,0.999999,0.8300324516623794,3459.0936837672557,0,-1
c,active_stress,affine,5.0,100,2.0,9057473,673,0.9995848468868026,0.999999,3443.0444864443834,0,-1
c,active_stress,affine,5.0,100,2.0,9057473,674,0.999999,0.9969770200571315,3431.4413415696417,0,-1
c,active_stress,affine,5.0,100,2.0,9057473,675,0.9999688033266,0.999999,3454.056761790225,0,-1
c,active_stress,affine,5.0,100,2.0,9057473,676,0.999999,0.9985917980622891,3460.183173113854,0,-1
c,active_stress,affine,5.0,100,2.0,9057473,677,0.9999859471028998,0.9999447126424322,3405.761442166115,0,-1
c,active_stress,affine,5.0,100,2.0,9057473,678,0.9978008344990498,0.999999,3395.7396424270064,0,-1
c,active_stress,affine,5.0,100,2.0,9057473,679,0.999999,0.999999,3442.771628149726,0,-1
c,active_stress,affine,5.0,100,2.0,9057473,680,0.9906285772559582,0.9998532831829122,3468.7291196039146,0,-1
c,active_stress,affine,5.0,100,2.0,9057473,681,0.9978382889278243,0.999999,3455.18197211693,0,-1
c,active_stress,affine,5.0,100,2.0,9057473,682,0.9998937140165175,0.9999738106863836,3472.0095657863008,0,-1
c,active_stress,affine,5.0,100,2.0,9057473,683,0.9962010385364388,0.999999,3476.406310559347,0,-1
c,active_stress,affine,5.0,100,2.0,9057473,684,0.9978723082906954,0.9872820651435972,3453.1163319862208,0,-1
c,active_stress,affine,5.0,100,2.0,9057473,685,0.999999,0.9313520826294702,3441.421709144228,0,-1
c,active_stress,affine,5.0,100,2.0,9057473,686,0.8783428619900772,0.999999,3462.6563639347464,0,-1
c,active_stress,affine,5.0,100,2.0,9057473,687,0.999999,0.999999,3474.5295820482756,0,-1
c,active_stress,affine,5.0,100,2.0,9057473,688,0.9992561293682634,0.9997793165378266,3371.2248549272836,0,-1
c,active_stress,affine,5.0,100,2.0,9057473,689,0.9980135101205918,0.999999,3460.02880662284,0,-1
c,active_stress,affine,5.0,100,2.0,9057473,690,0.9998832241161468,0.999999,3456.700080086714,0,-1
c,active_stress,affine,5.0,100,2.0,9057473,691,0.9900462587758825,0.9998362474666083,3461.967553145893,0,-1
c,active_stress,affine,5.0,100,2.0,9057473,692,0.992035231119951,0.9999000328775383,3428.8798710328224,0,-1
c,active_stress,affine,5.0,100,2.0,9057473,693,0.9970632610519005,0.9990914834835768,3467.7105864728746,0,-1
c,active_stress,affine,5.0,100,2.0,9057473,694,0.999999,0.999999,3462.9507423564964,0,-1
c,active_stress,affine,5.0,100,2.0,9057473,695,0.9997835363378762,0.999999,3433.7878231362574,0,-1
c,active_stress,affine,5.0,100,2.0,9057473,696,0.999999,0.999999,3452.548940620928,0,-1
c,active_stress,affine,5.0,100,2.0,9057473,697,0.999999,0.9994346943218915,3464.9320744528254,0,-1
c,active_stress,affine,5.0,100,2.0,9057473,698,0.9991587608321927,0.999999,3475.90692026538,0,-1
c,active_stress,affine,5.0,100,2.0,9057473,699,0.999999,0.9997850406353257,3410.4576173050614,0,-1
c,active_stress,affine,5.0,100,2.0,9057473,700,0.9998256831664112,0.9999683449098182,3381.2297733617397,0,-1
c,active_stress,affine,5.0,100,2.0,9057473,701,0.999999,0.9993747729327987,3459.472806703317,0,-1
c,active_stress,affine,5.0,100,2.0,9057473,702,0.999999,0.9998419966227962,3452.9067834076013,0,-1
c,active_stress,affine,5.0,100,2.0,9057473,703,0.9982520707936493,0.999999,3476.674625892065,0,-1
c,active_stress,affine,5.0,100,2.0,9057473,704,0.999999,0.9999563490942314,3481.8857130638794,0,-1
c,active_stress,affine,5.0,100,2.0,9057473,705,0.9475469147743028,0.9999239660489829,3476.3864783715558,0,-1
c,active_stress,affine,5.0,100,2.0,9057473,706,0.9835512951296912,0.9808122197342782,3459.1129782677644,0,-1
c,active_stress,affine,5.0,100,2.0,9057473,707,0.999999,0.9997899578057625,3471.3481559723887,0,-1
c,active_stress,affine,5.0,100,2.0,9057473,708,0.7634218831110096,0.9998628583457981,3485.5220426530955,0,-1
c,active_stress,affine,5.0,100,2.0,9057473,709,0.9998450162020591,0.999999,3463.2361305431596,0,-1
c,active_stress,affine,5.0,100,2.0,9057473,710,0.6245321662269582,0.999999,3468.761559620082,0,-1
c,active_stress,affine,5.0,100,2.0,9057473,711,0.9620577198431397,0.9999049347539808,3459.401521038959,0,-1
c,active_stress,affine,5.0,100,2.0,9057473,712,0.9997471720050404,0.9999487887512201,3461.7845645426273,0,-1
c,active_stress,affine,5.0,100,2.0,9057473,713,0.999999,0.9999387814628116,3469.3975745404923,0,-1
c,active_stress,affine,5.0,100,2.0,9057473,714,0.9999686355696359,0.9999150015881573,3470.4974254354875,0,-1
c,active_stress,affine,5.0,100,2.0,9057473,715,0.99851287561827,0.999999,3456.3511358384217,0,-1
c,active_stress,affine,5.0,100,2.0,9057473,716,0.999971855466231,0.9977627163220013,3455.9684086544385,0,-1
c,active_stress,affine,5.0,100,2.0,9057473,717,0.9987094834666724,0.999999,3462.9712814927548,0,-1
c,active_stress,affine,5.0,100,2.0,9057473,718,0.999999,0.9752505741012514,3475.5769567796024,0,-1
c,active_stress,affine,5.0,100,2.0,9057473,719,0.9998578707981874,0.9549291296703084,3459.230240375592,0,-1
c,active_stress,affine,5.0,100,2.0,9057473,720,0.9994422831650791,0.999999,3473.8327468040293,0,-1
c,active_stress,affine,5.0,100,2.0,9057473,721,0.999999,0.999999,3474.7824986817573,0,-1
c,active_stress,affine,5.0,100,2.0,9057473,722,0.921910771335459,0.9999143226959417,3453.011264305289,0,-1
c,active_stress,affine,5.0,100,2.0,9057473,723,0.9999311065009021,0.99998559562659,3482.2148744860474,0,-1
c,active_stress,affine,5.0,100,2.0,9057473,724,0.9825917643342924,0.9986826123943265,3469.3509359671884,0,-1
c,active_stress,affine,5.0,100,2.0,9057473,725,0.9997826024045384,0.9707089722563356,3475.5024233601976,0,-1
c,active_stress,affine,5.0,100,2.0,9057473,726,0.999999,0.9827047792114079,3477.1572193823367,0,-1
c,active_stress,affine,5.0,100,2.0,9057473,727,0.9964089906857471,0.9697573010466127,3449.821823477031,0,-1
c,active_stress,affine,5.0,100,2.0,9057473,728,0.999999,0.9998073020782227,3452.3354026926045,0,-1
c,active_stress,affine,5.0,100,2.0,9057473,729,0.999741471663848,0.999999,3468.4838654407304,0,-1
c,active_stress,affine,5.0,100,2.0,9057473,730,0.999999,0.9999253916582949,3458.6490817124973,0,-1
c,active_stress,affine,5.0,100,2.0,9057473,731,0.999999,0.9998596102293041,3430.63115866797,0,-1
c,active_stress,affine,5.0,100,2.0,9057473,732,0.999999,0.999999,3453.400554829646,0,-1
c,active_stress,affine,5.0,100,2.0,9057473,733,0.999999,0.9998759653592022,3470.1888511314196,0,-1
c,active_stress,affine,5.0,100,2.0,9057473,734,0.9996470694249415,0.8813092384169215,3466.0582986729028,0,-1
c,active_stress,affine,5.0,100,2.0,9057473,735,0.9998053940713628,0.999999,3415.7455906703512,0,-1
c,active_stress,affine,5.0,100,2.0,9057473,736,0.9969116711949988,0.999999,3468.1228608960923,0,-1
c,active_stress,affine,5.0,100,2.0,9057473,737,0.9988118732974463,0.9999404193838175,3482.9951573773956,0,-1
c,active_stress,affine,5.0,100,2.0,9057473,738,0.9064089649549414,0.9992199887553114,3458.158213839796,0,-1
c,active_stress,affine,5.0,100,2.0,9057473,739,0.9959625261351044,0.999999,3474.7975227182333,0,-1
c,active_stress,affine,5.0,100,2.0,9057473,740,0.9999886714822512,0.5825102326490205,3379.415103109144,0,-1
c,active_stress,affine,5.0,100,2.0,9057473,741,0.9997988413778481,0.9998270403339059,3476.418678388379,0,-1
c,active_stress,affine,5.0,100,2.0,9057473,742,0.999999,0.999999,3469.0593315100664,0,-1
c,active_stress,affine,5.0,100,2.0,9057473,743,0.999999,0.999999,3476.4143044940442,0,-1
c,active_stress,affine,5.0,100,2.0,9057473,744,0.999999,0.999999,3457.7289086680985,0,-1
c,active_stress,affine,5.0,100,2.0,9057473,745,0.9999203992365002,0.9991896020397795,3458.6506079225665,0,-1
c,active_stress,affine,5.0,100,2.0,9057473,746,0.999999,0.9973443620944222,3473.664464336884,0,-1
c,active_stress,affine,5.0,100,2.0,9057473,747,0.9655473481961281,0.9993619384470013,3463.3338055177996,0,-1
c,active_stress,affine,5.0,100,2.0,9057473,748,0.9719626349447438,0.9968943775647341,3456.439664272284,0,-1
c,active_stress,affine,5.0,100,2.0,9057473,749,0.9993103614420922,0.9968307922950707,3468.07048800014,0,-1
c,active_stress,affine,5.0,100,2.0,9057473,750,0.9997664884691824,0.999999,3477.0024575222556,0,-1
c,active_stress,affine,5.0,100,2.0,9057473,751,0.999917673133042,0.999999,3480.2278102149976,0,-1
c,active_stress,affine,5.0,100,2.0,9057473,752,0.999999,0.9662417995094462,3459.637996442603,0,-1
c,active_stress,affine,5.0,100,2.0,9057473,753,0.9960289705945686,0.999999,3459.1131334498964,0,-1
c,active_stress,affine,5.0,100,2.0,9057473,754,0.999999,0.9971142088849453,3461.4048892335018,0,-1
c,active_stress,affine,5.0,100,2.0,9057473,755,0.999999,0.999999,3464.799041962731,0,-1
c,active_stress,affine,5.0,100,2.0,9057473,756,0.999999,0.9999407624930963,3470.0768253676724,0,-1
c,active_stress,affine,5.0,100,2.0,9057473,757,0.998130491342448,0.999999,3487.0893867979566,0,-1
c,active_stress,affine,5.0,100,2.0,9057473,758,0.9994489192521762,0.999999,3433.9630242674293,0,-1
c,active_stress,affine,5.0,100,2.0,9057473,759,0.9988004419636592,0.9974920495646903,3478.7254387281578,0,-1
c,active_stress,affine,5.0,100,2.0,9057473,760,0.915033197953525,0.9997282155624766,3484.2521017525114,0,-1
c,active_stress,affine,5.0,100,2.0,9057473,761,0.9995537333722406,0.999999,3418.5473401924246,0,-1
c,active_stress,affine,5.0,100,2.0,9057473,762,0.999999,0.999999,3453.124236545017,0,-1
c,active_stress,affine,5.0,100,2.0,9057473,763,0.9018619432353777,0.9743422597847071,3480.755770995959,0,-1
c,active_stress,affine,5.0,100,2.0,9057473,764,0.3438981599475622,0.9921347046318695,3478.7219176235517,0,-1
c,active_stress,affine,5.0,100,2.0,9057473,765,0.9998442870885372,0.9993173674256031,3401.7596315738733,0,-1
c,active_stress,affine,5.0,100,2.0,9057473,766,0.9999726272253746,0.999999,3476.9314886793336,0,-1
c,active_stress,affine,5.0,100,2.0,9057473,767,0.9875316177127442,0.9997035948859992,3460.745824406483,0,-1
c,active_stress,affine,5.0,100,2.0,9057473,768,0.995542596535676,0.999712198494941,3446.610503573252,0,-1
c,active_stress,affine,5.0,100,2.0,9057473,769,0.9999335504859236,0.999999,3473.9313619214063,0,-1
c,active_stress,affine,5.0,100,2.0,9057473,770,0.999999,0.9998535871928517,3457.5863431175403,0,-1
c,active_stress,affine,5.0,100,2.0,9057473,771,0.999999,0.999999,3471.863248339429,0,-1
c,active_stress,affine,5.0,100,2.0,9057473,772,0.999999,0.999999,3446.6173856984215,0,-1
c,active_stress,affine,5.0,100,2.0,9057473,773,0.999999,0.994619344663477,3463.2456550837346,0,-1
c,active_stress,affine,5.0,100,2.0,9057473,774,0.999784500494941,0.9998728043381704,3475.05313693202,0,-1
c,active_stress,affine,5.0,100,2.0,9057473,775,0.999999,0.9999244677132949,3476.657905853442,0,-1
c,active_stress,affine,5.0,100,2.0,9057473,776,0.999999,0.999999,3458.9164505465587,0,-1
c,active_stress,affine,5.0,100,2.0,9057473,777,0.999999,0.9990895745437612,3470.478259840221,0,-1
c,active_stress,affine,5.0,100,2.0,9057473,778,0.999999,0.9979973090562716,3441.420374363153,0,-1
c,active_stress,affine,5.0,100,2.0,9057473,779,0.999999,0.9478075086556673,3474.536168481286,0,-1
c,active_stress,affine,5.0,100,2.0,9057473,780,0.999999,0.9999680941774469,3453.9782060194984,0,-1
c,active_stress,affine,5.0,100,2.0,9057473,781,0.9999461688956929,0.999999,3483.0550464944545,0,-1
c,active_stress,affine,5.0,100,2.0,9057473,782,0.9996039730418615,0.9986108422117705,3471.0867457083395,0,-1
c,active_stress,affine,5.0,100,2.0,9057473,783,0.999999,0.9999363437227855,3449.6456686205324,0,-1
c,active_stress,affine,5.0,100,2.0,9057473,784,0.999999,0.9997887859040966,3453.927144733798,0,-1
c,active_stress,affine,5.0,100,2.0,9057473,785,0.999999,0.999999,3483.1018202283763,0,-1
c,active_stress,affine,5.0,100,2.0,9057473,786,0.9431259214360943,0.9900252706392013,3484.0696870485012,0,-1
c,active_stress,affine,5.0,100,2.0,9057473,787,0.999999,0.9943646286400829,3443.5586142044167,0,-1
c,active_stress,affine,5.0,100,2.0,9057473,788,0.999999,0.9990246890304655,3474.3748956364348,0,-1
c,active_stress,affine,5.0,100,2.0,9057473,789,0.999999,0.9998622657795834,3469.28582163502,0,-1
c,active_stress,affine,5.0,100,2.0,9057473,790,0.9805624604783043,0.999999,3470.414278733473,0,-1
c,active_stress,affine,5.0,100,2.0,9057473,791,0.999999,0.9971557708579166,3453.06127673951,0,-1
c,active_stress,affine,5.0,100,2.0,9057473,792,0.8728393628428698,0.999999,3468.398706812362,0,-1
c,active_stress,affine,5.0,100,2.0,9057473,793,0.9995867847575167,0.999999,3477.750259588142,0,-1
c,active_stress,affine,5.0,100,2.0,9057473,794,0.9988659867404951,0.9995341974289239,3470.202972401908,0,-1
c,active_stress,affine,5.0,100,2.0,9057473,795,0.9897697113843636,0.9713657798196829,3463.427367779021,0,-1
c,active_stress,affine,5.0,100,2.0,9057473,796,0.9999554795749653,0.999999,3463.1292091458663,0,-1
c,active_stress,affine,5.0,100,2.0,9057473,797,0.999999,0.9162053074700652,3448.728041754625,0,-1
c,active_stress,affine,5.0,100,2.0,9057473,798,0.999999,0.999999,3470.131315925142,0,-1
c,active_stress,affine,5.0,100,2.0,9057473,799,0.999999,0.999999,3448.11946722596,0,-1
c,active_stress,affine,5.0,100,2.0,9057473,800,0.9998691056985419,0.2100180948737181,3460.3273653593023,0,-1
c,active_stress,affine,5.0,100,2.0,9057473,801,0.999999,0.9999174027318043,3462.8767418152897,0,-1
c,active_stress,affine,5.0,100,2.0,9057473,802,0.999999,0.9529865234527766,3448.6179296538457,0,-1
c,active_stress,affine,5.0,100,2.0,9057473,803,0.999999,0.999999,3450.3181134863817,0,-1
c,active_stress,affine,5.0,100,2.0,9057473,804,0.9999804342313879,0.9964282465120163,3439.7128735796505,0,-1
c,active_stress,affine,5.0,100,2.0,9057473,805,0.999999,0.999999,3440.41726449844,0,-1
c,active_stress,affine,5.0,100,2.0,9057473,806,0.999999,0.9998092050776232,3473.7956010206,0,-1
c,active_stress,affine,5.0,100,2.0,9057473,807,0.999999,0.997530554280005,3455.7655039551773,0,-1
c,active_stress,affine,5.0,100,2.0,9057473,808,0.999999,0.999999,3487.4441877012805,0,-1
c,active_stress,affine,5.0,100,2.0,9057473,809,0.9995369200186113,0.999999,3464.852626374895,0,-1
c,active_stress,affine,5.0,100,2.0,9057473,810,0.999999,0.999999,3454.7109908040015,0,-1
c,active_stress,affine,5.0,100,2.0,9057473,811,0.9962253772860374,0.999999,3413.399913898686,0,-1
c,active_stress,affine,5.0,100,2.0,9057473,812,0.9063436678105381,0.999999,3453.3435793659223,0,-1
c,active_stress,affine,5.0,100,2.0,9057473,813,0.9998604920825442,0.999999,3444.6297976675614,0,-1
c,active_stress,affine,5.0,100,2.0,9057473,814,0.999999,0.9997748692767479,3471.6936987138574,0,-1
c,active_stress,affine,5.0,100,2.0,9057473,815,0.9999373487167537,0.8571951767859713,3467.005276369295,0,-1
c,active_stress,affine,5.0,100,2.0,9057473,816,0.999999,0.9926201507072832,3464.48496985005,0,-1
c,active_stress,affine,5.0,100,2.0,9057473,817,0.999999,0.999999,3463.9006711451348,0,-1
c,active_stress,affine,5.0,100,2.0,9057473,818,0.9971735298248107,0.9957764182347333,3361.615439906157,0,-1
c,active_stress,affine,5.0,100,2.0,9057473,819,0.999999,0.999999,3435.8690594651803,0,-1
c,active_stress,affine,5.0,100,2.0,9057473,820,0.999999,0.9997148780367066,3398.710191910285,0,-1
c,active_stress,affine,5.0,100,2.0,9057473,821,0.7612173794119061,0.9920204094161795,3474.8165439324557,0,-1
c,active_stress,affine,5.0,100,2.0,9057473,822,0.999999,0.8913942637619379,3434.0701314512157,0,-1
c,active_stress,affine,5.0,100,2.0,9057473,823,0.999999,0.9999782331632565,3479.0417719672937,0,-1
c,active_stress,affine,5.0,100,2.0,9057473,824,0.9888417947015464,0.9997784024507209,3479.5395701160737,0,-1
c,active_stress,affine,5.0,100,2.0,9057473,825,0.999999,0.9999301511133108,3449.8138747889425,0,-1
c,active_stress,affine,5.0,100,2.0,9057473,826,0.999999,0.9998258625286367,3471.19198417833,0,-1
c,active_stress,affine,5.0,100,2.0,9057473,827,0.99942394457013,0.999999,3486.280152727576,0,-1
c,active_stress,affine,5.0,100,2.0,9057473,828,0.9972608892430854,0.999999,3417.7457830851963,0,-1
c,active_stress,affine,5.0,100,2.0,9057473,829,0.999999,0.8993122503075645,3469.5606899638074,0,-1
c,active_stress,affine,5.0,100,2.0,9057473,830,0.9511518432481223,0.9661363662274596,3393.6167224347855,0,-1
c,active_stress,affine,5.0,100,2.0,9057473,831,0.999999,0.999999,3479.8985781913275,0,-1
c,active_stress,affine,5.0,100,2.0,9057473,832,0.9998178570863978,0.9998845056003854,3476.2261398198893,0,-1
c,active_stress,affine,5.0,100,2.0,9057473,833,0.999999,0.994804118668688,3479.8561582028237,0,-1
c,active_stress,affine,5.0,100,2.0,9057473,834,0.999999,0.9947394342285875,3398.8148084611594,0,-1
c,active_stress,affine,5.0,100,2.0,9057473,835,0.7957054497774275,0.999999,3466.0771325590467,0,-1
c,active_stress,affine,5.0,100,2.0,9057473,836,0.999999,0.9999177753814245,3471.2476658274945,0,-1
c,active_stress,affine,5.0,100,2.0,9057473,837,0.999999,0.999999,3468.3615821979515,0,-1
c,active_stress,affine,5.0,100,2.0,9057473,838,0.9999679584863356,0.9529700634880873,3429.851134141065,0,-1
c,active_stress,affine,5.0,100,2.0,9057473,839,0.9998530257779682,0.9996229497817729,3463.171210180473,0,-1
c,active_stress,affine,5.0,100,2.0,9057473,840,0.999999,0.999999,3476.1962902001505,0,-1
c,active_stress,affine,5.0,100,2.0,9057473,841,0.9943967287167187,0.9927983628192578,3469.5712252788935,0,-1
c,active_stress,affine,5.0,100,2.0,9057473,842,0.999999,0.999999,3449.7198630868197,0,-1
c,active_stress,affine,5.0,100,2.0,9057473,843,0.9982828346306304,0.999999,3457.828685687461,0,-1
c,active_stress,affine,5.0,100,2.0,9057473,844,0.9998684354169556,0.999999,3456.621121179963,0,-1
c,active_stress,affine,5.0,100,2.0,9057473,845,0.6414408584479423,0.9998081943160799,3464.258745410358,0,-1
c,active_stress,affine,5.0,100,2.0,9057473,846,0.999999,0.9954973331283995,3466.7962337670483,0,-1
c,active_stress,affine,5.0,100,2.0,9057473,847,0.999910369850701,0.999999,3456.985838292462,0,-1
c,active_stress,affine,5.0,100,2.0,9057473,848,0.9997050763690257,0.9992807869731092,3453.3291101096893,0,-1
c,active_stress,affine,5.0,100,2.0,9057473,849,0.9968651030103731,0.9814641722713251,3458.1430327973335,0,-1
c,active_stress,affine,5.0,100,2.0,9057473,850,0.9914918103341811,0.9987791067749324,3477.4299829163874,0,-1
c,active_stress,affine,5.0,100,2.0,9057473,851,0.999999,0.999999,3465.950870290299,0,-1
c,active_stress,affine,5.0,100,2.0,9057473,852,0.9212134723282738,0.9998141910483656,3468.4695692445594,0,-1
c,active_stress,affine,5.0,100,2.0,9057473,853,0.999999,0.9998999303983368,3464.7852795402846,0,-1
c,active_stress,affine,5.0,100,2.0,9057473,854,0.5894846733696053,0.9995572811794263,3476.506432187428,0,-1
c,active_stress,affine,5.0,100,2.0,9057473,855,0.9921729578139923,0.999999,3466.46672878226,0,-1
c,active_stress,affine,5.0,100,2.0,9057473,856,0.999999,0.9999926138100849,3454.26709299231,0,-1
c,active_stress,affine,5.0,100,2.0,9057473,857,0.9999842936877313,0.999999,3476.770438452834,0,-1
c,active_stress,affine,5.0,100,2.0,9057473,858,0.999999,0.9606605767468347,3464.163064411961,0,-1
c,active_stress,affine,5.0,100,2.0,9057473,859,0.999986366176542,0.999999,3481.9137083896176,0,-1
c,active_stress,affine,5.0,100,2.0,9057473,860,0.9999923295553413,0.9999865270801316,3448.496973965674,0,-1
c,active_stress,affine,5.0,100,2.0,9057473,861,0.9992652936285972,0.9908188329816715,3459.910807569004,0,-1
c,active_stress,affine,5.0,100,2.0,9057473,862,0.9998074251662806,0.999999,3444.6545340098514,0,-1
c,active_stress,affine,5.0,100,2.0,9057473,863,0.999999,0.9999921302762185,3437.7137941782125,0,-1
c,active_stress,affine,5.0,100,2.0,9057473,864,0.9788804069435759,0.9892163916879663,3457.8634812016107,0,-1
c,active_stress,affine,5.0,100,2.0,9057473,865,0.999999,0.999999,3449.702850279032,0,-1
c,active_stress,affine,5.0,100,2.0,9057473,866,0.999804185618286,0.999999,3438.3143327154116,0,-1
c,active_stress,affine,5.0,100,2.0,9057473,867,0.999666155693797,0.999999,3456.5653509935833,0,-1
c,active_stress,affine,5.0,100,2.0,9057473,868,0.999999,0.8369239129285014,3465.491461100759,0,-1
c,active_stress,affine,5.0,100,2.0,9057473,869,0.9999106973474307,0.999999,3451.391039994892,0,-1
c,active_stress,affine,5.0,100,2.0,9057473,870,0.9998675029450331,0.9985263420856866,3482.4169228755777,0,-1
c,active_stress,affine,5.0,100,2.0,9057473,871,0.999999,0.999999,3468.042107125424,0,-1
c,active_stress,affine,5.0,100,2.0,9057473,872,0.9457347719980915,0.7728012330948236,3441.539428916869,0,-1
c,active_stress,affine,5.0,100,2.0,9057473,873,0.999999,0.999999,3459.0623802126584,0,-1
c,active_stress,affine,5.0,100,2.0,9057473,874,0.9998518986866817,0.9989602691995287,3446.451339521226,0,-1
c,active_stress,affine,5.0,100,2.0,9057473,875,0.9999621482440477,0.999999,3479.5695633932883,0,-1
c,active_stress,affine,5.0,100,2.0,9057473,876,0.9979261144719519,0.965068767502027,3469.0918458160745,0,-1
c,active_stress,affine,5.0,100,2.0,9057473,877,0.999999,0.9991364622279366,3479.8744814489332,0,-1
c,active_stress,affine,5.0,100,2.0,9057473,878,0.9999284451721566,0.9980600735018786,3447.574134274141,0,-1
c,active_stress,affine,5.0,100,2.0,9057473,879,0.9979769691076654,0.999999,3467.7238687644644,0,-1
c,active_stress,affine,5.0,100,2.0,9057473,880,0.999999,0.999999,3483.4572961780545,0,-1
c,active_stress,affine,5.0,100,2.0,9057473,881,0.999999,0.9908498766719137,3452.7188689958584,0,-1
c,active_stress,affine,5.0,100,2.0,9057473,882,0.999999,0.998256504091413,3454.0591812671464,0,-1
c,active_stress,affine,5.0,100,2.0,9057473,883,0.9442247159151204,0.999999,3451.590887194273,0,-1
c,active_stress,affine,5.0,100,2.0,9057473,884,0.9999086118514922,0.9985144494549437,3443.978040516368,0,-1
c,active_stress,affine,5.0,100,2.0,9057473,885,0.9985864182455318,0.999999,3455.160004705587,0,-1
c,active_stress,affine,5.0,100,2.0,9057473,886,0.9991385683744343,0.9999429841148497,3474.03282485252,0,-1
c,active_stress,affine,5.0,100,2.0,9057473,887,0.9993357602117978,0.9987041538140532,3427.6941577833763,0,-1
c,active_stress,affine,5.0,100,2.0,9057473,888,0.9998254289786048,0.9996979593000542,3476.4043667792307,0,-1
c,active_stress,affine,5.0,100,2.0,9057473,889,0.995960728874542,0.9911425922682165,3465.284474792271,0,-1
c,active_stress,affine,5.0,100,2.0,9057473,890,0.9998356172930809,0.8141487274372561,3466.8762078236755,0,-1
c,active_stress,affine,5.0,100,2.0,9057473,891,0.7606828012138627,0.9996561161809326,3480.3323704351587,0,-1
c,active_stress,affine,5.0,100,2.0,9057473,892,0.999999,0.999999,3449.2216290418164,0,-1
c,active_stress,affine,5.0,100,2.0,9057473,893,0.999999,0.9930417390435149,3449.2462727114994,0,-1
c,active_stress,affine,5.0,100,2.0,9057473,894,0.999603332321751,0.999999,3473.45745586945,0,-1
c,active_stress,affine,5.0,100,2.0,9057473,895,0.9157047060180948,0.9999223751032746,3416.6480166502406,0,-1
c,active_stress,affine,5.0,100,2.0,9057473,896,0.6160273181060324,0.9992694548355322,3481.377465143134,0,-1
c,active_stress,affine,5.0,100,2.0,9057473,897,0.9985016144530745,0.9835528235559263,3477.6690371905415,0,-1
c,active_stress,affine,5.0,100,2.0,9057473,898,0.9907930855657725,0.9599562170094018,3447.2065554775386,0,-1
c,active_stress,affine,5.0,100,2.0,9057473,899,0.9966503443365811,0.9814912706699105,3454.537363436925,0,-1
c,active_stress,affine,5.0,100,2.0,9057473,900,0.999999,0.9994133624666443,3463.7369825022606,0,-1
c,active_stress,affine,5.0,100,2.0,9057473,901,0.977637957485916,0.8646682303638771,3456.764296768647,0,-1
c,active_stress,affine,5.0,100,2.0,9057473,902,0.9126185987563101,0.999999,3472.1800994911296,0,-1
c,active_stress,affine,5.0,100,2.0,9057473,903,0.9955258260611857,0.999999,3452.9713881606995,0,-1
c,active_stress,affine,5.0,100,2.0,9057473,904,0.9935714787183724,0.999999,3456.980376811159,0,-1
c,active_stress,affine,5.0,100,2.0,9057473,905,0.999999,0.9999732514628432,3467.1621584236586,0,-1
c,active_stress,affine,5.0,100,2.0,9057473,906,0.999999,0.999999,3485.059259233321,0,-1
c,active_stress,affine,5.0,100,2.0,9057473,907,0.999999,0.8484864344424775,3466.1568134141776,0,-1
c,active_stress,affine,5.0,100,2.0,9057473,908,0.9999759251829726,0.9964282403076169,3480.236323674504,0,-1
c,active_stress,affine,5.0,100,2.0,9057473,909,0.9680408823459766,0.999999,3454.641995018778,0,-1
c,active_stress,affine,5.0,100,2.0,9057473,910,0.814903901035755,0.999999,3460.7478049372253,0,-1
c,active_stress,affine,5.0,100,2.0,9057473,911,0.999999,0.9998210018405594,3453.899876529295,0,-1
c,active_stress,affine,5.0,100,2.0,9057473,912,0.8643643495923834,0.999999,3479.2283993429587,0,-1
c,active_stress,affine,5.0,100,2.0,9057473,913,0.999999,0.9996169045852181,3469.786500683677,0,-1
c,active_stress,affine,5.0,100,2.0,9057473,914,0.8952668748917215,0.8347352886578722,3429.850420997289,0,-1
c,active_stress,affine,5.0,100,2.0,9057473,915,0.999999,0.9999719410851052,3460.6588584716146,0,-1
c,active_stress,affine,5.0,100,2.0,9057473,916,0.999999,0.999999,3455.0462977697325,0,-1
c,active_stress,affine,5.0,100,2.0,9057473,917,0.9705533516264605,0.9703407003982979,3470.5294945897895,0,-1
c,active_stress,affine,5.0,100,2.0,9057473,918,0.999999,0.999999,3454.06977952499,0,-1
c,active_stress,affine,5.0,100,2.0,9057473,919,0.999999,0.9838169991946233,3452.9994611639613,0,-1
c,active_stress,affine,5.0,100,2.0,9057473,920,0.9999300637943656,0.999999,3481.878439428776,0,-1
c,active_stress,affine,5.0,100,2.0,9057473,921,0.9963671634527729,0.9999435345382103,3479.5453970567814,0,-1
c,active_stress,affine,5.0,100,2.0,9057473,922,0.999999,0.999999,3473.3762579632944,0,-1
c,active_stress,affine,5.0,100,2.0,9057473,923,0.999999,0.949809331712644,3460.531476666258,0,-1
c,active_stress,affine,5.0,100,2.0,9057473,924,0.9862545369754362,0.9902242374811542,3472.1199071093947,0,-1
c,active_stress,affine,5.0,100,2.0,9057473,925,0.999999,0.9998001281960283,3473.798277513735,0,-1
c,active_stress,affine,5.0,100,2.0,9057473,926,0.9895460600553866,0.7867210607795742,3463.0572348418314,0,-1
c,active_stress,affine,5.0,100,2.0,9057473,927,0.999999,0.9998479974778646,3454.9536563990796,0,-1
c,active_stress,affine,5.0,100,2.0,9057473,928,0.999999,0.9998352879337307,3485.7889435819407,0,-1
c,active_stress,affine,5.0,100,2.0,9057473,929,0.999999,0.9998059043528997,3478.342268874755,0,-1
c,active_stress,affine,5.0,100,2.0,9057473,930,0.999999,0.9990906436184295,3483.666532741721,0,-1
c,active_stress,affine,5.0,100,2.0,9057473,931,0.9996655794047004,0.9997742897464824,3439.735442700919,0,-1
c,active_stress,affine,5.0,100,2.0,9057473,932,0.7693228717962528,0.999999,3477.6436096137923,0,-1
c,active_stress,affine,5.0,100,2.0,9057473,933,0.9999781577661091,0.9786966259477522,3478.9648507891384,0,-1
c,active_stress,affine,5.0,100,2.0,9057473,934,0.999999,0.9989556933379373,3444.870267866653,0,-1
c,active_stress,affine,5.0,100,2.0,9057473,935,0.999999,0.9999516492654063,3453.9851589363166,0,-1
c,active_stress,affine,5.0,100,2.0,9057473,936,0.999999,0.999999,3470.728674673322,0,-1
c,active_stress,affine,5.0,100,2.0,9057473,937,0.999999,0.9743214331477689,3475.312307158964,0,-1
c,active_stress,affine,5.0,100,2.0,9057473,938,0.999999,0.5324204225977218,3444.4549111925994,0,-1
c,active_stress,affine,5.0,100,2.0,9057473,939,0.9999928372403437,0.999756211770747,3429.4431362875102,0,-1
c,active_stress,affine,5.0,100,2.0,9057473,940,0.9999880278505875,0.9998635968010265,3425.3760941032897,0,-1
c,active_stress,affine,5.0,100,2.0,9057473,941,0.999999,0.968544369792695,3473.14908394512,0,-1
c,active_stress,affine,5.0,100,2.0,9057473,942,0.999999,0.8982989186281243,3444.893698401849,0,-1
c,active_stress,affine,5.0,100,2.0,9057473,943,0.999999,0.9925725783012757,3461.861049526044,0,-1
c,active_stress,affine,5.0,100,2.0,9057473,944,0.999999,0.9997708031115478,3412.300744616662,0,-1
c,active_stress,affine,5.0,100,2.0,9057473,945,0.999999,0.999999,3479.243424677614,0,-1
c,active_stress,affine,5.0,100,2.0,9057473,946,0.9979603847177969,0.999999,3471.3506518925965,0,-1
c,active_stress,affine,5.0,100,2.0,9057473,947,0.999999,0.9883661401201509,3470.9010107835807,0,-1
c,active_stress,affine,5.0,100,2.0,9057473,948,0.999999,0.9978864096467966,3461.0070699017488,0,-1
c,active_stress,affine,5.0,100,2.0,9057473,949,0.999855565096447,0.9788816601498322,3453.9416865498615,0,-1
c,active_stress,affine,5.0,100,2.0,9057473,950,0.9982455980899654,0.999999,3462.6133212050513,0,-1
c,active_stress,affine,5.0,100,2.0,9057473,951,0.999999,0.9999816813284327,3440.669980418544,0,-1
c,active_stress,affine,5.0,100,2.0,9057473,952,0.9680120022570745,0.9997218807226026,3476.8580271008614,0,-1
c,active_stress,affine,5.0,100,2.0,9057473,953,0.9973550613678539,0.8696536040218704,3437.900312317685,0,-1
c,active_stress,affine,5.0,100,2.0,9057473,954,0.9928118127793403,0.9998857503511748,3459.9057261706876,0,-1
c,active_stress,affine,5.0,100,2.0,9057473,955,0.999999,0.99999296484785,3468.519313587027,0,-1
c,active_stress,affine,5.0,100,2.0,9057473,956,0.999999,0.9979789229299607,3446.8722985083796,0,-1
c,active_stress,affine,5.0,100,2.0,9057473,957,0.999999,0.999999,3467.659448350382,0,-1
c,active_stress,affine,5.0,100,2.0,9057473,958,0.999975856494095,0.999999,3350.9413408808314,0,-1
c,active_stress,affine,5.0,100,2.0,9057473,959,0.999999,0.999999,3458.7587031839585,0,-1
c,active_stress,affine,5.0,100,2.0,9057473,960,0.9999709160488063,0.999999,3445.305754197131,0,-1
c,active_stress,affine,5.0,100,2.0,9057473,961,0.9999026618871822,0.9791605215899399,3460.3838044959975,0,-1
c,active_stress,affine,5.0,100,2.0,9057473,962,0.999999,0.9865669583226339,3458.3711319093986,0,-1
c,active_stress,affine,5.0,100,2.0,9057473,963,0.999999,0.9906408902980115,3458.995260327712,0,-1
c,active_stress,affine,5.0,100,2.0,9057473,964,0.999999,0.9917137854790273,3442.4728762170193,0,-1
c,active_stress,affine,5.0,100,2.0,9057473,965,0.999999,0.9998756640062149,3461.5099156879537,0,-1
c,active_stress,affine,5.0,100,2.0,9057473,966,0.9570700175381085,0.9931934345069601,3462.788610519193,0,-1
c,active_stress,affine,5.0,100,2.0,9057473,967,0.9979123407558179,0.9999451431290729,3474.442690535254,0,-1
c,active_stress,affine,5.0,100,2.0,9057473,968,0.9256283432450426,0.999999,3484.9181470175695,0,-1
c,active_stress,affine,5.0,100,2.0,9057473,969,0.9996460514303623,0.999999,3446.992093772993,0,-1
c,active_stress,affine,5.0,100,2.0,9057473,970,0.9997340746417821,0.9986583316429232,3435.4192351183824,0,-1
c,active_stress,affine,5.0,100,2.0,9057473,971,0.9991846386703249,0.999999,3455.0996935890953,0,-1
c,active_stress,affine,5.0,100,2.0,9057473,972,0.999999,0.9999963120446371,3484.4316580160594,0,-1
c,active_stress,affine,5.0,100,2.0,9057473,973,0.999999,0.999999,3468.646958947176,0,-1
c,active_stress,affine,5.0,100,2.0,9057473,974,0.999999,0.999999,3464.647375525611,0,-1
c,active_stress,affine,5.0,100,2.0,9057473,975,0.999999,0.9674108322522955,3452.937965821139,0,-1
c,active_stress,affine,5.0,100,2.0,9057473,976,0.970753299786379,0.999999,3481.611542394894,0,-1
c,active_stress,affine,5.0,100,2.0,9057473,977,0.999999,0.8036351268765305,3471.9694698042154,0,-1
c,active_stress,affine,5.0,100,2.0,9057473,978,0.9997440891663756,0.998859486227584,3462.759923600528,0,-1
c,active_stress,affine,5.0,100,2.0,9057473,979,0.999999,0.999999,3453.730130561273,0,-1
c,active_stress,affine,5.0,100,2.0,9057473,980,0.999836885037512,0.999999,3468.853820882495,0,-1
c,active_stress,affine,5.0,100,2.0,9057473,981,0.999999,0.999999,3477.447466824629,0,-1
c,active_stress,affine,5.0,100,2.0,9057473,982,0.999999,0.999999,3473.8537468334616,0,-1
c,active_stress,affine,5.0,100,2.0,9057473,983,0.998699196951763,0.999999,3482.5362206333916,0,-1
c,active_stress,affine,5.0,100,2.0,9057473,984,0.9999967939393901,0.9878410134134823,3485.7048751254442,0,-1
c,active_stress,affine,5.0,100,2.0,9057473,985,0.999999,0.9981607331881519,3480.24992971251,0,-1
c,active_stress,affine,5.0,100,2.0,9057473,986,0.999999,0.999999,3483.703363489629,0,-1
c,active_stress,affine,5.0,100,2.0,9057473,987,0.9849196582417231,0.9993485466582893,3461.829858966635,0,-1
c,active_stress,affine,5.0,100,2.0,9057473,988,0.9988180568547893,0.999999,3454.7411265904525,0,-1
c,active_stress,affine,5.0,100,2.0,9057473,989,0.999999,0.9999130409310271,3453.0002051759884,0,-1
c,active_stress,affine,5.0,100,2.0,9057473,990,0.9998523707594179,0.9999530086203668,3472.16625867633,0,-1
c,active_stress,affine,5.0,100,2.0,9057473,991,0.999999,0.8565206697838573,3468.473718069808,0,-1
c,active_stress,affine,5.0,100,2.0,9057473,992,0.999999,0.999999,3458.2750704438413,0,-1
c,active_stress,affine,5.0,100,2.0,9057473,993,0.999999,0.9998241453306702,3467.7459723884085,0,-1
c,active_stress,affine,5.0,100,2.0,9057473,994,0.99987010915838,0.999999,3472.6023432839065,0,-1
c,active_stress,affine,5.0,100,2.0,9057473,995,0.9999874954088641,0.999999,3484.177718290322,0,-1
c,active_stress,affine,5.0,100,2.0,9057473,996,0.9998521443025464,0.999999,3463.833308266898,0,-1
c,active_stress,affine,5.0,100,2.0,9057473,997,0.9992150087680771,0.999999,3471.8589126233455,0,-1
c,active_stress,affine,5.0,100,2.0,9057473,998,0.9960615058919782,0.999999,3468.260074682495,0,-1
c,active_stress,affine,5.0,100,2.0,9057473,999,0.9972300932846304,0.9917705805639422,3470.091205066602,0,-1
c,active_coupling,affine,4.0,100,1.0,7057467,0,0.999999,0.9997249643044819,3473.4104375351253,0,-1
c,active_coupling,affine,4.0,100,1.0,7057467,1,0.7340346077102603,0.9659269219204023,3448.554874399207,0,-1
c,active_coupling,affine,4.0,100,1.0,7057467,2,0.999999,0.999999,3450.1170739741588,0,-1
c,active_coupling,affine,4.0,100,1.0,7057467,3,0.9996501591658187,0.9999038129124032,3462.2456140448435,0,-1
c,active_coupling,affine,4.0,100,1.0,7057467,4,0.999999,0.9224929479532653,3433.6452557787447,0,-1
c,active_coupling,affine,4.0,100,1.0,7057467,5,0.999999,0.9999826986721635,3476.7764594168857,0,-1
c,active_coupling,affine,4.0,100,1.0,7057467,6,0.999999,0.999999,3461.065670358586,0,-1
c,active_coupling,affine,4.0,100,1.0,7057467,7,0.999999,0.9998040990039736,3450.0043077602318,0,-1
c,active_coupling,affine,4.0,100,1.0,7057467,8,0.9903479421074233,0.999999,3478.023293670189,0,-1
c,active_coupling,affine,4.0,100,1.0,7057467,9,0.999999,0.999999,3466.585175581121,0,-1
c,active_coupling,affine,4.0,100,1.0,7057467,10,0.999999,0.9999715294181535,3458.4402817099635,0,-1
c,active_coupling,affine,4.0,100,1.0,7057467,11,0.999999,0.9791387827302763,3463.8548607553107,0,-1
c,active_coupling,affine,4.0,100,1.0,7057467,12,0.9971930737404306,0.9935411523090587,3462.790714522796,0,-1
c,active_coupling,affine,4.0,100,1.0,7057467,13,0.999999,0.9996737446114565,3444.391897114796,0,-1
c,active_coupling,affine,4.0,100,1.0,7057467,14,0.9998451520540137,0.9997729903031307,3439.040794271287,0,-1
c,active_coupling,affine,4.0,100,1.0,7057467,15,0.9375546739368954,0.9982631361244664,3379.496241585987,0,-1
c,active_coupling,affine,4.0,100,1.0,7057467,16,0.6805871987381713,0.999999,3465.9419481747905,0,-1
c,active_coupling,affine,4.0,100,1.0,7057467,17,0.999999,0.953646968886428,3473.1526054012356,0,-1
c,active_coupling,affine,4.0,100,1.0,7057467,18,0.8109853372276331,0.9860440094595403,3479.952571151695,0,-1
c,active_coupling,affine,4.0,100,1.0,7057467,19,0.999999,0.9756502665158985,3473.1142360638464,0,-1
c,active_coupling,affine,4.0,100,1.0,7057467,20,0.997111358573636,0.9955681752529465,3483.792445420931,0,-1
c,active_coupling,affine,4.0,100,1.0,7057467,21,0.9988386812221154,0.9999720537631485,3410.629765196909,0,-1
c,active_coupling,affine,4.0,100,1.0,7057467,22,0.9378620949232402,0.9015342132448029,3456.4294911407756,0,-1
c,active_coupling,affine,4.0,100,1.0,7057467,23,0.9853645988851232,0.999999,3481.1369591211082,0,-1
c,active_coupling,affine,4.0,100,1.0,7057467,24,0.9933312000762583,0.9992874414983142,3477.0769661957115,0,-1
c,active_coupling,affine,4.0,100,1.0,7057467,25,0.9787771825687841,0.9951774269694252,3463.9079237419687,0,-1
c,active_coupling,affine,4.0,100,1.0,7057467,26,0.9298928576434632,0.9851336284086242,3475.329188637612,0,-1
c,active_coupling,affine,4.0,100,1.0,7057467,27,0.9994787255935398,0.9986133097476144,3469.7790585912103,0,-1
c,active_coupling,affine,4.0,100,1.0,7057467,28,0.999999,0.9583198910200857,3464.232607205213,0,-1
c,active_coupling,affine,4.0,100,1.0,7057467,29,0.9999923236540061,0.999999,3474.2610819841207,0,-1
c,active_coupling,affine,4.0,100,1.0,7057467,30,0.999999,0.999999,3443.697402645234,0,-1
c,active_coupling,affine,4.0,100,1.0,7057467,31,0.999999,0.9993419656342455,3456.756574597034,0,-1
c,active_coupling,affine,4.0,100,1.0,7057467,32,0.7945814757327083,0.999999,3477.625726252357,0,-1
c,active_coupling,affine,4.0,100,1.0,7057467,33,0.999999,0.9998922165829716,3453.0228752811054,0,-1
c,active_coupling,affine,4.0,100,1.0,7057467,34,0.9999534753003745,0.9998126389520783,3458.141938119728,0,-1
c,active_coupling,affine,4.0,100,1.0,7057467,35,0.9539953033483968,0.999999,3482.1150760477535,0,-1
c,active_coupling,affine,4.0,100,1.0,7057467,36,0.7458863008131218,0.9997374959230313,3462.5976538523446,0,-1
c,active_coupling,affine,4.0,100,1.0,7057467,37,0.9998072312210555,0.9813039282794374,3469.1569948102733,0,-1
c,active_coupling,affine,4.0,100,1.0,7057467,38,0.9940060158463327,0.9998937914920017,3474.856245676144,0,-1
c,active_coupling,affine,4.0,100,1.0,7057467,39,0.999999,0.999999,3468.140244500169,0,-1
c,active_coupling,affine,4.0,100,1.0,7057467,40,0.999999,0.999999,3476.751666766693,0,-1
c,active_coupling,affine,4.0,100,1.0,7057467,41,0.999999,0.999999,3429.8334981005137,0,-1
c,active_coupling,affine,4.0,100,1.0,7057467,42,0.9998974709799577,0.9853571988773803,3472.027475359345,0,-1
c,active_coupling,affine,4.0,100,1.0,7057467,43,0.999999,0.999999,3467.0520036331554,0,-1
c,active_coupling,affine,4.0,100,1.0,7057467,44,0.999999,0.999999,3475.574394910179,0,-1
c,active_coupling,affine,4.0,100,1.0,7057467,45,0.9999651729462022,0.9309567636031205,3455.0347532428596,0,-1
c,active_coupling,affine,4.0,100,1.0,7057467,46,0.9947336858698838,0.9997851306536838,3474.426928822329,0,-1
c,active_coupling,affine,4.0,100,1.0,7057467,47,0.999999,0.999999,3439.9592390806743,0,-1
c,active_coupling,affine,4.0,100,1.0,7057467,48,0.999999,0.999999,3465.9339564909574,0,-1
c,active_coupling,affine,4.0,100,1.0,7057467,49,0.9362160271568828,0.999999,3443.9244937578405,0,-1
c,active_coupling,affine,4.0,100,1.0,7057467,50,0.999999,0.9999223579634292,3474.412292982622,0,-1
c,active_coupling,affine,4.0,100,1.0,7057467,51,0.999999,0.9999390235041132,3475.0122012045845,0,-1
c,active_coupling,affine,4.0,100,1.0,7057467,52,0.998696151404693,0.9998714195135571,3435.5444498682823,0,-1
c,active_coupling,affine,4.0,100,1.0,7057467,53,0.999999,0.9969992979280132,3479.020315836979,0,-1
c,active_coupling,affine,4.0,100,1.0,7057467,54,0.9681409632350091,0.999999,3440.3467068852387,0,-1
c,active_coupling,affine,4.0,100,1.0,7057467,55,0.9996898883108034,0.9996903652755245,3462.0343369443385,0,-1
c,active_coupling,affine,4.0,100,1.0,7057467,56,0.9998991550117325,0.9998859884132856,3407.549052240139,0,-1
c,active_coupling,affine,4.0,100,1.0,7057467,57,0.9998166801089796,0.999999,3445.5235965139177,0,-1
c,active_coupling,affine,4.0,100,1.0,7057467,58,0.9991810463606053,0.999999,3462.1762525303043,0,-1
c,active_coupling,affine,4.0,100,1.0,7057467,59,0.9998786040254779,0.9999709183930012,3470.403136080031,0,-1
c,active_coupling,affine,4.0,100,1.0,7057467,60,0.998280543601145,0.9156409380625203,3442.6077808540394,0,-1
c,active_coupling,affine,4.0,100,1.0,7057467,61,0.999999,0.9050817021453782,3461.8515622693058,0,-1
c,active_coupling,affine,4.0,100,1.0,7057467,62,0.999999,0.9999316840957455,3439.7274735103347,0,-1
c,active_coupling,affine,4.0,100,1.0,7057467,63,0.999999,0.999999,3461.7081496250785,0,-1
c,active_coupling,affine,4.0,100,1.0,7057467,64,0.9901792549405669,0.4643123479341846,3440.5531946533483,0,-1
c,active_coupling,affine,4.0,100,1.0,7057467,65,0.999999,0.9984226235595107,3465.620529006036,0,-1
c,active_coupling,affine,4.0,100,1.0,7057467,66,0.9999012635220816,0.999999,3461.429219539113,0,-1
c,active_coupling,affine,4.0,100,1.0,7057467,67,0.999999,0.9980598532863006,3461.762501538545,0,-1
c,active_coupling,affine,4.0,100,1.0,7057467,68,0.9988626402762635,0.9993447742501342,3447.360889637032,0,-1
c,active_coupling,affine,4.0,100,1.0,7057467,69,0.9504736246407102,0.999999,3466.7213588140985,0,-1
c,active_coupling,affine,4.0,100,1.0,7057467,70,0.999999,0.9995359468780439,3451.526167404525,0,-1
c,active_coupling,affine,4.0,100,1.0,7057467,71,0.9999228218404136,0.999999,3463.9562083593514,0,-1
c,active_coupling,affine,4.0,100,1.0,7057467,72,0.999999,0.9981590213551701,3401.1558144411633,0,-1
c,active_coupling,affine,4.0,100,1.0,7057467,73,0.9963545050575138,0.999999,3476.137323263518,0,-1
c,active_coupling,affine,4.0,100,1.0,7057467,74,0.9995850527671923,0.9673880914754905,3456.56451046019,0,-1
c,active_coupling,affine,4.0,100,1.0,7057467,75,0.9903190228584648,0.9998608345100504,3474.1825623511527,0,-1
c,active_coupling,affine,4.0,100,1.0,7057467,76,0.9999404904715219,0.9978391894515025,3458.686772256022,0,-1
c,active_coupling,affine,4.0,100,1.0,7057467,77,0.9996457632445115,0.999999,3469.179160930006,0,-1
c,active_coupling,affine,4.0,100,1.0,7057467,78,0.9889254696330579,0.999999,3440.126856182203,0,-1
c,active_coupling,affine,4.0,100,1.0,7057467,79,0.9755427429748678,0.999999,3473.3561698008457,0,-1
c,active_coupling,affine,4.0,100,1.0,7057467,80,0.9975456230909274,0.9980150531709427,3476.6226520077307,0,-1
c,active_coupling,affine,4.0,100,1.0,7057467,81,0.999999,0.999999,3485.7030875312116,0,-1
c,active_coupling,affine,4.0,100,1.0,7057467,82,0.999999,0.999994331882135,3480.6587283157523,0,-1
c,active_coupling,affine,4.0,100,1.0,7057467,83,0.9997364405138248,0.999999,3456.262689429917,0,-1
c,active_coupling,affine,4.0,100,1.0,7057467,84,0.936360718061826,0.9958997825811631,3469.510622935004,0,-1
c,active_coupling,affine,4.0,100,1.0,7057467,85,0.999999,0.999999,3451.1175583644977,0,-1
c,active_coupling,affine,4.0,100,1.0,7057467,86,0.999999,0.9999663060005102,3440.2100702072403,0,-1
c,active_coupling,affine,4.0,100,1.0,7057467,87,0.7805296623060665,0.9089151899273182,3470.0719546271653,0,-1
c,active_coupling,affine,4.0,100,1.0,7057467,88,0.9998992029267183,0.999999,3463.7594789036634,0,-1
c,active_coupling,affine,4.0,100,1.0,7057467,89,0.999999,0.999999,3443.4465484395223,0,-1
c,active_coupling,affine,4.0,100,1.0,7057467,90,0.9999149781857417,0.999999,3472.583518332128,0,-1
c,active_coupling,affine,4.0,100,1.0,7057467,91,0.999999,0.9998890433572407,3420.421206063814,0,-1
c,active_coupling,affine,4.0,100,1.0,7057467,92,0.9997252409520944,0.999999,3443.5596768652536,0,-1
c,active_coupling,affine,4.0,100,1.0,7057467,93,0.9278650991089017,0.999824080481684,3466.335572351949,0,-1
c,active_coupling,affine,4.0,100,1.0,7057467,94,0.999999,0.999885362873649,3476.6096073973217,0,-1
c,active_coupling,affine,4.0,100,1.0,7057467,95,0.807290482895944,0.9999235959298196,3416.958383023814,0,-1
c,active_coupling,affine,4.0,100,1.0,7057467,96,0.999999,0.9938479323887306,3462.8267901068543,0,-1
c,active_coupling,affine,4.0,100,1.0,7057467,97,0.9995748871524911,0.9985831819135005,3460.6648703949427,0,-1
c,active_coupling,affine,4.0,100,1.0,7057467,98,0.999999,0.9989632388906661,3470.826072920195,0,-1
c,active_coupling,affine,4.0,100,1.0,7057467,99,0.999999,0.999999,3456.0164761070137,0,-1
c,active_coupling,affine,4.0,100,1.0,7057467,100,0.9988026090033459,0.9998310490340783,3455.1014417595375,0,-1
c,active_coupling,affine,4.0,100,1.0,7057467,101,0.9999325576350918,0.998680651977121,3470.009256546653,0,-1
c,active_coupling,affine,4.0,100,1.0,7057467,102,0.999999,0.999999,3460.8287986739665,0,-1
c,active_coupling,affine,4.0,100,1.0,7057467,103,0.9981693435464919,0.999999,3448.899975764687,0,-1
c,active_coupling,affine,4.0,100,1.0,7057467,104,0.9997609570019481,0.999999,3466.450947316215,0,-1
c,active_coupling,affine,4.0,100,1.0,7057467,105,0.999999,0.9996448337215862,3440.5749875400134,0,-1
c,active_coupling,affine,4.0,100,1.0,7057467,106,0.9998642283314431,0.9980073326438978,3438.8871642532017,0,-1
c,active_coupling,affine,4.0,100,1.0,7057467,107,0.9999707424587527,0.999999,3462.9851333986844,0,-1
c,active_coupling,affine,4.0,100,1.0,7057467,108,0.9997425526159054,0.9215896545578395,3467.5495183231583,0,-1
c,active_coupling,affine,4.0,100,1.0,7057467,109,0.999999,0.9999711336548726,3451.4083969263947,0,-1
c,active_coupling,affine,4.0,100,1.0,7057467,110,0.9778414398459403,0.9992824361016313,3463.7843406281913,0,-1
c,active_coupling,affine,4.0,100,1.0,7057467,111,0.9991144183284579,0.8741482450154687,3451.2816603564997,0,-1
c,active_coupling,affine,4.0,100,1.0,7057467,112,0.999999,0.999999,3459.2802210847603,0,-1
c,active_coupling,affine,4.0,100,1.0,7057467,113,0.999917752490845,0.999999,3466.6314759739557,0,-1
c,active_coupling,affine,4.0,100,1.0,7057467,114,0.999999,0.999999,3475.952271735707,0,-1
c,active_coupling,affine,4.0,100,1.0,7057467,115,0.999999,0.9998934872369356,3470.0002426702054,0,-1
c,active_coupling,affine,4.0,100,1.0,7057467,116,0.9534110464306557,0.9982462594338365,3469.6729435796947,0,-1
c,active_coupling,affine,4.0,100,1.0,7057467,117,0.9999895792684055,0.9997549542309881,3470.3075465918746,0,-1
c,active_coupling,affine,4.0,100,1.0,7057467,118,0.7530978696868158,0.9964230138256431,3479.603796877138,0,-1
c,active_coupling,affine,4.0,100,1.0,7057467,119,0.9998990527576377,0.999999,3468.6023048180327,0,-1
c,active_coupling,affine,4.0,100,1.0,7057467,120,0.999999,0.999999,3427.661721013292,0,-1
c,active_coupling,affine,4.0,100,1.0,7057467,121,0.999999,0.9954473106698725,3483.7073387979467,0,-1
c,active_coupling,affine,4.0,100,1.0,7057467,122,0.9291962997050995,0.999999,3466.682010584396,0,-1
c,active_coupling,affine,4.0,100,1.0,7057467,123,0.9618872184434454,0.9979835187228455,3481.5688188173212,0,-1
c,active_coupling,affine,4.0,100,1.0,7057467,124,0.9552873295596187,0.9873042107964133,3470.573035590513,0,-1
c,active_coupling,affine,4.0,100,1.0,7057467,125,0.999999,0.9392586034966222,3470.853814967716,0,-1
c,active_coupling,affine,4.0,100,1.0,7057467,126,0.999999,0.9998641650015966,3473.748377262661,0,-1
c,active_coupling,affine,4.0,100,1.0,7057467,127,0.999999,0.999999,3418.036597743857,0,-1
c,active_coupling,affine,4.0,100,1.0,7057467,128,0.9230308057689578,0.999999,3467.544526881805,0,-1
c,active_coupling,affine,4.0,100,1.0,7057467,129,0.9338298807039764,0.999999,3463.119489868472,0,-1
c,active_coupling,affine,4.0,100,1.0,7057467,130,0.9905597347461427,0.9998275812645836,3457.4467083666964,0,-1
c,active_coupling,affine,4.0,100,1.0,7057467,131,0.999999,0.999999,3438.3237655746357,0,-1
c,active_coupling,affine,4.0,100,1.0,7057467,132,0.9973502273172595,0.9985247770556012,3484.218337403756,0,-1
c,active_coupling,affine,4.0,100,1.0,7057467,133,0.9999922129853761,0.9997427151935457,3472.3153873963183,0,-1
c,active_coupling,affine,4.0,100,1.0,7057467,134,0.9982056608480995,0.9990027037351761,3457.002579354167,0,-1
c,active_coupling,affine,4.0,100,1.0,7057467,135,0.990624675399388,0.6921060482248391,3434.696512664284,0,-1
c,active_coupling,affine,4.0,100,1.0,7057467,136,0.99927530301561,0.9988800886222859,3474.239210840683,0,-1
c,active_coupling,affine,4.0,100,1.0,7057467,137,0.999999,0.999999,3470.2354787513073,0,-1
c,active_coupling,affine,4.0,100,1.0,7057467,138,0.997366356318204,0.999999,3477.005888917879,0,-1
c,active_coupling,affine,4.0,100,1.0,7057467,139,0.9593740061423228,0.9999754992732566,3464.50215599955,0,-1
c,active_coupling,affine,4.0,100,1.0,7057467,140,0.9972101054097066,0.8158797501799261,3442.133518439165,0,-1
c,active_coupling,affine,4.0,100,1.0,7057467,141,0.999999,0.9999354859035332,3442.836656143042,0,-1
c,active_coupling,affine,4.0,100,1.0,7057467,142,0.9998837694218909,0.999999,3446.298179026783,0,-1
c,active_coupling,affine,4.0,100,1.0,7057467,143,0.9988643508980608,0.999999,3484.474294824711,0,-1
c,active_coupling,affine,4.0,100,1.0,7057467,144,0.999999,0.9981488514454516,3455.86277416982,0,-1
c,active_coupling,affine,4.0,100,1.0,7057467,145,0.978333328373817,0.9792866664070593,3482.4117233791835,0,-1
c,active_coupling,affine,4.0,100,1.0,7057467,146,0.768836433406173,0.99813288671725,3478.566420073949,0,-1
c,active_coupling,affine,4.0,100,1.0,7057467,147,0.999999,0.999999,3428.3890015565394,0,-1
c,active_coupling,affine,4.0,100,1.0,7057467,148,0.9998890832871384,0.9998735958880359,3477.6815778957166,0,-1
c,active_coupling,affine,4.0,100,1.0,7057467,149,0.8778282002134875,0.999999,3467.9971362973633,0,-1
c,active_coupling,affine,4.0,100,1.0,7057467,150,0.999999,0.999947280922522,3415.9655223721643,0,-1
c,active_coupling,affine,4.0,100,1.0,7057467,151,0.999999,0.9994312469123945,3472.3382375918213,0,-1
c,active_coupling,affine,4.0,100,1.0,7057467,152,0.9970413054379735,0.9658728273250528,3471.507897291277,0,-1
c,active_coupling,affine,4.0,100,1.0,7057467,153,0.9760091189778789,0.999999,3446.4001127212937,0,-1
c,active_coupling,affine,4.0,100,1.0,7057467,154,0.9971132794779743,0.999999,3447.755108529396,0,-1
c,active_coupling,affine,4.0,100,1.0,7057467,155,0.999999,0.9998592380024872,3439.2302538878266,0,-1
c,active_coupling,affine,4.0,100,1.0,7057467,156,0.9936354814196833,0.999999,3433.1207252547138,0,-1
c,active_coupling,affine,4.0,100,1.0,7057467,157,0.999999,0.6994588091656403,3473.070535425986,0,-1
c,active_coupling,affine,4.0,100,1.0,7057467,158,0.999999,0.9998485221459388,3455.8837948072523,0,-1
c,active_coupling,affine,4.0,100,1.0,7057467,159,0.999999,0.989377181610793,3467.342171744653,0,-1
c,active_coupling,affine,4.0,100,1.0,7057467,160,0.9999537490258024,0.9996790192439454,3467.1083217169403,0,-1
c,active_coupling,affine,4.0,100,1.0,7057467,161,0.999999,0.8365582836360738,3468.5062564645436,0,-1
c,active_coupling,affine,4.0,100,1.0,7057467,162,0.999999,0.999999,3475.5561711589858,0,-1
c,active_coupling,affine,4.0,100,1.0,7057467,163,0.999949218162132,0.99880897073478,3450.7445637846936,0,-1
c,active_coupling,affine,4.0,100,1.0,7057467,164,0.9997503797416057,0.7928699590510159,3458.1471761492835,0,-1
c,active_coupling,affine,4.0,100,1.0,7057467,165,0.9898844379234331,0.999999,3437.4996944565896,0,-1
c,active_coupling,affine,4.0,100,1.0,7057467,166,0.9997667709363143,0.999999,3438.9633865059336,0,-1
c,active_coupling,affine,4.0,100,1.0,7057467,167,0.9846182957585887,0.999999,3439.2655299929193,0,-1
c,active_coupling,affine,4.0,100,1.0,7057467,168,0.999999,0.999999,3475.1899887150344,0,-1
c,active_coupling,affine,4.0,100,1.0,7057467,169,0.999999,0.9998792123313301,3453.310837220802,0,-1
c,active_coupling,affine,4.0,100,1.0,7057467,170,0.9642477642109311,0.9963045483265058,3468.916909398467,0,-1
c,active_coupling,affine,4.0,100,1.0,7057467,171,0.999999,0.9976216070186542,3480.877239096566,0,-1
c,active_coupling,affine,4.0,100,1.0,7057467,172,0.9984899163491698,0.9935250140027668,3469.2161596896726,0,-1
c,active_coupling,affine,4.0,100,1.0,7057467,173,0.999999,0.9433231776845444,3475.5585720409067,0,-1
c,active_coupling,affine,4.0,100,1.0,7057467,174,0.999991199487877,0.9998012760325906,3463.6966495274232,0,-1
c,active_coupling,affine,4.0,100,1.0,7057467,175,0.9884762804519888,0.999999,3480.038452874662,0,-1
c,active_coupling,affine,4.0,100,1.0,7057467,176,0.999999,0.999999,3479.231311641594,0,-1
c,active_coupling,affine,4.0,100,1.0,7057467,177,0.9860196529794509,0.999999,3482.9278146756565,0,-1
c,active_coupling,affine,4.0,100,1.0,7057467,178,0.999999,0.9998565418459767,3429.0414579722305,0,-1
c,active_coupling,affine,4.0,100,1.0,7057467,179,0.5927907148473803,0.9999266816905698,3463.8052065081442,0,-1
c,active_coupling,affine,4.0,100,1.0,7057467,180,0.9732966436027722,0.999999,3466.693176440483,0,-1
c,active_coupling,affine,4.0,100,1.0,7057467,181,0.999999,0.9998004631847185,3470.781567697724,0,-1
c,active_coupling,affine,4.0,100,1.0,7057467,182,0.9987754523907287,0.9796700574066814,3475.035499871153,0,-1
c,active_coupling,affine,4.0,100,1.0,7057467,183,0.999999,0.999999,3439.2519500700528,0,-1
c,active_coupling,affine,4.0,100,1.0,7057467,184,0.999999,0.9949569420673895,3440.4344098288016,0,-1
c,active_coupling,affine,4.0,100,1.0,7057467,185,0.999999,0.999999,3466.6182655612147,0,-1
c,active_coupling,affine,4.0,100,1.0,7057467,186,0.9986757213871003,0.9988400109350608,3479.6696167283358,0,-1
c,active_coupling,affine,4.0,100,1.0,7057467,187,0.9998972903651607,0.9998836102808033,3464.236412666195,0,-1
c,active_coupling,affine,4.0,100,1.0,7057467,188,0.9959940933364928,0.9972005292914289,3482.2184595207755,0,-1
c,active_coupling,affine,4.0,100,1.0,7057467,189,0.999999,0.999999,3450.1137968438707,0,-1
c,active_coupling,affine,4.0,100,1.0,7057467,190,0.966848515934035,0.9626047205187409,3490.9051643595603,0,-1
c,active_coupling,affine,4.0,100,1.0,7057467,191,0.9977125645821564,0.9902846576569913,3456.2473964652436,0,-1
c,active_coupling,affine,4.0,100,1.0,7057467,192,0.999999,0.9999650748433168,3450.9929057059953,0,-1
c,active_coupling,affine,4.0,100,1.0,7057467,193,0.999999,0.9788433383554119,3470.586745096932,0,-1
c,active_coupling,affine,4.0,100,1.0,7057467,194,0.971866717398727,0.999999,3436.7581795713027,0,-1
c,active_coupling,affine,4.0,100,1.0,7057467,195,0.9763261896782905,0.999999,3448.449886155069,0,-1
c,active_coupling,affine,4.0,100,1.0,7057467,196,0.999999,0.999999,3472.256583332082,0,-1
c,active_coupling,affine,4.0,100,1.0,7057467,197,0.9998519817170001,0.9953344809439769,3467.755193667238,0,-1
c,active_coupling,affine,4.0,100,1.0,7057467,198,0.9987313723230864,0.999999,3478.9598348299146,0,-1
c,active_coupling,affine,4.0,100,1.0,7057467,199,0.999999,0.999999,3465.37983204825,0,-1
c,active_coupling,affine,4.0,100,1.0,7057467,200,0.999999,0.9999730815631386,3474.9131273933426,0,-1
c,active_coupling,affine,4.0,100,1.0,7057467,201,0.999999,0.9935363513131004,3481.0277464265805,0,-1
c,active_coupling,affine,4.0,100,1.0,7057467,202,0.9999776475675447,0.8560475759271369,3446.095493063076,0,-1
c,active_coupling,affine,4.0,100,1.0,7057467,203,0.9916103958812281,0.8772819124621303,3486.827172239993,0,-1
c,active_coupling,affine,4.0,100,1.0,7057467,204,0.999999,0.9998930293386031,3450.4046692117554,0,-1
c,active_coupling,affine,4.0,100,1.0,7057467,205,0.9996833401920923,0.9946332131422426,3439.590490965915,0,-1
c,active_coupling,affine,4.0,100,1.0,7057467,206,0.999999,0.9999665945976405,3487.6719118038277,0,-1
c,active_coupling,affine,4.0,100,1.0,7057467,207,0.9966318872756617,0.999999,3478.9488376018426,0,-1
c,active_coupling,affine,4.0,100,1.0,7057467,208,0.9999611735035392,0.999999,3448.2714025121772,0,-1
c,active_coupling,affine,4.0,100,1.0,7057467,209,0.999999,0.9999590026411879,3466.9701362219676,0,-1
c,active_coupling,affine,4.0,100,1.0,7057467,210,0.5675251878137987,0.999999,3441.0291533329714,0,-1
c,active_coupling,affine,4.0,100,1.0,7057467,211,0.9998291635021531,0.984449993186171,3467.1838894561583,0,-1
c,active_coupling,affine,4.0,100,1.0,7057467,212,0.999999,0.9999228803816782,3468.0460315067935,0,-1
c,active_coupling,affine,4.0,100,1.0,7057467,213,0.9999740216404598,0.999999,3458.769085828366,0,-1
c,active_coupling,affine,4.0,100,1.0,7057467,214,0.999999,0.999999,3477.477557916272,0,-1
c,active_coupling,affine,4.0,100,1.0,7057467,215,0.999999,0.9729267501271635,3482.915747474507,0,-1
c,active_coupling,affine,4.0,100,1.0,7057467,216,0.9732808509291917,0.9997652066470375,3469.588774850222,0,-1
c,active_coupling,affine,4.0,100,1.0,7057467,217,0.999964405125412,0.9999725415016139,3473.9427133784825,0,-1
c,active_coupling,affine,4.0,100,1.0,7057467,218,0.999999,0.998056131720385,3467.2244169083797,0,-1
c,active_coupling,affine,4.0,100,1.0,7057467,219,0.999999,0.999999,3486.9336568295635,0,-1
c,active_coupling,affine,4.0,100,1.0,7057467,220,0.9998365886334476,0.999999,3463.9216247572986,0,-1
c,active_coupling,affine,4.0,100,1.0,7057467,221,0.999999,0.9927669938235749,3436.7321040328975,0,-1
c,active_coupling,affine,4.0,100,1.0,7057467,222,0.999999,0.999999,3452.8056094269696,0,-1
c,active_coupling,affine,4.0,100,1.0,7057467,223,0.999999,0.9999624308510702,3430.8199210760295,0,-1
c,active_coupling,affine,4.0,100,1.0,7057467,224,0.9986693907523938,0.9998315426399974,3483.3190497722026,0,-1
c,active_coupling,affine,4.0,100,1.0,7057467,225,0.9998711549131791,0.9465150660357268,3454.9982419431135,0,-1
c,active_coupling,affine,4.0,100,1.0,7057467,226,-0.999999,0.9978680955214545,3477.5736709337207,1,276
c,active_coupling,affine,4.0,100,1.0,7057467,227,0.9762167656526395,0.9806444350830694,3450.614598172796,0,-1
c,active_coupling,affine,4.0,100,1.0,7057467,228,0.9985768579033154,0.999999,3468.8230565278222,0,-1
c,active_coupling,affine,4.0,100,1.0,7057467,229,0.999999,0.8719763393358356,3460.7448616685624,0,-1
c,active_coupling,affine,4.0,100,1.0,7057467,230,0.9874477083944139,0.9995864818543951,3472.5309920928394,0,-1
c,active_coupling,affine,4.0,100,1.0,7057467,231,0.9999650101412215,0.999999,3482.9901902247097,0,-1
c,active_coupling,affine,4.0,100,1.0,7057467,232,0.999999,0.999999,3473.0418448227565,0,-1
c,active_coupling,affine,4.0,100,1.0,7057467,233,0.9957674109086381,0.9976192183638822,3476.3813075129733,0,-1
c,active_coupling,affine,4.0,100,1.0,7057467,234,0.9999136569861174,0.9997759814967984,3475.5174644562376,0,-1
c,active_coupling,affine,4.0,100,1.0,7057467,235,0.9999081245866,0.999999,3443.14713438993,0,-1
c,active_coupling,affine,4.0,100,1.0,7057467,236,0.999999,0.9999911407724038,3476.5828956298774,0,-1
c,active_coupling,affine,4.0,100,1.0,7057467,237,0.999999,0.9956729866907164,3470.516787081005,0,-1
c,active_coupling,affine,4.0,100,1.0,7057467,238,0.9683842515185698,0.997317464656291,3477.6953821864067,0,-1
c,active_coupling,affine,4.0,100,1.0,7057467,239,0.999984677871131,0.999999,3453.1473895007307,0,-1
c,active_coupling,affine,4.0,100,1.0,7057467,240,0.9926845503063514,0.9999510493838109,3474.3703172405053,0,-1
c,active_coupling,affine,4.0,100,1.0,7057467,241,0.8030687222335942,0.999999,3474.8587838337107,0,-1
c,active_coupling,affine,4.0,100,1.0,7057467,242,0.9917225957101601,0.999999,3467.2566819720896,0,-1
c,active_coupling,affine,4.0,100,1.0,7057467,243,0.999999,0.9996768956302411,3453.170690660057,0,-1
c,active_coupling,affine,4.0,100,1.0,7057467,244,0.9999352216852084,0.999999,3436.391171130009,0,-1
c,active_coupling,affine,4.0,100,1.0,7057467,245,0.9999428832523133,0.999999,3466.93876008282,0,-1
c,active_coupling,affine,4.0,100,1.0,7057467,246,0.999999,0.999999,3450.6557523752886,0,-1
c,active_coupling,affine,4.0,100,1.0,7057467,247,0.9999935691933182,0.7907392925346104,3436.73952574739,0,-1
c,active_coupling,affine,4.0,100,1.0,7057467,248,0.934229334533985,0.9995638461261859,3447.171616879553,0,-1
c,active_coupling,affine,4.0,100,1.0,7057467,249,0.9999276367883295,0.999646784745036,3460.6073590339524,0,-1
c,active_coupling,affine,4.0,100,1.0,7057467,250,0.999999,0.9988058397655403,3483.998737744199,0,-1
c,active_coupling,affine,4.0,100,1.0,7057467,251,0.9974783973608186,0.9998566045266315,3479.358319238213,0,-1
c,active_coupling,affine,4.0,100,1.0,7057467,252,0.999999,0.999999,3476.3815166113327,0,-1
c,active_coupling,affine,4.0,100,1.0,7057467,253,0.999999,0.999999,3474.474608092769,0,-1
c,active_coupling,affine,4.0,100,1.0,7057467,254,0.999999,0.9801195102694158,3451.153097016715,0,-1
c,active_coupling,affine,4.0,100,1.0,7057467,255,0.9975497599429066,0.999999,3440.9898140846612,0,-1
c,active_coupling,affine,4.0,100,1.0,7057467,256,0.999999,0.9948104424574034,3453.1847647216973,0,-1
c,active_coupling,affine,4.0,100,1.0,7057467,257,0.9893389043681219,0.9969627188028151,3476.7211011771733,0,-1
c,active_coupling,affine,4.0,100,1.0,7057467,258,0.9704375396450176,0.999999,3482.2874916858577,0,-1
c,active_coupling,affine,4.0,100,1.0,7057467,259,0.9999325815835354,0.9997754258743234,3478.688122451332,0,-1
c,active_coupling,affine,4.0,100,1.0,7057467,260,0.999999,0.9997636885045343,3478.9975437408484,0,-1
c,active_coupling,affine,4.0,100,1.0,7057467,261,0.9995513343191779,0.912886769676831,3465.40877668747,0,-1
c,active_coupling,affine,4.0,100,1.0,7057467,262,0.999999,0.999999,3475.724569914412,0,-1
c,active_coupling,affine,4.0,100,1.0,7057467,263,0.8145032483462089,0.999999,3439.7328610185273,0,-1
c,active_coupling,affine,4.0,100,1.0,7057467,264,0.9784085899008651,0.9979610270981445,3483.1252744691706,0,-1
c,active_coupling,affine,4.0,100,1.0,7057467,265,0.999999,0.999999,3480.9640245300257,0,-1
c,active_coupling,affine,4.0,100,1.0,7057467,266,0.9979866880673053,0.999999,3479.2315330716388,0,-1
c,active_coupling,affine,4.0,100,1.0,7057467,267,0.9996635201149096,0.9725287407340774,3447.6583407348194,0,-1
c,active_coupling,affine,4.0,100,1.0,7057467,268,0.9995206076545866,0.999790484288665,3441.662221228879,0,-1
c,active_coupling,affine,4.0,100,1.0,7057467,269,0.999999,0.9984345181457785,3474.6660954146178,0,-1
c,active_coupling,affine,4.0,100,1.0,7057467,270,0.9749006473451174,0.9997259553217982,3437.7616978334577,0,-1
c,active_coupling,affine,4.0,100,1.0,7057467,271,0.999999,0.9975685330602654,3470.6656680535502,0,-1
c,active_coupling,affine,4.0,100,1.0,7057467,272,0.9998152787935124,0.8456532988635163,3466.4584444019592,0,-1
c,active_coupling,affine,4.0,100,1.0,7057467,273,0.9982857628073827,0.9148936506352549,3470.9799917118958,0,-1
c,active_coupling,affine,4.0,100,1.0,7057467,274,0.9957418958392711,0.999999,3452.7489485669034,0,-1
c,active_coupling,affine,4.0,100,1.0,7057467,275,0.999999,0.9974631397723746,3458.198459636151,0,-1
c,active_coupling,affine,4.0,100,1.0,7057467,276,0.999999,0.9999907122597976,3445.6342097049323,0,-1
c,active_coupling,affine,4.0,100,1.0,7057467,277,0.999999,0.997935773490731,3471.7896681086295,0,-1
c,active_coupling,affine,4.0,100,1.0,7057467,278,0.999791647304328,0.999999,3462.185384284693,0,-1
c,active_coupling,affine,4.0,100,1.0,7057467,279,0.999999,0.999999,3462.888504789138,0,-1
c,active_coupling,affine,4.0,100,1.0,7057467,280,0.9752591202245279,0.9993661956601079,3454.1017587216948,0,-1
c,active_coupling,affine,4.0,100,1.0,7057467,281,0.999999,0.9997253019572084,3463.5704707321534,0,-1
c,active_coupling,affine,4.0,100,1.0,7057467,282,0.9888247388409956,0.9998221197532047,3429.436137270751,0,-1
c,active_coupling,affine,4.0,100,1.0,7057467,283,0.9679333280260187,0.999999,3460.3011491632024,0,-1
c,active_coupling,affine,4.0,100,1.0,7057467,284,0.999999,0.9999160211040804,3462.447680091839,0,-1
c,active_coupling,affine,4.0,100,1.0,7057467,285,0.9999407207263163,0.9998564912879254,3448.1044768904167,0,-1
c,active_coupling,affine,4.0,100,1.0,7057467,286,0.9950040340346666,0.9999785555212837,3448.7675169226154,0,-1
c,active_coupling,affine,4.0,100,1.0,7057467,287,0.999999,0.9754588144097179,3465.618680374496,0,-1
c,active_coupling,affine,4.0,100,1.0,7057467,288,0.999999,0.999999,3486.206513784951,0,-1
c,active_coupling,affine,4.0,100,1.0,7057467,289,0.9998580643069894,0.999999,3472.7983970832365,0,-1
c,active_coupling,affine,4.0,100,1.0,7057467,290,0.999999,0.7236807185560445,3445.2527646529943,0,-1
c,active_coupling,affine,4.0,100,1.0,7057467,291,0.999999,0.9999398796636012,3427.4703531656173,0,-1
c,active_coupling,affine,4.0,100,1.0,7057467,292,0.9999410558216623,0.9260153870124457,3473.1237873774257,0,-1
c,active_coupling,affine,4.0,100,1.0,7057467,293,0.999999,0.997700307949283,3463.9252389577664,0,-1
c,active_coupling,affine,4.0,100,1.0,7057467,294,0.999999,0.9997134504801998,3417.4876069892553,0,-1
c,active_coupling,affine,4.0,100,1.0,7057467,295,0.9996996783754158,0.999999,3465.817091156092,0,-1
c,active_coupling,affine,4.0,100,1.0,7057467,296,0.999999,0.9999474376436001,3461.1147552626917,0,-1
c,active_coupling,affine,4.0,100,1.0,7057467,297,0.9281525752684239,0.999999,3469.652739178289,0,-1
c,active_coupling,affine,4.0,100,1.0,7057467,298,0.8520485026439721,0.999999,3465.623606681815,0,-1
c,active_coupling,affine,4.0,100,1.0,7057467,299,0.9999122686216094,0.9996428389238969,3484.5707635908693,0,-1
c,active_coupling,affine,4.0,100,1.0,7057467,300,0.999999,0.9956715790981401,3466.1519916667694,0,-1
c,active_coupling,affine,4.0,100,1.0,7057467,301,0.9999832910273722,0.999999,3469.4299571817573,0,-1
c,active_coupling,affine,4.0,100,1.0,7057467,302,0.9998097631203134,0.999999,3433.446885411241,0,-1
c,active_coupling,affine,4.0,100,1.0,7057467,303,0.999999,0.9996509863603826,3469.55880160106,0,-1
c,active_coupling,affine,4.0,100,1.0,7057467,304,0.999999,0.999999,3460.6244962813203,0,-1
c,active_coupling,affine,4.0,100,1.0,7057467,305,0.999999,0.9949419519491302,3450.7226037738037,0,-1
c,active_coupling,affine,4.0,100,1.0,7057467,306,0.9998803103545153,0.9999790852042656,3471.308241095402,0,-1
c,active_coupling,affine,4.0,100,1.0,7057467,307,0.9971254853338799,0.9999689265840059,3449.7227690298987,0,-1
c,active_coupling,affine,4.0,100,1.0,7057467,308,0.9425527347018399,0.9879133949379312,3443.348466671487,0,-1
c,active_coupling,affine,4.0,100,1.0,7057467,309,0.9988540314809534,0.999999,3464.7626322704637,0,-1
c,active_coupling,affine,4.0,100,1.0,7057467,310,0.999999,0.999999,3469.397700755764,0,-1
c,active_coupling,affine,4.0,100,1.0,7057467,311,0.9986092770807298,0.9324188233328293,3475.971563471044,0,-1
c,active_coupling,affine,4.0,100,1.0,7057467,312,0.9993411716604054,0.999999,3478.2831395497997,0,-1
c,active_coupling,affine,4.0,100,1.0,7057467,313,0.999999,0.999999,3476.686937414264,0,-1
c,active_coupling,affine,4.0,100,1.0,7057467,314,0.9998806413313113,0.9177493028310884,3457.894454035648,0,-1
c,active_coupling,affine,4.0,100,1.0,7057467,315,0.9991508657029956,0.9995571759821954,3397.8673425600214,0,-1
c,active_coupling,affine,4.0,100,1.0,7057467,316,0.5465355797508584,0.985687107905961,3426.313001173478,0,-1
c,active_coupling,affine,4.0,100,1.0,7057467,317,0.8557113476943916,0.999999,3471.1184869128983,0,-1
c,active_coupling,affine,4.0,100,1.0,7057467,318,0.999999,0.999999,3471.8020553944084,0,-1
c,active_coupling,affine,4.0,100,1.0,7057467,319,0.9998882108172408,0.9387668394306244,3481.270949428527,0,-1
c,active_coupling,affine,4.0,100,1.0,7057467,320,0.999999,0.9935883151620039,3473.877734182144,0,-1
c,active_coupling,affine,4.0,100,1.0,7057467,321,0.999999,0.999999,3470.860804305668,0,-1
c,active_coupling,affine,4.0,100,1.0,7057467,322,0.999999,0.9999272134721457,3464.1378730825218,0,-1
c,active_coupling,affine,4.0,100,1.0,7057467,323,0.9996948686384965,0.999999,3464.9045995361485,0,-1
c,active_coupling,affine,4.0,100,1.0,7057467,324,0.9997711985991447,0.9684723574886948,3478.165378530601,0,-1
c,active_coupling,affine,4.0,100,1.0,7057467,325,0.9998776214621834,0.9571836962525385,3467.2918656756774,0,-1
c,active_coupling,affine,4.0,100,1.0,7057467,326,0.9997771733652064,0.999999,3437.75910942275,0,-1
c,active_coupling,affine,4.0,100,1.0,7057467,327,0.9994346990697606,0.9980880885044181,3474.7185851806175,0,-1
c,active_coupling,affine,4.0,100,1.0,7057467,328,0.9592966863297094,0.9999262788921928,3453.5950018511385,0,-1
c,active_coupling,affine,4.0,100,1.0,7057467,329,0.9933202448510761,0.9911621948853486,3423.3507391657504,0,-1
c,active_coupling,affine,4.0,100,1.0,7057467,330,0.9999451871267161,0.999999,3467.0883453980505,0,-1
c,active_coupling,affine,4.0,100,1.0,7057467,331,0.9891415746077695,0.999999,3475.2701479171164,0,-1
c,active_coupling,affine,4.0,100,1.0,7057467,332,0.999999,0.999999,3437.7680189828634,0,-1
c,active_coupling,affine,4.0,100,1.0,7057467,333,0.9996751926768451,0.999999,3458.882389410517,0,-1
c,active_coupling,affine,4.0,100,1.0,7057467,334,0.793845091962474,0.9999831792241701,3454.7140357345675,0,-1
c,active_coupling,affine,4.0,100,1.0,7057467,335,0.999999,0.9961905688938865,3466.8084864234684,0,-1
c,active_coupling,affine,4.0,100,1.0,7057467,336,0.9999547983041709,0.999999,3467.1026070792477,0,-1
c,active_coupling,affine,4.0,100,1.0,7057467,337,0.985469314756384,0.7532184701539504,3462.349252778907,0,-1
c,active_coupling,affine,4.0,100,1.0,7057467,338,0.7084761966006093,0.884720479975409,3408.863672061744,0,-1
c,active_coupling,affine,4.0,100,1.0,7057467,339,0.9998649310735738,0.999999,3477.486319794279,0,-1
c,active_coupling,affine,4.0,100,1.0,7057467,340,0.9999594850106959,0.9981039204865378,3448.870517750516,0,-1
c,active_coupling,affine,4.0,100,1.0,7057467,341,0.999999,0.999999,3471.369501647972,0,-1
c,active_coupling,affine,4.0,100,1.0,7057467,342,0.999999,0.9974250695300949,3466.1588966366294,0,-1
c,active_coupling,affine,4.0,100,1.0,7057467,343,0.9987220806859047,0.9998566235440259,3461.7592585220614,0,-1
c,active_coupling,affine,4.0,100,1.0,7057467,344,0.9692045446935421,0.9999838777218238,3421.2704560549696,0,-1
c,active_coupling,affine,4.0,100,1.0,7057467,345,0.9844264685315152,0.999999,3449.7946667581546,0,-1
c,active_coupling,affine,4.0,100,1.0,7057467,346,0.9202933779342957,0.999726968325365,3457.887249425983,0,-1
c,active_coupling,affine,4.0,100,1.0,7057467,347,0.999950607872301,0.999999,3467.964005410584,0,-1
c,active_coupling,affine,4.0,100,1.0,7057467,348,0.999999,0.9818151316671068,3471.182823626023,0,-1
c,active_coupling,affine,4.0,100,1.0,7057467,349,0.7191949538777457,0.998720707529696,3462.768187983744,0,-1
c,active_coupling,affine,4.0,100,1.0,7057467,350,0.9866128892702766,0.999999,3392.221545246461,0,-1
c,active_coupling,affine,4.0,100,1.0,7057467,351,0.9998837242500364,0.999999,3423.817282407845,0,-1
c,active_coupling,affine,4.0,100,1.0,7057467,352,0.999999,0.999999,3446.520977108488,0,-1
c,active_coupling,affine,4.0,100,1.0,7057467,353,0.8334160560836731,0.999999,3471.0894941994397,0,-1
c,active_coupling,affine,4.0,100,1.0,7057467,354,0.999999,0.999999,3443.9021480315073,0,-1
c,active_coupling,affine,4.0,100,1.0,7057467,355,0.999999,0.999999,3467.725320018902,0,-1
c,active_coupling,affine,4.0,100,1.0,7057467,356,0.9931328107797823,0.9101501421094564,3441.6653463056487,0,-1
c,active_coupling,affine,4.0,100,1.0,7057467,357,0.9999750351497577,0.99991396706395,3454.8853507584613,0,-1
c,active_coupling,affine,4.0,100,1.0,7057467,358,0.9883777811385331,0.9999673252556023,3481.821362643437,0,-1
c,active_coupling,affine,4.0,100,1.0,7057467,359,0.999999,0.9999274032788339,3458.7032641859646,0,-1
c,active_coupling,affine,4.0,100,1.0,7057467,360,0.9964980874906181,0.968570931094533,3452.7387469719833,0,-1
c,active_coupling,affine,4.0,100,1.0,7057467,361,0.999999,0.9997421541910907,3412.354278445722,0,-1
c,active_coupling,affine,4.0,100,1.0,7057467,362,0.999999,0.9998646146237483,3475.6700911818043,0,-1
c,active_coupling,affine,4.0,100,1.0,7057467,363,0.9971526736337554,0.999999,3419.5789471036933,0,-1
c,active_coupling,affine,4.0,100,1.0,7057467,364,0.9955781140958525,0.8885224052438234,3442.240672599748,0,-1
c,active_coupling,affine,4.0,100,1.0,7057467,365,0.9959964834857326,0.9999429250826202,3462.7991474223154,0,-1
c,active_coupling,affine,4.0,100,1.0,7057467,366,0.9958599324939799,0.999999,3463.6909349284715,0,-1
c,active_coupling,affine,4.0,100,1.0,7057467,367,0.9999531203607012,0.999999,3398.177910280725,0,-1
c,active_coupling,affine,4.0,100,1.0,7057467,368,0.999999,0.999999,3466.0856257317587,0,-1
c,active_coupling,affine,4.0,100,1.0,7057467,369,0.9995621811257939,0.999999,3461.601961148476,0,-1
c,active_coupling,affine,4.0,100,1.0,7057467,370,0.999999,0.9978699381433611,3383.2249180626936,0,-1
c,active_coupling,affine,4.0,100,1.0,7057467,371,0.999999,0.9994317427613304,3474.660302358173,0,-1
c,active_coupling,affine,4.0,100,1.0,7057467,372,0.9984470045361425,0.999999,3458.2429960513496,0,-1
c,active_coupling,affine,4.0,100,1.0,7057467,373,0.999999,0.999999,3478.3593738138284,0,-1
c,active_coupling,affine,4.0,100,1.0,7057467,374,0.999999,0.999999,3475.3204028954265,0,-1
c,active_coupling,affine,4.0,100,1.0,7057467,375,0.999999,0.9959138129330177,3464.786675251232,0,-1
c,active_coupling,affine,4.0,100,1.0,7057467,376,0.999999,0.999999,3474.4182044453896,0,-1
c,active_coupling,affine,4.0,100,1.0,7057467,377,0.999999,0.9664402075534304,3464.0200641043316,0,-1
c,active_coupling,affine,4.0,100,1.0,7057467,378,0.955339158703874,0.999999,3479.2957957740937,0,-1
c,active_coupling,affine,4.0,100,1.0,7057467,379,0.9995809449880204,0.9979675124443799,3466.880089270182,0,-1
c,active_coupling,affine,4.0,100,1.0,7057467,380,0.999454084146185,0.9999006792590311,3438.808731464551,0,-1
c,active_coupling,affine,4.0,100,1.0,7057467,381,0.9999379134981814,0.9999340265285765,3446.078501912309,0,-1
c,active_coupling,affine,4.0,100,1.0,7057467,382,0.9998735418199451,0.9975218138225759,3473.26733271276,0,-1
c,active_coupling,affine,4.0,100,1.0,7057467,383,0.9893800023295147,0.999999,3458.9763852101155,0,-1
c,active_coupling,affine,4.0,100,1.0,7057467,384,0.999999,0.9999337688649669,3459.065282285863,0,-1
c,active_coupling,affine,4.0,100,1.0,7057467,385,0.999999,0.9452876132374581,3452.1101652628286,0,-1
c,active_coupling,affine,4.0,100,1.0,7057467,386,0.999999,0.9898574408617914,3473.901481434429,0,-1
c,active_coupling,affine,4.0,100,1.0,7057467,387,0.9965031921929864,0.9977785068089114,3453.2987423719264,0,-1
c,active_coupling,affine,4.0,100,1.0,7057467,388,0.999999,0.9572496398509169,3456.2298778444,0,-1
c,active_coupling,affine,4.0,100,1.0,7057467,389,0.999999,0.999999,3452.2492620018047,0,-1
c,active_coupling,affine,4.0,100,1.0,7057467,390,0.9990080734966065,0.999999,3429.2351634326037,0,-1
c,active_coupling,affine,4.0,100,1.0,7057467,391,0.999999,0.8630746101436706,3469.382758842797,0,-1
c,active_coupling,affine,4.0,100,1.0,7057467,392,0.999999,0.9999719788829697,3476.795251808973,0,-1
c,active_coupling,affine,4.0,100,1.0,7057467,393,0.7909430858552889,0.999999,3466.8259586328963,0,-1
c,active_coupling,affine,4.0,100,1.0,7057467,394,0.999999,0.999999,3469.6300945008607,0,-1
c,active_coupling,affine,4.0,100,1.0,7057467,395,0.999999,0.8408433970736864,3462.9334138315007,0,-1
c,active_coupling,affine,4.0,100,1.0,7057467,396,0.9912782557143176,0.9999739105652699,3469.1174099815516,0,-1
c,active_coupling,affine,4.0,100,1.0,7057467,397,0.999999,0.999999,3468.7620034963966,0,-1
c,active_coupling,affine,4.0,100,1.0,7057467,398,0.9660285926446028,0.9972302377834068,3461.4110804614147,0,-1
c,active_coupling,affine,4.0,100,1.0,7057467,399,0.999999,0.9699251232064465,3482.26335121547,0,-1
c,active_coupling,affine,4.0,100,1.0,7057467,400,0.9960019620156667,0.9858098899364273,3466.4108449385985,0,-1
c,active_coupling,affine,4.0,100,1.0,7057467,401,0.999999,0.9999792716686745,3476.7234075321026,0,-1
c,active_coupling,affine,4.0,100,1.0,7057467,402,0.96639616784267,0.999999,3470.2942556022304,0,-1
c,active_coupling,affine,4.0,100,1.0,7057467,403,0.999999,0.9937590960447115,3475.905368756726,0,-1
c,active_coupling,affine,4.0,100,1.0,7057467,404,0.9929131620491533,0.999999,3449.1472807821924,0,-1
c,active_coupling,affine,4.0,100,1.0,7057467,405,0.9994911362289193,0.999999,3457.551315039998,0,-1
c,active_coupling,affine,4.0,100,1.0,7057467,406,0.9982226536028822,0.9950528555937012,3480.303163320027,0,-1
c,active_coupling,affine,4.0,100,1.0,7057467,407,0.999999,0.999999,3441.5097556888313,0,-1
c,active_coupling,affine,4.0,100,1.0,7057467,408,0.999876532605884,0.999999,3473.248179339711,0,-1
c,active_coupling,affine,4.0,100,1.0,7057467,409,0.999999,0.999999,3455.3795930088254,0,-1
c,active_coupling,affine,4.0,100,1.0,7057467,410,0.999999,0.9994953896246397,3453.8502023997407,0,-1
c,active_coupling,affine,4.0,100,1.0,7057467,411,0.9999812553540061,0.998377725177332,3440.609327952739,0,-1
c,active_coupling,affine,4.0,100,1.0,7057467,412,0.9980154336283937,0.9996975180553856,3454.9266052367725,0,-1
c,active_coupling,affine,4.0,100,1.0,7057467,413,0.999999,0.999999,3474.3499776694694,0,-1
c,active_coupling,affine,4.0,100,1.0,7057467,414,0.9997339263022542,0.999999,3418.2487918033066,0,-1
c,active_coupling,affine,4.0,100,1.0,7057467,415,0.999999,0.9998638232715981,3416.6677435513234,0,-1
c,active_coupling,affine,4.0,100,1.0,7057467,416,0.9993924971340195,0.999999,3472.4641177091235,0,-1
c,active_coupling,affine,4.0,100,1.0,7057467,417,0.9696967925128948,0.999999,3461.7371872442895,0,-1
c,active_coupling,affine,4.0,100,1.0,7057467,418,0.9957906735794078,0.999999,3477.3129689113566,0,-1
c,active_coupling,affine,4.0,100,1.0,7057467,419,0.999449342540766,0.9477948885018427,3460.935761268352,0,-1
c,active_coupling,affine,4.0,100,1.0,7057467,420,0.9887059167230963,0.999999,3444.645705476515,0,-1
c,active_coupling,affine,4.0,100,1.0,7057467,421,0.9906591122921204,0.9998194813058171,3461.7761104591787,0,-1
c,active_coupling,affine,4.0,100,1.0,7057467,422,0.9986970875142465,0.9947667542880583,3462.5992059566624,0,-1
c,active_coupling,affine,4.0,100,1.0,7057467,423,0.9996017220271574,0.999999,3472.4727984122214,0,-1
c,active_coupling,affine,4.0,100,1.0,7057467,424,0.9998246739851118,0.9997640146228838,3471.402446056094,0,-1
c,active_coupling,affine,4.0,100,1.0,7057467,425,0.9956996701811459,0.9376349320001498,3479.36672289806,0,-1
c,active_coupling,affine,4.0,100,1.0,7057467,426,0.8786257831003397,0.9171137927939468,3481.691838204254,0,-1
c,active_coupling,affine,4.0,100,1.0,7057467,427,0.9320226214353237,0.978366073211553,3453.629862891379,0,-1
c,active_coupling,affine,4.0,100,1.0,7057467,428,0.9999206116532139,0.9833540251896183,3473.131034028023,0,-1
c,active_coupling,affine,4.0,100,1.0,7057467,429,0.999999,0.999999,3477.1394645110354,0,-1
c,active_coupling,affine,4.0,100,1.0,7057467,430,0.9988181683589907,0.999844580329155,3484.1694735281167,0,-1
c,active_coupling,affine,4.0,100,1.0,7057467,431,0.9967087553161558,0.999999,3468.9299959825685,0,-1
c,active_coupling,affine,4.0,100,1.0,7057467,432,0.9677611550142838,0.9963575853628149,3477.4226367581787,0,-1
c,active_coupling,affine,4.0,100,1.0,7057467,433,0.999999,0.999999,3456.3546966156096,0,-1
c,active_coupling,affine,4.0,100,1.0,7057467,434,0.9999300341416135,0.9997218068667282,3467.9704827021687,0,-1
c,active_coupling,affine,4.0,100,1.0,7057467,435,0.990163312367152,0.997956738076547,3468.1187901603557,0,-1
c,active_coupling,affine,4.0,100,1.0,7057467,436,0.999999,0.9966911349306986,3472.4401992964836,0,-1
c,active_coupling,affine,4.0,100,1.0,7057467,437,0.999999,0.9999856804182418,3478.3160097603454,0,-1
c,active_coupling,affine,4.0,100,1.0,7057467,438,0.9994172601147787,0.999999,3469.303208444142,0,-1
c,active_coupling,affine,4.0,100,1.0,7057467,439,0.999999,0.999999,3445.643586295509,0,-1
c,active_coupling,affine,4.0,100,1.0,7057467,440,0.999999,0.9997279236145438,3444.4638717276225,0,-1
c,active_coupling,affine,4.0,100,1.0,7057467,441,0.9999559716870343,0.9910077100215372,3432.076813909371,0,-1
c,active_coupling,affine,4.0,100,1.0,7057467,442,0.9998667818113982,0.9997856178281744,3471.6622440905758,0,-1
c,active_coupling,affine,4.0,100,1.0,7057467,443,0.9997566344217182,0.9997286394405145,3470.4378951122744,0,-1
c,active_coupling,affine,4.0,100,1.0,7057467,444,0.9992352912498641,0.9941603191765649,3461.7792174311016,0,-1
c,active_coupling,affine,4.0,100,1.0,7057467,445,0.999999,0.999863764104675,3462.9744743492406,0,-1
c,active_coupling,affine,4.0,100,1.0,7057467,446,0.8744366555375285,0.9998388071511667,3459.237856789915,0,-1
c,active_coupling,affine,4.0,100,1.0,7057467,447,0.5338001496398828,0.999999,3463.794383995187,0,-1
c,active_coupling,affine,4.0,100,1.0,7057467,448,0.9862471911651637,0.9998099375035259,3467.8400822467083,0,-1
c,active_coupling,affine,4.0,100,1.0,7057467,449,0.999999,0.999999,3461.587992521722,0,-1
c,active_coupling,affine,4.0,100,1.0,7057467,450,0.999999,0.7508483276601325,3476.611157832823,0,-1
c,active_coupling,affine,4.0,100,1.0,7057467,451,0.7382045592091218,0.971669391928258,3454.831815878881,0,-1
c,active_coupling,affine,4.0,100,1.0,7057467,452,0.999999,0.999999,3410.144592888705,0,-1
c,active_coupling,affine,4.0,100,1.0,7057467,453,0.9999165911967668,0.9999424201239547,3474.652075462916,0,-1
c,active_coupling,affine,4.0,100,1.0,7057467,454,0.999999,0.999999,3453.5079260115526,0,-1
c,active_coupling,affine,4.0,100,1.0,7057467,455,0.999999,0.9941243730900218,3453.1419638121165,0,-1
c,active_coupling,affine,4.0,100,1.0,7057467,456,0.9996519023357521,0.9163802590051575,3464.276188659293,0,-1
c,active_coupling,affine,4.0,100,1.0,7057467,457,0.999999,0.999999,3449.7980392705936,0,-1
c,active_coupling,affine,4.0,100,1.0,7057467,458,0.9998311042209431,0.999999,3462.351986051238,0,-1
c,active_coupling,affine,4.0,100,1.0,7057467,459,0.999999,0.9594117900163079,3468.9012923540577,0,-1
c,active_coupling,affine,4.0,100,1.0,7057467,460,0.999999,0.8957709940096824,3443.7048735129265,0,-1
c,active_coupling,affine,4.0,100,1.0,7057467,461,0.9970861631223383,0.9972270556937551,3484.1030963756957,0,-1
c,active_coupling,affine,4.0,100,1.0,7057467,462,0.999999,0.999999,3458.9770702828864,0,-1
c,active_coupling,affine,4.0,100,1.0,7057467,463,0.999999,0.9476737600350528,3464.274107019715,0,-1
c,active_coupling,affine,4.0,100,1.0,7057467,464,0.999999,0.999999,3460.220295444643,0,-1
c,active_coupling,affine,4.0,100,1.0,7057467,465,0.9536658432499734,0.9997536466931937,3458.7540334375203,0,-1
c,active_coupling,affine,4.0,100,1.0,7057467,466,0.999999,0.9999241407473508,3441.531614628153,0,-1
c,active_coupling,affine,4.0,100,1.0,7057467,467,0.9999529793227866,0.9998383849211989,3454.60168232308,0,-1
c,active_coupling,affine,4.0,100,1.0,7057467,468,0.9999107392265503,0.999999,3458.037319298223,0,-1
c,active_coupling,affine,4.0,100,1.0,7057467,469,0.999999,0.9998587228485244,3475.305794167552,0,-1
c,active_coupling,affine,4.0,100,1.0,7057467,470,0.999999,0.999985145298974,3474.4488063111903,0,-1
c,active_coupling,affine,4.0,100,1.0,7057467,471,0.9998972702317052,0.9902166501545536,3426.3913983931393,0,-1
c,active_coupling,affine,4.0,100,1.0,7057467,472,0.999999,0.9999006247885988,3484.1634634672055,0,-1
c,active_coupling,affine,4.0,100,1.0,7057467,473,0.999999,0.999999,3469.972120067597,0,-1
c,active_coupling,affine,4.0,100,1.0,7057467,474,0.999999,0.999999,3452.3866806291812,0,-1
c,active_coupling,affine,4.0,100,1.0,7057467,475,0.5576276300043608,0.9999587426184752,3452.6315745831785,0,-1
c,active_coupling,affine,4.0,100,1.0,7057467,476,0.999999,0.9999236583803973,3484.1665287757596,0,-1
c,active_coupling,affine,4.0,100,1.0,7057467,477,0.999999,0.5605938189271458,3474.1536988420476,0,-1
c,active_coupling,affine,4.0,100,1.0,7057467,478,0.999999,0.999999,3443.5029069174107,0,-1
c,active_coupling,affine,4.0,100,1.0,7057467,479,0.9867738841590582,0.999999,3480.6406279443513,0,-1
c,active_coupling,affine,4.0,100,1.0,7057467,480,0.999999,0.999999,3424.3619697545446,0,-1
c,active_coupling,affine,4.0,100,1.0,7057467,481,0.999999,0.9993655485894354,3369.8914459038224,0,-1
c,active_coupling,affine,4.0,100,1.0,7057467,482,0.9999769319219158,0.9989140740228871,3452.1134245455596,0,-1
c,active_coupling,affine,4.0,100,1.0,7057467,483,-0.801602749236127,0.999999,3468.2222852126297,1,274
c,active_coupling,affine,4.0,100,1.0,7057467,484,0.9998296863788333,0.999999,3456.079828814574,0,-1
c,active_coupling,affine,4.0,100,1.0,7057467,485,0.999999,0.999999,3477.409503703244,0,-1
c,active_coupling,affine,4.0,100,1.0,7057467,486,0.999999,0.999999,3453.969334542256,0,-1
c,active_coupling,affine,4.0,100,1.0,7057467,487,0.999962940527262,0.999999,3460.75752423234,0,-1
c,active_coupling,affine,4.0,100,1.0,7057467,488,0.999999,0.913419896355635,3459.7654933603494,0,-1
c,active_coupling,affine,4.0,100,1.0,7057467,489,0.9990753944379135,0.9655100899317505,3462.889768880088,0,-1
c,active_coupling,affine,4.0,100,1.0,7057467,490,0.999999,0.9997506015199766,3467.863174518013,0,-1
c,active_coupling,affine,4.0,100,1.0,7057467,491,0.9999378271419759,0.999999,3423.008543830901,0,-1
c,active_coupling,affine,4.0,100,1.0,7057467,492,0.999999,0.9999938054450543,3480.069352300862,0,-1
c,active_coupling,affine,4.0,100,1.0,7057467,493,0.9999591322116791,0.9987441722885769,3434.8281357869514,0,-1
c,active_coupling,affine,4.0,100,1.0,7057467,494,0.9967114838371752,0.999999,3482.3988660519108,0,-1
c,active_coupling,affine,4.0,100,1.0,7057467,495,0.999999,0.9956684532341498,3470.019966303626,0,-1
c,active_coupling,affine,4.0,100,1.0,7057467,496,0.9963361119866322,0.9997623974614521,3473.5965221573974,0,-1
c,active_coupling,affine,4.0,100,1.0,7057467,497,0.9873793730302751,0.9886659287859185,3481.0921691699914,0,-1
c,active_coupling,affine,4.0,100,1.0,7057467,498,0.9999724808154106,0.9756037864837097,3474.88290359719,0,-1
c,active_coupling,affine,4.0,100,1.0,7057467,499,0.994126598924463,0.679814194141267,3446.055832785603,0,-1
c,active_coupling,affine,4.0,100,1.0,7057467,500,0.999999,0.866788060992351,3463.93738039702,0,-1
c,active_coupling,affine,4.0,100,1.0,7057467,501,0.9767934539028885,0.6735270329656642,3394.269217364251,0,-1
c,active_coupling,affine,4.0,100,1.0,7057467,502,0.9997658240350482,0.9998276820364773,3411.134844383035,0,-1
c,active_coupling,affine,4.0,100,1.0,7057467,503,0.9996499101380529,0.999715982179092,3469.690240795129,0,-1
c,active_coupling,affine,4.0,100,1.0,7057467,504,0.993853320826635,0.999999,3478.1723750741867,0,-1
c,active_coupling,affine,4.0,100,1.0,7057467,505,0.999999,0.999999,3472.562241882873,0,-1
c,active_coupling,affine,4.0,100,1.0,7057467,506,0.8835191747453183,0.9870101000905611,3462.9058493516022,0,-1
c,active_coupling,affine,4.0,100,1.0,7057467,507,0.9549084550536885,0.9796631312115438,3468.008904664274,0,-1
c,active_coupling,affine,4.0,100,1.0,7057467,508,0.9973459023501166,0.999999,3474.3524009290095,0,-1
c,active_coupling,affine,4.0,100,1.0,7057467,509,0.9692852136277741,0.9997456291729808,3442.86565793093,0,-1
c,active_coupling,affine,4.0,100,1.0,7057467,510,0.9999933028973923,0.9998138770469049,3453.625585736648,0,-1
c,active_coupling,affine,4.0,100,1.0,7057467,511,0.9847264346936325,0.999999,3477.2241472763517,0,-1
c,active_coupling,affine,4.0,100,1.0,7057467,512,0.999999,0.999999,3467.048119492531,0,-1
c,active_coupling,affine,4.0,100,1.0,7057467,513,0.9921674783785666,0.9764864740435513,3468.626770041017,0,-1
c,active_coupling,affine,4.0,100,1.0,7057467,514,0.999999,0.999999,3467.4766404662823,0,-1
c,active_coupling,affine,4.0,100,1.0,7057467,515,0.9815937412815543,0.9546049284457168,3480.8557381676865,0,-1
c,active_coupling,affine,4.0,100,1.0,7057467,516,0.9999030496113253,0.9939952018564457,3452.3909266291485,0,-1
c,active_coupling,affine,4.0,100,1.0,7057467,517,0.9957321841243709,0.999999,3445.9542040355864,0,-1
c,active_coupling,affine,4.0,100,1.0,7057467,518,0.9950228894111975,0.9998176880778182,3464.662622545861,0,-1
c,active_coupling,affine,4.0,100,1.0,7057467,519,0.9989698085007547,0.8930768428977973,3449.623648611894,0,-1
c,active_coupling,affine,4.0,100,1.0,7057467,520,0.9575961613163387,0.999999,3468.44614487435,0,-1
c,active_coupling,affine,4.0,100,1.0,7057467,521,0.9944372677768327,0.999999,3450.1934738032364,0,-1
c,active_coupling,affine,4.0,100,1.0,7057467,522,0.9841466887711436,0.9999878211009823,3445.106212782227,0,-1
c,active_coupling,affine,4.0,100,1.0,7057467,523,0.999999,0.999872634146564,3459.31178849118,0,-1
c,active_coupling,affine,4.0,100,1.0,7057467,524,0.9976255201836407,0.9763352064983981,3478.921680595842,0,-1
c,active_coupling,affine,4.0,100,1.0,7057467,525,0.9681488061395889,0.9977067707745305,3427.137385347715,0,-1
c,active_coupling,affine,4.0,100,1.0,7057467,526,-0.999999,0.999999,3459.1182239267164,1,277
c,active_coupling,affine,4.0,100,1.0,7057467,527,0.999999,0.9998988341580367,3463.1794785013344,0,-1
c,active_coupling,affine,4.0,100,1.0,7057467,528,0.9978421395570176,0.999999,3467.2143283564824,0,-1
c,active_coupling,affine,4.0,100,1.0,7057467,529,0.999999,0.999176259321169,3478.746330992651,0,-1
c,active_coupling,affine,4.0,100,1.0,7057467,530,0.9976913133052924,0.999999,3406.9381718983777,0,-1
c,active_coupling,affine,4.0,100,1.0,7057467,531,0.999999,0.999999,3428.204208403128,0,-1
c,active_coupling,affine,4.0,100,1.0,7057467,532,0.9940669686523761,0.9997803361279161,3453.552171309834,0,-1
c,active_coupling,affine,4.0,100,1.0,7057467,533,0.999999,0.9952635812903311,3466.563115997525,0,-1
c,active_coupling,affine,4.0,100,1.0,7057467,534,0.999999,0.999775023469778,3476.172007103471,0,-1
c,active_coupling,affine,4.0,100,1.0,7057467,535,0.9999509957642465,0.9675468224635437,3481.1518602311335,0,-1
c,active_coupling,affine,4.0,100,1.0,7057467,536,0.999999,0.8019809249052224,3405.2511382140015,0,-1
c,active_coupling,affine,4.0,100,1.0,7057467,537,0.999999,0.999999,3462.0331138192864,0,-1
c,active_coupling,affine,4.0,100,1.0,7057467,538,0.9951994003750494,0.999999,3462.1274462921515,0,-1
c,active_coupling,affine,4.0,100,1.0,7057467,539,0.8488668431138041,0.999999,3471.7517317259694,0,-1
c,active_coupling,affine,4.0,100,1.0,7057467,540,0.999999,0.9956584842436186,3475.387708868693,0,-1
c,active_coupling,affine,4.0,100,1.0,7057467,541,0.9504845565031141,0.9701101363482816,3455.0649766053025,0,-1
c,active_coupling,affine,4.0,100,1.0,7057467,542,0.9999671491399527,0.999999,3461.666096876964,0,-1
c,active_coupling,affine,4.0,100,1.0,7057467,543,0.9999729486567702,0.9998159235412237,3453.1119331455006,0,-1
c,active_coupling,affine,4.0,100,1.0,7057467,544,0.9956103841492403,0.999755041097324,3461.2338520040466,0,-1
c,active_coupling,affine,4.0,100,1.0,7057467,545,0.9383417145704896,0.999999,3478.1398642634185,0,-1
c,active_coupling,affine,4.0,100,1.0,7057467,546,0.9995325564149853,0.999994609917093,3479.827425385974,0,-1
c,active_coupling,affine,4.0,100,1.0,7057467,547,0.999990357026647,0.9954949792325588,3421.6933389900178,0,-1
c,active_coupling,affine,4.0,100,1.0,7057467,548,0.9781992599620242,0.995134810873869,3437.4190433372914,0,-1
c,active_coupling,affine,4.0,100,1.0,7057467,549,0.999999,0.999999,3480.2882950688404,0,-1
c,active_coupling,affine,4.0,100,1.0,7057467,550,0.999999,0.9998095849543246,3464.226427124506,0,-1
c,active_coupling,affine,4.0,100,1.0,7057467,551,0.9986255944069155,0.9949538195589677,3461.985096285871,0,-1
c,active_coupling,affine,4.0,100,1.0,7057467,552,0.9999175035799986,0.999999,3483.3974063804744,0,-1
c,active_coupling,affine,4.0,100,1.0,7057467,553,0.991806130909099,0.999999,3463.9066791158602,0,-1
c,active_coupling,affine,4.0,100,1.0,7057467,554,0.999999,0.999999,3439.7151345627394,0,-1
c,active_coupling,affine,4.0,100,1.0,7057467,555,0.999999,0.9997280542108558,3465.009760477743,0,-1
c,active_coupling,affine,4.0,100,1.0,7057467,556,0.9998407873076929,0.9994273780974581,3468.2826848210348,0,-1
c,active_coupling,affine,4.0,100,1.0,7057467,557,0.999999,0.999999,3465.278233709454,0,-1
c,active_coupling,affine,4.0,100,1.0,7057467,558,0.9995024701488785,0.9978581875884842,3484.993581718433,0,-1
c,active_coupling,affine,4.0,100,1.0,7057467,559,0.9954995719673898,0.9874569543377696,3437.9543960327246,0,-1
c,active_coupling,affine,4.0,100,1.0,7057467,560,0.999999,0.8344769218057356,3460.1522086181553,0,-1
c,active_coupling,affine,4.0,100,1.0,7057467,561,0.9999887403229805,0.9985522577117625,3457.5458527694923,0,-1
c,active_coupling,affine,4.0,100,1.0,7057467,562,0.999999,0.9995813945667313,3458.67985011359,0,-1
c,active_coupling,affine,4.0,100,1.0,7057467,563,0.999999,0.999999,3448.3040777525666,0,-1
c,active_coupling,affine,4.0,100,1.0,7057467,564,0.999999,0.9995307099416165,3464.8712210674366,0,-1
c,active_coupling,affine,4.0,100,1.0,7057467,565,0.9929241618808952,0.9978212702227489,3438.750174602582,0,-1
c,active_coupling,affine,4.0,100,1.0,7057467,566,0.999999,0.999999,3452.765448818297,0,-1
c,active_coupling,affine,4.0,100,1.0,7057467,567,0.9678425273507724,0.9972736864472027,3429.8706648489847,0,-1
c,active_coupling,affine,4.0,100,1.0,7057467,568,0.9999040764402498,0.999999,3469.077660596643,0,-1
c,active_coupling,affine,4.0,100,1.0,7057467,569,0.9982652180791811,0.9998925902215258,3403.8441112638397,0,-1
c,active_coupling,affine,4.0,100,1.0,7057467,570,0.9706481880032949,0.999999,3481.7946507669485,0,-1
c,active_coupling,affine,4.0,100,1.0,7057467,571,0.999999,0.999999,3463.9610487424216,0,-1
c,active_coupling,affine,4.0,100,1.0,7057467,572,0.8759470244747528,0.9781664073283692,3455.6648812525054,0,-1
c,active_coupling,affine,4.0,100,1.0,7057467,573,0.999999,0.9998483213963545,3453.0327855102146,0,-1
c,active_coupling,affine,4.0,100,1.0,7057467,574,0.999999,0.9914131313298937,3481.348372166905,0,-1
c,active_coupling,affine,4.0,100,1.0,7057467,575,0.9998426952933903,0.999999,3474.4134299014963,0,-1
c,active_coupling,affine,4.0,100,1.0,7057467,576,0.9963127633982308,0.9868366507520476,3469.3008428100766,0,-1
c,active_coupling,affine,4.0,100,1.0,7057467,577,0.999999,0.9999513614079149,3478.3789409011833,0,-1
c,active_coupling,affine,4.0,100,1.0,7057467,578,0.999999,0.9998592196287781,3471.3352603155517,0,-1
c,active_coupling,affine,4.0,100,1.0,7057467,579,0.999999,0.999999,3455.3256003124193,0,-1
c,active_coupling,affine,4.0,100,1.0,7057467,580,0.9999230623266493,0.9596967788579343,3468.2182604355557,0,-1
c,active_coupling,affine,4.0,100,1.0,7057467,581,0.999999,0.9911054152995084,3354.322278121309,0,-1
c,active_coupling,affine,4.0,100,1.0,7057467,582,0.999999,0.9997990207327653,3483.8415557125713,0,-1
c,active_coupling,affine,4.0,100,1.0,7057467,583,0.999999,0.999999,3380.301774522508,0,-1
c,active_coupling,affine,4.0,100,1.0,7057467,584,0.9999564650926779,0.5285932099807561,3431.2782304809048,0,-1
c,active_coupling,affine,4.0,100,1.0,7057467,585,0.999999,0.9999941222393838,3474.8731315169775,0,-1
c,active_coupling,affine,4.0,100,1.0,7057467,586,0.9999711438929341,0.999999,3471.449799798848,0,-1
c,active_coupling,affine,4.0,100,1.0,7057467,587,0.9764223857243213,0.9999355538306604,3475.4784600707535,0,-1
c,active_coupling,affine,4.0,100,1.0,7057467,588,0.95508251319374,0.999999,3454.8501547479286,0,-1
c,active_coupling,affine,4.0,100,1.0,7057467,589,0.9999959353562538,0.999999,3459.4925368020304,0,-1
c,active_coupling,affine,4.0,100,1.0,7057467,590,0.9999878538663831,0.999925080642489,3460.1819376910244,0,-1
c,active_coupling,affine,4.0,100,1.0,7057467,591,0.999999,0.9911686953219955,3466.2280158238154,0,-1
c,active_coupling,affine,4.0,100,1.0,7057467,592,0.999811192783589,0.9991131295494643,3437.081884885481,0,-1
c,active_coupling,affine,4.0,100,1.0,7057467,593,0.9994892032092352,0.9992751510266644,3456.302969056791,0,-1
c,active_coupling,affine,4.0,100,1.0,7057467,594,0.999999,0.9992850430453694,3470.98604276166,0,-1
c,active_coupling,affine,4.0,100,1.0,7057467,595,0.999999,0.9889116802682291,3456.563324158763,0,-1
c,active_coupling,affine,4.0,100,1.0,7057467,596,0.9999539300569602,0.999999,3462.7526366920993,0,-1
c,active_coupling,affine,4.0,100,1.0,7057467,597,0.9848540047824105,0.999999,3471.0577421542775,0,-1
c,active_coupling,affine,4.0,100,1.0,7057467,598,0.999999,0.9612614637983226,3464.6106594711882,0,-1
c,active_coupling,affine,4.0,100,1.0,7057467,599,0.999999,0.9561613393536547,3468.308203599256,0,-1
c,active_coupling,affine,4.0,100,1.0,7057467,600,0.999999,0.999999,3464.604186571388,0,-1
c,active_coupling,affine,4.0,100,1.0,7057467,601,0.9999159160752505,0.999999,3462.2514477856703,0,-1
c,active_coupling,affine,4.0,100,1.0,7057467,602,0.9622780700515517,0.999999,3458.7888574378912,0,-1
c,active_coupling,affine,4.0,100,1.0,7057467,603,0.999999,0.999999,3476.5317749006877,0,-1
c,active_coupling,affine,4.0,100,1.0,7057467,604,0.999999,0.9656400699127663,3475.58082947547,0,-1
c,active_coupling,affine,4.0,100,1.0,7057467,605,0.9998709501317047,0.999999,3458.132709900794,0,-1
c,active_coupling,affine,4.0,100,1.0,7057467,606,0.9843252025244061,0.9998288074515769,3468.0296593853236,0,-1
c,active_coupling,affine,4.0,100,1.0,7057467,607,0.997620920365725,0.9958641946144445,3475.0417244594196,0,-1
c,active_coupling,affine,4.0,100,1.0,7057467,608,0.9996095141026995,0.9998763498952523,3433.7469103846392,0,-1
c,active_coupling,affine,4.0,100,1.0,7057467,609,0.999999,0.9979120086475247,3473.938871838702,0,-1
c,active_coupling,affine,4.0,100,1.0,7057467,610,0.999999,0.9984906580872553,3483.274816512628,0,-1
c,active_coupling,affine,4.0,100,1.0,7057467,611,0.814401138666466,0.999999,3481.178669761365,0,-1
c,active_coupling,affine,4.0,100,1.0,7057467,612,0.9998976759329176,0.9674975644865229,3482.537436074875,0,-1
c,active_coupling,affine,4.0,100,1.0,7057467,613,0.9998119630560333,0.9999604037514669,3464.9814249804695,0,-1
c,active_coupling,affine,4.0,100,1.0,7057467,614,0.9949254210738973,0.9998419560746812,3457.081799883066,0,-1
c,active_coupling,affine,4.0,100,1.0,7057467,615,0.999999,0.999999,3460.133129768198,0,-1
c,active_coupling,affine,4.0,100,1.0,7057467,616,0.999999,0.999999,3475.257666836551,0,-1
c,active_coupling,affine,4.0,100,1.0,7057467,617,0.999999,0.999999,3477.3856574340957,0,-1
c,active_coupling,affine,4.0,100,1.0,7057467,618,0.9998454995901624,0.999999,3458.5351517452664,0,-1
c,active_coupling,affine,4.0,100,1.0,7057467,619,0.9996368353507599,0.9998056232124832,3464.295587823238,0,-1
c,active_coupling,affine,4.0,100,1.0,7057467,620,0.999999,0.9999557847639076,3424.0155985602655,0,-1
c,active_coupling,affine,4.0,100,1.0,7057467,621,0.999999,0.9998593462061793,3474.2907301592927,0,-1
c,active_coupling,affine,4.0,100,1.0,7057467,622,0.9997464482100441,0.999999,3456.173488403289,0,-1
c,active_coupling,affine,4.0,100,1.0,7057467,623,0.9619387705639539,0.9996378071755344,3458.576422430031,0,-1
c,active_coupling,affine,4.0,100,1.0,7057467,624,0.999999,0.9999925570004167,3466.923349874672,0,-1
c,active_coupling,affine,4.0,100,1.0,7057467,625,0.4917685271795655,0.999999,3463.059712350365,0,-1
c,active_coupling,affine,4.0,100,1.0,7057467,626,0.9997551187600278,0.9999947975584208,3477.5805421345067,0,-1
c,active_coupling,affine,4.0,100,1.0,7057467,627,0.9917431960456081,0.9999842746354312,3408.443860465687,0,-1
c,active_coupling,affine,4.0,100,1.0,7057467,628,0.999999,0.999999,3431.4952441802343,0,-1
c,active_coupling,affine,4.0,100,1.0,7057467,629,0.9670236984497175,0.9995436024230274,3474.8834571880707,0,-1
c,active_coupling,affine,4.0,100,1.0,7057467,630,0.999999,0.9997340368778586,3462.932058202586,0,-1
c,active_coupling,affine,4.0,100,1.0,7057467,631,0.9958792444004644,0.8673107072842354,3475.3639096389243,0,-1
c,active_coupling,affine,4.0,100,1.0,7057467,632,0.9732768023234236,0.9954061772989465,3471.5188510582016,0,-1
c,active_coupling,affine,4.0,100,1.0,7057467,633,0.9997932695404034,0.9851114675131895,3422.5693631818563,0,-1
c,active_coupling,affine,4.0,100,1.0,7057467,634,0.999999,0.999999,3469.2828187117016,0,-1
c,active_coupling,affine,4.0,100,1.0,7057467,635,0.9949761296319185,0.9780177915752614,3479.3295656102614,0,-1
c,active_coupling,affine,4.0,100,1.0,7057467,636,0.9964412557585159,0.9999716037871673,3481.619559965435,0,-1
c,active_coupling,affine,4.0,100,1.0,7057467,637,0.9963428955147924,0.999999,3459.1368559369016,0,-1
c,active_coupling,affine,4.0,100,1.0,7057467,638,0.9853464708624463,0.999999,3468.1606595071735,0,-1
c,active_coupling,affine,4.0,100,1.0,7057467,639,0.999999,0.999999,3468.220006232239,0,-1
c,active_coupling,affine,4.0,100,1.0,7057467,640,0.9884858536097223,0.999999,3439.974174555734,0,-1
c,active_coupling,affine,4.0,100,1.0,7057467,641,0.999999,0.999999,3436.5603819258295,0,-1
c,active_coupling,affine,4.0,100,1.0,7057467,642,0.999999,0.999999,3478.496268873337,0,-1
c,active_coupling,affine,4.0,100,1.0,7057467,643,0.878936541570215,0.9326167673445168,3475.0340772102104,0,-1
c,active_coupling,affine,4.0,100,1.0,7057467,644,0.9990213759840679,0.999999,3471.092604173463,0,-1
c,active_coupling,affine,4.0,100,1.0,7057467,645,0.999999,0.9999333733046373,3454.8992006428634,0,-1
c,active_coupling,affine,4.0,100,1.0,7057467,646,0.9997355236955798,0.999999,3463.957748429087,0,-1
c,active_coupling,affine,4.0,100,1.0,7057467,647,0.9982970765701719,0.9975776754037661,3460.396931002272,0,-1
c,active_coupling,affine,4.0,100,1.0,7057467,648,0.999999,0.999999,3464.7088133958296,0,-1
c,active_coupling,affine,4.0,100,1.0,7057467,649,0.999999,0.999999,3474.934555064267,0,-1
c,active_coupling,affine,4.0,100,1.0,7057467,650,0.9741582701617362,0.9998321735431787,3464.662892103204,0,-1
c,active_coupling,affine,4.0,100,1.0,7057467,651,0.999999,0.9889402759653527,3473.2073405864885,0,-1
c,active_coupling,affine,4.0,100,1.0,7057467,652,0.999999,0.999999,3441.337083087723,0,-1
c,active_coupling,affine,4.0,100,1.0,7057467,653,0.9945438428122161,0.999999,3455.855647523764,0,-1
c,active_coupling,affine,4.0,100,1.0,7057467,654,0.9996208150361905,0.9997204128813818,3458.4270877452286,0,-1
c,active_coupling,affine,4.0,100,1.0,7057467,655,0.9956805516966407,0.9958088280201,3453.877674047757,0,-1
c,active_coupling,affine,4.0,100,1.0,7057467,656,0.8178857851258422,0.999999,3466.2710888483025,0,-1
c,active_coupling,affine,4.0,100,1.0,7057467,657,0.6598413505464715,0.9972941783465804,3476.623985115222,0,-1
c,active_coupling,affine,4.0,100,1.0,7057467,658,0.999999,0.999999,3445.8303060055105,0,-1
c,active_coupling,affine,4.0,100,1.0,7057467,659,0.999999,0.9997942256063953,3468.652421754086,0,-1
c,active_coupling,affine,4.0,100,1.0,7057467,660,0.9999209828223914,0.999999,3457.7164652275037,0,-1
c,active_coupling,affine,4.0,100,1.0,7057467,661,0.9982114041635803,0.999999,3470.218669186326,0,-1
c,active_coupling,affine,4.0,100,1.0,7057467,662,0.9743460838183173,0.9954812253040297,3438.603164160988,0,-1
c,active_coupling,affine,4.0,100,1.0,7057467,663,0.7566503368747214,0.9998960873030037,3428.736002278272,0,-1
c,active_coupling,affine,4.0,100,1.0,7057467,664,0.9998689329595049,0.999999,3480.436263483475,0,-1
c,active_coupling,affine,4.0,100,1.0,7057467,665,0.999999,0.999449031538966,3451.46929572326,0,-1
c,active_coupling,affine,4.0,100,1.0,7057467,666,0.9949354962512652,0.999999,3460.2903947729646,0,-1
c,active_coupling,affine,4.0,100,1.0,7057467,667,0.9999718633496905,0.9988978403954211,3464.0045490726284,0,-1
c,active_coupling,affine,4.0,100,1.0,7057467,668,0.999999,0.999999,3449.5286925241044,0,-1
c,active_coupling,affine,4.0,100,1.0,7057467,669,0.999940715249496,0.38653544416073693,3442.0676764222994,0,-1
c,active_coupling,affine,4.0,100,1.0,7057467,670,0.999999,0.9956643581700784,3470.9408547977196,0,-1
c,active_coupling,affine,4.0,100,1.0,7057467,671,0.999999,0.999999,3484.983976625146,0,-1
c,active_coupling,affine,4.0,100,1.0,7057467,672,0.999999,0.999999,3426.2304195012416,0,-1
c,active_coupling,affine,4.0,100,1.0,7057467,673,0.9911224891205729,0.9997918794584737,3481.691307287932,0,-1
c,active_coupling,affine,4.0,100,1.0,7057467,674,0.999999,0.9981889172492876,3474.917928529308,0,-1
c,active_coupling,affine,4.0,100,1.0,7057467,675,0.999999,0.9955995229091353,3461.3363574505306,0,-1
c,active_coupling,affine,4.0,100,1.0,7057467,676,0.9997342369767231,0.999999,3447.199776486315,0,-1
c,active_coupling,affine,4.0,100,1.0,7057467,677,0.999999,0.9986643162823461,3464.628115651757,0,-1
c,active_coupling,affine,4.0,100,1.0,7057467,678,0.999999,0.9997391218452294,3451.3360457476438,0,-1
c,active_coupling,affine,4.0,100,1.0,7057467,679,0.999999,0.9969084968687163,3423.6117539833317,0,-1
c,active_coupling,affine,4.0,100,1.0,7057467,680,0.999999,0.999999,3471.4320685400785,0,-1
c,active_coupling,affine,4.0,100,1.0,7057467,681,0.999999,0.996603544101606,3476.9675590943034,0,-1
c,active_coupling,affine,4.0,100,1.0,7057467,682,0.9833067138260331,0.999999,3446.4222666261385,0,-1
c,active_coupling,affine,4.0,100,1.0,7057467,683,0.9979993139000963,0.9983541846286499,3448.937709090937,0,-1
c,active_coupling,affine,4.0,100,1.0,7057467,684,0.9943702039335145,0.999999,3470.1977635657604,0,-1
c,active_coupling,affine,4.0,100,1.0,7057467,685,0.9992818099230283,0.999999,3476.3466595153354,0,-1
c,active_coupling,affine,4.0,100,1.0,7057467,686,0.9999574352798054,0.9999674240711313,3451.5532937663206,0,-1
c,active_coupling,affine,4.0,100,1.0,7057467,687,0.999999,0.999999,3480.5566106235356,0,-1
c,active_coupling,affine,4.0,100,1.0,7057467,688,0.999999,0.999999,3415.015964933441,0,-1
c,active_coupling,affine,4.0,100,1.0,7057467,689,0.9984451704507677,0.9997880071569453,3483.921810064656,0,-1
c,active_coupling,affine,4.0,100,1.0,7057467,690,0.999999,0.9347251567745911,3484.0432535147775,0,-1
c,active_coupling,affine,4.0,100,1.0,7057467,691,0.8138788215980879,0.9999737148044626,3443.942158229797,0,-1
c,active_coupling,affine,4.0,100,1.0,7057467,692,0.9708573573467205,0.9980471691136609,3447.226114885762,0,-1
c,active_coupling,affine,4.0,100,1.0,7057467,693,0.9997862145056037,0.3102864212900929,3410.148992681175,0,-1
c,active_coupling,affine,4.0,100,1.0,7057467,694,0.9996395123902748,0.9990624340311824,3473.0531373025465,0,-1
c,active_coupling,affine,4.0,100,1.0,7057467,695,0.999999,0.9920648672708978,3481.2344309559408,0,-1
c,active_coupling,affine,4.0,100,1.0,7057467,696,0.9999736414257933,0.9997599725040205,3478.4275329916873,0,-1
c,active_coupling,affine,4.0,100,1.0,7057467,697,0.999999,0.9997908052901842,3470.7793126620118,0,-1
c,active_coupling,affine,4.0,100,1.0,7057467,698,0.9962091191886139,0.9814567715437217,3454.080997076391,0,-1
c,active_coupling,affine,4.0,100,1.0,7057467,699,0.999999,0.999498495215091,3435.617959991617,0,-1
c,active_coupling,affine,4.0,100,1.0,7057467,700,0.9983037422107433,0.999999,3483.642532426918,0,-1
c,active_coupling,affine,4.0,100,1.0,7057467,701,0.999999,0.999999,3476.804941740206,0,-1
c,active_coupling,affine,4.0,100,1.0,7057467,702,0.9999310524403768,0.9998607926848729,3467.902712991875,0,-1
c,active_coupling,affine,4.0,100,1.0,7057467,703,0.999999,0.999999,3472.2876494266234,0,-1
c,active_coupling,affine,4.0,100,1.0,7057467,704,0.9999268258199631,0.9998465763868754,3456.2697956438974,0,-1
c,active_coupling,affine,4.0,100,1.0,7057467,705,0.999999,0.995228284880578,3463.535192248728,0,-1
c,active_coupling,affine,4.0,100,1.0,7057467,706,0.999899105953723,0.9999445460844114,3435.2460283790665,0,-1
c,active_coupling,affine,4.0,100,1.0,7057467,707,0.9752384364770109,0.9986465133352597,3440.5977271907122,0,-1
c,active_coupling,affine,4.0,100,1.0,7057467,708,0.999999,0.999999,3478.7462085830116,0,-1
c,active_coupling,affine,4.0,100,1.0,7057467,709,0.9485990970937334,0.999999,3478.3061821939937,0,-1
c,active_coupling,affine,4.0,100,1.0,7057467,710,0.9988506690911984,0.999999,3457.7352121364875,0,-1
c,active_coupling,affine,4.0,100,1.0,7057467,711,0.9981208322516085,0.7994585954751143,3423.0299192044313,0,-1
c,active_coupling,affine,4.0,100,1.0,7057467,712,0.999999,0.9828989703826629,3477.522487329734,0,-1
c,active_coupling,affine,4.0,100,1.0,7057467,713,0.9617439935887802,0.9993572992688612,3461.3848183357445,0,-1
c,active_coupling,affine,4.0,100,1.0,7057467,714,0.9749795420346697,0.9999152212754464,3459.561016242931,0,-1
c,active_coupling,affine,4.0,100,1.0,7057467,715,0.9997629609989457,0.6638718912388404,3416.2948298583933,0,-1
c,active_coupling,affine,4.0,100,1.0,7057467,716,0.999999,0.9999862345837998,3420.862461361841,0,-1
c,active_coupling,affine,4.0,100,1.0,7057467,717,0.9972897586818819,0.9998292343390331,3456.519476116381,0,-1
c,active_coupling,affine,4.0,100,1.0,7057467,718,0.6927993683374565,0.999999,3460.4309780201297,0,-1
c,active_coupling,affine,4.0,100,1.0,7057467,719,0.9978240422549741,0.9999734895329951,3464.484771874358,0,-1
c,active_coupling,affine,4.0,100,1.0,7057467,720,0.972981568178112,0.9994330387344393,3467.1290256958077,0,-1
c,active_coupling,affine,4.0,100,1.0,7057467,721,0.999999,0.9899447893948258,3468.894239152568,0,-1
c,active_coupling,affine,4.0,100,1.0,7057467,722,0.999999,0.9997922626997641,3457.6109950263326,0,-1
c,active_coupling,affine,4.0,100,1.0,7057467,723,0.999999,0.9987907047225041,3465.716270175656,0,-1
c,active_coupling,affine,4.0,100,1.0,7057467,724,0.9999762007495004,0.9997988448382343,3476.0136234520523,0,-1
c,active_coupling,affine,4.0,100,1.0,7057467,725,0.9999795058681401,0.9997719977017854,3464.0753565783807,0,-1
c,active_coupling,affine,4.0,100,1.0,7057467,726,0.9999877338704332,0.999999,3466.980020090987,0,-1
c,active_coupling,affine,4.0,100,1.0,7057467,727,0.9988825023118876,0.999999,3453.93610084585,0,-1
c,active_coupling,affine,4.0,100,1.0,7057467,728,0.999999,0.9998008017573149,3464.996911250233,0,-1
c,active_coupling,affine,4.0,100,1.0,7057467,729,0.9997910254525675,0.9738009682147243,3460.830932934884,0,-1
c,active_coupling,affine,4.0,100,1.0,7057467,730,0.999999,0.8236685274619796,3441.488824678062,0,-1
c,active_coupling,affine,4.0,100,1.0,7057467,731,0.8751787689643516,0.9568269646273004,3473.013580409343,0,-1
c,active_coupling,affine,4.0,100,1.0,7057467,732,0.999999,0.999734896017077,3453.847498208681,0,-1
c,active_coupling,affine,4.0,100,1.0,7057467,733,0.9998997329700204,0.9976663328989017,3466.5940093139907,0,-1
c,active_coupling,affine,4.0,100,1.0,7057467,734,0.7756957623092242,0.999999,3461.9731689895452,0,-1
c,active_coupling,affine,4.0,100,1.0,7057467,735,0.999999,0.9999426711903165,3472.798204670632,0,-1
c,active_coupling,affine,4.0,100,1.0,7057467,736,0.9766290287416212,0.999999,3471.35674096036,0,-1
c,active_coupling,affine,4.0,100,1.0,7057467,737,0.999999,0.9996976414522308,3441.834192043112,0,-1
c,active_coupling,affine,4.0,100,1.0,7057467,738,0.999999,0.9224584821476915,3476.0143052985095,0,-1
c,active_coupling,affine,4.0,100,1.0,7057467,739,0.9987294437483241,0.9999156208414324,3465.7020958088165,0,-1
c,active_coupling,affine,4.0,100,1.0,7057467,740,0.999999,0.999999,3476.3801597124493,0,-1
c,active_coupling,affine,4.0,100,1.0,7057467,741,0.9890201298125195,0.9999685518934315,3475.3046121313196,0,-1
c,active_coupling,affine,4.0,100,1.0,7057467,742,0.9927006162267182,0.999999,3479.222946022946,0,-1
c,active_coupling,affine,4.0,100,1.0,7057467,743,0.9999800407632998,0.999999,3448.668912210194,0,-1
c,active_coupling,affine,4.0,100,1.0,7057467,744,0.9988928291507428,0.999999,3458.410450994568,0,-1
c,active_coupling,affine,4.0,100,1.0,7057467,745,0.999999,0.999999,3474.119136443839,0,-1
c,active_coupling,affine,4.0,100,1.0,7057467,746,0.9788246328183263,0.9700674284870747,3471.042006065333,0,-1
c,active_coupling,affine,4.0,100,1.0,7057467,747,0.999999,0.7318239381334505,3423.5794751806125,0,-1
c,active_coupling,affine,4.0,100,1.0,7057467,748,0.8944477181679992,0.9999373969988492,3456.133865834744,0,-1
c,active_coupling,affine,4.0,100,1.0,7057467,749,0.9576496159622869,0.9969493471957689,3486.626798956445,0,-1
c,active_coupling,affine,4.0,100,1.0,7057467,750,0.999999,0.9999475993064513,3441.3587223164577,0,-1
c,active_coupling,affine,4.0,100,1.0,7057467,751,0.9995539304824271,0.999999,3463.737229388221,0,-1
c,active_coupling,affine,4.0,100,1.0,7057467,752,0.9970938849318042,0.999637368687194,3480.0217598459517,0,-1
c,active_coupling,affine,4.0,100,1.0,7057467,753,0.9926041083861367,0.9140086181243576,3465.08555963466,0,-1
c,active_coupling,affine,4.0,100,1.0,7057467,754,0.999999,0.99989773049045,3467.4737910274725,0,-1
c,active_coupling,affine,4.0,100,1.0,7057467,755,0.980628483252877,0.997015662413729,3456.1322822044754,0,-1
c,active_coupling,affine,4.0,100,1.0,7057467,756,0.999999,0.999999,3472.0189545243375,0,-1
c,active_coupling,affine,4.0,100,1.0,7057467,757,0.9999680558998426,0.9999557856887064,3443.6570999393034,0,-1
c,active_coupling,affine,4.0,100,1.0,7057467,758,0.9999236871150571,0.9649520367510331,3457.1299038101656,0,-1
c,active_coupling,affine,4.0,100,1.0,7057467,759,0.9082170641635757,0.999999,3455.7763137811835,0,-1
c,active_coupling,affine,4.0,100,1.0,7057467,760,0.9547901197976651,0.9994000176221134,3464.369685268739,0,-1
c,active_coupling,affine,4.0,100,1.0,7057467,761,0.9987839817028396,0.9855040453094649,3459.941116957376,0,-1
c,active_coupling,affine,4.0,100,1.0,7057467,762,0.9999261111826854,0.9933837382644247,3454.667909166306,0,-1
c,active_coupling,affine,4.0,100,1.0,7057467,763,0.9938442559758677,0.9998883193762484,3458.914823391805,0,-1
c,active_coupling,affine,4.0,100,1.0,7057467,764,0.9999213950212417,0.9814015924126077,3459.219394420723,0,-1
c,active_coupling,affine,4.0,100,1.0,7057467,765,0.9999008824816462,0.999999,3476.82983544469,0,-1
c,active_coupling,affine,4.0,100,1.0,7057467,766,0.999999,0.8916435081656275,3475.5952720625564,0,-1
c,active_coupling,affine,4.0,100,1.0,7057467,767,0.9998455972334772,0.999999,3444.3801215125623,0,-1
c,active_coupling,affine,4.0,100,1.0,7057467,768,0.31967138827360825,0.999999,3456.207668199139,0,-1
c,active_coupling,affine,4.0,100,1.0,7057467,769,0.9997241016662141,0.999999,3482.262586426813,0,-1
c,active_coupling,affine,4.0,100,1.0,7057467,770,0.9977926860314071,0.9983916360271443,3471.8791493534186,0,-1
c,active_coupling,affine,4.0,100,1.0,7057467,771,0.9998096271994009,0.9999517238352577,3454.900108409759,0,-1
c,active_coupling,affine,4.0,100,1.0,7057467,772,0.9996025538489383,0.999999,3470.5715385181447,0,-1
c,active_coupling,affine,4.0,100,1.0,7057467,773,0.999999,0.9766457390629013,3423.6102028575297,0,-1
c,active_coupling,affine,4.0,100,1.0,7057467,774,0.999999,0.9948283980563604,3476.4210962179536,0,-1
c,active_coupling,affine,4.0,100,1.0,7057467,775,0.999999,0.999999,3441.738266528457,0,-1
c,active_coupling,affine,4.0,100,1.0,7057467,776,0.9996777911457221,0.9914007686749281,3472.3290525978314,0,-1
c,active_coupling,affine,4.0,100,1.0,7057467,777,0.999902110206167,0.9854536075586466,3427.817304054809,0,-1
c,active_coupling,affine,4.0,100,1.0,7057467,778,0.999999,0.9999966145250875,3474.5136868863565,0,-1
c,active_coupling,affine,4.0,100,1.0,7057467,779,0.9996830300705152,0.9632435803251941,3478.4904741987457,0,-1
c,active_coupling,affine,4.0,100,1.0,7057467,780,0.999999,0.999999,3465.257033352022,0,-1
c,active_coupling,affine,4.0,100,1.0,7057467,781,0.999999,0.999999,3470.814280311083,0,-1
c,active_coupling,affine,4.0,100,1.0,7057467,782,0.999999,0.999999,3471.865140133615,0,-1
c,active_coupling,affine,4.0,100,1.0,7057467,783,0.999999,0.9999964355460564,3469.1230263729694,0,-1
c,active_coupling,affine,4.0,100,1.0,7057467,784,0.999999,0.999999,3474.6673678359844,0,-1
c,active_coupling,affine,4.0,100,1.0,7057467,785,0.9965518606949229,0.9998597957255874,3461.0215449394404,0,-1
c,active_coupling,affine,4.0,100,1.0,7057467,786,0.9997073050436434,0.9967208495446023,3462.296458742182,0,-1
c,active_coupling,affine,4.0,100,1.0,7057467,787,0.999999,0.999974290617534,3460.7263110148774,0,-1
c,active_coupling,affine,4.0,100,1.0,7057467,788,0.9996821666824789,0.9982154832222874,3468.559242223313,0,-1
c,active_coupling,affine,4.0,100,1.0,7057467,789,0.9999492752170975,0.999999,3474.3950056898457,0,-1
c,active_coupling,affine,4.0,100,1.0,7057467,790,0.999999,0.999999,3435.6853597961285,0,-1
c,active_coupling,affine,4.0,100,1.0,7057467,791,0.9999117864597211,0.999835626352665,3458.313880927812,0,-1
c,active_coupling,affine,4.0,100,1.0,7057467,792,0.999999,0.9999023081367269,3482.8126097618224,0,-1
c,active_coupling,affine,4.0,100,1.0,7057467,793,0.9998772682987211,0.7562921711446031,3419.984385890472,0,-1
c,active_coupling,affine,4.0,100,1.0,7057467,794,0.9999377174499914,0.9999983298660431,3468.146560027414,0,-1
c,active_coupling,affine,4.0,100,1.0,7057467,795,0.9993184693214332,0.9929084975501179,3476.579029175501,0,-1
c,active_coupling,affine,4.0,100,1.0,7057467,796,0.999999,0.999999,3448.00876749611,0,-1
c,active_coupling,affine,4.0,100,1.0,7057467,797,0.999999,0.999999,3483.3797551771213,0,-1
c,active_coupling,affine,4.0,100,1.0,7057467,798,0.9933571457546662,0.9995727019664838,3473.3215591286257,0,-1
c,active_coupling,affine,4.0,100,1.0,7057467,799,0.9997771282618643,0.999999,3470.3643448766115,0,-1
c,active_coupling,affine,4.0,100,1.0,7057467,800,0.999999,0.9998569140963637,3455.459388765063,0,-1
c,active_coupling,affine,4.0,100,1.0,7057467,801,0.9992730848958542,0.9849383953711788,3466.8637826904023,0,-1
c,active_coupling,affine,4.0,100,1.0,7057467,802,0.999999,0.999999,3455.282212815838,0,-1
c,active_coupling,affine,4.0,100,1.0,7057467,803,0.999999,0.999999,3459.869689752932,0,-1
c,active_coupling,affine,4.0,100,1.0,7057467,804,0.9999876707058726,0.999999,3477.5022754139454,0,-1
c,active_coupling,affine,4.0,100,1.0,7057467,805,0.9996361531377237,0.7266473882892691,3467.4540676678016,0,-1
c,active_coupling,affine,4.0,100,1.0,7057467,806,0.5323276584765216,0.999999,3479.733305891901,0,-1
c,active_coupling,affine,4.0,100,1.0,7057467,807,0.999999,0.9999595062791539,3455.269750357273,0,-1
c,active_coupling,affine,4.0,100,1.0,7057467,808,0.9995746057204585,0.999999,3417.120651076139,0,-1
c,active_coupling,affine,4.0,100,1.0,7057467,809,0.9998707243400503,0.999999,3480.063441562408,0,-1
c,active_coupling,affine,4.0,100,1.0,7057467,810,0.9943963990473403,0.9315090385462804,3466.154323678515,0,-1
c,active_coupling,affine,4.0,100,1.0,7057467,811,0.9997921095812823,0.8250263931509405,3450.8229519974957,0,-1
c,active_coupling,affine,4.0,100,1.0,7057467,812,0.999999,0.999999,3452.1510994097584,0,-1
c,active_coupling,affine,4.0,100,1.0,7057467,813,0.9998492258717936,0.999999,3427.311140945157,0,-1
c,active_coupling,affine,4.0,100,1.0,7057467,814,0.999999,0.999999,3474.6456118722585,0,-1
c,active_coupling,affine,4.0,100,1.0,7057467,815,0.9999307549117458,0.999999,3455.3080286311038,0,-1
c,active_coupling,affine,4.0,100,1.0,7057467,816,0.9999854147422848,0.7607832589127441,3445.7992750400404,0,-1
c,active_coupling,affine,4.0,100,1.0,7057467,817,0.7279928139629449,0.9993440315532293,3462.402262813501,0,-1
c,active_coupling,affine,4.0,100,1.0,7057467,818,0.9880087556049219,0.999999,3468.5841242761107,0,-1
c,active_coupling,affine,4.0,100,1.0,7057467,819,0.9603312560136829,0.9991579924306337,3441.0057735651276,0,-1
c,active_coupling,affine,4.0,100,1.0,7057467,820,0.9805976657652461,0.9988267844976491,3479.223244548663,0,-1
c,active_coupling,affine,4.0,100,1.0,7057467,821,0.9987747545779311,0.9999169286113184,3476.1275463745555,0,-1
c,active_coupling,affine,4.0,100,1.0,7057467,822,0.999999,0.9997110946380817,3459.7330160433294,0,-1
c,active_coupling,affine,4.0,100,1.0,7057467,823,0.9949193812615582,0.999999,3461.529081878947,0,-1
c,active_coupling,affine,4.0,100,1.0,7057467,824,0.9930788015619038,0.9983861616245584,3460.901938750226,0,-1
c,active_coupling,affine,4.0,100,1.0,7057467,825,0.999999,0.999999,3477.6917473707254,0,-1
c,active_coupling,affine,4.0,100,1.0,7057467,826,0.9999094080779929,0.995340772608677,3449.676880800451,0,-1
c,active_coupling,affine,4.0,100,1.0,7057467,827,0.999999,0.999999,3458.5741806150336,0,-1
c,active_coupling,affine,4.0,100,1.0,7057467,828,0.999999,0.999999,3442.278490251177,0,-1
c,active_coupling,affine,4.0,100,1.0,7057467,829,0.9985234368651245,0.9998405748830635,3457.951692889789,0,-1
c,active_coupling,affine,4.0,100,1.0,7057467,830,0.990085871726599,0.999999,3482.012395426547,0,-1
c,active_coupling,affine,4.0,100,1.0,7057467,831,0.9997392545980212,0.9997160126261389,3438.515841702029,0,-1
c,active_coupling,affine,4.0,100,1.0,7057467,832,0.999999,0.9975900365921628,3416.1306714908283,0,-1
c,active_coupling,affine,4.0,100,1.0,7057467,833,0.999999,0.9820154924352071,3449.1042305632427,0,-1
c,active_coupling,affine,4.0,100,1.0,7057467,834,0.9259541000990208,0.999999,3483.4055092113813,0,-1
c,active_coupling,affine,4.0,100,1.0,7057467,835,0.999999,0.999999,3456.0111883188274,0,-1
c,active_coupling,affine,4.0,100,1.0,7057467,836,0.9994214566563651,0.9999942439470847,3477.6133411876135,0,-1
c,active_coupling,affine,4.0,100,1.0,7057467,837,0.9998257380327534,0.999999,3443.115628108907,0,-1
c,active_coupling,affine,4.0,100,1.0,7057467,838,0.999999,0.999999,3463.913191983279,0,-1
c,active_coupling,affine,4.0,100,1.0,7057467,839,0.9632328557322732,0.5794750618195501,3443.698943585419,0,-1
c,active_coupling,affine,4.0,100,1.0,7057467,840,0.98901118860971,0.9998487618751993,3474.7149955321283,0,-1
c,active_coupling,affine,4.0,100,1.0,7057467,841,0.9999606071401098,0.9986852246494705,3467.211440039836,0,-1
c,active_coupling,affine,4.0,100,1.0,7057467,842,0.8362671217501186,0.999999,3455.761246992439,0,-1
c,active_coupling,affine,4.0,100,1.0,7057467,843,0.9822548745502837,0.9969014430852066,3458.138908420915,0,-1
c,active_coupling,affine,4.0,100,1.0,7057467,844,0.9998049409808176,0.9949181077718244,3462.04852008716,0,-1
c,active_coupling,affine,4.0,100,1.0,7057467,845,0.999999,0.9844692925605463,3482.173264385976,0,-1
c,active_coupling,affine,4.0,100,1.0,7057467,846,0.9998381188265187,0.999999,3471.753195713344,0,-1
c,active_coupling,affine,4.0,100,1.0,7057467,847,0.9985887918278096,0.9983965791299607,3435.6797909599236,0,-1
c,active_coupling,affine,4.0,100,1.0,7057467,848,0.999999,0.9999716808312974,3435.5211528883497,0,-1
c,active_coupling,affine,4.0,100,1.0,7057467,849,0.9866376605550806,0.999999,3471.6110119224595,0,-1
c,active_coupling,affine,4.0,100,1.0,7057467,850,0.9998074232318253,0.999999,3474.6650251078618,0,-1
c,active_coupling,affine,4.0,100,1.0,7057467,851,0.999999,0.999999,3475.4406113881973,0,-1
c,active_coupling,affine,4.0,100,1.0,7057467,852,0.9954621737223796,0.999999,3469.481902153565,0,-1
c,active_coupling,affine,4.0,100,1.0,7057467,853,0.999999,0.9999296551636221,3460.1079205992546,0,-1
c,active_coupling,affine,4.0,100,1.0,7057467,854,0.999999,0.999999,3465.359935384595,0,-1
c,active_coupling,affine,4.0,100,1.0,7057467,855,0.999999,0.999999,3444.260800975425,0,-1
c,active_coupling,affine,4.0,100,1.0,7057467,856,0.9999965045646754,0.999999,3445.6608689482364,0,-1
c,active_coupling,affine,4.0,100,1.0,7057467,857,0.9998750974004829,0.999999,3472.790885171556,0,-1
c,active_coupling,affine,4.0,100,1.0,7057467,858,0.999999,0.9992066192943042,3442.1054877788742,0,-1
c,active_coupling,affine,4.0,100,1.0,7057467,859,0.999695945231532,0.9999768932343218,3477.765216632849,0,-1
c,active_coupling,affine,4.0,100,1.0,7057467,860,0.9993063148048064,0.999999,3469.074047527717,0,-1
c,active_coupling,affine,4.0,100,1.0,7057467,861,0.9886477859400059,0.9999872816590264,3464.451614679974,0,-1
c,active_coupling,affine,4.0,100,1.0,7057467,862,0.9353828489589822,0.9456686463849989,3453.858420925623,0,-1
c,active_coupling,affine,4.0,100,1.0,7057467,863,0.999999,0.969692449906013,3459.4316683468405,0,-1
c,active_coupling,affine,4.0,100,1.0,7057467,864,0.999999,0.9976132885766686,3467.806064378895,0,-1
c,active_coupling,affine,4.0,100,1.0,7057467,865,0.9998916977068222,0.999999,3473.6798301325466,0,-1
c,active_coupling,affine,4.0,100,1.0,7057467,866,0.9997481464278376,0.9985263337257401,3481.511954909402,0,-1
c,active_coupling,affine,4.0,100,1.0,7057467,867,0.999999,0.999999,3465.3070052894604,0,-1
c,active_coupling,affine,4.0,100,1.0,7057467,868,0.9999012883177537,0.9824330084735705,3472.6912603638657,0,-1
c,active_coupling,affine,4.0,100,1.0,7057467,869,0.9998077049245421,0.9121456255502242,3406.6438691813382,0,-1
c,active_coupling,affine,4.0,100,1.0,7057467,870,0.9997947456182035,0.9999363805330832,3463.7675529016396,0,-1
c,active_coupling,affine,4.0,100,1.0,7057467,871,0.999999,0.999999,3483.8538652773523,0,-1
c,active_coupling,affine,4.0,100,1.0,7057467,872,0.999999,0.9999019295823262,3460.9597814202407,0,-1
c,active_coupling,affine,4.0,100,1.0,7057467,873,0.9560877801737091,0.999999,3449.664870085946,0,-1
c,active_coupling,affine,4.0,100,1.0,7057467,874,0.9995630554283709,0.8951028588905408,3471.920419827868,0,-1
c,active_coupling,affine,4.0,100,1.0,7057467,875,0.9998733988326929,0.9620527643578116,3480.880255531456,0,-1
c,active_coupling,affine,4.0,100,1.0,7057467,876,0.999789858883288,0.999999,3472.6963131868297,0,-1
c,active_coupling,affine,4.0,100,1.0,7057467,877,0.9320673784123369,0.9998911858720902,3451.559102653628,0,-1
c,active_coupling,affine,4.0,100,1.0,7057467,878,0.9996585448538412,0.999999,3467.828671572491,0,-1
c,active_coupling,affine,4.0,100,1.0,7057467,879,0.999999,0.999999,3470.492645216997,0,-1
c,active_coupling,affine,4.0,100,1.0,7057467,880,0.999999,0.8571957834147971,3474.0452074713776,0,-1
c,active_coupling,affine,4.0,100,1.0,7057467,881,0.9998427159309613,0.9957624380646346,3442.792656752298,0,-1
c,active_coupling,affine,4.0,100,1.0,7057467,882,0.999999,0.9345322689382873,3473.608512169943,0,-1
c,active_coupling,affine,4.0,100,1.0,7057467,883,0.999999,0.9943772740937523,3470.1153705004504,0,-1
c,active_coupling,affine,4.0,100,1.0,7057467,884,0.9999896728310544,0.9318596375941959,3450.0229521013034,0,-1
c,active_coupling,affine,4.0,100,1.0,7057467,885,0.9997188835806047,0.999999,3467.7786351082336,0,-1
c,active_coupling,affine,4.0,100,1.0,7057467,886,0.9999876752293962,0.9896710590381734,3457.2255079351007,0,-1
c,active_coupling,affine,4.0,100,1.0,7057467,887,0.999999,0.9874150894039371,3457.0381477403125,0,-1
c,active_coupling,affine,4.0,100,1.0,7057467,888,0.999999,0.998596592195874,3421.561491853852,0,-1
c,active_coupling,affine,4.0,100,1.0,7057467,889,0.9999363218896226,0.999999,3469.4031840205366,0,-1
c,active_coupling,affine,4.0,100,1.0,7057467,890,0.999999,0.9998105175836993,3475.742910220579,0,-1
c,active_coupling,affine,4.0,100,1.0,7057467,891,0.9794558160999871,0.9760779377219904,3455.2438214783615,0,-1
c,active_coupling,affine,4.0,100,1.0,7057467,892,0.999926179484792,0.999777747403886,3442.5458231002262,0,-1
c,active_coupling,affine,4.0,100,1.0,7057467,893,0.9702460986003202,0.999999,3469.922174465881,0,-1
c,active_coupling,affine,4.0,100,1.0,7057467,894,0.9527830248466572,0.9982105259554069,3435.1037591581985,0,-1
c,active_coupling,affine,4.0,100,1.0,7057467,895,0.8844445709003175,0.9471508715811922,3465.3587977231414,0,-1
c,active_coupling,affine,4.0,100,1.0,7057467,896,0.999999,0.9951884566943973,3474.819048260409,0,-1
c,active_coupling,affine,4.0,100,1.0,7057467,897,0.999999,0.999999,3463.8461608876987,0,-1
c,active_coupling,affine,4.0,100,1.0,7057467,898,0.999999,0.9472740748944364,3478.4665424880427,0,-1
c,active_coupling,affine,4.0,100,1.0,7057467,899,0.9660996862631145,0.8107683567825569,3482.757060271046,0,-1
c,active_coupling,affine,4.0,100,1.0,7057467,900,0.9999877001893425,0.999999,3453.4249973730416,0,-1
c,active_coupling,affine,4.0,100,1.0,7057467,901,0.999999,0.998056367795848,3469.681869084897,0,-1
c,active_coupling,affine,4.0,100,1.0,7057467,902,0.9997520882170677,0.9961436747119063,3445.379616029468,0,-1
c,active_coupling,affine,4.0,100,1.0,7057467,903,0.9999266454108605,0.9997959881844555,3479.925371946214,0,-1
c,active_coupling,affine,4.0,100,1.0,7057467,904,0.9970543596994447,0.9440524740550222,3442.763123077494,0,-1
c,active_coupling,affine,4.0,100,1.0,7057467,905,0.9998018670200277,0.9997887696327371,3466.575456592859,0,-1
c,active_coupling,affine,4.0,100,1.0,7057467,906,0.999999,0.999999,3441.2869256731046,0,-1
c,active_coupling,affine,4.0,100,1.0,7057467,907,0.9999711030085545,0.999999,3466.7960312988075,0,-1
c,active_coupling,affine,4.0,100,1.0,7057467,908,0.999999,0.9998348948307285,3463.333412340755,0,-1
c,active_coupling,affine,4.0,100,1.0,7057467,909,0.999999,0.9927819435296066,3466.4709520915876,0,-1
c,active_coupling,affine,4.0,100,1.0,7057467,910,0.9999116462847317,0.999999,3441.1479896548326,0,-1
c,active_coupling,affine,4.0,100,1.0,7057467,911,0.999999,0.999999,3472.625843494426,0,-1
c,active_coupling,affine,4.0,100,1.0,7057467,912,0.9997708714525224,0.983398767887259,3471.8175621373557,0,-1
c,active_coupling,affine,4.0,100,1.0,7057467,913,0.9984768249173025,0.9995554747823052,3460.9714509604623,0,-1
c,active_coupling,affine,4.0,100,1.0,7057467,914,0.999999,0.9982721616914634,3479.151382082485,0,-1
c,active_coupling,affine,4.0,100,1.0,7057467,915,0.9646354901200904,0.999999,3470.933004868512,0,-1
c,active_coupling,affine,4.0,100,1.0,7057467,916,0.9997283072369906,0.9989182107808211,3467.2573105605798,0,-1
c,active_coupling,affine,4.0,100,1.0,7057467,917,0.999999,0.9499652662927836,3395.7509165702695,0,-1
c,active_coupling,affine,4.0,100,1.0,7057467,918,0.9995924799645132,0.9998312301721268,3468.2310079353,0,-1
c,active_coupling,affine,4.0,100,1.0,7057467,919,0.999999,0.9999327174332673,3450.1400464492285,0,-1
c,active_coupling,affine,4.0,100,1.0,7057467,920,0.999999,0.9999339199329599,3476.221921358052,0,-1
c,active_coupling,affine,4.0,100,1.0,7057467,921,0.999999,0.988722008974522,3458.2615648210112,0,-1
c,active_coupling,affine,4.0,100,1.0,7057467,922,0.9384522417185428,0.9957261063967846,3461.413078720182,0,-1
c,active_coupling,affine,4.0,100,1.0,7057467,923,0.999999,0.9954272997891438,3480.3670205783337,0,-1
c,active_coupling,affine,4.0,100,1.0,7057467,924,0.999999,0.9942218721432946,3453.1155957795504,0,-1
c,active_coupling,affine,4.0,100,1.0,7057467,925,0.9391116070621156,0.999999,3462.8864589578156,0,-1
c,active_coupling,affine,4.0,100,1.0,7057467,926,0.9625918331014833,0.9996830786820481,3469.6006155215728,0,-1
c,active_coupling,affine,4.0,100,1.0,7057467,927,0.944011113692643,0.9992344878819274,3460.4672667183354,0,-1
c,active_coupling,affine,4.0,100,1.0,7057467,928,0.999999,0.999999,3464.4803731074203,0,-1
c,active_coupling,affine,4.0,100,1.0,7057467,929,0.9580273291970262,0.9999471606385691,3454.181852081906,0,-1
c,active_coupling,affine,4.0,100,1.0,7057467,930,0.9999506630841161,0.9854345575240625,3455.2582749662124,0,-1
c,active_coupling,affine,4.0,100,1.0,7057467,931,0.9903090497761874,0.999999,3473.605111697181,0,-1
c,active_coupling,affine,4.0,100,1.0,7057467,932,0.9914625348291413,0.9999639851391986,3411.8811088668444,0,-1
c,active_coupling,affine,4.0,100,1.0,7057467,933,0.999999,0.9997949623846827,3462.76336014859,0,-1
c,active_coupling,affine,4.0,100,1.0,7057467,934,0.9999713072673561,0.9650637179063151,3476.708510924559,0,-1
c,active_coupling,affine,4.0,100,1.0,7057467,935,0.9997755630421967,0.9961125687758317,3456.414208413509,0,-1
c,active_coupling,affine,4.0,100,1.0,7057467,936,0.999999,0.9985460899571796,3459.924403532367,0,-1
c,active_coupling,affine,4.0,100,1.0,7057467,937,0.9997810007974759,0.999999,3455.6766509488057,0,-1
c,active_coupling,affine,4.0,100,1.0,7057467,938,0.999999,0.999999,3443.2605363328366,0,-1
c,active_coupling,affine,4.0,100,1.0,7057467,939,0.9998217746727666,0.9999206705597685,3474.4803119553308,0,-1
c,active_coupling,affine,4.0,100,1.0,7057467,940,0.9955627221495146,0.999999,3449.5292997148013,0,-1
c,active_coupling,affine,4.0,100,1.0,7057467,941,0.999999,0.999999,3472.8221146702285,0,-1
c,active_coupling,affine,4.0,100,1.0,7057467,942,0.999999,0.9270446226428012,3460.2840813926045,0,-1
c,active_coupling,affine,4.0,100,1.0,7057467,943,0.9782998649483099,0.9999405361644543,3461.9936893316585,0,-1
c,active_coupling,affine,4.0,100,1.0,7057467,944,0.9857393506056511,0.999999,3478.468875950601,0,-1
c,active_coupling,affine,4.0,100,1.0,7057467,945,0.9902405745907712,0.999999,3476.3374116222335,0,-1
c,active_coupling,affine,4.0,100,1.0,7057467,946,0.999999,0.9834891201448088,3465.098235773285,0,-1
c,active_coupling,affine,4.0,100,1.0,7057467,947,0.999999,0.9999797491369719,3468.920555379948,0,-1
c,active_coupling,affine,4.0,100,1.0,7057467,948,0.999999,0.9999497628321742,3450.601045221138,0,-1
c,active_coupling,affine,4.0,100,1.0,7057467,949,0.9977407985532971,0.999999,3472.979714796913,0,-1
c,active_coupling,affine,4.0,100,1.0,7057467,950,0.999999,0.9959088810117832,3473.6226023802565,0,-1
c,active_coupling,affine,4.0,100,1.0,7057467,951,0.999999,0.9998550603450433,3470.1313455950544,0,-1
c,active_coupling,affine,4.0,100,1.0,7057467,952,0.9926285115865818,0.999999,3458.5535542748958,0,-1
c,active_coupling,affine,4.0,100,1.0,7057467,953,0.9842313338669321,0.9991561857778797,3470.21313806191,0,-1
c,active_coupling,affine,4.0,100,1.0,7057467,954,0.9974764328094458,0.9851741537424683,3459.9393646692297,0,-1
c,active_coupling,affine,4.0,100,1.0,7057467,955,0.999999,0.9995355357024075,3461.859712237044,0,-1
c,active_coupling,affine,4.0,100,1.0,7057467,956,0.9997264482054204,0.99975879163217,3471.38868325023,0,-1
c,active_coupling,affine,4.0,100,1.0,7057467,957,0.9961493910762005,0.9966851228865138,3447.269513225206,0,-1
c,active_coupling,affine,4.0,100,1.0,7057467,958,0.9998101948692926,0.9998957022542994,3465.8632013312726,0,-1
c,active_coupling,affine,4.0,100,1.0,7057467,959,0.999999,0.9996948242526456,3475.785354124611,0,-1
c,active_coupling,affine,4.0,100,1.0,7057467,960,0.999999,0.9844352083669169,3446.249833116813,0,-1
c,active_coupling,affine,4.0,100,1.0,7057467,961,0.999999,0.9973208741098291,3460.189925532431,0,-1
c,active_coupling,affine,4.0,100,1.0,7057467,962,0.999889843281356,0.9953105013294389,3478.289185842944,0,-1
c,active_coupling,affine,4.0,100,1.0,7057467,963,0.999999,0.9993331513388938,3474.453099627846,0,-1
c,active_coupling,affine,4.0,100,1.0,7057467,964,0.9956679878974934,0.9998597555691096,3467.640542353167,0,-1
c,active_coupling,affine,4.0,100,1.0,7057467,965,0.999999,0.9846255669196499,3452.682361820109,0,-1
c,active_coupling,affine,4.0,100,1.0,7057467,966,0.9457491910865337,0.999999,3458.0730104989143,0,-1
c,active_coupling,affine,4.0,100,1.0,7057467,967,0.999999,0.999999,3475.4599536667074,0,-1
c,active_coupling,affine,4.0,100,1.0,7057467,968,0.999999,0.9999783415122541,3476.632919696472,0,-1
c,active_coupling,affine,4.0,100,1.0,7057467,969,0.8115757352223707,0.9855210891323776,3476.737578335882,0,-1
c,active_coupling,affine,4.0,100,1.0,7057467,970,0.999999,0.9991053128175036,3452.693432309687,0,-1
c,active_coupling,affine,4.0,100,1.0,7057467,971,0.9998302115042086,0.9873631082618154,3411.4321876525214,0,-1
c,active_coupling,affine,4.0,100,1.0,7057467,972,0.9687372861608036,0.9997075684131731,3482.035263314765,0,-1
c,active_coupling,affine,4.0,100,1.0,7057467,973,0.999999,0.9607870571269128,3445.177155960954,0,-1
c,active_coupling,affine,4.0,100,1.0,7057467,974,0.6369508944705872,0.999999,3421.61931308618,0,-1
c,active_coupling,affine,4.0,100,1.0,7057467,975,0.9955922455837708,0.9606591937691107,3480.2776498983194,0,-1
c,active_coupling,affine,4.0,100,1.0,7057467,976,0.999972455026558,0.999999,3476.072504255357,0,-1
c,active_coupling,affine,4.0,100,1.0,7057467,977,0.999999,0.9404250420121897,3429.6815420697626,0,-1
c,active_coupling,affine,4.0,100,1.0,7057467,978,0.999999,0.9997178382293348,3464.7586982511216,0,-1
c,active_coupling,affine,4.0,100,1.0,7057467,979,0.9870032441041808,0.999999,3454.5027355097322,0,-1
c,active_coupling,affine,4.0,100,1.0,7057467,980,0.977146752306533,0.9998003457397231,3467.1575458094553,0,-1
c,active_coupling,affine,4.0,100,1.0,7057467,981,0.999999,0.9985546309516699,3439.472706297671,0,-1
c,active_coupling,affine,4.0,100,1.0,7057467,982,0.999999,0.999999,3465.182571310632,0,-1
c,active_coupling,affine,4.0,100,1.0,7057467,983,0.9975896592428716,0.9304782359310517,3460.5180541237605,0,-1
c,active_coupling,affine,4.0,100,1.0,7057467,984,0.9703309393695226,0.999999,3460.181044102164,0,-1
c,active_coupling,affine,4.0,100,1.0,7057467,985,0.999722452289868,0.9318195562059386,3460.3613950166505,0,-1
c,active_coupling,affine,4.0,100,1.0,7057467,986,0.9999636632338722,0.999999,3343.5130404789275,0,-1
c,active_coupling,affine,4.0,100,1.0,7057467,987,0.9997413264614441,0.999999,3445.8888474711052,0,-1
c,active_coupling,affine,4.0,100,1.0,7057467,988,0.999999,0.999999,3462.105283847879,0,-1
c,active_coupling,affine,4.0,100,1.0,7057467,989,0.999999,0.999845880797665,3470.17220459012,0,-1
c,active_coupling,affine,4.0,100,1.0,7057467,990,0.999999,0.999999,3457.5290079893216,0,-1
c,active_coupling,affine,4.0,100,1.0,7057467,991,0.9990317981033318,0.9629546207174274,3469.732024109432,0,-1
c,active_coupling,affine,4.0,100,1.0,7057467,992,0.999999,0.999872803303449,3468.824989711313,0,-1
c,active_coupling,affine,4.0,100,1.0,7057467,993,0.999999,0.999892013302911,3468.4206985562246,0,-1
c,active_coupling,affine,4.0,100,1.0,7057467,994,0.9999399593563105,0.999999,3474.0412258118763,0,-1
c,active_coupling,affine,4.0,100,1.0,7057467,995,0.8720362701920653,0.9990315153160789,3476.4249994852935,0,-1
c,active_coupling,affine,4.0,100,1.0,7057467,996,0.999999,0.9998669689306672,3448.0787807246443,0,-1
c,active_coupling,affine,4.0,100,1.0,7057467,997,0.999999,0.9999174792968479,3466.3396060496048,0,-1
c,active_coupling,affine,4.0,100,1.0,7057467,998,0.9998420340987445,0.996483350843809,3460.119991531581,0,-1
c,active_coupling,affine,4.0,100,1.0,7057467,999,0.999999,0.9999188107732647,3458.6519093596416,0,-1
c,active_coupling,affine,4.5,100,1.0,8057470,0,0.999999,0.9971200528631152,3467.3993628016437,0,-1
c,active_coupling,affine,4.5,100,1.0,8057470,1,0.999999,0.999999,3396.457332080004,0,-1
c,active_coupling,affine,4.5,100,1.0,8057470,2,0.999876760371679,0.9963180071415517,3464.501931853345,0,-1
c,active_coupling,affine,4.5,100,1.0,8057470,3,0.999999,0.9996645752052855,3435.8949224290773,0,-1
c,active_coupling,affine,4.5,100,1.0,8057470,4,0.9995823027784342,0.9999737690182624,3474.2985953009174,0,-1
c,active_coupling,affine,4.5,100,1.0,8057470,5,0.999999,0.9945259108388237,3442.4882489916927,0,-1
c,active_coupling,affine,4.5,100,1.0,8057470,6,0.9465801902236874,0.99989210981484,3472.8406971753043,0,-1
c,active_coupling,affine,4.5,100,1.0,8057470,7,0.9921973776745108,0.95778310670755,3470.656868706977,0,-1
c,active_coupling,affine,4.5,100,1.0,8057470,8,0.999999,0.999999,3444.244305177647,0,-1
c,active_coupling,affine,4.5,100,1.0,8057470,9,0.999999,0.9999320167727814,3469.6382639856056,0,-1
c,active_coupling,affine,4.5,100,1.0,8057470,10,0.9996562675288493,0.999999,3455.5641721430866,0,-1
c,active_coupling,affine,4.5,100,1.0,8057470,11,0.7668650995094745,0.999999,3442.852677469492,0,-1
c,active_coupling,affine,4.5,100,1.0,8057470,12,0.9997219581587345,0.9999687584830028,3471.4666081225723,0,-1
c,active_coupling,affine,4.5,100,1.0,8057470,13,0.9967972105933903,0.9283663151431899,3443.2443422038973,0,-1
c,active_coupling,affine,4.5,100,1.0,8057470,14,0.999999,0.999999,3469.358933961411,0,-1
c,active_coupling,affine,4.5,100,1.0,8057470,15,0.9987075901586774,0.9999639851827099,3468.259437490665,0,-1
c,active_coupling,affine,4.5,100,1.0,8057470,16,0.999999,0.9980416042182144,3445.952460641755,0,-1
c,active_coupling,affine,4.5,100,1.0,8057470,17,0.986179546222101,0.9858909904351544,3473.016265469065,0,-1
c,active_coupling,affine,4.5,100,1.0,8057470,18,0.9801315523766364,0.9124175588324112,3427.229515482776,0,-1
c,active_coupling,affine,4.5,100,1.0,8057470,19,0.8675024495443837,0.9991277786730773,3452.506045787957,0,-1
c,active_coupling,affine,4.5,100,1.0,8057470,20,0.999875966657633,0.999999,3456.7960226732844,0,-1
c,active_coupling,affine,4.5,100,1.0,8057470,21,0.9816736879605779,0.999999,3449.031877097231,0,-1
c,active_coupling,affine,4.5,100,1.0,8057470,22,0.999999,0.9986334620236716,3401.2287580504594,0,-1
c,active_coupling,affine,4.5,100,1.0,8057470,23,0.999999,0.9999840764618558,3465.769321691977,0,-1
c,active_coupling,affine,4.5,100,1.0,8057470,24,0.999999,0.999999,3471.026681181155,0,-1
c,active_coupling,affine,4.5,100,1.0,8057470,25,0.9998166075747188,0.999999,3473.424636929873,0,-1
c,active_coupling,affine,4.5,100,1.0,8057470,26,0.9425315681433951,0.9971582554708507,3455.8340456824526,0,-1
c,active_coupling,affine,4.5,100,1.0,8057470,27,0.9999010455956979,0.999999,3479.4586760307116,0,-1
c,active_coupling,affine,4.5,100,1.0,8057470,28,0.999999,0.999999,3404.4367392334916,0,-1
c,active_coupling,affine,4.5,100,1.0,8057470,29,0.9966129035748611,0.9674849150672339,3449.4657425126366,0,-1
c,active_coupling,affine,4.5,100,1.0,8057470,30,0.8926912252378991,0.999999,3469.034813893148,0,-1
c,active_coupling,affine,4.5,100,1.0,8057470,31,0.9449574731777217,0.9981269691356819,3380.112050422695,0,-1
c,active_coupling,affine,4.5,100,1.0,8057470,32,0.999999,0.9933662933227078,3443.124166843824,0,-1
c,active_coupling,affine,4.5,100,1.0,8057470,33,0.9998251116147855,0.9995234812682267,3451.1370937944375,0,-1
c,active_coupling,affine,4.5,100,1.0,8057470,34,0.999999,0.9990984952566483,3475.3292644129174,0,-1
c,active_coupling,affine,4.5,100,1.0,8057470,35,0.9977223055534375,0.999999,3464.7663478730105,0,-1
c,active_coupling,affine,4.5,100,1.0,8057470,36,0.999999,0.999999,3472.2069017980652,0,-1
c,active_coupling,affine,4.5,100,1.0,8057470,37,0.999999,0.999999,3466.490072757061,0,-1
c,active_coupling,affine,4.5,100,1.0,8057470,38,0.8028638537913093,0.559091631816325,3371.566773200013,0,-1
c,active_coupling,affine,4.5,100,1.0,8057470,39,0.999999,0.999999,3460.6347425873037,0,-1
c,active_coupling,affine,4.5,100,1.0,8057470,40,0.9998500130161908,0.9973818001859992,3466.331831943678,0,-1
c,active_coupling,affine,4.5,100,1.0,8057470,41,0.9960112864000749,0.8443494178071584,3460.7324246140724,0,-1
c,active_coupling,affine,4.5,100,1.0,8057470,42,0.9998726659786623,0.9999200789899007,3453.055164042209,0,-1
c,active_coupling,affine,4.5,100,1.0,8057470,43,0.9954590998960816,0.999999,3461.4978352086773,0,-1
c,active_coupling,affine,4.5,100,1.0,8057470,44,0.9992676654967277,0.9999673498521235,3465.930742973652,0,-1
c,active_coupling,affine,4.5,100,1.0,8057470,45,0.9959161538700007,0.9827246315152419,3477.755381327184,0,-1
c,active_coupling,affine,4.5,100,1.0,8057470,46,0.9986371050551252,0.9999983146394577,3467.836201325699,0,-1
c,active_coupling,affine,4.5,100,1.0,8057470,47,0.9999106385219392,0.999999,3468.7173154118022,0,-1
c,active_coupling,affine,4.5,100,1.0,8057470,48,0.9999670134674317,0.998203891415368,3461.4455243785087,0,-1
c,active_coupling,affine,4.5,100,1.0,8057470,49,0.999999,0.9997108932139037,3456.979950530164,0,-1
c,active_coupling,affine,4.5,100,1.0,8057470,50,0.999999,0.999999,3464.136957747544,0,-1
c,active_coupling,affine,4.5,100,1.0,8057470,51,0.997073914914062,0.999999,3464.760416821236,0,-1
c,active_coupling,affine,4.5,100,1.0,8057470,52,0.9953192265603781,0.9951933033310992,3454.525136203389,0,-1
c,active_coupling,affine,4.5,100,1.0,8057470,53,0.9996961303553359,0.9956976713617828,3473.5958093310546,0,-1
c,active_coupling,affine,4.5,100,1.0,8057470,54,0.9985143124355962,0.9999357530419754,3479.1049421921757,0,-1
c,active_coupling,affine,4.5,100,1.0,8057470,55,0.9802886401351387,0.999999,3444.757604012231,0,-1
c,active_coupling,affine,4.5,100,1.0,8057470,56,0.9909090728880616,0.9999418583116114,3461.810901244077,0,-1
c,active_coupling,affine,4.5,100,1.0,8057470,57,0.9981068893382071,0.9998913921947942,3446.2603461621375,0,-1
c,active_coupling,affine,4.5,100,1.0,8057470,58,0.999999,0.999999,3473.858028464638,0,-1
c,active_coupling,affine,4.5,100,1.0,8057470,59,0.9393949980876509,0.8048828908976426,3432.3694056212535,0,-1
c,active_coupling,affine,4.5,100,1.0,8057470,60,0.9997523674032748,0.9999521697503931,3464.818300434808,0,-1
c,active_coupling,affine,4.5,100,1.0,8057470,61,0.999999,0.999999,3471.9646765507437,0,-1
c,active_coupling,affine,4.5,100,1.0,8057470,62,0.999999,0.9994682558081084,3468.013726935991,0,-1
c,active_coupling,affine,4.5,100,1.0,8057470,63,0.999999,0.9997466186378692,3463.0348170658444,0,-1
c,active_coupling,affine,4.5,100,1.0,8057470,64,0.9974375814109483,0.999999,3445.9418347329647,0,-1
c,active_coupling,affine,4.5,100,1.0,8057470,65,0.999999,0.9937579596457533,3426.1005572999475,0,-1
c,active_coupling,affine,4.5,100,1.0,8057470,66,0.999999,0.999999,3470.2817432619895,0,-1
c,active_coupling,affine,4.5,100,1.0,8057470,67,0.5716334802275246,0.9825544176905906,3467.0590233535913,0,-1
c,active_coupling,affine,4.5,100,1.0,8057470,68,0.999999,0.9998823675144629,3474.2400644698405,0,-1
c,active_coupling,affine,4.5,100,1.0,8057470,69,0.9996841907009176,0.999999,3476.2519447357063,0,-1
c,active_coupling,affine,4.5,100,1.0,8057470,70,0.9997696101850846,0.999999,3465.8790917964448,0,-1
c,active_coupling,affine,4.5,100,1.0,8057470,71,0.999999,0.999999,3435.9005659314234,0,-1
c,active_coupling,affine,4.5,100,1.0,8057470,72,0.9992584407854012,0.972396902194471,3474.929628790965,0,-1
c,active_coupling,affine,4.5,100,1.0,8057470,73,0.999999,0.9821228897523974,3467.546238040765,0,-1
c,active_coupling,affine,4.5,100,1.0,8057470,74,0.9375437890353706,0.9971239484869857,3443.570299032645,0,-1
c,active_coupling,affine,4.5,100,1.0,8057470,75,0.9849905769727633,0.999999,3443.089167024242,0,-1
c,active_coupling,affine,4.5,100,1.0,8057470,76,0.9999118014336076,0.9966406850140047,3481.467043486789,0,-1
c,active_coupling,affine,4.5,100,1.0,8057470,77,0.9897745549136815,0.9892688837291878,3466.128997468309,0,-1
c,active_coupling,affine,4.5,100,1.0,8057470,78,0.999999,0.9999341684117932,3442.1509409971577,0,-1
c,active_coupling,affine,4.5,100,1.0,8057470,79,0.9130778541150535,0.9964731371642367,3457.7777588576378,0,-1
c,active_coupling,affine,4.5,100,1.0,8057470,80,0.999999,0.9994092368009595,3482.781369555247,0,-1
c,active_coupling,affine,4.5,100,1.0,8057470,81,0.9602586558931945,0.9659107360213876,3475.1639501601585,0,-1
c,active_coupling,affine,4.5,100,1.0,8057470,82,0.999999,0.999999,3457.698477668999,0,-1
c,active_coupling,affine,4.5,100,1.0,8057470,83,0.999999,0.999999,3476.5980385686526,0,-1
c,active_coupling,affine,4.5,100,1.0,8057470,84,0.999999,0.999999,3448.9903944878183,0,-1
c,active_coupling,affine,4.5,100,1.0,8057470,85,0.9952431770553045,0.999999,3476.774175795773,0,-1
c,active_coupling,affine,4.5,100,1.0,8057470,86,0.9991271661053129,0.9984087291510927,3474.656408305917,0,-1
c,active_coupling,affine,4.5,100,1.0,8057470,87,0.9641268328968193,0.999919796918501,3461.1051486855463,0,-1
c,active_coupling,affine,4.5,100,1.0,8057470,88,0.9999816770162594,0.9998605409817576,3473.717735967341,0,-1
c,active_coupling,affine,4.5,100,1.0,8057470,89,0.999999,0.9991103166657269,3456.199843544924,0,-1
c,active_coupling,affine,4.5,100,1.0,8057470,90,0.970438287356582,0.9997639661684196,3444.271811337537,0,-1
c,active_coupling,affine,4.5,100,1.0,8057470,91,0.9898957921656355,0.999999,3449.96205763028,0,-1
c,active_coupling,affine,4.5,100,1.0,8057470,92,0.999999,0.999999,3437.3457392088867,0,-1
c,active_coupling,affine,4.5,100,1.0,8057470,93,0.9998051684351767,0.9972642433872277,3463.3528781967448,0,-1
c,active_coupling,affine,4.5,100,1.0,8057470,94,0.999999,0.999999,3469.867443461152,0,-1
c,active_coupling,affine,4.5,100,1.0,8057470,95,0.9998571103222876,0.999999,3477.06861245551,0,-1
c,active_coupling,affine,4.5,100,1.0,8057470,96,0.999772672552954,0.999999,3468.446729538472,0,-1
c,active_coupling,affine,4.5,100,1.0,8057470,97,0.999999,0.9995148844662134,3430.906119490724,0,-1
c,active_coupling,affine,4.5,100,1.0,8057470,98,0.999969487194268,0.718447903748774,3443.4027661043183,0,-1
c,active_coupling,affine,4.5,100,1.0,8057470,99,0.6046616021853327,0.999999,3475.487148146392,0,-1
c,active_coupling,affine,4.5,100,1.0,8057470,100,0.22191972182496122,0.9984438128456649,3457.5530008034607,0,-1
c,active_coupling,affine,4.5,100,1.0,8057470,101,0.999999,0.999999,3473.564772897539,0,-1
c,active_coupling,affine,4.5,100,1.0,8057470,102,0.9999824232577293,0.6769353575942616,3457.2061860681465,0,-1
c,active_coupling,affine,4.5,100,1.0,8057470,103,0.9981468588916848,0.99993964538283,3434.015420869937,0,-1
c,active_coupling,affine,4.5,100,1.0,8057470,104,0.9998771241374291,0.9982852510955542,3477.290201609586,0,-1
c,active_coupling,affine,4.5,100,1.0,8057470,105,0.9847677070377935,0.9998546265396312,3469.957812446428,0,-1
c,active_coupling,affine,4.5,100,1.0,8057470,106,0.9983197071772857,0.9997503893737483,3472.648314876997,0,-1
c,active_coupling,affine,4.5,100,1.0,8057470,107,0.999999,0.9971557099677681,3427.6684135298997,0,-1
c,active_coupling,affine,4.5,100,1.0,8057470,108,0.999999,0.999999,3474.831728319942,0,-1
c,active_coupling,affine,4.5,100,1.0,8057470,109,0.9613444042830905,0.999974618914875,3462.789152797841,0,-1
c,active_coupling,affine,4.5,100,1.0,8057470,110,0.999999,0.9999086104652287,3467.574022824357,0,-1
c,active_coupling,affine,4.5,100,1.0,8057470,111,0.9976306233740866,0.999999,3438.445618747687,0,-1
c,active_coupling,affine,4.5,100,1.0,8057470,112,0.9998261620198761,0.9996614555971418,3439.5742510755954,0,-1
c,active_coupling,affine,4.5,100,1.0,8057470,113,0.999999,0.9999724231577292,3480.1960843466204,0,-1
c,active_coupling,affine,4.5,100,1.0,8057470,114,0.9999082117732356,0.9953906416792998,3434.567285482427,0,-1
c,active_coupling,affine,4.5,100,1.0,8057470,115,0.9999728133077982,0.9995516261796303,3471.9433709642863,0,-1
c,active_coupling,affine,4.5,100,1.0,8057470,116,0.998720205364876,0.9998456891294225,3471.8090014565732,0,-1
c,active_coupling,affine,4.5,100,1.0,8057470,117,0.9999686315359064,0.9422076467352757,3465.0560101425276,0,-1
c,active_coupling,affine,4.5,100,1.0,8057470,118,0.9965256843141781,0.9996765635844381,3467.587615227163,0,-1
c,active_coupling,affine,4.5,100,1.0,8057470,119,0.999999,0.9999192125105593,3466.244009290115,0,-1
c,active_coupling,affine,4.5,100,1.0,8057470,120,0.999999,0.9984667427237788,3457.791692821772,0,-1
c,active_coupling,affine,4.5,100,1.0,8057470,121,0.994608154332833,0.9612347322213383,3438.48829452213,0,-1
c,active_coupling,affine,4.5,100,1.0,8057470,122,0.9977907348392502,0.9826265926441592,3473.834664309129,0,-1
c,active_coupling,affine,4.5,100,1.0,8057470,123,0.9171595479870628,0.999991814144537,3458.7327321043963,0,-1
c,active_coupling,affine,4.5,100,1.0,8057470,124,0.9994737456392526,0.999999,3474.779416991685,0,-1
c,active_coupling,affine,4.5,100,1.0,8057470,125,0.9998027105379118,0.858914896910525,3457.9323529742214,0,-1
c,active_coupling,affine,4.5,100,1.0,8057470,126,0.999999,0.9983131648398279,3463.0139028813232,0,-1
c,active_coupling,affine,4.5,100,1.0,8057470,127,0.9997645955084704,0.9996046448738164,3477.654159160016,0,-1
c,active_coupling,affine,4.5,100,1.0,8057470,128,0.9998056167281503,0.9727499120005072,3472.250799474354,0,-1
c,active_coupling,affine,4.5,100,1.0,8057470,129,0.999691414175277,0.999999,3446.523695672919,0,-1
c,active_coupling,affine,4.5,100,1.0,8057470,130,0.9988615107553809,0.999999,3478.1268885953154,0,-1
c,active_coupling,affine,4.5,100,1.0,8057470,131,0.7585220766115174,0.9922602301997542,3483.364507357045,0,-1
c,active_coupling,affine,4.5,100,1.0,8057470,132,0.9846020797540362,0.9998219451792355,3443.288283240441,0,-1
c,active_coupling,affine,4.5,100,1.0,8057470,133,0.9998357815158248,0.9240408857335244,3459.215243985103,0,-1
c,active_coupling,affine,4.5,100,1.0,8057470,134,0.9999818076237077,0.999999,3476.962557402795,0,-1
c,active_coupling,affine,4.5,100,1.0,8057470,135,0.999999,0.9995834516458892,3468.8203997795235,0,-1
c,active_coupling,affine,4.5,100,1.0,8057470,136,0.99979276197752,0.999999,3460.8279109979776,0,-1
c,active_coupling,affine,4.5,100,1.0,8057470,137,-0.9310383234320238,0.9997370224627772,3438.8459972207406,1,274
c,active_coupling,affine,4.5,100,1.0,8057470,138,0.999999,0.9999754517039902,3465.501859930676,0,-1
c,active_coupling,affine,4.5,100,1.0,8057470,139,0.999999,0.9931331128232654,3462.5323320557636,0,-1
c,active_coupling,affine,4.5,100,1.0,8057470,140,0.9964506423144115,0.999999,3478.036571430134,0,-1
c,active_coupling,affine,4.5,100,1.0,8057470,141,0.9247475786623719,0.8389464145776853,3455.3132231506447,0,-1
c,active_coupling,affine,4.5,100,1.0,8057470,142,0.9858137202148981,0.999901635661286,3407.93438598124,0,-1
c,active_coupling,affine,4.5,100,1.0,8057470,143,0.9419021665942257,0.9992388411541451,3466.8238597552945,0,-1
c,active_coupling,affine,4.5,100,1.0,8057470,144,0.9997715845721277,0.999999,3435.9051483588764,0,-1
c,active_coupling,affine,4.5,100,1.0,8057470,145,0.999999,0.9990011402505019,3460.741527290968,0,-1
c,active_coupling,affine,4.5,100,1.0,8057470,146,0.999999,0.9910553550654827,3473.6277032567205,0,-1
c,active_coupling,affine,4.5,100,1.0,8057470,147,0.9999373325859975,0.9677292577912374,3478.72577133864,0,-1
c,active_coupling,affine,4.5,100,1.0,8057470,148,0.999999,0.999999,3477.8846149287765,0,-1
c,active_coupling,affine,4.5,100,1.0,8057470,149,0.999999,0.9998222223085911,3465.0526186954576,0,-1
c,active_coupling,affine,4.5,100,1.0,8057470,150,0.998788053288108,0.974611290595649,3441.1629787000475,0,-1
c,active_coupling,affine,4.5,100,1.0,8057470,151,0.9983277001513722,0.999999,3458.0065136803314,0,-1
c,active_coupling,affine,4.5,100,1.0,8057470,152,0.9998887753943034,0.999999,3483.131762939854,0,-1
c,active_coupling,affine,4.5,100,1.0,8057470,153,0.9999883598957394,0.9969004807824243,3466.350395132415,0,-1
c,active_coupling,affine,4.5,100,1.0,8057470,154,0.9849618186972836,0.999999,3436.3914701776603,0,-1
c,active_coupling,affine,4.5,100,1.0,8057470,155,0.9997806372015074,0.999999,3480.9497311736513,0,-1
c,active_coupling,affine,4.5,100,1.0,8057470,156,0.9990715361739863,0.999999,3444.870827917127,0,-1
c,active_coupling,affine,4.5,100,1.0,8057470,157,0.999999,0.9965162241376235,3442.0569020621415,0,-1
c,active_coupling,affine,4.5,100,1.0,8057470,158,0.999999,0.9999278129198281,3476.5992007925865,0,-1
c,active_coupling,affine,4.5,100,1.0,8057470,159,0.9999365302373819,0.9999168314334127,3460.945971167441,0,-1
c,active_coupling,affine,4.5,100,1.0,8057470,160,0.999999,0.999999,3452.935741954712,0,-1
c,active_coupling,affine,4.5,100,1.0,8057470,161,0.999999,0.999999,3454.4504918976245,0,-1
c,active_coupling,affine,4.5,100,1.0,8057470,162,0.9998937091405681,0.9594443651226694,3461.4389089834403,0,-1
c,active_coupling,affine,4.5,100,1.0,8057470,163,0.999999,0.836237374155625,3466.1792798644,0,-1
c,active_coupling,affine,4.5,100,1.0,8057470,164,0.9998692965237569,0.9999189633703343,3475.6887794608274,0,-1
c,active_coupling,affine,4.5,100,1.0,8057470,165,0.9996665655437204,0.9997449697942593,3466.9579996044586,0,-1
c,active_coupling,affine,4.5,100,1.0,8057470,166,0.999999,0.9995293244502875,3450.0691580685507,0,-1
c,active_coupling,affine,4.5,100,1.0,8057470,167,0.9724071021678823,0.9748041166668695,3459.6536127953545,0,-1
c,active_coupling,affine,4.5,100,1.0,8057470,168,0.9976103716458051,0.999999,3477.4863022803456,0,-1
c,active_coupling,affine,4.5,100,1.0,8057470,169,0.9999817347409287,0.6240430025339088,3367.1693559316313,0,-1
c,active_coupling,affine,4.5,100,1.0,8057470,170,0.9989871054123481,0.999999,3457.788434962075,0,-1
c,active_coupling,affine,4.5,100,1.0,8057470,171,0.982323916104066,0.999999,3461.261663778024,0,-1
c,active_coupling,affine,4.5,100,1.0,8057470,172,0.9448201320784503,0.9998653694889871,3441.492125264702,0,-1
c,active_coupling,affine,4.5,100,1.0,8057470,173,0.9791483482657769,0.7950816893080612,3452.9535732386785,0,-1
c,active_coupling,affine,4.5,100,1.0,8057470,174,0.9823185487048999,0.9810722726208719,3473.79623613617,0,-1
c,active_coupling,affine,4.5,100,1.0,8057470,175,0.9993078064795246,0.999999,3465.2060697775714,0,-1
c,active_coupling,affine,4.5,100,1.0,8057470,176,0.9999647913383718,0.9903093316703616,3467.849257827463,0,-1
c,active_coupling,affine,4.5,100,1.0,8057470,177,0.9690127984738035,0.999999,3471.309730109031,0,-1
c,active_coupling,affine,4.5,100,1.0,8057470,178,0.998392309428432,0.9825297745549458,3437.6689014693543,0,-1
c,active_coupling,affine,4.5,100,1.0,8057470,179,0.999999,0.7775256703128949,3403.1448231540267,0,-1
c,active_coupling,affine,4.5,100,1.0,8057470,180,0.9298395067156762,0.9984212689892512,3480.6699311554503,0,-1
c,active_coupling,affine,4.5,100,1.0,8057470,181,0.9389164065302433,0.999999,3433.6043135314985,0,-1
c,active_coupling,affine,4.5,100,1.0,8057470,182,0.999999,0.999999,3477.07428689592,0,-1
c,active_coupling,affine,4.5,100,1.0,8057470,183,0.9986755366559045,0.9999577097018569,3458.706136701625,0,-1
c,active_coupling,affine,4.5,100,1.0,8057470,184,0.999894056166079,0.9676006361334308,3464.001892275777,0,-1
c,active_coupling,affine,4.5,100,1.0,8057470,185,0.9895040529543189,0.999999,3474.2020700049657,0,-1
c,active_coupling,affine,4.5,100,1.0,8057470,186,0.9980977303845635,0.999999,3463.3068631188066,0,-1
c,active_coupling,affine,4.5,100,1.0,8057470,187,0.9999585313459101,0.998975339543875,3449.886251417192,0,-1
c,active_coupling,affine,4.5,100,1.0,8057470,188,0.9999394314668282,0.9312027602119041,3458.6585502210396,0,-1
c,active_coupling,affine,4.5,100,1.0,8057470,189,0.999999,0.999999,3470.701329354305,0,-1
c,active_coupling,affine,4.5,100,1.0,8057470,190,0.9998862781087805,0.999999,3471.9411273501096,0,-1
c,active_coupling,affine,4.5,100,1.0,8057470,191,0.9998335716765062,0.9970530688292152,3463.799030245826,0,-1
c,active_coupling,affine,4.5,100,1.0,8057470,192,0.9981555308254249,0.9998574009052159,3459.0910869869144,0,-1
c,active_coupling,affine,4.5,100,1.0,8057470,193,0.9988722419358846,0.9999877504532413,3462.2431746944253,0,-1
c,active_coupling,affine,4.5,100,1.0,8057470,194,0.999999,0.999999,3443.7734943551686,0,-1
c,active_coupling,affine,4.5,100,1.0,8057470,195,0.999881519271638,0.9996393908550938,3471.7135183408327,0,-1
c,active_coupling,affine,4.5,100,1.0,8057470,196,0.9997569527821148,0.9976648476465831,3471.4008699529063,0,-1
c,active_coupling,affine,4.5,100,1.0,8057470,197,0.999999,0.999999,3412.6393231694865,0,-1
c,active_coupling,affine,4.5,100,1.0,8057470,198,0.9989295079152858,0.999999,3482.930229286989,0,-1
c,active_coupling,affine,4.5,100,1.0,8057470,199,0.999999,0.9860514872824797,3459.178452297572,0,-1
c,active_coupling,affine,4.5,100,1.0,8057470,200,0.9999709674187727,0.8464820503386683,3474.9406758663877,0,-1
c,active_coupling,affine,4.5,100,1.0,8057470,201,0.9976495891506869,0.9944537592523138,3467.728838395844,0,-1
c,active_coupling,affine,4.5,100,1.0,8057470,202,0.998335416630959,0.999743463180902,3438.51048708072,0,-1
c,active_coupling,affine,4.5,100,1.0,8057470,203,0.9999701707552647,0.999999,3426.348209569515,0,-1
c,active_coupling,affine,4.5,100,1.0,8057470,204,0.9892424233474449,0.999999,3448.289268429188,0,-1
c,active_coupling,affine,4.5,100,1.0,8057470,205,0.9998073307009229,0.999815338484629,3393.8938685209323,0,-1
c,active_coupling,affine,4.5,100,1.0,8057470,206,0.999999,0.9999902156745025,3362.823547655508,0,-1
c,active_coupling,affine,4.5,100,1.0,8057470,207,0.7676886429542393,0.999999,3482.8808111030376,0,-1
c,active_coupling,affine,4.5,100,1.0,8057470,208,0.9986659304407254,0.9973615698475597,3460.5528783417585,0,-1
c,active_coupling,affine,4.5,100,1.0,8057470,209,0.9466607094136187,0.9670504296641305,3465.9581526222337,0,-1
c,active_coupling,affine,4.5,100,1.0,8057470,210,0.9311202276702071,0.999999,3475.49699458981,0,-1
c,active_coupling,affine,4.5,100,1.0,8057470,211,0.999999,0.999999,3437.5513599221867,0,-1
c,active_coupling,affine,4.5,100,1.0,8057470,212,0.9141792223114048,0.999999,3471.3907202829137,0,-1
c,active_coupling,affine,4.5,100,1.0,8057470,213,0.999999,0.9998767182851814,3461.563512383244,0,-1
c,active_coupling,affine,4.5,100,1.0,8057470,214,0.9914737869287756,0.9999545224464621,3468.266343155767,0,-1
c,active_coupling,affine,4.5,100,1.0,8057470,215,0.999999,0.8323767745381666,3463.8149659084147,0,-1
c,active_coupling,affine,4.5,100,1.0,8057470,216,0.999999,0.9998601641922921,3473.454994832564,0,-1
c,active_coupling,affine,4.5,100,1.0,8057470,217,0.9887616366268831,0.999999,3476.2025960820447,0,-1
c,active_coupling,affine,4.5,100,1.0,8057470,218,0.999999,0.9952043837495588,3475.0206731884755,0,-1
c,active_coupling,affine,4.5,100,1.0,8057470,219,0.5841404558180651,0.864288378570288,3477.959153130892,0,-1
c,active_coupling,affine,4.5,100,1.0,8057470,220,0.999999,0.9988198642421203,3471.550423552891,0,-1
c,active_coupling,affine,4.5,100,1.0,8057470,221,0.999999,0.9990757021786592,3452.998276487986,0,-1
c,active_coupling,affine,4.5,100,1.0,8057470,222,0.925368064137105,0.954735766108691,3466.900180379439,0,-1
c,active_coupling,affine,4.5,100,1.0,8057470,223,0.917148335184437,0.999999,3463.753109276346,0,-1
c,active_coupling,affine,4.5,100,1.0,8057470,224,0.9998239477678488,0.999999,3452.9557157889053,0,-1
c,active_coupling,affine,4.5,100,1.0,8057470,225,0.9998742756351487,0.999999,3440.966485450805,0,-1
c,active_coupling,affine,4.5,100,1.0,8057470,226,0.999999,0.999999,3461.977207189509,0,-1
c,active_coupling,affine,4.5,100,1.0,8057470,227,0.9132815628154969,0.9941768414597009,3452.4742426626253,0,-1
c,active_coupling,affine,4.5,100,1.0,8057470,228,0.7953985025042324,0.999999,3477.5213399246354,0,-1
c,active_coupling,affine,4.5,100,1.0,8057470,229,0.9998456820443332,0.999999,3474.023176330476,0,-1
c,active_coupling,affine,4.5,100,1.0,8057470,230,0.9987445872306249,0.999999,3444.736699653948,0,-1
c,active_coupling,affine,4.5,100,1.0,8057470,231,0.999999,0.9998854207516978,3472.9494725900627,0,-1
c,active_coupling,affine,4.5,100,1.0,8057470,232,0.885766809851923,0.9729309760484246,3454.862026286113,0,-1
c,active_coupling,affine,4.5,100,1.0,8057470,233,0.999999,0.9929018898703601,3455.827450148129,0,-1
c,active_coupling,affine,4.5,100,1.0,8057470,234,0.999999,0.9881769284745978,3461.938153719548,0,-1
c,active_coupling,affine,4.5,100,1.0,8057470,235,0.9605727886808189,0.999999,3470.4714014207875,0,-1
c,active_coupling,affine,4.5,100,1.0,8057470,236,0.999821330964368,0.9998822582924248,3434.3911529004477,0,-1
c,active_coupling,affine,4.5,100,1.0,8057470,237,0.9845782257615104,0.999999,3480.9253233780296,0,-1
c,active_coupling,affine,4.5,100,1.0,8057470,238,0.999999,0.999999,3475.468476871785,0,-1
c,active_coupling,affine,4.5,100,1.0,8057470,239,0.9999332003603078,0.999700750509022,3480.5902850654197,0,-1
c,active_coupling,affine,4.5,100,1.0,8057470,240,0.999999,0.9998877242109042,3484.179752996039,0,-1
c,active_coupling,affine,4.5,100,1.0,8057470,241,0.999999,0.999999,3454.0249073591312,0,-1
c,active_coupling,affine,4.5,100,1.0,8057470,242,0.9688014682746307,0.999999,3474.553123737692,0,-1
c,active_coupling,affine,4.5,100,1.0,8057470,243,0.9998561028770229,0.9999977843059412,3474.1858034287293,0,-1
c,active_coupling,affine,4.5,100,1.0,8057470,244,0.999999,0.9488063144313956,3448.7033402494512,0,-1
c,active_coupling,affine,4.5,100,1.0,8057470,245,0.9956376994618493,0.995548892632483,3474.8523424510645,0,-1
c,active_coupling,affine,4.5,100,1.0,8057470,246,0.9899092091543242,0.9978706728948329,3462.061190284217,0,-1
c,active_coupling,affine,4.5,100,1.0,8057470,247,0.8933851398801231,0.999999,3460.661346645848,0,-1
c,active_coupling,affine,4.5,100,1.0,8057470,248,0.9998913522538272,0.9527426849030031,3475.367433628002,0,-1
c,active_coupling,affine,4.5,100,1.0,8057470,249,0.999999,0.999999,3467.6598381985514,0,-1
c,active_coupling,affine,4.5,100,1.0,8057470,250,0.9329540845865345,0.999999,3473.8805923313635,0,-1
c,active_coupling,affine,4.5,100,1.0,8057470,251,0.999999,0.999999,3469.0265190106234,0,-1
c,active_coupling,affine,4.5,100,1.0,8057470,252,0.999992054060845,0.999999,3426.6131478527636,0,-1
c,active_coupling,affine,4.5,100,1.0,8057470,253,0.9960847298489761,0.9976261700300937,3483.9542375965198,0,-1
c,active_coupling,affine,4.5,100,1.0,8057470,254,0.9998984510944372,0.9997839294401731,3472.789741583465,0,-1
c,active_coupling,affine,4.5,100,1.0,8057470,255,0.9998057343970063,0.8832152074063043,3428.2966574439074,0,-1
c,active_coupling,affine,4.5,100,1.0,8057470,256,0.999999,0.999999,3479.72209113979,0,-1
c,active_coupling,affine,4.5,100,1.0,8057470,257,0.999999,0.999999,3476.2415612934487,0,-1
c,active_coupling,affine,4.5,100,1.0,8057470,258,0.999999,0.999999,3480.2557163268616,0,-1
c,active_coupling,affine,4.5,100,1.0,8057470,259,0.9999165396614588,0.999999,3447.2439405652713,0,-1
c,active_coupling,affine,4.5,100,1.0,8057470,260,0.9974657373088863,0.9999342463800582,3447.409919159217,0,-1
c,active_coupling,affine,4.5,100,1.0,8057470,261,0.999999,0.999896047257081,3441.247501212043,0,-1
c,active_coupling,affine,4.5,100,1.0,8057470,262,0.9999156315218258,0.999999,3459.822279370058,0,-1
c,active_coupling,affine,4.5,100,1.0,8057470,263,0.9987231515189984,0.8518206231920279,3463.5913486865525,0,-1
c,active_coupling,affine,4.5,100,1.0,8057470,264,0.999999,0.995206245036233,3476.502319507124,0,-1
c,active_coupling,affine,4.5,100,1.0,8057470,265,0.9907016622612163,0.999999,3485.485446473455,0,-1
c,active_coupling,affine,4.5,100,1.0,8057470,266,0.999999,0.999999,3445.2948178157294,0,-1
c,active_coupling,affine,4.5,100,1.0,8057470,267,0.999999,0.9384422680030946,3470.853291685089,0,-1
c,active_coupling,affine,4.5,100,1.0,8057470,268,0.9999865122885605,0.9998722464428648,3474.6777661751976,0,-1
c,active_coupling,affine,4.5,100,1.0,8057470,269,0.999999,0.999096408622271,3456.3663104541847,0,-1
c,active_coupling,affine,4.5,100,1.0,8057470,270,0.9059491220755724,0.999999,3476.399777543351,0,-1
c,active_coupling,affine,4.5,100,1.0,8057470,271,0.9999494496929345,0.9852337898222283,3452.4221952069365,0,-1
c,active_coupling,affine,4.5,100,1.0,8057470,272,0.9998295167526419,0.999999,3463.9380617706593,0,-1
c,active_coupling,affine,4.5,100,1.0,8057470,273,0.999999,0.9996823457424132,3484.469678269442,0,-1
c,active_coupling,affine,4.5,100,1.0,8057470,274,0.9998495126371664,0.999999,3468.3628850284363,0,-1
c,active_coupling,affine,4.5,100,1.0,8057470,275,0.9290972579226048,0.999999,3464.7050842841113,0,-1
c,active_coupling,affine,4.5,100,1.0,8057470,276,0.999999,0.999999,3460.9376380402296,0,-1
c,active_coupling,affine,4.5,100,1.0,8057470,277,0.9999914427946031,0.859229945126613,3471.6318914877374,0,-1
c,active_coupling,affine,4.5,100,1.0,8057470,278,0.9999737373697423,0.9999912256778393,3484.1843600175666,0,-1
c,active_coupling,affine,4.5,100,1.0,8057470,279,0.855825590427475,0.999999,3466.868509924219,0,-1
c,active_coupling,affine,4.5,100,1.0,8057470,280,0.9999321113741381,0.999999,3467.624201908544,0,-1
c,active_coupling,affine,4.5,100,1.0,8057470,281,0.999999,0.9992371667755444,3460.4419517495753,0,-1
c,active_coupling,affine,4.5,100,1.0,8057470,282,0.99864077074202,0.9311813665939447,3442.1593427796997,0,-1
c,active_coupling,affine,4.5,100,1.0,8057470,283,0.9914222670038867,0.999999,3466.5329954374915,0,-1
c,active_coupling,affine,4.5,100,1.0,8057470,284,0.999999,0.999999,3471.333452948694,0,-1
c,active_coupling,affine,4.5,100,1.0,8057470,285,0.9831104067285094,0.999999,3449.1898755702523,0,-1
c,active_coupling,affine,4.5,100,1.0,8057470,286,0.9958255023365216,0.999999,3464.2933984435003,0,-1
c,active_coupling,affine,4.5,100,1.0,8057470,287,0.9999144253159554,0.9951530944113871,3469.057848942453,0,-1
c,active_coupling,affine,4.5,100,1.0,8057470,288,0.9997504053856414,0.999999,3476.1786081060113,0,-1
c,active_coupling,affine,4.5,100,1.0,8057470,289,0.999999,0.999999,3468.683452636169,0,-1
c,active_coupling,affine,4.5,100,1.0,8057470,290,0.768552264235489,0.9634807511677611,3440.488007448894,0,-1
c,active_coupling,affine,4.5,100,1.0,8057470,291,0.9998900882400202,0.9996497720695152,3463.620448419826,0,-1
c,active_coupling,affine,4.5,100,1.0,8057470,292,0.9995242944245276,0.9906277500532471,3475.9836321523076,0,-1
c,active_coupling,affine,4.5,100,1.0,8057470,293,0.6991020010147502,0.999999,3459.7476126775327,0,-1
c,active_coupling,affine,4.5,100,1.0,8057470,294,0.9999586950162809,0.9952734199074577,3459.4769819614958,0,-1
c,active_coupling,affine,4.5,100,1.0,8057470,295,0.9571574611076953,0.9917994651405972,3467.262945340411,0,-1
c,active_coupling,affine,4.5,100,1.0,8057470,296,0.9998991568179585,0.999999,3475.190577159281,0,-1
c,active_coupling,affine,4.5,100,1.0,8057470,297,0.9999852384152614,0.999909631902636,3408.519392276791,0,-1
c,active_coupling,affine,4.5,100,1.0,8057470,298,0.999999,0.9998174355292143,3452.802106119356,0,-1
c,active_coupling,affine,4.5,100,1.0,8057470,299,0.999999,0.9972276013812686,3477.4726376633107,0,-1
c,active_coupling,affine,4.5,100,1.0,8057470,300,0.999884398647984,0.999999,3415.513931011918,0,-1
c,active_coupling,affine,4.5,100,1.0,8057470,301,0.9543473855326087,0.9702567417528886,3436.6057203173486,0,-1
c,active_coupling,affine,4.5,100,1.0,8057470,302,0.999999,0.999999,3419.0766137171286,0,-1
c,active_coupling,affine,4.5,100,1.0,8057470,303,0.9999793536533788,0.9985056317763703,3476.9603498559277,0,-1
c,active_coupling,affine,4.5,100,1.0,8057470,304,0.999999,0.999999,3481.709885539726,0,-1
c,active_coupling,affine,4.5,100,1.0,8057470,305,0.9999201852811729,0.998259461255056,3465.6983895398025,0,-1
c,active_coupling,affine,4.5,100,1.0,8057470,306,0.9998845413129507,0.977643540575673,3435.6121840454985,0,-1
c,active_coupling,affine,4.5,100,1.0,8057470,307,0.999999,0.9986161887967117,3469.8156575202374,0,-1
c,active_coupling,affine,4.5,100,1.0,8057470,308,0.9998571215894383,0.9774875710963866,3442.8419763332004,0,-1
c,active_coupling,affine,4.5,100,1.0,8057470,309,0.999999,0.999999,3421.0373900059617,0,-1
c,active_coupling,affine,4.5,100,1.0,8057470,310,0.9999624276590253,0.999999,3465.038170809343,0,-1
c,active_coupling,affine,4.5,100,1.0,8057470,311,0.999999,0.999999,3484.8075956809435,0,-1
c,active_coupling,affine,4.5,100,1.0,8057470,312,0.999999,0.9978842366918547,3469.561438057503,0,-1
c,active_coupling,affine,4.5,100,1.0,8057470,313,0.999999,0.9999177238405725,3423.7221919636127,0,-1
c,active_coupling,affine,4.5,100,1.0,8057470,314,0.999999,0.6611637732807656,3418.2075243202776,0,-1
c,active_coupling,affine,4.5,100,1.0,8057470,315,0.9999922757318683,0.999999,3446.0289725186244,0,-1
c,active_coupling,affine,4.5,100,1.0,8057470,316,0.999999,0.9419071582395677,3451.0069700367617,0,-1
c,active_coupling,affine,4.5,100,1.0,8057470,317,0.999999,0.9367750415656753,3459.622855289491,0,-1
c,active_coupling,affine,4.5,100,1.0,8057470,318,0.9998359789809103,0.926160153948872,3459.199892398525,0,-1
c,active_coupling,affine,4.5,100,1.0,8057470,319,0.9898726533298144,0.8520955111229506,3459.0351782234397,0,-1
c,active_coupling,affine,4.5,100,1.0,8057470,320,0.9993695403699093,0.9583264402413139,3464.0286499675094,0,-1
c,active_coupling,affine,4.5,100,1.0,8057470,321,0.999999,0.8311682711910127,3459.6108869993013,0,-1
c,active_coupling,affine,4.5,100,1.0,8057470,322,0.999999,0.9993753518728444,3400.395023191981,0,-1
c,active_coupling,affine,4.5,100,1.0,8057470,323,0.999999,0.9998575051568264,3407.7825427146277,0,-1
c,active_coupling,affine,4.5,100,1.0,8057470,324,0.9830430958063466,0.9999553673707106,3441.5360853323,0,-1
c,active_coupling,affine,4.5,100,1.0,8057470,325,0.999999,0.9983931532829724,3458.0624018518874,0,-1
c,active_coupling,affine,4.5,100,1.0,8057470,326,0.999999,0.9839002491450278,3467.9962451063684,0,-1
c,active_coupling,affine,4.5,100,1.0,8057470,327,0.9999650966343037,0.9982279319472795,3474.9600890987376,0,-1
c,active_coupling,affine,4.5,100,1.0,8057470,328,0.9997885133704323,0.9998648969701561,3472.117616522654,0,-1
c,active_coupling,affine,4.5,100,1.0,8057470,329,0.999999,0.918518828339503,3463.309854189764,0,-1
c,active_coupling,affine,4.5,100,1.0,8057470,330,0.9994718130264759,0.9999853721749274,3474.7653124953185,0,-1
c,active_coupling,affine,4.5,100,1.0,8057470,331,0.9760246018227793,0.9809265446129297,3485.670032375447,0,-1
c,active_coupling,affine,4.5,100,1.0,8057470,332,0.9999452930836769,0.9928591554699332,3454.831089483946,0,-1
c,active_coupling,affine,4.5,100,1.0,8057470,333,0.998708327759707,0.999999,3457.9519617949986,0,-1
c,active_coupling,affine,4.5,100,1.0,8057470,334,0.999999,0.9999528223476218,3458.193058477045,0,-1
c,active_coupling,affine,4.5,100,1.0,8057470,335,0.9830440012371582,0.999999,3470.919793933408,0,-1
c,active_coupling,affine,4.5,100,1.0,8057470,336,0.9891429983334564,0.999999,3442.362481173006,0,-1
c,active_coupling,affine,4.5,100,1.0,8057470,337,0.999999,0.9998983940024252,3473.509843923093,0,-1
c,active_coupling,affine,4.5,100,1.0,8057470,338,0.999999,0.9803919378306423,3489.151588390022,0,-1
c,active_coupling,affine,4.5,100,1.0,8057470,339,0.999999,0.999999,3469.988943135493,0,-1
c,active_coupling,affine,4.5,100,1.0,8057470,340,0.999999,0.9925333499741273,3481.8999417755354,0,-1
c,active_coupling,affine,4.5,100,1.0,8057470,341,0.9992142792103564,0.9820553442408322,3451.8266960342207,0,-1
c,active_coupling,affine,4.5,100,1.0,8057470,342,0.999999,0.9999156040812419,3483.9352318863707,0,-1
c,active_coupling,affine,4.5,100,1.0,8057470,343,0.999734850636491,0.9157207291566289,3467.9240567966103,0,-1
c,active_coupling,affine,4.5,100,1.0,8057470,344,0.999999,0.999999,3466.7144897545504,0,-1
c,active_coupling,affine,4.5,100,1.0,8057470,345,0.9801758499325238,0.9988235402655259,3456.6091455799087,0,-1
c,active_coupling,affine,4.5,100,1.0,8057470,346,0.999999,0.9402600510793823,3474.901273266155,0,-1
c,active_coupling,affine,4.5,100,1.0,8057470,347,0.999999,0.9868052091808062,3458.480485386928,0,-1
c,active_coupling,affine,4.5,100,1.0,8057470,348,0.9999425873032488,0.999868918115417,3458.4819440110937,0,-1
c,active_coupling,affine,4.5,100,1.0,8057470,349,0.999999,0.9989019001202771,3463.8299779383638,0,-1
c,active_coupling,affine,4.5,100,1.0,8057470,350,0.9987217927214163,0.999999,3447.9865664495314,0,-1
c,active_coupling,affine,4.5,100,1.0,8057470,351,0.9928873060241029,0.9999798094785324,3483.395213019317,0,-1
c,active_coupling,affine,4.5,100,1.0,8057470,352,0.9999695785108531,0.9976321080043256,3471.4007601980534,0,-1
c,active_coupling,affine,4.5,100,1.0,8057470,353,0.999999,0.9998096818995135,3479.517764432264,0,-1
c,active_coupling,affine,4.5,100,1.0,8057470,354,0.9998325900650187,0.9998774486556955,3378.59886577217,0,-1
c,active_coupling,affine,4.5,100,1.0,8057470,355,0.999999,0.999999,3489.686368554302,0,-1
c,active_coupling,affine,4.5,100,1.0,8057470,356,0.9986801281038763,0.9997389783713357,3462.185003657646,0,-1
c,active_coupling,affine,4.5,100,1.0,8057470,357,0.9443220467572387,0.9997338213836278,3453.6181414906623,0,-1
c,active_coupling,affine,4.5,100,1.0,8057470,358,0.9989467592325342,0.9997761292058529,3456.3942629474473,0,-1
c,active_coupling,affine,4.5,100,1.0,8057470,359,0.999999,0.9999514998646609,3482.2959044390004,0,-1
c,active_coupling,affine,4.5,100,1.0,8057470,360,0.999999,0.9997887195905258,3414.4749442033108,0,-1
c,active_coupling,affine,4.5,100,1.0,8057470,361,0.999999,0.9998522563338746,3469.928036214236,0,-1
c,active_coupling,affine,4.5,100,1.0,8057470,362,0.999999,0.9999471033973373,3460.901448818354,0,-1
c,active_coupling,affine,4.5,100,1.0,8057470,363,0.9998491478366827,0.9964506161195243,3468.787626895041,0,-1
c,active_coupling,affine,4.5,100,1.0,8057470,364,0.999999,0.999999,3464.051526142956,0,-1
c,active_coupling,affine,4.5,100,1.0,8057470,365,0.8623910652944131,0.9394968914077443,3469.5908325757687,0,-1
c,active_coupling,affine,4.5,100,1.0,8057470,366,0.9998818550223312,0.999999,3479.759374182344,0,-1
c,active_coupling,affine,4.5,100,1.0,8057470,367,0.999999,0.999999,3466.546902886508,0,-1
c,active_coupling,affine,4.5,100,1.0,8057470,368,0.999999,0.999999,3444.6437977166315,0,-1
c,active_coupling,affine,4.5,100,1.0,8057470,369,0.978232958816458,0.9968183240533185,3458.038226844164,0,-1
c,active_coupling,affine,4.5,100,1.0,8057470,370,0.9953620447273627,0.9999600221515633,3447.3923963320613,0,-1
c,active_coupling,affine,4.5,100,1.0,8057470,371,0.999999,0.999999,3472.1329634457757,0,-1
c,active_coupling,affine,4.5,100,1.0,8057470,372,0.999999,0.9621508731140617,3475.0819146920303,0,-1
c,active_coupling,affine,4.5,100,1.0,8057470,373,0.9997698966468658,0.9997935895329122,3476.3617938453467,0,-1
c,active_coupling,affine,4.5,100,1.0,8057470,374,0.9998266503839004,0.9997759180297987,3483.284918527046,0,-1
c,active_coupling,affine,4.5,100,1.0,8057470,375,0.999999,0.9998506847425882,3477.896504581261,0,-1
c,active_coupling,affine,4.5,100,1.0,8057470,376,0.99995931589685,0.9930510606647098,3453.1212845262457,0,-1
c,active_coupling,affine,4.5,100,1.0,8057470,377,0.9996421744373827,0.999999,3465.5011986120726,0,-1
c,active_coupling,affine,4.5,100,1.0,8057470,378,0.9930985869085394,0.9966778973958409,3467.0877074934156,0,-1
c,active_coupling,affine,4.5,100,1.0,8057470,379,0.9997710723730605,0.9576395039411489,3468.606033168084,0,-1
c,active_coupling,affine,4.5,100,1.0,8057470,380,0.999999,0.992504771308028,3453.4946078522285,0,-1
c,active_coupling,affine,4.5,100,1.0,8057470,381,0.9133783116489457,0.9993212489102619,3445.5399336899522,0,-1
c,active_coupling,affine,4.5,100,1.0,8057470,382,0.9999174964048239,0.9818741906257042,3482.26827609642,0,-1
c,active_coupling,affine,4.5,100,1.0,8057470,383,0.9998849588463109,0.9606613864555376,3455.49031408322,0,-1
c,active_coupling,affine,4.5,100,1.0,8057470,384,0.999999,0.9990581784015166,3468.524486646675,0,-1
c,active_coupling,affine,4.5,100,1.0,8057470,385,0.9979372164463695,0.9328849680265137,3475.9437853215686,0,-1
c,active_coupling,affine,4.5,100,1.0,8057470,386,0.999999,0.999999,3462.6594136152225,0,-1
c,active_coupling,affine,4.5,100,1.0,8057470,387,0.999999,0.999999,3460.3669235507678,0,-1
c,active_coupling,affine,4.5,100,1.0,8057470,388,0.999999,0.999999,3464.8203212084804,0,-1
c,active_coupling,affine,4.5,100,1.0,8057470,389,0.9827121248178624,0.9773318410374551,3474.384271666138,0,-1
c,active_coupling,affine,4.5,100,1.0,8057470,390,0.9999563524912655,0.9902391537409785,3440.7003799841978,0,-1
c,active_coupling,affine,4.5,100,1.0,8057470,391,0.999999,0.9993250036089517,3447.9683113618544,0,-1
c,active_coupling,affine,4.5,100,1.0,8057470,392,0.9261325915170308,0.9999071478608774,3452.0120296080713,0,-1
c,active_coupling,affine,4.5,100,1.0,8057470,393,0.9666992904029867,0.9318384116684372,3433.1020406079224,0,-1
c,active_coupling,affine,4.5,100,1.0,8057470,394,0.9997512085836902,0.999999,3457.079248516334,0,-1
c,active_coupling,affine,4.5,100,1.0,8057470,395,0.999999,0.999999,3392.482994555982,0,-1
c,active_coupling,affine,4.5,100,1.0,8057470,396,0.9999384145484277,0.8554207016562971,3446.099035988579,0,-1
c,active_coupling,affine,4.5,100,1.0,8057470,397,0.999999,0.9498337744366905,3448.792065004685,0,-1
c,active_coupling,affine,4.5,100,1.0,8057470,398,0.9980525840602321,0.9999801822034357,3475.6730619977106,0,-1
c,active_coupling,affine,4.5,100,1.0,8057470,399,0.9997462440190167,0.9999720651286788,3464.0599664272663,0,-1
c,active_coupling,affine,4.5,100,1.0,8057470,400,0.9983080322126066,0.999999,3487.17938206443,0,-1
c,active_coupling,affine,4.5,100,1.0,8057470,401,0.998016138216905,0.9997299681039976,3468.8890128301227,0,-1
c,active_coupling,affine,4.5,100,1.0,8057470,402,0.9997434606491254,0.9809161507562033,3476.6366946590397,0,-1
c,active_coupling,affine,4.5,100,1.0,8057470,403,0.9985988855733133,0.999999,3464.4090308183486,0,-1
c,active_coupling,affine,4.5,100,1.0,8057470,404,0.9973455235709657,0.9996076218669355,3470.1107561160916,0,-1
c,active_coupling,affine,4.5,100,1.0,8057470,405,0.999836587737436,0.9995795973287884,3469.7920951035944,0,-1
c,active_coupling,affine,4.5,100,1.0,8057470,406,0.999999,0.9939866328974755,3464.8392057675255,0,-1
c,active_coupling,affine,4.5,100,1.0,8057470,407,0.9932407997605318,0.999999,3480.7450135135173,0,-1
c,active_coupling,affine,4.5,100,1.0,8057470,408,0.9997497986219558,0.999999,3454.663867212088,0,-1
c,active_coupling,affine,4.5,100,1.0,8057470,409,0.998944698684514,0.9999522641814721,3398.184920613529,0,-1
c,active_coupling,affine,4.5,100,1.0,8057470,410,0.999999,0.999999,3459.364193420135,0,-1
c,active_coupling,affine,4.5,100,1.0,8057470,411,0.9980790605786474,0.9962283305009575,3474.8950541527297,0,-1
c,active_coupling,affine,4.5,100,1.0,8057470,412,0.9987658091958084,0.9986675938248322,3477.4770022985717,0,-1
c,active_coupling,affine,4.5,100,1.0,8057470,413,0.9996966422843587,0.9814842697090332,3457.9894197882445,0,-1
c,active_coupling,affine,4.5,100,1.0,8057470,414,0.999999,0.9995193070585298,3454.071759815086,0,-1
c,active_coupling,affine,4.5,100,1.0,8057470,415,0.9991008758021617,0.9998693798963557,3428.257322752914,0,-1
c,active_coupling,affine,4.5,100,1.0,8057470,416,0.999735422206212,0.999999,3475.94939122861,0,-1
c,active_coupling,affine,4.5,100,1.0,8057470,417,0.9797717446335122,0.999999,3472.8144590452616,0,-1
c,active_coupling,affine,4.5,100,1.0,8057470,418,0.999999,0.999999,3461.161703449492,0,-1
c,active_coupling,affine,4.5,100,1.0,8057470,419,0.9949363702928408,0.9999651592553824,3463.1997655325795,0,-1
c,active_coupling,affine,4.5,100,1.0,8057470,420,0.9939151624647742,0.999739024950561,3459.127137029001,0,-1
c,active_coupling,affine,4.5,100,1.0,8057470,421,0.9992631260371857,0.9171788425132253,3445.96844111162,0,-1
c,active_coupling,affine,4.5,100,1.0,8057470,422,0.999999,0.999999,3389.6898902533862,0,-1
c,active_coupling,affine,4.5,100,1.0,8057470,423,0.9932089353750232,0.999999,3470.7812517066354,0,-1
c,active_coupling,affine,4.5,100,1.0,8057470,424,0.9999007519428362,0.999999,3473.5879743872947,0,-1
c,active_coupling,affine,4.5,100,1.0,8057470,425,0.999999,0.9997655573273465,3431.315336400739,0,-1
c,active_coupling,affine,4.5,100,1.0,8057470,426,0.999999,0.9993177575308554,3466.1159800705705,0,-1
c,active_coupling,affine,4.5,100,1.0,8057470,427,0.999999,0.9999106961090702,3481.7731314670214,0,-1
c,active_coupling,affine,4.5,100,1.0,8057470,428,0.8337792466607349,0.999999,3443.2678773696475,0,-1
c,active_coupling,affine,4.5,100,1.0,8057470,429,0.9999041764633971,0.9998720793825104,3444.3410180665555,0,-1
c,active_coupling,affine,4.5,100,1.0,8057470,430,0.9726693335606894,0.9718305652432654,3460.2845115003975,0,-1
c,active_coupling,affine,4.5,100,1.0,8057470,431,0.9999304115806109,0.999999,3466.3519262670725,0,-1
c,active_coupling,affine,4.5,100,1.0,8057470,432,0.9987311055506579,0.9999552225329703,3460.1035011901304,0,-1
c,active_coupling,affine,4.5,100,1.0,8057470,433,0.999999,0.9996941514272454,3395.95832387785,0,-1
c,active_coupling,affine,4.5,100,1.0,8057470,434,0.9999653594510952,0.998076785719962,3471.589341309443,0,-1
c,active_coupling,affine,4.5,100,1.0,8057470,435,0.9999860101310815,0.9996912597114124,3448.511017337362,0,-1
c,active_coupling,affine,4.5,100,1.0,8057470,436,0.9997914943187224,0.999999,3456.7279616680794,0,-1
c,active_coupling,affine,4.5,100,1.0,8057470,437,0.9950048604413927,0.999999,3434.933327508062,0,-1
c,active_coupling,affine,4.5,100,1.0,8057470,438,0.9959888329009008,0.9791237397005598,3474.274637178855,0,-1
c,active_coupling,affine,4.5,100,1.0,8057470,439,0.9999270415275128,0.9998921420696125,3455.576747162124,0,-1
c,active_coupling,affine,4.5,100,1.0,8057470,440,0.9999663750798292,0.9997588075434767,3482.419098403341,0,-1
c,active_coupling,affine,4.5,100,1.0,8057470,441,0.999999,0.9885393978628829,3445.9294132833634,0,-1
c,active_coupling,affine,4.5,100,1.0,8057470,442,0.8670335618282026,0.9981747635124155,3442.5686667489936,0,-1
c,active_coupling,affine,4.5,100,1.0,8057470,443,0.9999906368318946,0.9994057718094863,3473.600408228964,0,-1
c,active_coupling,affine,4.5,100,1.0,8057470,444,0.9482531892284443,0.9952965342785864,3465.011323304033,0,-1
c,active_coupling,affine,4.5,100,1.0,8057470,445,0.9727525111506482,0.9977200988642239,3478.0623953209097,0,-1
c,active_coupling,affine,4.5,100,1.0,8057470,446,0.9938617515123953,0.8961352615098662,3449.0467380098194,0,-1
c,active_coupling,affine,4.5,100,1.0,8057470,447,0.999999,0.9999162945575477,3462.4049268078425,0,-1
c,active_coupling,affine,4.5,100,1.0,8057470,448,0.999999,0.999999,3447.9621219115575,0,-1
c,active_coupling,affine,4.5,100,1.0,8057470,449,0.9863413175233238,0.9745873236149605,3479.7183743197247,0,-1
c,active_coupling,affine,4.5,100,1.0,8057470,450,0.999999,0.9994286409870551,3425.5197139859592,0,-1
c,active_coupling,affine,4.5,100,1.0,8057470,451,0.999999,0.9999797820040425,3423.0541021098834,0,-1
c,active_coupling,affine,4.5,100,1.0,8057470,452,0.9821366953216029,0.9989236514895802,3468.774935504388,0,-1
c,active_coupling,affine,4.5,100,1.0,8057470,453,0.9999989925663616,0.999999,3449.346459656092,0,-1
c,active_coupling,affine,4.5,100,1.0,8057470,454,0.9871703960821218,0.999999,3440.0743231702086,0,-1
c,active_coupling,affine,4.5,100,1.0,8057470,455,0.999999,0.6608849391870837,3421.9236803502067,0,-1
c,active_coupling,affine,4.5,100,1.0,8057470,456,0.999999,0.999999,3463.836954704358,0,-1
c,active_coupling,affine,4.5,100,1.0,8057470,457,0.999999,0.999999,3475.4180768696237,0,-1
c,active_coupling,affine,4.5,100,1.0,8057470,458,0.9813420780638833,0.9980542506424832,3460.3662026611655,0,-1
c,active_coupling,affine,4.5,100,1.0,8057470,459,0.999999,0.999999,3472.950209981113,0,-1
c,active_coupling,affine,4.5,100,1.0,8057470,460,0.999999,0.999999,3476.645134850058,0,-1
c,active_coupling,affine,4.5,100,1.0,8057470,461,0.9998185556828072,0.999999,3484.787449258798,0,-1
c,active_coupling,affine,4.5,100,1.0,8057470,462,0.9992551920108393,0.999999,3442.644739794776,0,-1
c,active_coupling,affine,4.5,100,1.0,8057470,463,0.9999137815661827,0.9963908305925547,3472.6827932598844,0,-1
c,active_coupling,affine,4.5,100,1.0,8057470,464,0.999999,0.9999147797299645,3481.254526672274,0,-1
c,active_coupling,affine,4.5,100,1.0,8057470,465,0.999999,0.9982227430884586,3468.4348292905674,0,-1
c,active_coupling,affine,4.5,100,1.0,8057470,466,0.9873790593295976,0.9998631561195088,3449.7263251404884,0,-1
c,active_coupling,affine,4.5,100,1.0,8057470,467,0.999999,0.9986658076109466,3425.5281799399236,0,-1
c,active_coupling,affine,4.5,100,1.0,8057470,468,0.999999,0.9998359715045435,3448.3531661943966,0,-1
c,active_coupling,affine,4.5,100,1.0,8057470,469,0.9998803538937363,0.9999885019800515,3476.0852346575907,0,-1
c,active_coupling,affine,4.5,100,1.0,8057470,470,0.9993624574661567,0.9982261614316922,3469.432970788753,0,-1
c,active_coupling,affine,4.5,100,1.0,8057470,471,0.9998587808729358,0.9486800761860655,3459.1508091752557,0,-1
c,active_coupling,affine,4.5,100,1.0,8057470,472,0.9942443741086451,0.943005078506342,3469.633058252091,0,-1
c,active_coupling,affine,4.5,100,1.0,8057470,473,0.9845451783745085,0.9998624564728887,3474.8325946411587,0,-1
c,active_coupling,affine,4.5,100,1.0,8057470,474,0.999999,0.999999,3462.7927109009784,0,-1
c,active_coupling,affine,4.5,100,1.0,8057470,475,0.9991521988142121,0.9736971430629979,3469.467278202343,0,-1
c,active_coupling,affine,4.5,100,1.0,8057470,476,0.9979899986046358,0.9998479045202103,3467.6373385903635,0,-1
c,active_coupling,affine,4.5,100,1.0,8057470,477,0.999999,0.9998827693931192,3476.269709937289,0,-1
c,active_coupling,affine,4.5,100,1.0,8057470,478,0.999999,0.9972099124882973,3463.5095200634587,0,-1
c,active_coupling,affine,4.5,100,1.0,8057470,479,0.999999,0.999999,3459.266261742835,0,-1
c,active_coupling,affine,4.5,100,1.0,8057470,480,0.999999,0.9996595115498083,3442.5740860507435,0,-1
c,active_coupling,affine,4.5,100,1.0,8057470,481,0.9883988752734717,0.999999,3475.2033208433427,0,-1
c,active_coupling,affine,4.5,100,1.0,8057470,482,0.999999,0.999999,3466.017538562457,0,-1
c,active_coupling,affine,4.5,100,1.0,8057470,483,0.9998446064005774,0.999999,3466.4826585809983,0,-1
c,active_coupling,affine,4.5,100,1.0,8057470,484,0.999999,0.9986761762111808,3468.9068940818565,0,-1
c,active_coupling,affine,4.5,100,1.0,8057470,485,0.9999204830826947,0.9977499542931185,3452.5835382819864,0,-1
c,active_coupling,affine,4.5,100,1.0,8057470,486,0.9999192719842048,0.999999,3469.5821108378505,0,-1
c,active_coupling,affine,4.5,100,1.0,8057470,487,0.999999,0.9999429620776977,3465.756670915029,0,-1
c,active_coupling,affine,4.5,100,1.0,8057470,488,0.999999,0.999999,3461.735209760313,0,-1
c,active_coupling,affine,4.5,100,1.0,8057470,489,0.999999,0.999999,3473.1361459865143,0,-1
c,active_coupling,affine,4.5,100,1.0,8057470,490,0.999325474622314,0.888883208212146,3465.9913070058406,0,-1
c,active_coupling,affine,4.5,100,1.0,8057470,491,0.9999577036123188,0.9989934034022161,3450.7121434027736,0,-1
c,active_coupling,affine,4.5,100,1.0,8057470,492,0.999999,0.999999,3464.002610689084,0,-1
c,active_coupling,affine,4.5,100,1.0,8057470,493,0.9985721822532532,0.9693472981445582,3430.8206222016506,0,-1
c,active_coupling,affine,4.5,100,1.0,8057470,494,0.999999,0.999999,3469.5783903228785,0,-1
c,active_coupling,affine,4.5,100,1.0,8057470,495,0.9997055893272968,0.999816348948954,3458.2415139523746,0,-1
c,active_coupling,affine,4.5,100,1.0,8057470,496,0.7447281749144763,0.9999846675220606,3465.9689256967454,0,-1
c,active_coupling,affine,4.5,100,1.0,8057470,497,0.9875767432687061,0.9982535026876233,3475.0833442887224,0,-1
c,active_coupling,affine,4.5,100,1.0,8057470,498,0.9999206703639574,0.999999,3428.7670362938834,0,-1
c,active_coupling,affine,4.5,100,1.0,8057470,499,0.999999,0.9954845329604041,3470.8520755748227,0,-1
c,active_coupling,affine,4.5,100,1.0,8057470,500,0.999999,0.9999884925239257,3479.0941529059933,0,-1
c,active_coupling,affine,4.5,100,1.0,8057470,501,0.9999406141540488,0.999999,3464.410800891608,0,-1
c,active_coupling,affine,4.5,100,1.0,8057470,502,0.9990946745085869,0.9981561127914081,3441.974248823723,0,-1
c,active_coupling,affine,4.5,100,1.0,8057470,503,0.947729057679919,0.9995787621448767,3472.445972754884,0,-1
c,active_coupling,affine,4.5,100,1.0,8057470,504,0.999999,0.999999,3465.7432887739587,0,-1
c,active_coupling,affine,4.5,100,1.0,8057470,505,0.8495717249173479,0.9996813178626154,3483.751179492428,0,-1
c,active_coupling,affine,4.5,100,1.0,8057470,506,0.999999,0.999878687193988,3415.7784734553807,0,-1
c,active_coupling,affine,4.5,100,1.0,8057470,507,0.999999,0.999999,3484.5818929943957,0,-1
c,active_coupling,affine,4.5,100,1.0,8057470,508,0.999999,0.999999,3464.1377925222087,0,-1
c,active_coupling,affine,4.5,100,1.0,8057470,509,0.999999,0.9999668730314364,3468.261668418008,0,-1
c,active_coupling,affine,4.5,100,1.0,8057470,510,0.999999,0.957316800073679,3468.9868532455384,0,-1
c,active_coupling,affine,4.5,100,1.0,8057470,511,0.999999,0.9999849349727962,3480.946263244802,0,-1
c,active_coupling,affine,4.5,100,1.0,8057470,512,0.9828206892460237,0.999999,3479.6468353528926,0,-1
c,active_coupling,affine,4.5,100,1.0,8057470,513,0.999999,0.9996527984805302,3470.4967514870063,0,-1
c,active_coupling,affine,4.5,100,1.0,8057470,514,0.999999,0.9849478666948447,3445.060574267055,0,-1
c,active_coupling,affine,4.5,100,1.0,8057470,515,0.9989029513484378,0.999999,3465.9859820162883,0,-1
c,active_coupling,affine,4.5,100,1.0,8057470,516,0.999999,0.9931671893025856,3464.0022304284425,0,-1
c,active_coupling,affine,4.5,100,1.0,8057470,517,0.997822821284143,0.9962259977027678,3470.922998347539,0,-1
c,active_coupling,affine,4.5,100,1.0,8057470,518,0.9943083416660314,0.999999,3474.3783109045003,0,-1
c,active_coupling,affine,4.5,100,1.0,8057470,519,0.999999,0.999999,3412.3694254410366,0,-1
c,active_coupling,affine,4.5,100,1.0,8057470,520,0.999999,0.9736410339345164,3431.242316544344,0,-1
c,active_coupling,affine,4.5,100,1.0,8057470,521,0.999999,0.9893321101542827,3477.468154092495,0,-1
c,active_coupling,affine,4.5,100,1.0,8057470,522,0.9999989598098253,0.9999371371467998,3465.629132151886,0,-1
c,active_coupling,affine,4.5,100,1.0,8057470,523,0.999999,0.9999153929289675,3482.1742805868357,0,-1
c,active_coupling,affine,4.5,100,1.0,8057470,524,0.999999,0.999999,3455.3866068885245,0,-1
c,active_coupling,affine,4.5,100,1.0,8057470,525,0.999999,0.9995363400428146,3474.168960445393,0,-1
c,active_coupling,affine,4.5,100,1.0,8057470,526,0.999999,0.9853758845759508,3451.9538492849224,0,-1
c,active_coupling,affine,4.5,100,1.0,8057470,527,0.999999,0.999999,3479.375786822428,0,-1
c,active_coupling,affine,4.5,100,1.0,8057470,528,0.9982097012537717,0.999999,3466.1557078293317,0,-1
c,active_coupling,affine,4.5,100,1.0,8057470,529,0.999999,0.996523051990188,3416.045913541548,0,-1
c,active_coupling,affine,4.5,100,1.0,8057470,530,0.9527672600305298,0.999999,3459.288192071644,0,-1
c,active_coupling,affine,4.5,100,1.0,8057470,531,0.999999,0.9992680968139773,3467.790670949205,0,-1
c,active_coupling,affine,4.5,100,1.0,8057470,532,0.9995436526545766,0.999999,3435.942991447589,0,-1
c,active_coupling,affine,4.5,100,1.0,8057470,533,0.9999421859866122,0.999999,3478.5684490546923,0,-1
c,active_coupling,affine,4.5,100,1.0,8057470,534,0.999999,0.999999,3433.9009384340934,0,-1
c,active_coupling,affine,4.5,100,1.0,8057470,535,0.9997907362141495,0.9979688254442399,3467.581926125099,0,-1
c,active_coupling,affine,4.5,100,1.0,8057470,536,0.999999,0.997747698830859,3457.3611037509013,0,-1
c,active_coupling,affine,4.5,100,1.0,8057470,537,0.9927314480246671,0.9792714707625464,3453.9103070310393,0,-1
c,active_coupling,affine,4.5,100,1.0,8057470,538,0.999866429470187,0.999999,3420.745330798654,0,-1
c,active_coupling,affine,4.5,100,1.0,8057470,539,0.999999,0.9952671352388122,3431.265480355368,0,-1
c,active_coupling,affine,4.5,100,1.0,8057470,540,0.9993595275642436,0.9979312262381161,3460.2145831035427,0,-1
c,active_coupling,affine,4.5,100,1.0,8057470,541,0.9998501210726803,0.9725397645148754,3470.297883227663,0,-1
c,active_coupling,affine,4.5,100,1.0,8057470,542,0.9934062266809212,0.999999,3465.9221231601923,0,-1
c,active_coupling,affine,4.5,100,1.0,8057470,543,0.9998685895864395,0.8565852987143194,3461.223098195767,0,-1
c,active_coupling,affine,4.5,100,1.0,8057470,544,0.999999,0.9701285270958535,3453.6750012090647,0,-1
c,active_coupling,affine,4.5,100,1.0,8057470,545,0.9991168055218678,0.9999623514959525,3455.7386060506756,0,-1
c,active_coupling,affine,4.5,100,1.0,8057470,546,0.9681660556906688,0.999999,3432.7009529069724,0,-1
c,active_coupling,affine,4.5,100,1.0,8057470,547,0.9998920079819397,0.999999,3475.2943243796153,0,-1
c,active_coupling,affine,4.5,100,1.0,8057470,548,0.9999922395840991,0.9998359073997258,3473.3021517028687,0,-1
c,active_coupling,affine,4.5,100,1.0,8057470,549,0.9988969554328475,0.996900315481349,3478.7968976236343,0,-1
c,active_coupling,affine,4.5,100,1.0,8057470,550,0.9999347917021305,0.9999134602938116,3472.8453465692305,0,-1
c,active_coupling,affine,4.5,100,1.0,8057470,551,0.8019780771034486,0.9997964799750397,3437.0662178115317,0,-1
c,active_coupling,affine,4.5,100,1.0,8057470,552,0.999999,0.999999,3468.3363575462563,0,-1
c,active_coupling,affine,4.5,100,1.0,8057470,553,-0.9987368722368262,0.999999,3468.058882856724,1,294
c,active_coupling,affine,4.5,100,1.0,8057470,554,0.8129181961591426,0.9970422188969512,3458.6284574936,0,-1
c,active_coupling,affine,4.5,100,1.0,8057470,555,0.999999,0.999999,3480.01234949169,0,-1
c,active_coupling,affine,4.5,100,1.0,8057470,556,0.9999970204724985,0.9997781186870314,3470.0329176816913,0,-1
c,active_coupling,affine,4.5,100,1.0,8057470,557,0.9921781031139968,0.999999,3455.806388867863,0,-1
c,active_coupling,affine,4.5,100,1.0,8057470,558,0.999999,0.999999,3464.061214300728,0,-1
c,active_coupling,affine,4.5,100,1.0,8057470,559,0.8713424510757573,0.9422957385953612,3413.8830491755507,0,-1
c,active_coupling,affine,4.5,100,1.0,8057470,560,0.9943438276054389,0.999999,3485.1696099033716,0,-1
c,active_coupling,affine,4.5,100,1.0,8057470,561,0.7938786680335808,0.999999,3449.677081664603,0,-1
c,active_coupling,affine,4.5,100,1.0,8057470,562,0.9645335271961053,0.9664269373233946,3452.72226427962,0,-1
c,active_coupling,affine,4.5,100,1.0,8057470,563,0.999999,0.9998282931993422,3455.09065452055,0,-1
c,active_coupling,affine,4.5,100,1.0,8057470,564,0.999999,0.999728611070353,3474.0237017241548,0,-1
c,active_coupling,affine,4.5,100,1.0,8057470,565,0.999999,0.9985704969497877,3456.3582825705876,0,-1
c,active_coupling,affine,4.5,100,1.0,8057470,566,0.9999435059928773,0.999999,3478.9487683155517,0,-1
c,active_coupling,affine,4.5,100,1.0,8057470,567,0.999999,0.9798804368962973,3455.7766695117166,0,-1
c,active_coupling,affine,4.5,100,1.0,8057470,568,0.8634051359562634,0.8921925736839582,3450.275875929656,0,-1
c,active_coupling,affine,4.5,100,1.0,8057470,569,0.999999,0.999999,3441.6073506479565,0,-1
c,active_coupling,affine,4.5,100,1.0,8057470,570,0.999999,0.9986085760299422,3465.1534773143294,0,-1
c,active_coupling,affine,4.5,100,1.0,8057470,571,0.999999,0.999999,3479.210600044551,0,-1
c,active_coupling,affine,4.5,100,1.0,8057470,572,0.9975304089856927,0.9999414216123916,3472.641269700911,0,-1
c,active_coupling,affine,4.5,100,1.0,8057470,573,0.9909550541648423,0.999999,3478.2484780053096,0,-1
c,active_coupling,affine,4.5,100,1.0,8057470,574,0.973337498914028,0.999999,3462.6351313802165,0,-1
c,active_coupling,affine,4.5,100,1.0,8057470,575,0.9957917001899272,0.998562382179846,3450.394613736254,0,-1
c,active_coupling,affine,4.5,100,1.0,8057470,576,0.9998719322966819,0.999999,3470.138897859808,0,-1
c,active_coupling,affine,4.5,100,1.0,8057470,577,0.9999850942260394,0.9999057166716548,3486.5471323401794,0,-1
c,active_coupling,affine,4.5,100,1.0,8057470,578,0.980577885137243,0.999999,3465.3328967987395,0,-1
c,active_coupling,affine,4.5,100,1.0,8057470,579,0.999999,0.9836456799217984,3458.758970776498,0,-1
c,active_coupling,affine,4.5,100,1.0,8057470,580,0.999999,0.9991067023720858,3465.2456313000566,0,-1
c,active_coupling,affine,4.5,100,1.0,8057470,581,0.9999220328429747,0.9999939277813185,3463.4274190063657,0,-1
c,active_coupling,affine,4.5,100,1.0,8057470,582,0.999999,0.999999,3483.8830629102886,0,-1
c,active_coupling,affine,4.5,100,1.0,8057470,583,0.997384200494893,0.9999865606395266,3458.9483133087974,0,-1
c,active_coupling,affine,4.5,100,1.0,8057470,584,0.999999,0.999999,3471.2866261597947,0,-1
c,active_coupling,affine,4.5,100,1.0,8057470,585,0.999999,0.9976155632223408,3456.3350443814943,0,-1
c,active_coupling,affine,4.5,100,1.0,8057470,586,0.999999,0.9952655611460516,3461.8824230960727,0,-1
c,active_coupling,affine,4.5,100,1.0,8057470,587,0.999999,0.9678568333814244,3479.8685740705196,0,-1
c,active_coupling,affine,4.5,100,1.0,8057470,588,0.999999,0.9998226828272003,3442.382483568816,0,-1
c,active_coupling,affine,4.5,100,1.0,8057470,589,0.999999,0.999999,3428.9851759067956,0,-1
c,active_coupling,affine,4.5,100,1.0,8057470,590,0.9999657031632755,0.8580654558462867,3461.470450492629,0,-1
c,active_coupling,affine,4.5,100,1.0,8057470,591,0.999999,0.9902032293057785,3409.314213275509,0,-1
c,active_coupling,affine,4.5,100,1.0,8057470,592,0.9502413639088898,0.999676121119367,3428.677374717085,0,-1
c,active_coupling,affine,4.5,100,1.0,8057470,593,0.9998622196484515,0.999999,3459.913830871036,0,-1
c,active_coupling,affine,4.5,100,1.0,8057470,594,0.8676543016117783,0.9919078251871095,3484.8356463940245,0,-1
c,active_coupling,affine,4.5,100,1.0,8057470,595,0.999999,0.999999,3465.40664187438,0,-1
c,active_coupling,affine,4.5,100,1.0,8057470,596,0.990412927925952,0.8661366492160841,3444.3263780362645,0,-1
c,active_coupling,affine,4.5,100,1.0,8057470,597,0.9999935422834844,0.9929799632341141,3429.9622357079234,0,-1
c,active_coupling,affine,4.5,100,1.0,8057470,598,0.999999,0.999999,3464.732781100229,0,-1
c,active_coupling,affine,4.5,100,1.0,8057470,599,0.9999127190085388,0.9563459357364941,3454.4601808103694,0,-1
c,active_coupling,affine,4.5,100,1.0,8057470,600,0.999999,0.999999,3475.766369805619,0,-1
c,active_coupling,affine,4.5,100,1.0,8057470,601,0.999999,0.999999,3475.1635886975955,0,-1
c,active_coupling,affine,4.5,100,1.0,8057470,602,0.999999,0.999999,3444.677925322224,0,-1
c,active_coupling,affine,4.5,100,1.0,8057470,603,0.9832697632892554,0.976963206526141,3471.219100475273,0,-1
c,active_coupling,affine,4.5,100,1.0,8057470,604,0.9999896280847232,0.9996233633909425,3485.218736110487,0,-1
c,active_coupling,affine,4.5,100,1.0,8057470,605,0.7406356685912625,0.9999295197865666,3471.5939160013,0,-1
c,active_coupling,affine,4.5,100,1.0,8057470,606,0.9909045234933396,0.9321407516807387,3381.0861053972353,0,-1
c,active_coupling,affine,4.5,100,1.0,8057470,607,0.9988735402029529,0.9376493608714659,3466.9953800147614,0,-1
c,active_coupling,affine,4.5,100,1.0,8057470,608,0.9999723952994964,0.999999,3472.661282856907,0,-1
c,active_coupling,affine,4.5,100,1.0,8057470,609,0.999999,0.9977963701887982,3476.210402371291,0,-1
c,active_coupling,affine,4.5,100,1.0,8057470,610,0.9998742075657002,0.999999,3455.7264158831986,0,-1
c,active_coupling,affine,4.5,100,1.0,8057470,611,0.999999,0.999999,3469.7148451560465,0,-1
c,active_coupling,affine,4.5,100,1.0,8057470,612,0.999999,0.999999,3462.485276843995,0,-1
c,active_coupling,affine,4.5,100,1.0,8057470,613,0.9937986479151677,0.999999,3464.5122229078256,0,-1
c,active_coupling,affine,4.5,100,1.0,8057470,614,0.9999705010863147,0.9999878141179636,3429.6593794525625,0,-1
c,active_coupling,affine,4.5,100,1.0,8057470,615,0.9998416888160878,0.9996764896446068,3460.857087195814,0,-1
c,active_coupling,affine,4.5,100,1.0,8057470,616,0.999999,0.9909343816103018,3458.8511957786113,0,-1
c,active_coupling,affine,4.5,100,1.0,8057470,617,0.9997983123517616,0.999999,3446.262574029278,0,-1
c,active_coupling,affine,4.5,100,1.0,8057470,618,0.9998269308058094,0.999999,3459.9651407066563,0,-1
c,active_coupling,affine,4.5,100,1.0,8057470,619,0.999999,0.9998821240366107,3446.532572260645,0,-1
c,active_coupling,affine,4.5,100,1.0,8057470,620,0.9847595912460865,0.9998950333701501,3477.3832656409586,0,-1
c,active_coupling,affine,4.5,100,1.0,8057470,621,0.9973442622468357,0.999999,3462.1110352521237,0,-1
c,active_coupling,affine,4.5,100,1.0,8057470,622,0.9874142851290791,0.999999,3429.849590853685,0,-1
c,active_coupling,affine,4.5,100,1.0,8057470,623,0.999999,0.999999,3476.058521226282,0,-1
c,active_coupling,affine,4.5,100,1.0,8057470,624,0.999999,0.930986112065793,3469.1011014568703,0,-1
c,active_coupling,affine,4.5,100,1.0,8057470,625,0.999999,0.999999,3465.7586836216988,0,-1
c,active_coupling,affine,4.5,100,1.0,8057470,626,0.9563581269566508,0.999999,3476.5198346055995,0,-1
c,active_coupling,affine,4.5,100,1.0,8057470,627,0.9980604879863287,0.9999032303411742,3480.9159549828078,0,-1
c,active_coupling,affine,4.5,100,1.0,8057470,628,0.9998041157062854,0.9994653939151174,3434.2225304532626,0,-1
c,active_coupling,affine,4.5,100,1.0,8057470,629,0.9999289123421675,0.9999285082445359,3459.9354795841555,0,-1
c,active_coupling,affine,4.5,100,1.0,8057470,630,0.999999,0.9998923099078756,3448.3500739847686,0,-1
c,active_coupling,affine,4.5,100,1.0,8057470,631,0.9999912816632386,0.9998593123451357,3461.0095391056734,0,-1
c,active_coupling,affine,4.5,100,1.0,8057470,632,0.9979586772404848,0.9997827545659231,3452.642934859137,0,-1
c,active_coupling,affine,4.5,100,1.0,8057470,633,0.9726017242549897,0.9997651782978918,3454.423741957369,0,-1
c,active_coupling,affine,4.5,100,1.0,8057470,634,0.999999,0.999999,3446.965635730912,0,-1
c,active_coupling,affine,4.5,100,1.0,8057470,635,0.999999,0.9997295963208406,3473.6156513150877,0,-1
c,active_coupling,affine,4.5,100,1.0,8057470,636,0.999999,0.999999,3466.7215053847913,0,-1
c,active_coupling,affine,4.5,100,1.0,8057470,637,0.9985010884594623,0.999999,3465.971577513114,0,-1
c,active_coupling,affine,4.5,100,1.0,8057470,638,0.999999,0.999999,3447.0667670871503,0,-1
c,active_coupling,affine,4.5,100,1.0,8057470,639,0.9878859015561361,0.999999,3467.657735878783,0,-1
c,active_coupling,affine,4.5,100,1.0,8057470,640,0.9240233759907889,0.965981630201461,3443.9370459506204,0,-1
c,active_coupling,affine,4.5,100,1.0,8057470,641,0.999895637824601,0.9976897959256474,3463.3813793068985,0,-1
c,active_coupling,affine,4.5,100,1.0,8057470,642,0.999999,0.999999,3470.7167782141255,0,-1
c,active_coupling,affine,4.5,100,1.0,8057470,643,0.9999410696887774,0.9999927173662675,3466.2800392365425,0,-1
c,active_coupling,affine,4.5,100,1.0,8057470,644,0.999999,0.9999699232365444,3423.219649987079,0,-1
c,active_coupling,affine,4.5,100,1.0,8057470,645,0.9999915155679782,0.9988312864150857,3463.340921711294,0,-1
c,active_coupling,affine,4.5,100,1.0,8057470,646,0.999999,0.999999,3468.9980161042545,0,-1
c,active_coupling,affine,4.5,100,1.0,8057470,647,-0.7292644227232353,0.995230079725554,3399.5252225937697,1,279
c,active_coupling,affine,4.5,100,1.0,8057470,648,0.9848631261041352,0.999999,3453.250330917488,0,-1
c,active_coupling,affine,4.5,100,1.0,8057470,649,0.9995555166590473,0.999578874855829,3418.4379085182886,0,-1
c,active_coupling,affine,4.5,100,1.0,8057470,650,0.999999,0.9997074753339882,3464.19179108524,0,-1
c,active_coupling,affine,4.5,100,1.0,8057470,651,0.999999,0.9991292094796241,3473.575064057094,0,-1
c,active_coupling,affine,4.5,100,1.0,8057470,652,0.9998290835535464,0.99210333839627,3461.8311815870147,0,-1
c,active_coupling,affine,4.5,100,1.0,8057470,653,0.999946105267996,0.9382314699359399,3472.899365462992,0,-1
c,active_coupling,affine,4.5,100,1.0,8057470,654,0.9999009032022257,0.9999890942097868,3479.4171100480685,0,-1
c,active_coupling,affine,4.5,100,1.0,8057470,655,0.999999,0.999999,3473.287104426159,0,-1
c,active_coupling,affine,4.5,100,1.0,8057470,656,0.999957227995325,0.999999,3453.755176667002,0,-1
c,active_coupling,affine,4.5,100,1.0,8057470,657,0.999999,0.9999186148164002,3473.405001460691,0,-1
c,active_coupling,affine,4.5,100,1.0,8057470,658,0.999999,0.9984955850619062,3467.4886293333,0,-1
c,active_coupling,affine,4.5,100,1.0,8057470,659,0.9999187895188973,0.9933628502728644,3450.7354396483743,0,-1
c,active_coupling,affine,4.5,100,1.0,8057470,660,0.9923055004549931,0.999999,3464.628359447805,0,-1
c,active_coupling,affine,4.5,100,1.0,8057470,661,0.9999860287280603,0.999999,3485.620955599309,0,-1
c,active_coupling,affine,4.5,100,1.0,8057470,662,0.9997682180280897,0.999999,3476.990251718134,0,-1
c,active_coupling,affine,4.5,100,1.0,8057470,663,0.9992693908755689,0.9997672303225463,3481.103793188526,0,-1
c,active_coupling,affine,4.5,100,1.0,8057470,664,0.9994768457985557,0.8912752001636328,3466.7916502180738,0,-1
c,active_coupling,affine,4.5,100,1.0,8057470,665,0.9999497283074754,0.9940357291728937,3448.945383048298,0,-1
c,active_coupling,affine,4.5,100,1.0,8057470,666,0.999999,0.999999,3465.301518738851,0,-1
c,active_coupling,affine,4.5,100,1.0,8057470,667,0.9967653458053024,0.9935121510887526,3470.0545925437864,0,-1
c,active_coupling,affine,4.5,100,1.0,8057470,668,0.9824367465317737,0.999999,3470.250533974772,0,-1
c,active_coupling,affine,4.5,100,1.0,8057470,669,0.9083548155742279,0.9644243853141573,3461.1406859276053,0,-1
c,active_coupling,affine,4.5,100,1.0,8057470,670,0.9999035416343841,0.9782291792437458,3473.560830068366,0,-1
c,active_coupling,affine,4.5,100,1.0,8057470,671,0.9980434324842684,0.9851858913327619,3474.9389249910046,0,-1
c,active_coupling,affine,4.5,100,1.0,8057470,672,0.9973593407882605,0.999999,3480.0710339808543,0,-1
c,active_coupling,affine,4.5,100,1.0,8057470,673,0.9998434488739592,0.990387648065184,3470.4509881552317,0,-1
c,active_coupling,affine,4.5,100,1.0,8057470,674,0.9934262526836125,0.999999,3481.1309200031524,0,-1
c,active_coupling,affine,4.5,100,1.0,8057470,675,0.9962587251687643,0.999999,3441.2550663771003,0,-1
c,active_coupling,affine,4.5,100,1.0,8057470,676,0.9999850444707675,0.9977334894110993,3475.4673967542717,0,-1
c,active_coupling,affine,4.5,100,1.0,8057470,677,0.952614985026668,0.9065178610854948,3427.988126958704,0,-1
c,active_coupling,affine,4.5,100,1.0,8057470,678,0.98671982665275,0.9978010084402088,3470.2366604943404,0,-1
c,active_coupling,affine,4.5,100,1.0,8057470,679,0.999999,0.999999,3474.4769779586054,0,-1
c,active_coupling,affine,4.5,100,1.0,8057470,680,0.9997471829401545,0.999999,3464.4749400334185,0,-1
c,active_coupling,affine,4.5,100,1.0,8057470,681,0.9151660632733881,0.999999,3476.857464998193,0,-1
c,active_coupling,affine,4.5,100,1.0,8057470,682,0.999999,0.999999,3455.37207151395,0,-1
c,active_coupling,affine,4.5,100,1.0,8057470,683,0.9990836668629204,0.9991760567953288,3476.5035120001244,0,-1
c,active_coupling,affine,4.5,100,1.0,8057470,684,0.9918191095537712,0.999999,3461.587097934858,0,-1
c,active_coupling,affine,4.5,100,1.0,8057470,685,0.9999692316314469,0.9929466154277662,3464.831082474939,0,-1
c,active_coupling,affine,4.5,100,1.0,8057470,686,0.9965083911869912,0.9923988875538832,3478.8567392820432,0,-1
c,active_coupling,affine,4.5,100,1.0,8057470,687,0.9971025479995989,0.9542613451299853,3477.4725470745575,0,-1
c,active_coupling,affine,4.5,100,1.0,8057470,688,0.9959396474681421,0.9930290320337799,3449.6780253916327,0,-1
c,active_coupling,affine,4.5,100,1.0,8057470,689,0.9195330835880975,0.9995107344123718,3400.9273230353647,0,-1
c,active_coupling,affine,4.5,100,1.0,8057470,690,0.9920201906992354,0.8654414207890653,3472.207416922121,0,-1
c,active_coupling,affine,4.5,100,1.0,8057470,691,0.9041211883396203,0.9998221664517222,3456.7000342408446,0,-1
c,active_coupling,affine,4.5,100,1.0,8057470,692,0.999999,0.999999,3434.3327004624775,0,-1
c,active_coupling,affine,4.5,100,1.0,8057470,693,0.9998632693691194,0.9339078935440027,3463.645071484431,0,-1
c,active_coupling,affine,4.5,100,1.0,8057470,694,0.999999,0.9998525388104647,3423.2350340761404,0,-1
c,active_coupling,affine,4.5,100,1.0,8057470,695,0.999999,0.9861523667351894,3459.7387044100806,0,-1
c,active_coupling,affine,4.5,100,1.0,8057470,696,0.7678662785425692,0.999999,3452.8474075095946,0,-1
c,active_coupling,affine,4.5,100,1.0,8057470,697,0.9780266867598573,0.999999,3464.179721714166,0,-1
c,active_coupling,affine,4.5,100,1.0,8057470,698,0.9932736464465507,0.9995727970370548,3410.981253171529,0,-1
c,active_coupling,affine,4.5,100,1.0,8057470,699,0.999999,0.9985897013312717,3463.3424574413316,0,-1
c,active_coupling,affine,4.5,100,1.0,8057470,700,0.9879923440274905,0.999999,3469.6294053023666,0,-1
c,active_coupling,affine,4.5,100,1.0,8057470,701,0.9997444781586196,0.999999,3481.9648942711788,0,-1
c,active_coupling,affine,4.5,100,1.0,8057470,702,0.7587973206930472,0.9924223340841039,3470.0588126859584,0,-1
c,active_coupling,affine,4.5,100,1.0,8057470,703,0.9980372482048454,0.999860362052705,3443.7950056334453,0,-1
c,active_coupling,affine,4.5,100,1.0,8057470,704,0.9687525873039238,0.932208411387312,3476.137655125973,0,-1
c,active_coupling,affine,4.5,100,1.0,8057470,705,0.999999,0.999999,3465.710587868029,0,-1
c,active_coupling,affine,4.5,100,1.0,8057470,706,0.9999364850428973,0.9996014809169217,3470.537886471438,0,-1
c,active_coupling,affine,4.5,100,1.0,8057470,707,0.9998101741678855,0.9994820236579296,3470.294947972899,0,-1
c,active_coupling,affine,4.5,100,1.0,8057470,708,0.9999108664800677,0.9999566442569995,3482.942151952063,0,-1
c,active_coupling,affine,4.5,100,1.0,8057470,709,0.9920781505276255,0.8166777010726142,3461.090973632672,0,-1
c,active_coupling,affine,4.5,100,1.0,8057470,710,0.9980572138797852,0.999999,3483.27269343356,0,-1
c,active_coupling,affine,4.5,100,1.0,8057470,711,0.9960772505491269,0.99530251136958,3472.3108853691833,0,-1
c,active_coupling,affine,4.5,100,1.0,8057470,712,0.9982531969893585,0.999999,3450.558254680273,0,-1
c,active_coupling,affine,4.5,100,1.0,8057470,713,0.9897024775240926,0.999016353395905,3453.1580332933577,0,-1
c,active_coupling,affine,4.5,100,1.0,8057470,714,0.9989243273848248,0.9969004824432119,3480.612094367656,0,-1
c,active_coupling,affine,4.5,100,1.0,8057470,715,0.9958226762049491,0.9997968605428097,3446.1159118515634,0,-1
c,active_coupling,affine,4.5,100,1.0,8057470,716,0.999777960456761,0.9999944580396234,3460.410990648162,0,-1
c,active_coupling,affine,4.5,100,1.0,8057470,717,0.9535322239727866,0.999999,3483.398117803868,0,-1
c,active_coupling,affine,4.5,100,1.0,8057470,718,0.6744917391052416,0.9998216476507942,3457.783226773299,0,-1
c,active_coupling,affine,4.5,100,1.0,8057470,719,0.9751904903827375,0.999999,3468.766612824147,0,-1
c,active_coupling,affine,4.5,100,1.0,8057470,720,0.9998731773828538,0.9997848550480479,3469.8440894209953,0,-1
c,active_coupling,affine,4.5,100,1.0,8057470,721,0.9999253571039248,0.9997075938183239,3467.45402292854,0,-1
c,active_coupling,affine,4.5,100,1.0,8057470,722,0.9999633093829421,0.999999,3451.245110523887,0,-1
c,active_coupling,affine,4.5,100,1.0,8057470,723,0.999999,0.6769197057139509,3463.5634121746857,0,-1
c,active_coupling,affine,4.5,100,1.0,8057470,724,0.9999528568327215,0.999999,3465.8635897130616,0,-1
c,active_coupling,affine,4.5,100,1.0,8057470,725,0.7572568839368389,0.9955516489295299,3468.2807304939215,0,-1
c,active_coupling,affine,4.5,100,1.0,8057470,726,0.999999,0.999999,3437.075852833844,0,-1
c,active_coupling,affine,4.5,100,1.0,8057470,727,0.9981275393753555,0.9999800811994582,3469.8832213406076,0,-1
c,active_coupling,affine,4.5,100,1.0,8057470,728,0.999999,0.9999336225592844,3450.8750779808843,0,-1
c,active_coupling,affine,4.5,100,1.0,8057470,729,0.999999,0.9990678144701478,3459.1798209811714,0,-1
c,active_coupling,affine,4.5,100,1.0,8057470,730,0.999999,0.9892476632879482,3457.397261487097,0,-1
c,active_coupling,affine,4.5,100,1.0,8057470,731,0.9211587526212599,0.9999540171325717,3485.514943327373,0,-1
c,active_coupling,affine,4.5,100,1.0,8057470,732,0.9793047694180492,0.9751342966390047,3458.8140699463565,0,-1
c,active_coupling,affine,4.5,100,1.0,8057470,733,0.8477924723246865,0.999994069023396,3405.4326725619685,0,-1
c,active_coupling,affine,4.5,100,1.0,8057470,734,0.9788386729176005,0.9999967519879952,3479.6752718497573,0,-1
c,active_coupling,affine,4.5,100,1.0,8057470,735,0.999999,0.999999,3456.2215832310435,0,-1
c,active_coupling,affine,4.5,100,1.0,8057470,736,0.9760367021516413,0.9997455120340302,3457.4150969919806,0,-1
c,active_coupling,affine,4.5,100,1.0,8057470,737,0.999999,0.999999,3446.573512371701,0,-1
c,active_coupling,affine,4.5,100,1.0,8057470,738,0.9978741662446216,0.9002334268437436,3466.1463391844563,0,-1
c,active_coupling,affine,4.5,100,1.0,8057470,739,0.767642394401939,0.999999,3462.266396161208,0,-1
c,active_coupling,affine,4.5,100,1.0,8057470,740,0.9965027804127923,0.999999,3448.233231881742,0,-1
c,active_coupling,affine,4.5,100,1.0,8057470,741,0.999999,0.9996791217536819,3449.4793712027267,0,-1
c,active_coupling,affine,4.5,100,1.0,8057470,742,0.9997681678114525,0.9928717994237147,3434.7964372900565,0,-1
c,active_coupling,affine,4.5,100,1.0,8057470,743,0.9482568630101265,0.9999380014398834,3463.525018760127,0,-1
c,active_coupling,affine,4.5,100,1.0,8057470,744,0.9955217461874777,0.999960401695329,3471.1687346573026,0,-1
c,active_coupling,affine,4.5,100,1.0,8057470,745,0.9984431687152013,0.9999174104343119,3468.365910727934,0,-1
c,active_coupling,affine,4.5,100,1.0,8057470,746,0.999999,0.999999,3457.59252457482,0,-1
c,active_coupling,affine,4.5,100,1.0,8057470,747,0.9990418683584137,0.987407109607014,3425.617241735466,0,-1
c,active_coupling,affine,4.5,100,1.0,8057470,748,0.999999,0.9999313460591659,3473.8739849605777,0,-1
c,active_coupling,affine,4.5,100,1.0,8057470,749,0.999999,0.999931933086187,3469.976475507518,0,-1
c,active_coupling,affine,4.5,100,1.0,8057470,750,0.999999,0.999999,3445.0352680681735,0,-1
c,active_coupling,affine,4.5,100,1.0,8057470,751,0.9999702184147214,0.999817311124166,3471.562252891097,0,-1
c,active_coupling,affine,4.5,100,1.0,8057470,752,0.999999,0.999999,3473.9512925358204,0,-1
c,active_coupling,affine,4.5,100,1.0,8057470,753,0.999999,0.999999,3477.537538968551,0,-1
c,active_coupling,affine,4.5,100,1.0,8057470,754,0.999999,0.999999,3462.575686097862,0,-1
c,active_coupling,affine,4.5,100,1.0,8057470,755,0.9305633630664175,0.9449309261386375,3468.6023303812,0,-1
c,active_coupling,affine,4.5,100,1.0,8057470,756,0.9996484309825547,0.9999862456025387,3464.228893133507,0,-1
c,active_coupling,affine,4.5,100,1.0,8057470,757,0.999999,0.999999,3405.7515709872546,0,-1
c,active_coupling,affine,4.5,100,1.0,8057470,758,0.9986631433818685,0.7849197693635537,3437.335302743192,0,-1
c,active_coupling,affine,4.5,100,1.0,8057470,759,0.9983152193318825,0.9829961824831729,3436.100230410047,0,-1
c,active_coupling,affine,4.5,100,1.0,8057470,760,0.9825342826396081,0.999999,3468.6134377754033,0,-1
c,active_coupling,affine,4.5,100,1.0,8057470,761,0.999999,0.9986685653884853,3483.03485602106,0,-1
c,active_coupling,affine,4.5,100,1.0,8057470,762,0.999999,0.9999812830024649,3478.208506615522,0,-1
c,active_coupling,affine,4.5,100,1.0,8057470,763,0.9922722217837769,0.999999,3446.9538081521273,0,-1
c,active_coupling,affine,4.5,100,1.0,8057470,764,0.9998468832742005,0.999999,3444.7369215437197,0,-1
c,active_coupling,affine,4.5,100,1.0,8057470,765,0.999999,0.9997201977951085,3466.8883919585164,0,-1
c,active_coupling,affine,4.5,100,1.0,8057470,766,0.999999,0.999999,3454.6310714458723,0,-1
c,active_coupling,affine,4.5,100,1.0,8057470,767,0.9997148485032409,0.999999,3452.5777155136884,0,-1
c,active_coupling,affine,4.5,100,1.0,8057470,768,0.9997773580897622,0.999999,3467.4448356970665,0,-1
c,active_coupling,affine,4.5,100,1.0,8057470,769,0.9999130627067555,0.999999,3431.0938779122944,0,-1
c,active_coupling,affine,4.5,100,1.0,8057470,770,0.999999,0.897893714654047,3469.0335418330124,0,-1
c,active_coupling,affine,4.5,100,1.0,8057470,771,0.9135541855100657,0.999999,3423.600303509671,0,-1
c,active_coupling,affine,4.5,100,1.0,8057470,772,0.999982438108076,0.9680779969238795,3452.9499389768534,0,-1
c,active_coupling,affine,4.5,100,1.0,8057470,773,0.9998240818319812,0.9721527863594809,3461.9090220886037,0,-1
c,active_coupling,affine,4.5,100,1.0,8057470,774,0.999999,0.9999886648251433,3477.65500683911,0,-1
c,active_coupling,affine,4.5,100,1.0,8057470,775,0.999999,0.9903718292496566,3437.4693416451614,0,-1
c,active_coupling,affine,4.5,100,1.0,8057470,776,0.9099495282142375,0.999999,3483.4558088298077,0,-1
c,active_coupling,affine,4.5,100,1.0,8057470,777,0.9999740587619226,0.9992595203770094,3454.739136273255,0,-1
c,active_coupling,affine,4.5,100,1.0,8057470,778,0.9930721889158897,0.9999254139934719,3472.2146255808716,0,-1
c,active_coupling,affine,4.5,100,1.0,8057470,779,0.999999,0.999999,3446.202170482493,0,-1
c,active_coupling,affine,4.5,100,1.0,8057470,780,0.999999,0.9999083128468642,3449.7791351667775,0,-1
c,active_coupling,affine,4.5,100,1.0,8057470,781,0.9979722545204233,0.999999,3470.9432322380444,0,-1
c,active_coupling,affine,4.5,100,1.0,8057470,782,0.999999,0.999999,3459.519591604515,0,-1
c,active_coupling,affine,4.5,100,1.0,8057470,783,0.999740043821415,0.999999,3469.9759418409676,0,-1
c,active_coupling,affine,4.5,100,1.0,8057470,784,0.679953655704616,0.9961935173066894,3463.2334150993265,0,-1
c,active_coupling,affine,4.5,100,1.0,8057470,785,0.999999,0.999999,3444.8159549996076,0,-1
c,active_coupling,affine,4.5,100,1.0,8057470,786,0.9763545290897104,0.999999,3481.3742245239705,0,-1
c,active_coupling,affine,4.5,100,1.0,8057470,787,0.9999917076825813,0.9720396227146045,3460.347370641131,0,-1
c,active_coupling,affine,4.5,100,1.0,8057470,788,0.999999,0.999999,3479.617016800464,0,-1
c,active_coupling,affine,4.5,100,1.0,8057470,789,0.999999,0.999999,3465.6663880210726,0,-1
c,active_coupling,affine,4.5,100,1.0,8057470,790,0.999999,0.9999188421664104,3460.293358331504,0,-1
c,active_coupling,affine,4.5,100,1.0,8057470,791,0.999999,0.9982449760218577,3463.953487729557,0,-1
c,active_coupling,affine,4.5,100,1.0,8057470,792,0.9997862717198446,0.999966400481627,3444.259674653161,0,-1
c,active_coupling,affine,4.5,100,1.0,8057470,793,0.9999452348754843,0.781374052320288,3451.4416994538756,0,-1
c,active_coupling,affine,4.5,100,1.0,8057470,794,0.975595694373269,0.999999,3474.461873906818,0,-1
c,active_coupling,affine,4.5,100,1.0,8057470,795,0.9999259234394156,0.999999,3468.076102472236,0,-1
c,active_coupling,affine,4.5,100,1.0,8057470,796,0.9956159724989795,0.9944597849640852,3478.102145348973,0,-1
c,active_coupling,affine,4.5,100,1.0,8057470,797,0.9959833013429079,0.999999,3481.3004804342704,0,-1
c,active_coupling,affine,4.5,100,1.0,8057470,798,0.999999,0.999817003950268,3466.6704641063598,0,-1
c,active_coupling,affine,4.5,100,1.0,8057470,799,0.9728969198528511,0.9999052915823353,3471.557840652379,0,-1
c,active_coupling,affine,4.5,100,1.0,8057470,800,0.8414009962655391,0.8591328795363404,3450.784852834891,0,-1
c,active_coupling,affine,4.5,100,1.0,8057470,801,0.999999,0.999999,3477.0082392062536,0,-1
c,active_coupling,affine,4.5,100,1.0,8057470,802,0.999999,0.9996540465062469,3465.4567814690104,0,-1
c,active_coupling,affine,4.5,100,1.0,8057470,803,0.9960331084567895,0.9910572025879203,3442.1061604158986,0,-1
c,active_coupling,affine,4.5,100,1.0,8057470,804,0.9999859061639229,0.9999337505782055,3476.212029581601,0,-1
c,active_coupling,affine,4.5,100,1.0,8057470,805,0.999999,0.996730466869323,3463.855602391686,0,-1
c,active_coupling,affine,4.5,100,1.0,8057470,806,0.999999,0.9984753322722121,3406.123274750156,0,-1
c,active_coupling,affine,4.5,100,1.0,8057470,807,0.999999,0.999999,3459.4868190624825,0,-1
c,active_coupling,affine,4.5,100,1.0,8057470,808,0.9999258363289233,0.999999,3478.4048127472706,0,-1
c,active_coupling,affine,4.5,100,1.0,8057470,809,0.999999,0.999999,3441.9204065259455,0,-1
c,active_coupling,affine,4.5,100,1.0,8057470,810,0.9996347177096414,0.9999240369465234,3430.7034002597475,0,-1
c,active_coupling,affine,4.5,100,1.0,8057470,811,0.999999,0.999999,3464.539657277057,0,-1
c,active_coupling,affine,4.5,100,1.0,8057470,812,0.7556413145549707,0.999999,3448.528217697791,0,-1
c,active_coupling,affine,4.5,100,1.0,8057470,813,0.8892879002363696,0.9904278669277579,3436.9208722585004,0,-1
c,active_coupling,affine,4.5,100,1.0,8057470,814,0.999999,0.999999,3477.091756118445,0,-1
c,active_coupling,affine,4.5,100,1.0,8057470,815,0.999999,0.999999,3447.379461282387,0,-1
c,active_coupling,affine,4.5,100,1.0,8057470,816,0.9999351766235985,0.9952568548109277,3454.210853230301,0,-1
c,active_coupling,affine,4.5,100,1.0,8057470,817,0.987106672749994,0.9878346531302201,3468.3431556493497,0,-1
c,active_coupling,affine,4.5,100,1.0,8057470,818,0.999999,0.9226848210022423,3452.113133052829,0,-1
c,active_coupling,affine,4.5,100,1.0,8057470,819,0.980295401847683,0.9998573862386574,3457.405894699147,0,-1
c,active_coupling,affine,4.5,100,1.0,8057470,820,0.9997312353102807,0.999999,3473.1804358588984,0,-1
c,active_coupling,affine,4.5,100,1.0,8057470,821,0.999999,0.999999,3469.637842070575,0,-1
c,active_coupling,affine,4.5,100,1.0,8057470,822,0.9999152536280864,0.9910084153512184,3427.2430131262895,0,-1
c,active_coupling,affine,4.5,100,1.0,8057470,823,0.9970772974988521,0.9991484585031905,3431.003555136637,0,-1
c,active_coupling,affine,4.5,100,1.0,8057470,824,0.9037915823999504,0.9998792509914101,3458.395324611798,0,-1
c,active_coupling,affine,4.5,100,1.0,8057470,825,0.9959604235929557,0.9999889604960923,3471.1673278050066,0,-1
c,active_coupling,affine,4.5,100,1.0,8057470,826,0.9818140069340136,0.999999,3456.1653447785657,0,-1
c,active_coupling,affine,4.5,100,1.0,8057470,827,0.9959377340888373,0.9999246693148058,3468.612811736043,0,-1
c,active_coupling,affine,4.5,100,1.0,8057470,828,0.999999,0.9692212901812873,3451.072321241422,0,-1
c,active_coupling,affine,4.5,100,1.0,8057470,829,0.999999,0.9999716742757636,3478.9459862261633,0,-1
c,active_coupling,affine,4.5,100,1.0,8057470,830,0.9999979186213128,0.999999,3456.788444343936,0,-1
c,active_coupling,affine,4.5,100,1.0,8057470,831,0.999999,0.999999,3456.930999849238,0,-1
c,active_coupling,affine,4.5,100,1.0,8057470,832,0.9392199334504022,0.9538204801107886,3452.8223102039087,0,-1
c,active_coupling,affine,4.5,100,1.0,8057470,833,0.999999,0.9778380623370436,3484.0106098083315,0,-1
c,active_coupling,affine,4.5,100,1.0,8057470,834,0.999999,0.9982219835549123,3433.8993383362326,0,-1
c,active_coupling,affine,4.5,100,1.0,8057470,835,0.999999,0.999999,3432.6700438102057,0,-1
c,active_coupling,affine,4.5,100,1.0,8057470,836,0.999999,0.9990280537195598,3469.3365530800347,0,-1
c,active_coupling,affine,4.5,100,1.0,8057470,837,0.999999,0.748885301791358,3465.6378791535362,0,-1
c,active_coupling,affine,4.5,100,1.0,8057470,838,0.9999480437749863,0.999999,3462.7431260260164,0,-1
c,active_coupling,affine,4.5,100,1.0,8057470,839,0.9992289300258841,0.9990404813637851,3430.6779400951086,0,-1
c,active_coupling,affine,4.5,100,1.0,8057470,840,0.999999,0.9724245595243224,3454.73127889935,0,-1
c,active_coupling,affine,4.5,100,1.0,8057470,841,0.9999754298848573,0.9852596456631325,3439.150890537209,0,-1
c,active_coupling,affine,4.5,100,1.0,8057470,842,0.9998999528570981,0.9869059988408845,3434.4816434740324,0,-1
c,active_coupling,affine,4.5,100,1.0,8057470,843,0.9906413643805074,0.999999,3469.9255757269602,0,-1
c,active_coupling,affine,4.5,100,1.0,8057470,844,0.999999,0.9999183372601494,3465.0024268527236,0,-1
c,active_coupling,affine,4.5,100,1.0,8057470,845,0.999999,0.999999,3453.0491657722414,0,-1
c,active_coupling,affine,4.5,100,1.0,8057470,846,0.9997052447445616,0.999999,3444.756758984176,0,-1
c,active_coupling,affine,4.5,100,1.0,8057470,847,0.999999,0.9905738996921931,3465.345104570052,0,-1
c,active_coupling,affine,4.5,100,1.0,8057470,848,0.9999228524880936,0.9999181698361331,3482.839818947721,0,-1
c,active_coupling,affine,4.5,100,1.0,8057470,849,0.999999,0.9999488518190144,3462.434259713992,0,-1
c,active_coupling,affine,4.5,100,1.0,8057470,850,0.999999,0.9960367849174697,3474.206856923155,0,-1
c,active_coupling,affine,4.5,100,1.0,8057470,851,0.9989001277045569,0.9996969657113943,3476.6589120240465,0,-1
c,active_coupling,affine,4.5,100,1.0,8057470,852,0.9999775421179495,0.999999,3476.0632264613714,0,-1
c,active_coupling,affine,4.5,100,1.0,8057470,853,0.9960466211788254,0.9998431232392089,3474.6779549993566,0,-1
c,active_coupling,affine,4.5,100,1.0,8057470,854,0.9998158464066156,0.9579378141863161,3470.6550211872295,0,-1
c,active_coupling,affine,4.5,100,1.0,8057470,855,0.999999,0.9999324168857474,3476.0696920809573,0,-1
c,active_coupling,affine,4.5,100,1.0,8057470,856,0.999999,0.999999,3425.278650059515,0,-1
c,active_coupling,affine,4.5,100,1.0,8057470,857,0.9979471215094493,0.999999,3475.77032372453,0,-1
c,active_coupling,affine,4.5,100,1.0,8057470,858,0.999999,0.9998116326609356,3443.92240996808,0,-1
c,active_coupling,affine,4.5,100,1.0,8057470,859,0.999999,0.999999,3459.0390955032412,0,-1
c,active_coupling,affine,4.5,100,1.0,8057470,860,0.999999,0.9998510292447503,3480.041156219031,0,-1
c,active_coupling,affine,4.5,100,1.0,8057470,861,0.999999,0.9998480065811033,3471.9368592944534,0,-1
c,active_coupling,affine,4.5,100,1.0,8057470,862,0.999971103672339,0.9997098537739088,3405.9583004398855,0,-1
c,active_coupling,affine,4.5,100,1.0,8057470,863,0.999999,0.999999,3450.4027847190277,0,-1
c,active_coupling,affine,4.5,100,1.0,8057470,864,0.9995633312168658,0.999940508939973,3476.3825771614274,0,-1
c,active_coupling,affine,4.5,100,1.0,8057470,865,0.9999535810961276,0.9995069889816834,3441.9245422744375,0,-1
c,active_coupling,affine,4.5,100,1.0,8057470,866,0.999999,0.999999,3479.6189753615677,0,-1
c,active_coupling,affine,4.5,100,1.0,8057470,867,0.9952843138934185,0.999999,3485.201229850951,0,-1
c,active_coupling,affine,4.5,100,1.0,8057470,868,0.9966517985666284,0.999999,3458.343640768883,0,-1
c,active_coupling,affine,4.5,100,1.0,8057470,869,0.999999,0.999999,3464.573525051897,0,-1
c,active_coupling,affine,4.5,100,1.0,8057470,870,0.999999,0.9686596856549483,3472.8971341886277,0,-1
c,active_coupling,affine,4.5,100,1.0,8057470,871,0.999999,0.999999,3451.5182424244654,0,-1
c,active_coupling,affine,4.5,100,1.0,8057470,872,0.999999,0.9543839185186008,3454.1382010877205,0,-1
c,active_coupling,affine,4.5,100,1.0,8057470,873,0.999999,0.9117916115847995,3390.6828354290924,0,-1
c,active_coupling,affine,4.5,100,1.0,8057470,874,0.999982550686736,0.999904222542037,3482.7656530669224,0,-1
c,active_coupling,affine,4.5,100,1.0,8057470,875,0.9999773634817319,0.999999,3475.415635098226,0,-1
c,active_coupling,affine,4.5,100,1.0,8057470,876,0.999999,0.9998494086949367,3461.0386919373477,0,-1
c,active_coupling,affine,4.5,100,1.0,8057470,877,0.999999,0.9979598346121812,3463.8198040159505,0,-1
c,active_coupling,affine,4.5,100,1.0,8057470,878,0.9257264056091344,0.9997090030801967,3480.542971237046,0,-1
c,active_coupling,affine,4.5,100,1.0,8057470,879,0.999999,0.9996973404294554,3446.8419007896928,0,-1
c,active_coupling,affine,4.5,100,1.0,8057470,880,0.999906057832774,0.9996463825083841,3460.434339596709,0,-1
c,active_coupling,affine,4.5,100,1.0,8057470,881,0.967841012127791,0.9997815914417384,3479.9986303343717,0,-1
c,active_coupling,affine,4.5,100,1.0,8057470,882,0.9978963270442631,0.999999,3454.64159775864,0,-1
c,active_coupling,affine,4.5,100,1.0,8057470,883,0.999999,0.999999,3464.8062023024963,0,-1
c,active_coupling,affine,4.5,100,1.0,8057470,884,0.999999,0.9356656790350912,3456.582925226158,0,-1
c,active_coupling,affine,4.5,100,1.0,8057470,885,0.9996587019756258,0.9999522807045006,3471.7156383629454,0,-1
c,active_coupling,affine,4.5,100,1.0,8057470,886,0.9999212663134514,0.999999,3461.5020295500103,0,-1
c,active_coupling,affine,4.5,100,1.0,8057470,887,0.999994660829034,0.9947206561040481,3472.712248679526,0,-1
c,active_coupling,affine,4.5,100,1.0,8057470,888,0.999999,0.999989135031978,3490.563303428006,0,-1
c,active_coupling,affine,4.5,100,1.0,8057470,889,0.9975419206089138,0.999999,3478.759039524875,0,-1
c,active_coupling,affine,4.5,100,1.0,8057470,890,0.9999489587878941,0.8705618947366633,3475.258712551997,0,-1
c,active_coupling,affine,4.5,100,1.0,8057470,891,0.984822999345682,0.9028169975195639,3467.8069512750667,0,-1
c,active_coupling,affine,4.5,100,1.0,8057470,892,0.999999,0.9996822158447426,3461.477140740595,0,-1
c,active_coupling,affine,4.5,100,1.0,8057470,893,0.9981454578469339,0.999999,3440.661389900542,0,-1
c,active_coupling,affine,4.5,100,1.0,8057470,894,0.9997533929444588,0.9976824143827121,3457.151871626667,0,-1
c,active_coupling,affine,4.5,100,1.0,8057470,895,0.9833148783680932,0.9990567800705268,3480.2183586476644,0,-1
c,active_coupling,affine,4.5,100,1.0,8057470,896,0.999999,0.9996160330730502,3458.4116218929767,0,-1
c,active_coupling,affine,4.5,100,1.0,8057470,897,0.999999,0.999999,3454.7143397757245,0,-1
c,active_coupling,affine,4.5,100,1.0,8057470,898,0.9691005294173451,0.9998931570875585,3473.3048976366695,0,-1
c,active_coupling,affine,4.5,100,1.0,8057470,899,0.9986763796599439,0.9998834122463583,3437.530984426657,0,-1
c,active_coupling,affine,4.5,100,1.0,8057470,900,0.999999,0.999999,3418.066593599902,0,-1
c,active_coupling,affine,4.5,100,1.0,8057470,901,0.999999,0.9999437253571072,3477.2749889413476,0,-1
c,active_coupling,affine,4.5,100,1.0,8057470,902,0.9350489090025704,0.9962672316791609,3435.7697542594487,0,-1
c,active_coupling,affine,4.5,100,1.0,8057470,903,0.9982179483960516,0.9998841789285966,3457.7748342009163,0,-1
c,active_coupling,affine,4.5,100,1.0,8057470,904,0.977803640844337,0.999999,3471.015016948772,0,-1
c,active_coupling,affine,4.5,100,1.0,8057470,905,0.999999,0.9626893320016046,3477.3832516621824,0,-1
c,active_coupling,affine,4.5,100,1.0,8057470,906,0.9399313265124839,0.996564721477528,3434.9920863829675,0,-1
c,active_coupling,affine,4.5,100,1.0,8057470,907,0.999999,0.9997708160008437,3467.643141185508,0,-1
c,active_coupling,affine,4.5,100,1.0,8057470,908,0.9506184192096641,0.9965868571427084,3464.2189225022717,0,-1
c,active_coupling,affine,4.5,100,1.0,8057470,909,0.999999,0.9755699849899493,3442.8534311359936,0,-1
c,active_coupling,affine,4.5,100,1.0,8057470,910,0.9997864568842256,0.9998256201068161,3475.9348676841423,0,-1
c,active_coupling,affine,4.5,100,1.0,8057470,911,0.9974909773015588,0.994030353273271,3477.3244682242284,0,-1
c,active_coupling,affine,4.5,100,1.0,8057470,912,0.9996993539828817,0.999999,3471.912709529698,0,-1
c,active_coupling,affine,4.5,100,1.0,8057470,913,0.9957055428882027,0.9991210851981691,3447.386876493527,0,-1
c,active_coupling,affine,4.5,100,1.0,8057470,914,0.9998949420458246,0.9998256712105748,3429.022858827736,0,-1
c,active_coupling,affine,4.5,100,1.0,8057470,915,0.9983722486354221,0.998538286172294,3439.4101172303126,0,-1
c,active_coupling,affine,4.5,100,1.0,8057470,916,0.999999,0.9812075936665279,3478.352233348667,0,-1
c,active_coupling,affine,4.5,100,1.0,8057470,917,0.999999,0.9998141567133025,3478.3280963708166,0,-1
c,active_coupling,affine,4.5,100,1.0,8057470,918,0.999999,0.999999,3437.4731811134834,0,-1
c,active_coupling,affine,4.5,100,1.0,8057470,919,0.9963021150578262,0.9998945085313655,3427.164965763182,0,-1
c,active_coupling,affine,4.5,100,1.0,8057470,920,0.999999,0.9956735564294722,3464.336654913697,0,-1
c,active_coupling,affine,4.5,100,1.0,8057470,921,0.9998855775939564,0.999999,3455.804363069341,0,-1
c,active_coupling,affine,4.5,100,1.0,8057470,922,0.999999,0.9972654466231221,3484.7294232873155,0,-1
c,active_coupling,affine,4.5,100,1.0,8057470,923,0.9967678117972694,0.9936804825964042,3446.5166875511873,0,-1
c,active_coupling,affine,4.5,100,1.0,8057470,924,0.9997326575453147,0.999999,3434.695003217402,0,-1
c,active_coupling,affine,4.5,100,1.0,8057470,925,0.999999,0.9374620472344726,3450.2378730835962,0,-1
c,active_coupling,affine,4.5,100,1.0,8057470,926,0.999999,0.999999,3475.7760100293585,0,-1
c,active_coupling,affine,4.5,100,1.0,8057470,927,0.9963661504787883,0.999999,3418.3934692795297,0,-1
c,active_coupling,affine,4.5,100,1.0,8057470,928,0.999999,0.999999,3476.0740305688755,0,-1
c,active_coupling,affine,4.5,100,1.0,8057470,929,0.9025726644532717,0.873047568335879,3473.4684560649775,0,-1
c,active_coupling,affine,4.5,100,1.0,8057470,930,0.9998986025648765,0.9994092373073974,3434.700143476722,0,-1
c,active_coupling,affine,4.5,100,1.0,8057470,931,0.9978232064004243,0.9870148742051941,3451.72137779988,0,-1
c,active_coupling,affine,4.5,100,1.0,8057470,932,0.9997216702258603,0.999999,3473.8966371071238,0,-1
c,active_coupling,affine,4.5,100,1.0,8057470,933,0.999999,0.999985844105873,3479.07158445687,0,-1
c,active_coupling,affine,4.5,100,1.0,8057470,934,0.9947987241326591,0.9938228953290769,3449.806772273615,0,-1
c,active_coupling,affine,4.5,100,1.0,8057470,935,0.9993143586989088,0.8210522037088166,3471.285115378845,0,-1
c,active_coupling,affine,4.5,100,1.0,8057470,936,0.999999,0.9831960263758217,3431.134061991962,0,-1
c,active_coupling,affine,4.5,100,1.0,8057470,937,0.989527154766356,0.999999,3426.7469985762036,0,-1
c,active_coupling,affine,4.5,100,1.0,8057470,938,0.999999,0.9997025477537809,3483.2091777057803,0,-1
c,active_coupling,affine,4.5,100,1.0,8057470,939,0.9120742039972207,0.9971775737947093,3476.9206590169115,0,-1
c,active_coupling,affine,4.5,100,1.0,8057470,940,0.9818992511863649,0.9999752070004868,3472.285322102957,0,-1
c,active_coupling,affine,4.5,100,1.0,8057470,941,0.999999,0.999999,3484.6580412245185,0,-1
c,active_coupling,affine,4.5,100,1.0,8057470,942,0.999999,0.9998817150353632,3458.8926158365084,0,-1
c,active_coupling,affine,4.5,100,1.0,8057470,943,0.999999,0.9857952777344551,3466.534829236172,0,-1
c,active_coupling,affine,4.5,100,1.0,8057470,944,0.999999,0.9358998451005033,3317.36930050828,0,-1
c,active_coupling,affine,4.5,100,1.0,8057470,945,0.999999,0.9918346903536419,3469.8023530903374,0,-1
c,active_coupling,affine,4.5,100,1.0,8057470,946,0.9996305459035271,0.9830014178919205,3476.2869208464613,0,-1
c,active_coupling,affine,4.5,100,1.0,8057470,947,0.9998804643892563,0.9997063485241072,3449.416162011882,0,-1
c,active_coupling,affine,4.5,100,1.0,8057470,948,0.999999,0.999999,3393.04409707338,0,-1
c,active_coupling,affine,4.5,100,1.0,8057470,949,0.9999936603792416,0.9884448323918058,3482.989031034172,0,-1
c,active_coupling,affine,4.5,100,1.0,8057470,950,0.999999,0.9972813314338896,3475.3952332101157,0,-1
c,active_coupling,affine,4.5,100,1.0,8057470,951,0.9990722491350429,0.999999,3479.0646077535553,0,-1
c,active_coupling,affine,4.5,100,1.0,8057470,952,0.902841912874768,0.9638949382146303,3465.5551450514486,0,-1
c,active_coupling,affine,4.5,100,1.0,8057470,953,0.9986478963311783,0.9981534349524355,3485.097462334987,0,-1
c,active_coupling,affine,4.5,100,1.0,8057470,954,0.9997321091557909,0.9992024351603414,3468.529494565601,0,-1
c,active_coupling,affine,4.5,100,1.0,8057470,955,0.8323158000447911,0.9493742755913669,3473.644899075835,0,-1
c,active_coupling,affine,4.5,100,1.0,8057470,956,0.9974890703647588,0.9245500777961344,3469.0815770393865,0,-1
c,active_coupling,affine,4.5,100,1.0,8057470,957,0.999999,0.9809177158764665,3474.3588310537857,0,-1
c,active_coupling,affine,4.5,100,1.0,8057470,958,0.9999400913730419,0.9995402304708194,3470.4166863904834,0,-1
c,active_coupling,affine,4.5,100,1.0,8057470,959,0.04195036214699946,0.9997518123172685,3481.01269365958,0,-1
c,active_coupling,affine,4.5,100,1.0,8057470,960,0.999999,0.999999,3481.068542471093,0,-1
c,active_coupling,affine,4.5,100,1.0,8057470,961,0.9944706460014027,0.9798646711477949,3458.1724862753103,0,-1
c,active_coupling,affine,4.5,100,1.0,8057470,962,0.999999,0.9959860939110423,3449.095980706394,0,-1
c,active_coupling,affine,4.5,100,1.0,8057470,963,0.9714751217954407,0.999999,3417.565396469057,0,-1
c,active_coupling,affine,4.5,100,1.0,8057470,964,0.9999968209355379,0.9712049757812229,3443.124316910222,0,-1
c,active_coupling,affine,4.5,100,1.0,8057470,965,0.9999320251309325,0.999999,3468.3867045514153,0,-1
c,active_coupling,affine,4.5,100,1.0,8057470,966,0.9975943687450064,0.9266455087925947,3474.704484413165,0,-1
c,active_coupling,affine,4.5,100,1.0,8057470,967,0.9924517199449449,0.9968353267704667,3467.8405756122265,0,-1
c,active_coupling,affine,4.5,100,1.0,8057470,968,0.9996539246361396,0.9999442278557538,3435.5093485922625,0,-1
c,active_coupling,affine,4.5,100,1.0,8057470,969,0.9940901067992872,0.999999,3448.822717251625,0,-1
c,active_coupling,affine,4.5,100,1.0,8057470,970,0.9968338687502262,0.9973844351930754,3475.0877801290812,0,-1
c,active_coupling,affine,4.5,100,1.0,8057470,971,0.999808464921973,0.999999,3439.8478486154927,0,-1
c,active_coupling,affine,4.5,100,1.0,8057470,972,0.9999803045653143,0.9987659482904176,3461.7609012219814,0,-1
c,active_coupling,affine,4.5,100,1.0,8057470,973,0.999999,0.9997594638354967,3464.3516803118437,0,-1
c,active_coupling,affine,4.5,100,1.0,8057470,974,0.9986691447449608,0.9963375418978043,3469.491374770444,0,-1
c,active_coupling,affine,4.5,100,1.0,8057470,975,0.999999,0.999999,3476.8067199438638,0,-1
c,active_coupling,affine,4.5,100,1.0,8057470,976,0.999999,0.999908487086047,3458.0777699634523,0,-1
c,active_coupling,affine,4.5,100,1.0,8057470,977,0.999999,0.999999,3445.374028409181,0,-1
c,active_coupling,affine,4.5,100,1.0,8057470,978,0.999999,0.999999,3479.5221317006162,0,-1
c,active_coupling,affine,4.5,100,1.0,8057470,979,0.999999,0.999999,3477.4324864453038,0,-1
c,active_coupling,affine,4.5,100,1.0,8057470,980,0.9990018687160489,0.9999517087383389,3474.014034617672,0,-1
c,active_coupling,affine,4.5,100,1.0,8057470,981,0.9990366044874737,0.999999,3475.486713145266,0,-1
c,active_coupling,affine,4.5,100,1.0,8057470,982,0.9999579061550681,0.8360089847857206,3455.1139409594425,0,-1
c,active_coupling,affine,4.5,100,1.0,8057470,983,0.999999,0.9999440490937325,3474.7465651267007,0,-1
c,active_coupling,affine,4.5,100,1.0,8057470,984,0.9999285016521405,0.9998326347326756,3462.654740419347,0,-1
c,active_coupling,affine,4.5,100,1.0,8057470,985,0.9998787937856961,0.999999,3473.965854834308,0,-1
c,active_coupling,affine,4.5,100,1.0,8057470,986,0.9972379475783695,0.999999,3455.6833207956656,0,-1
c,active_coupling,affine,4.5,100,1.0,8057470,987,0.9644659385115832,0.9999126455566709,3454.940328332981,0,-1
c,active_coupling,affine,4.5,100,1.0,8057470,988,0.999999,0.5902714154274143,3406.0521100934407,0,-1
c,active_coupling,affine,4.5,100,1.0,8057470,989,0.9999438640518217,0.9994201251024398,3477.4428038710726,0,-1
c,active_coupling,affine,4.5,100,1.0,8057470,990,0.9988006308935453,0.9990908993747161,3472.0024589993122,0,-1
c,active_coupling,affine,4.5,100,1.0,8057470,991,0.9995110641451167,0.999920643283075,3445.728377106754,0,-1
c,active_coupling,affine,4.5,100,1.0,8057470,992,0.999999,0.999999,3468.020648362542,0,-1
c,active_coupling,affine,4.5,100,1.0,8057470,993,0.999999,0.9999683909868259,3474.1454912383856,0,-1
c,active_coupling,affine,4.5,100,1.0,8057470,994,0.8587907119400432,0.9996140472246539,3452.0086249994392,0,-1
c,active_coupling,affine,4.5,100,1.0,8057470,995,0.9998387551388455,0.9998178569033177,3462.91508372356,0,-1
c,active_coupling,affine,4.5,100,1.0,8057470,996,0.9999825944172354,0.9981454504960922,3472.6388501418446,0,-1
c,active_coupling,affine,4.5,100,1.0,8057470,997,0.9913040023062429,0.9939304751828393,3462.454494647787,0,-1
c,active_coupling,affine,4.5,100,1.0,8057470,998,0.8685861422699452,0.9998679756082843,3442.5653512975555,0,-1
c,active_coupling,affine,4.5,100,1.0,8057470,999,0.999999,0.999999,3469.5831177701953,0,-1
c,active_coupling,affine,5.0,100,1.0,9057473,0,0.999999,0.9998697164241638,3486.933461077207,0,-1
c,active_coupling,affine,5.0,100,1.0,9057473,1,0.985229752291537,0.999999,3470.779874482909,0,-1
c,active_coupling,affine,5.0,100,1.0,9057473,2,0.999999,0.999999,3461.7714273870993,0,-1
c,active_coupling,affine,5.0,100,1.0,9057473,3,0.6224303479407449,0.999999,3465.979930667181,0,-1
c,active_coupling,affine,5.0,100,1.0,9057473,4,0.9999919247773019,0.9958932467993672,3412.375802372323,0,-1
c,active_coupling,affine,5.0,100,1.0,9057473,5,0.9999682780003059,0.999999,3477.292139977847,0,-1
c,active_coupling,affine,5.0,100,1.0,9057473,6,0.999999,0.999999,3470.8098991912193,0,-1
c,active_coupling,affine,5.0,100,1.0,9057473,7,0.9996859178693769,0.9976409893650525,3459.729318302465,0,-1
c,active_coupling,affine,5.0,100,1.0,9057473,8,0.9999889725362636,0.9384600964422392,3464.2139725961815,0,-1
c,active_coupling,affine,5.0,100,1.0,9057473,9,0.9999921375472296,0.999999,3465.0307401146974,0,-1
c,active_coupling,affine,5.0,100,1.0,9057473,10,0.999999,0.999999,3452.217442256068,0,-1
c,active_coupling,affine,5.0,100,1.0,9057473,11,0.999999,0.9999201279654787,3474.1431060168434,0,-1
c,active_coupling,affine,5.0,100,1.0,9057473,12,0.9624055008159879,0.9852159719143881,3475.8923731119144,0,-1
c,active_coupling,affine,5.0,100,1.0,9057473,13,0.9988442910053518,0.999999,3473.764692946635,0,-1
c,active_coupling,affine,5.0,100,1.0,9057473,14,0.9285971048324271,0.996703030759603,3462.232546224124,0,-1
c,active_coupling,affine,5.0,100,1.0,9057473,15,0.999999,0.999999,3481.375309617151,0,-1
c,active_coupling,affine,5.0,100,1.0,9057473,16,0.9999412685310118,0.999999,3462.7104939621468,0,-1
c,active_coupling,affine,5.0,100,1.0,9057473,17,0.999999,0.9854002522238107,3472.565762126445,0,-1
c,active_coupling,affine,5.0,100,1.0,9057473,18,0.999999,0.9998994585540348,3466.8401832888635,0,-1
c,active_coupling,affine,5.0,100,1.0,9057473,19,0.9641975923201171,0.9893638216341648,3458.605482524908,0,-1
c,active_coupling,affine,5.0,100,1.0,9057473,20,0.999999,0.999999,3464.3471136083176,0,-1
c,active_coupling,affine,5.0,100,1.0,9057473,21,0.9996588166967132,0.999999,3484.0356771373104,0,-1
c,active_coupling,affine,5.0,100,1.0,9057473,22,0.999999,0.9608976925862992,3473.2700921319133,0,-1
c,active_coupling,affine,5.0,100,1.0,9057473,23,0.999999,0.9998860921486109,3464.3392317328653,0,-1
c,active_coupling,affine,5.0,100,1.0,9057473,24,0.999999,0.9998828160296519,3479.4095297909967,0,-1
c,active_coupling,affine,5.0,100,1.0,9057473,25,0.999999,0.999999,3456.8175481746644,0,-1
c,active_coupling,affine,5.0,100,1.0,9057473,26,0.999999,0.999999,3468.330292917778,0,-1
c,active_coupling,affine,5.0,100,1.0,9057473,27,0.6907036258036885,0.9998887619513973,3469.9279862633007,0,-1
c,active_coupling,affine,5.0,100,1.0,9057473,28,0.9951347176441523,0.999999,3466.3310153463617,0,-1
c,active_coupling,affine,5.0,100,1.0,9057473,29,0.9999617048724424,0.999999,3469.5396035649455,0,-1
c,active_coupling,affine,5.0,100,1.0,9057473,30,0.5253710744274028,0.999999,3478.9668410958107,0,-1
c,active_coupling,affine,5.0,100,1.0,9057473,31,0.999999,0.9991608616406626,3469.925220128991,0,-1
c,active_coupling,affine,5.0,100,1.0,9057473,32,0.9997377689996033,0.8946440485081091,3443.7174099119834,0,-1
c,active_coupling,affine,5.0,100,1.0,9057473,33,0.9998673560381849,0.999999,3432.1958845570543,0,-1
c,active_coupling,affine,5.0,100,1.0,9057473,34,0.999284907907383,0.999999,3472.586153150212,0,-1
c,active_coupling,affine,5.0,100,1.0,9057473,35,0.999999,0.9992227665216414,3471.105663538114,0,-1
c,active_coupling,affine,5.0,100,1.0,9057473,36,0.9999834378462781,0.999999,3483.6455079280086,0,-1
c,active_coupling,affine,5.0,100,1.0,9057473,37,0.999999,0.999999,3434.0355632552123,0,-1
c,active_coupling,affine,5.0,100,1.0,9057473,38,0.999999,0.999999,3445.5281811899627,0,-1
c,active_coupling,affine,5.0,100,1.0,9057473,39,0.8347283752114717,0.999999,3449.912658692539,0,-1
c,active_coupling,affine,5.0,100,1.0,9057473,40,0.999999,0.999852315195536,3458.607704575966,0,-1
c,active_coupling,affine,5.0,100,1.0,9057473,41,0.999999,0.8801986797841344,3470.660771298879,0,-1
c,active_coupling,affine,5.0,100,1.0,9057473,42,0.9999727312248208,0.9967076979840164,3451.858316441093,0,-1
c,active_coupling,affine,5.0,100,1.0,9057473,43,0.999999,0.999999,3457.2684278661372,0,-1
c,active_coupling,affine,5.0,100,1.0,9057473,44,0.9972759903920579,0.9999162894274701,3474.2204421387655,0,-1
c,active_coupling,affine,5.0,100,1.0,9057473,45,0.999860613236571,0.9913269775463914,3453.620005814365,0,-1
c,active_coupling,affine,5.0,100,1.0,9057473,46,0.89781283312109,0.7328794896916702,3449.0521131221076,0,-1
c,active_coupling,affine,5.0,100,1.0,9057473,47,0.8661556093190554,0.999999,3461.818255895917,0,-1
c,active_coupling,affine,5.0,100,1.0,9057473,48,0.9750867494365871,0.999999,3470.2373878181484,0,-1
c,active_coupling,affine,5.0,100,1.0,9057473,49,0.999999,0.9992637555347831,3470.278158611283,0,-1
c,active_coupling,affine,5.0,100,1.0,9057473,50,0.9982756149843945,0.9997227915530664,3481.689302808895,0,-1
c,active_coupling,affine,5.0,100,1.0,9057473,51,0.999999,0.9885410202186456,3474.718589150718,0,-1
c,active_coupling,affine,5.0,100,1.0,9057473,52,0.9996172766198306,0.999999,3470.343976343399,0,-1
c,active_coupling,affine,5.0,100,1.0,9057473,53,0.999999,0.9997589353672551,3446.1427464484514,0,-1
c,active_coupling,affine,5.0,100,1.0,9057473,54,0.9999977802800931,0.999999,3395.067297720121,0,-1
c,active_coupling,affine,5.0,100,1.0,9057473,55,0.999999,0.999999,3465.9129604189693,0,-1
c,active_coupling,affine,5.0,100,1.0,9057473,56,0.999999,0.999999,3472.58871612073,0,-1
c,active_coupling,affine,5.0,100,1.0,9057473,57,0.9990412993007016,0.999999,3459.8109138892596,0,-1
c,active_coupling,affine,5.0,100,1.0,9057473,58,0.9895589383303611,0.9992069088626204,3464.762120795515,0,-1
c,active_coupling,affine,5.0,100,1.0,9057473,59,0.9914432689913762,0.9996448565580249,3477.0051925939997,0,-1
c,active_coupling,affine,5.0,100,1.0,9057473,60,0.999989934579359,0.9695218309516755,3450.8380051926365,0,-1
c,active_coupling,affine,5.0,100,1.0,9057473,61,0.9992115156835248,0.999999,3454.254045540421,0,-1
c,active_coupling,affine,5.0,100,1.0,9057473,62,0.9998195915990117,0.999999,3476.5543302744177,0,-1
c,active_coupling,affine,5.0,100,1.0,9057473,63,0.9998521205026142,0.999999,3471.1271405369484,0,-1
c,active_coupling,affine,5.0,100,1.0,9057473,64,0.999999,0.9985332473619151,3471.900050823691,0,-1
c,active_coupling,affine,5.0,100,1.0,9057473,65,0.8673366391650177,0.9986860386742109,3438.206251814971,0,-1
c,active_coupling,affine,5.0,100,1.0,9057473,66,0.999999,0.9999733877090127,3464.17264665079,0,-1
c,active_coupling,affine,5.0,100,1.0,9057473,67,0.9886311687411805,0.9983568771034823,3466.7428248659785,0,-1
c,active_coupling,affine,5.0,100,1.0,9057473,68,0.997605552851862,0.996436282876367,3482.747992212547,0,-1
c,active_coupling,affine,5.0,100,1.0,9057473,69,0.999999,0.999999,3482.0731501506057,0,-1
c,active_coupling,affine,5.0,100,1.0,9057473,70,0.9956615842671759,0.8082159614585303,3418.083021414384,0,-1
c,active_coupling,affine,5.0,100,1.0,9057473,71,0.999999,0.9999342792502647,3463.8125547806017,0,-1
c,active_coupling,affine,5.0,100,1.0,9057473,72,0.8636747650718797,0.9836918444180951,3475.561764529269,0,-1
c,active_coupling,affine,5.0,100,1.0,9057473,73,0.999999,0.999999,3440.517132884169,0,-1
c,active_coupling,affine,5.0,100,1.0,9057473,74,0.9861630430930332,0.9620718451935918,3453.7297387522976,0,-1
c,active_coupling,affine,5.0,100,1.0,9057473,75,0.999999,0.9993739766680495,3446.622624879861,0,-1
c,active_coupling,affine,5.0,100,1.0,9057473,76,0.9555217748554433,0.999999,3425.686092232269,0,-1
c,active_coupling,affine,5.0,100,1.0,9057473,77,0.8121499860213844,0.9373088243988952,3474.6188028883134,0,-1
c,active_coupling,affine,5.0,100,1.0,9057473,78,0.9977430986396503,0.8307970555373942,3467.5030382498753,0,-1
c,active_coupling,affine,5.0,100,1.0,9057473,79,0.9997736307676963,0.999999,3446.907030044143,0,-1
c,active_coupling,affine,5.0,100,1.0,9057473,80,0.999999,0.9993294138606945,3353.274951729654,0,-1
c,active_coupling,affine,5.0,100,1.0,9057473,81,0.999999,0.9999622940386101,3461.7574889814305,0,-1
c,active_coupling,affine,5.0,100,1.0,9057473,82,0.999999,0.994072494677785,3480.524845949272,0,-1
c,active_coupling,affine,5.0,100,1.0,9057473,83,0.999999,0.999999,3457.5398542389476,0,-1
c,active_coupling,affine,5.0,100,1.0,9057473,84,0.999999,0.9998693835144373,3461.1060597143182,0,-1
c,active_coupling,affine,5.0,100,1.0,9057473,85,0.9997961284464324,0.9998807963778238,3454.796733021649,0,-1
c,active_coupling,affine,5.0,100,1.0,9057473,86,0.9998591689706842,0.9996956875836923,3423.202248825882,0,-1
c,active_coupling,affine,5.0,100,1.0,9057473,87,0.999761072145243,0.9998962521577487,3480.239533551859,0,-1
c,active_coupling,affine,5.0,100,1.0,9057473,88,0.9999493543745456,0.9999552690680308,3475.1978742627684,0,-1
c,active_coupling,affine,5.0,100,1.0,9057473,89,0.99997667199258,0.999999,3474.8533249624506,0,-1
c,active_coupling,affine,5.0,100,1.0,9057473,90,0.9284650336658034,0.9986384024358673,3432.331180207501,0,-1
c,active_coupling,affine,5.0,100,1.0,9057473,91,0.9902962579625371,0.9946078228533267,3447.572637428426,0,-1
c,active_coupling,affine,5.0,100,1.0,9057473,92,0.999999,0.9998097331591547,3468.2474737474295,0,-1
c,active_coupling,affine,5.0,100,1.0,9057473,93,0.9980943430308478,0.9997048695462063,3477.2970270193764,0,-1
c,active_coupling,affine,5.0,100,1.0,9057473,94,0.999999,0.999999,3475.7400759072407,0,-1
c,active_coupling,affine,5.0,100,1.0,9057473,95,0.9892629450331708,0.9996702043565343,3471.2851209661308,0,-1
c,active_coupling,affine,5.0,100,1.0,9057473,96,0.999999,0.999999,3471.243069585394,0,-1
c,active_coupling,affine,5.0,100,1.0,9057473,97,0.9997827151154919,0.999999,3470.491573720968,0,-1
c,active_coupling,affine,5.0,100,1.0,9057473,98,0.9998025144441368,0.999999,3473.058732209006,0,-1
c,active_coupling,affine,5.0,100,1.0,9057473,99,0.9999519217205087,0.9936241230492779,3477.430439144515,0,-1
c,active_coupling,affine,5.0,100,1.0,9057473,100,0.9954403159609504,0.999999,3463.32649474468,0,-1
c,active_coupling,affine,5.0,100,1.0,9057473,101,0.9999570962264798,0.999999,3476.37779853494,0,-1
c,active_coupling,affine,5.0,100,1.0,9057473,102,0.9997950405948369,0.9999778160241463,3438.0732184913286,0,-1
c,active_coupling,affine,5.0,100,1.0,9057473,103,0.9998819602177479,0.999999,3469.7566749026564,0,-1
c,active_coupling,affine,5.0,100,1.0,9057473,104,0.639085154116241,0.999999,3450.71653832416,0,-1
c,active_coupling,affine,5.0,100,1.0,9057473,105,0.9979312661638916,0.8646635351360604,3466.973849877363,0,-1
c,active_coupling,affine,5.0,100,1.0,9057473,106,0.99438700939406,0.9997174008321685,3473.3946304927567,0,-1
c,active_coupling,affine,5.0,100,1.0,9057473,107,0.999999,0.9998649835909281,3472.8362526217693,0,-1
c,active_coupling,affine,5.0,100,1.0,9057473,108,0.9801126061551371,0.999999,3453.0854203164026,0,-1
c,active_coupling,affine,5.0,100,1.0,9057473,109,0.9988190457288543,0.9995502207532441,3473.562754904223,0,-1
c,active_coupling,affine,5.0,100,1.0,9057473,110,0.999999,0.999999,3440.812806546289,0,-1
c,active_coupling,affine,5.0,100,1.0,9057473,111,0.9999934926140519,0.999999,3480.134644522802,0,-1
c,active_coupling,affine,5.0,100,1.0,9057473,112,0.9999491433998489,0.99999239570178,3465.5522504219834,0,-1
c,active_coupling,affine,5.0,100,1.0,9057473,113,0.999999,0.999792914760973,3457.8694814120868,0,-1
c,active_coupling,affine,5.0,100,1.0,9057473,114,0.9964141070289623,0.9998908612473862,3469.8600263791336,0,-1
c,active_coupling,affine,5.0,100,1.0,9057473,115,0.999999,0.9998340860414909,3469.758541780162,0,-1
c,active_coupling,affine,5.0,100,1.0,9057473,116,0.999652262229338,0.999999,3447.4131664272327,0,-1
c,active_coupling,affine,5.0,100,1.0,9057473,117,0.9819866816217955,0.9825660407667237,3479.260785788934,0,-1
c,active_coupling,affine,5.0,100,1.0,9057473,118,0.999999,0.999997897795653,3482.3456093161954,0,-1
c,active_coupling,affine,5.0,100,1.0,9057473,119,0.999999,0.999945499956255,3463.019829108944,0,-1
c,active_coupling,affine,5.0,100,1.0,9057473,120,0.9796732963769438,0.9889699904326087,3462.1051003355037,0,-1
c,active_coupling,affine,5.0,100,1.0,9057473,121,0.9416189762013496,0.9758419219774104,3333.9125240107423,0,-1
c,active_coupling,affine,5.0,100,1.0,9057473,122,0.9996677703880492,0.999999,3453.349253038234,0,-1
c,active_coupling,affine,5.0,100,1.0,9057473,123,0.999999,0.36090771251342135,3456.6251828499426,0,-1
c,active_coupling,affine,5.0,100,1.0,9057473,124,0.9999794174083425,0.9986271547566223,3470.7788990971085,0,-1
c,active_coupling,affine,5.0,100,1.0,9057473,125,0.999999,0.999999,3472.5954137104536,0,-1
c,active_coupling,affine,5.0,100,1.0,9057473,126,0.999999,0.9957293159002498,3438.7433388081404,0,-1
c,active_coupling,affine,5.0,100,1.0,9057473,127,0.999999,0.999999,3479.6313979243923,0,-1
c,active_coupling,affine,5.0,100,1.0,9057473,128,0.8631282175796294,0.9760791499437818,3461.2158024223304,0,-1
c,active_coupling,affine,5.0,100,1.0,9057473,129,0.999999,0.9996916748285367,3453.0306095083943,0,-1
c,active_coupling,affine,5.0,100,1.0,9057473,130,0.999999,0.9981428489396599,3476.86214965155,0,-1
c,active_coupling,affine,5.0,100,1.0,9057473,131,0.999999,0.9998280870073597,3474.2689362162196,0,-1
c,active_coupling,affine,5.0,100,1.0,9057473,132,0.9896404525851208,0.9998685354334977,3462.548178776802,0,-1
c,active_coupling,affine,5.0,100,1.0,9057473,133,0.998382744609125,0.999999,3463.4323356161585,0,-1
c,active_coupling,affine,5.0,100,1.0,9057473,134,0.999999,0.999999,3472.7664192830284,0,-1
c,active_coupling,affine,5.0,100,1.0,9057473,135,0.999999,0.9259157574058339,3447.3468648544736,0,-1
c,active_coupling,affine,5.0,100,1.0,9057473,136,0.999999,0.9994579976389688,3470.6266765921423,0,-1
c,active_coupling,affine,5.0,100,1.0,9057473,137,0.999999,0.999999,3343.891466621427,0,-1
c,active_coupling,affine,5.0,100,1.0,9057473,138,0.9955371496582825,0.9999008706771568,3439.5242201398455,0,-1
c,active_coupling,affine,5.0,100,1.0,9057473,139,0.999999,0.9890953717522024,3471.9994809584364,0,-1
c,active_coupling,affine,5.0,100,1.0,9057473,140,0.999999,0.999999,3469.3444082683122,0,-1
c,active_coupling,affine,5.0,100,1.0,9057473,141,0.9998221803258595,0.999999,3454.034823801499,0,-1
c,active_coupling,affine,5.0,100,1.0,9057473,142,0.999999,0.9998770032951111,3473.200791025331,0,-1
c,active_coupling,affine,5.0,100,1.0,9057473,143,0.9965794327440507,0.999999,3471.6835830037644,0,-1
c,active_coupling,affine,5.0,100,1.0,9057473,144,0.7776261918919163,0.9948752514757604,3470.426231322648,0,-1
c,active_coupling,affine,5.0,100,1.0,9057473,145,0.999999,0.999999,3467.0564898149523,0,-1
c,active_coupling,affine,5.0,100,1.0,9057473,146,0.999999,0.999999,3459.8084088812925,0,-1
c,active_coupling,affine,5.0,100,1.0,9057473,147,0.9880583357266518,0.999999,3421.128921202613,0,-1
c,active_coupling,affine,5.0,100,1.0,9057473,148,0.999999,0.999999,3431.1272989730273,0,-1
c,active_coupling,affine,5.0,100,1.0,9057473,149,0.999999,0.8200094612101335,3423.449734918872,0,-1
c,active_coupling,affine,5.0,100,1.0,9057473,150,0.8384616364560785,0.9999529607792292,3406.7819398292954,0,-1
c,active_coupling,affine,5.0,100,1.0,9057473,151,0.999999,0.8597595099274176,3389.941473422575,0,-1
c,active_coupling,affine,5.0,100,1.0,9057473,152,0.999999,0.9999294632966814,3436.1223208033325,0,-1
c,active_coupling,affine,5.0,100,1.0,9057473,153,0.9986367660845158,0.999999,3465.5045013359945,0,-1
c,active_coupling,affine,5.0,100,1.0,9057473,154,0.9853170463379952,0.999999,3460.262872703467,0,-1
c,active_coupling,affine,5.0,100,1.0,9057473,155,0.999999,0.8849019734666519,3448.4701265964986,0,-1
c,active_coupling,affine,5.0,100,1.0,9057473,156,0.999826942234647,0.999999,3471.912191460474,0,-1
c,active_coupling,affine,5.0,100,1.0,9057473,157,0.9524040432354287,0.9999630898078613,3472.8241920642754,0,-1
c,active_coupling,affine,5.0,100,1.0,9057473,158,0.999986058306274,0.8645253564015858,3441.2804886364947,0,-1
c,active_coupling,affine,5.0,100,1.0,9057473,159,0.8971179363135753,0.9997470434534039,3477.670983911658,0,-1
c,active_coupling,affine,5.0,100,1.0,9057473,160,0.9993328820085383,0.999999,3463.333905121541,0,-1
c,active_coupling,affine,5.0,100,1.0,9057473,161,0.9586325057147469,0.9999270037947946,3479.416412713912,0,-1
c,active_coupling,affine,5.0,100,1.0,9057473,162,0.999999,0.9911079124221043,3469.435567148583,0,-1
c,active_coupling,affine,5.0,100,1.0,9057473,163,0.9767649833020796,0.9996790474996636,3455.222866068663,0,-1
c,active_coupling,affine,5.0,100,1.0,9057473,164,0.999999,0.9999723702972918,3474.829461428411,0,-1
c,active_coupling,affine,5.0,100,1.0,9057473,165,0.999999,0.999999,3470.5655563224163,0,-1
c,active_coupling,affine,5.0,100,1.0,9057473,166,0.999999,0.999999,3422.722169742762,0,-1
c,active_coupling,affine,5.0,100,1.0,9057473,167,0.999999,0.8351173713172689,3478.223638286355,0,-1
c,active_coupling,affine,5.0,100,1.0,9057473,168,0.9999438730601474,0.999999,3469.6248217564316,0,-1
c,active_coupling,affine,5.0,100,1.0,9057473,169,0.999999,0.9999297356729324,3462.5610329693673,0,-1
c,active_coupling,affine,5.0,100,1.0,9057473,170,0.999999,0.999999,3450.7565779754364,0,-1
c,active_coupling,affine,5.0,100,1.0,9057473,171,0.999999,0.9998292848052194,3436.0571727623924,0,-1
c,active_coupling,affine,5.0,100,1.0,9057473,172,0.9999969001442955,0.9954443275672896,3473.1582852377,0,-1
c,active_coupling,affine,5.0,100,1.0,9057473,173,0.989199596280536,0.999999,3445.504421917617,0,-1
c,active_coupling,affine,5.0,100,1.0,9057473,174,0.9997752631785876,0.999999,3476.342864602985,0,-1
c,active_coupling,affine,5.0,100,1.0,9057473,175,0.9999605807354098,0.999993937277052,3476.197335538815,0,-1
c,active_coupling,affine,5.0,100,1.0,9057473,176,0.9999334678928964,0.9956274196793039,3456.5925161111104,0,-1
c,active_coupling,affine,5.0,100,1.0,9057473,177,0.999999,0.9999691147549826,3458.5537748604547,0,-1
c,active_coupling,affine,5.0,100,1.0,9057473,178,0.999999,0.9974372197400573,3471.702759312736,0,-1
c,active_coupling,affine,5.0,100,1.0,9057473,179,0.9999956399420901,0.9999879589799855,3453.9701640911017,0,-1
c,active_coupling,affine,5.0,100,1.0,9057473,180,0.999999,0.9900262016100159,3459.756130260444,0,-1
c,active_coupling,affine,5.0,100,1.0,9057473,181,0.999999,0.999999,3471.8205294104823,0,-1
c,active_coupling,affine,5.0,100,1.0,9057473,182,0.999999,0.999800771085743,3475.463189053069,0,-1
c,active_coupling,affine,5.0,100,1.0,9057473,183,0.9998643179037127,0.9986234330413921,3475.0248393109164,0,-1
c,active_coupling,affine,5.0,100,1.0,9057473,184,0.999999,0.999999,3456.339635353024,0,-1
c,active_coupling,affine,5.0,100,1.0,9057473,185,0.999999,0.999999,3451.378178411125,0,-1
c,active_coupling,affine,5.0,100,1.0,9057473,186,0.999999,0.9955017562711432,3473.4268403942992,0,-1
c,active_coupling,affine,5.0,100,1.0,9057473,187,0.999999,0.999999,3437.6928326288703,0,-1
c,active_coupling,affine,5.0,100,1.0,9057473,188,0.999999,0.999999,3471.944178445978,0,-1
c,active_coupling,affine,5.0,100,1.0,9057473,189,0.999999,0.9999923836976136,3477.8779129487466,0,-1
c,active_coupling,affine,5.0,100,1.0,9057473,190,0.999999,0.9999449826487791,3470.04877571137,0,-1
c,active_coupling,affine,5.0,100,1.0,9057473,191,0.999999,0.999999,3459.9569268327796,0,-1
c,active_coupling,affine,5.0,100,1.0,9057473,192,0.9999711837138817,0.9858565342165823,3473.039250641232,0,-1
c,active_coupling,affine,5.0,100,1.0,9057473,193,0.9999558890347527,0.999999,3466.8190622528773,0,-1
c,active_coupling,affine,5.0,100,1.0,9057473,194,0.9866108062073413,0.999999,3454.7608518283237,0,-1
c,active_coupling,affine,5.0,100,1.0,9057473,195,0.9886576970548884,0.999906942295439,3463.557790925854,0,-1
c,active_coupling,affine,5.0,100,1.0,9057473,196,0.9978507029100034,0.9848514923676581,3416.3640897948576,0,-1
c,active_coupling,affine,5.0,100,1.0,9057473,197,0.999999,0.9997266562549867,3424.678212554642,0,-1
c,active_coupling,affine,5.0,100,1.0,9057473,198,0.999999,0.999999,3465.2404794314807,0,-1
c,active_coupling,affine,5.0,100,1.0,9057473,199,0.9728768045154008,0.8331516416097662,3458.036097354829,0,-1
c,active_coupling,affine,5.0,100,1.0,9057473,200,0.999999,0.9974001405436088,3436.5950021917315,0,-1
c,active_coupling,affine,5.0,100,1.0,9057473,201,0.9998495153852396,0.999999,3456.80194221486,0,-1
c,active_coupling,affine,5.0,100,1.0,9057473,202,0.9963660624084236,0.9936383952589164,3473.579416423183,0,-1
c,active_coupling,affine,5.0,100,1.0,9057473,203,0.9999700645821539,0.9987331199531367,3450.065913252436,0,-1
c,active_coupling,affine,5.0,100,1.0,9057473,204,0.9011521898980281,0.999999,3451.957205062969,0,-1
c,active_coupling,affine,5.0,100,1.0,9057473,205,0.9999761620914852,0.9999045388842492,3456.6212356446717,0,-1
c,active_coupling,affine,5.0,100,1.0,9057473,206,0.999999,0.999999,3456.5682450323648,0,-1
c,active_coupling,affine,5.0,100,1.0,9057473,207,0.9629950437528187,0.999999,3476.6216490732677,0,-1
c,active_coupling,affine,5.0,100,1.0,9057473,208,0.999999,0.9944895912801524,3482.3282886861393,0,-1
c,active_coupling,affine,5.0,100,1.0,9057473,209,0.9996868809530384,0.9999019910104558,3477.189816071241,0,-1
c,active_coupling,affine,5.0,100,1.0,9057473,210,0.999641730778825,0.9998182717841541,3471.508094525146,0,-1
c,active_coupling,affine,5.0,100,1.0,9057473,211,0.999999,0.9955537680806428,3460.5630164734353,0,-1
c,active_coupling,affine,5.0,100,1.0,9057473,212,0.9999464067782562,0.999999,3460.517025876763,0,-1
c,active_coupling,affine,5.0,100,1.0,9057473,213,0.999706960463755,0.999999,3461.006005194343,0,-1
c,active_coupling,affine,5.0,100,1.0,9057473,214,0.999999,0.9997046553483937,3413.3070379249302,0,-1
c,active_coupling,affine,5.0,100,1.0,9057473,215,0.999999,0.7151566746338865,3456.2283388484047,0,-1
c,active_coupling,affine,5.0,100,1.0,9057473,216,0.999999,0.9864324652567147,3468.728836167741,0,-1
c,active_coupling,affine,5.0,100,1.0,9057473,217,0.999999,0.9765356331892434,3451.922382935426,0,-1
c,active_coupling,affine,5.0,100,1.0,9057473,218,0.999999,0.999999,3467.760853360432,0,-1
c,active_coupling,affine,5.0,100,1.0,9057473,219,0.999999,0.999999,3450.6576432771094,0,-1
c,active_coupling,affine,5.0,100,1.0,9057473,220,0.9997819875520855,0.9999100383868142,3480.8988750271474,0,-1
c,active_coupling,affine,5.0,100,1.0,9057473,221,0.40724507810516003,0.999999,3417.146440720666,0,-1
c,active_coupling,affine,5.0,100,1.0,9057473,222,0.9956385618311421,0.999841445091924,3477.1050720190033,0,-1
c,active_coupling,affine,5.0,100,1.0,9057473,223,0.9881907767944551,0.9668467817357463,3468.056124151227,0,-1
c,active_coupling,affine,5.0,100,1.0,9057473,224,0.999999,0.999999,3437.63707247527,0,-1
c,active_coupling,affine,5.0,100,1.0,9057473,225,0.999999,0.999999,3479.3819059825937,0,-1
c,active_coupling,affine,5.0,100,1.0,9057473,226,0.999999,0.999999,3459.413501395624,0,-1
c,active_coupling,affine,5.0,100,1.0,9057473,227,0.999999,0.999999,3456.1084888256246,0,-1
c,active_coupling,affine,5.0,100,1.0,9057473,228,0.48714553004519,0.9995909087294101,3464.0480233541425,0,-1
c,active_coupling,affine,5.0,100,1.0,9057473,229,0.8971741693619036,0.9973403405969598,3472.5883430269705,0,-1
c,active_coupling,affine,5.0,100,1.0,9057473,230,0.999999,0.9999688771987987,3469.9978677598187,0,-1
c,active_coupling,affine,5.0,100,1.0,9057473,231,0.999999,0.9999116720878253,3482.7039323370673,0,-1
c,active_coupling,affine,5.0,100,1.0,9057473,232,0.999999,0.997116505453718,3459.586627459953,0,-1
c,active_coupling,affine,5.0,100,1.0,9057473,233,0.999999,0.9999768731873646,3463.8837608116014,0,-1
c,active_coupling,affine,5.0,100,1.0,9057473,234,0.999875571523635,0.999999,3341.8159781988743,0,-1
c,active_coupling,affine,5.0,100,1.0,9057473,235,0.999999,0.8985104051711339,3468.6980218342455,0,-1
c,active_coupling,affine,5.0,100,1.0,9057473,236,0.9054735524000019,0.9999086966658722,3464.754742620814,0,-1
c,active_coupling,affine,5.0,100,1.0,9057473,237,0.9655375544315107,0.9872489676337577,3429.2098572365057,0,-1
c,active_coupling,affine,5.0,100,1.0,9057473,238,0.999999,0.9934655571013696,3476.9155385827603,0,-1
c,active_coupling,affine,5.0,100,1.0,9057473,239,0.999999,0.9998759214899734,3470.990822627682,0,-1
c,active_coupling,affine,5.0,100,1.0,9057473,240,0.999999,0.999902550503868,3478.4855328290087,0,-1
c,active_coupling,affine,5.0,100,1.0,9057473,241,0.999999,0.999999,3478.368236085571,0,-1
c,active_coupling,affine,5.0,100,1.0,9057473,242,0.6810333401661007,0.9965811147912342,3451.4168756755575,0,-1
c,active_coupling,affine,5.0,100,1.0,9057473,243,0.9899010425457158,0.999999,3472.7665535650935,0,-1
c,active_coupling,affine,5.0,100,1.0,9057473,244,0.999999,0.999999,3452.4531983166476,0,-1
c,active_coupling,affine,5.0,100,1.0,9057473,245,0.9993127280167519,0.9982845954627573,3476.584415937684,0,-1
c,active_coupling,affine,5.0,100,1.0,9057473,246,0.9943075658502188,0.9998178159093188,3448.643904547205,0,-1
c,active_coupling,affine,5.0,100,1.0,9057473,247,0.9660264194644388,0.9819124105072237,3445.133778308248,0,-1
c,active_coupling,affine,5.0,100,1.0,9057473,248,0.999999,0.9999294460794564,3434.4820756436584,0,-1
c,active_coupling,affine,5.0,100,1.0,9057473,249,0.9913846464922155,0.999999,3460.918756737588,0,-1
c,active_coupling,affine,5.0,100,1.0,9057473,250,0.9999433665019941,0.9776679920786182,3443.8710309370417,0,-1
c,active_coupling,affine,5.0,100,1.0,9057473,251,0.9920518398986292,0.999999,3467.9891328280573,0,-1
c,active_coupling,affine,5.0,100,1.0,9057473,252,0.9951735250904165,0.9999156802400611,3475.012761036499,0,-1
c,active_coupling,affine,5.0,100,1.0,9057473,253,0.999999,0.9997099806708725,3470.4693815014016,0,-1
c,active_coupling,affine,5.0,100,1.0,9057473,254,0.9550916847488674,0.9998844595056828,3469.258731974391,0,-1
c,active_coupling,affine,5.0,100,1.0,9057473,255,0.999870069833166,0.999999,3472.0703471853444,0,-1
c,active_coupling,affine,5.0,100,1.0,9057473,256,0.999999,0.9976631815633958,3437.406713460342,0,-1
c,active_coupling,affine,5.0,100,1.0,9057473,257,0.999999,0.9989628505063904,3483.173115795063,0,-1
c,active_coupling,affine,5.0,100,1.0,9057473,258,0.999999,0.9992030861243423,3461.4625455005485,0,-1
c,active_coupling,affine,5.0,100,1.0,9057473,259,0.9102190751550596,0.998330138687078,3475.170246852535,0,-1
c,active_coupling,affine,5.0,100,1.0,9057473,260,0.999999,0.999999,3473.1587680608077,0,-1
c,active_coupling,affine,5.0,100,1.0,9057473,261,0.9999409398694306,0.9953192170610613,3407.7158857520435,0,-1
c,active_coupling,affine,5.0,100,1.0,9057473,262,0.9998655547784153,0.9698826125510946,3454.9396036406083,0,-1
c,active_coupling,affine,5.0,100,1.0,9057473,263,0.986840085748549,0.999999,3471.3914023051334,0,-1
c,active_coupling,affine,5.0,100,1.0,9057473,264,0.9991451541707504,0.704610703264792,3410.592323771019,0,-1
c,active_coupling,affine,5.0,100,1.0,9057473,265,0.9999488652490784,0.9987926651323685,3475.597270086607,0,-1
c,active_coupling,affine,5.0,100,1.0,9057473,266,0.567679618379168,0.999999,3404.580328941107,0,-1
c,active_coupling,affine,5.0,100,1.0,9057473,267,0.9969008707740065,0.999999,3470.855071343444,0,-1
c,active_coupling,affine,5.0,100,1.0,9057473,268,0.9846986214803212,0.999999,3418.3926021708116,0,-1
c,active_coupling,affine,5.0,100,1.0,9057473,269,0.9951396967501583,0.999999,3468.4698766761994,0,-1
c,active_coupling,affine,5.0,100,1.0,9057473,270,0.9916234885744568,0.999999,3475.7159809684676,0,-1
c,active_coupling,affine,5.0,100,1.0,9057473,271,0.999999,0.9978475026336032,3464.898135300908,0,-1
c,active_coupling,affine,5.0,100,1.0,9057473,272,0.7894928351798604,0.999999,3483.1222932688775,0,-1
c,active_coupling,affine,5.0,100,1.0,9057473,273,0.999999,0.999999,3457.8795524827474,0,-1
c,active_coupling,affine,5.0,100,1.0,9057473,274,0.999999,0.9975361041296879,3472.933526150891,0,-1
c,active_coupling,affine,5.0,100,1.0,9057473,275,0.999999,0.9806068473551403,3445.2076319426915,0,-1
c,active_coupling,affine,5.0,100,1.0,9057473,276,0.999999,0.999999,3456.584258239673,0,-1
c,active_coupling,affine,5.0,100,1.0,9057473,277,0.9996694182683166,0.999999,3478.382089814193,0,-1
c,active_coupling,affine,5.0,100,1.0,9057473,278,0.9999130981245952,0.9992699021226701,3459.6178606674684,0,-1
c,active_coupling,affine,5.0,100,1.0,9057473,279,0.9997560642421517,0.9984034912564288,3448.820266066377,0,-1
c,active_coupling,affine,5.0,100,1.0,9057473,280,0.9998760339864641,0.9853019767426364,3456.8243762904763,0,-1
c,active_coupling,affine,5.0,100,1.0,9057473,281,0.8702991503677726,0.999999,3464.5682450218223,0,-1
c,active_coupling,affine,5.0,100,1.0,9057473,282,0.9998138061350546,0.9998838964551922,3432.334829740256,0,-1
c,active_coupling,affine,5.0,100,1.0,9057473,283,0.9991546229873697,0.9905529264203959,3401.250567059735,0,-1
c,active_coupling,affine,5.0,100,1.0,9057473,284,0.9999983726282986,0.9762892454768146,3415.7026719060386,0,-1
c,active_coupling,affine,5.0,100,1.0,9057473,285,0.999999,0.9980696989791031,3465.375373881947,0,-1
c,active_coupling,affine,5.0,100,1.0,9057473,286,0.999999,0.9992304903965855,3448.7498842924815,0,-1
c,active_coupling,affine,5.0,100,1.0,9057473,287,0.9999487345750464,0.942055090194953,3442.2071045420776,0,-1
c,active_coupling,affine,5.0,100,1.0,9057473,288,0.999999,0.999999,3445.5615382455285,0,-1
c,active_coupling,affine,5.0,100,1.0,9057473,289,0.9999042272592065,0.7330943572546051,3466.549432708999,0,-1
c,active_coupling,affine,5.0,100,1.0,9057473,290,0.9998954263169549,0.999999,3469.429647145535,0,-1
c,active_coupling,affine,5.0,100,1.0,9057473,291,0.9999634219254012,0.9997612961434856,3462.8905430696077,0,-1
c,active_coupling,affine,5.0,100,1.0,9057473,292,0.999999,0.9996730708544355,3481.50374903883,0,-1
c,active_coupling,affine,5.0,100,1.0,9057473,293,0.9981385476411874,0.8628510366872839,3461.3525703922724,0,-1
c,active_coupling,affine,5.0,100,1.0,9057473,294,0.9185789978692975,0.9972907754959532,3468.281992168032,0,-1
c,active_coupling,affine,5.0,100,1.0,9057473,295,0.9876999104324539,0.999999,3480.633794581148,0,-1
c,active_coupling,affine,5.0,100,1.0,9057473,296,0.999999,0.8478103605013003,3477.450855955662,0,-1
c,active_coupling,affine,5.0,100,1.0,9057473,297,0.9982702689038472,0.9595668154869985,3468.6229796956877,0,-1
c,active_coupling,affine,5.0,100,1.0,9057473,298,0.9992939688303776,0.5601596356266981,3353.1437296996846,0,-1
c,active_coupling,affine,5.0,100,1.0,9057473,299,0.999999,0.999999,3466.9242713876974,0,-1
c,active_coupling,affine,5.0,100,1.0,9057473,300,0.9944225890988501,0.9466872084008454,3425.5791005284505,0,-1
c,active_coupling,affine,5.0,100,1.0,9057473,301,0.9998696790492136,0.9999953921344169,3477.070276991873,0,-1
c,active_coupling,affine,5.0,100,1.0,9057473,302,0.999999,0.9999910339769329,3477.7654424761035,0,-1
c,active_coupling,affine,5.0,100,1.0,9057473,303,-0.993463039899301,0.999999,3468.342795727102,1,287
c,active_coupling,affine,5.0,100,1.0,9057473,304,0.999999,0.9999867427451676,3459.838864707214,0,-1
c,active_coupling,affine,5.0,100,1.0,9057473,305,0.999999,0.6696912502481449,3396.1716360585488,0,-1
c,active_coupling,affine,5.0,100,1.0,9057473,306,0.9996819380090688,0.999999,3460.970375697337,0,-1
c,active_coupling,affine,5.0,100,1.0,9057473,307,0.9378758449988058,0.9736021062838912,3463.837220961827,0,-1
c,active_coupling,affine,5.0,100,1.0,9057473,308,0.999999,0.9076745709624118,3435.3891607774744,0,-1
c,active_coupling,affine,5.0,100,1.0,9057473,309,0.999999,0.9999915550698151,3459.199318686312,0,-1
c,active_coupling,affine,5.0,100,1.0,9057473,310,0.999999,0.9714392990812943,3474.8980570353474,0,-1
c,active_coupling,affine,5.0,100,1.0,9057473,311,0.8891993443510848,0.999999,3463.897560815665,0,-1
c,active_coupling,affine,5.0,100,1.0,9057473,312,0.9992063990849284,0.9999555435901762,3476.1311376650906,0,-1
c,active_coupling,affine,5.0,100,1.0,9057473,313,0.999999,0.996520898216748,3473.532541203358,0,-1
c,active_coupling,affine,5.0,100,1.0,9057473,314,0.999999,0.999999,3469.2507344017354,0,-1
c,active_coupling,affine,5.0,100,1.0,9057473,315,0.9997660305901261,0.9999588624769613,3461.9858251041896,0,-1
c,active_coupling,affine,5.0,100,1.0,9057473,316,0.999999,0.999999,3477.844228523951,0,-1
c,active_coupling,affine,5.0,100,1.0,9057473,317,0.999999,0.999999,3460.608862918452,0,-1
c,active_coupling,affine,5.0,100,1.0,9057473,318,0.999999,0.9998696536553677,3458.049325615999,0,-1
c,active_coupling,affine,5.0,100,1.0,9057473,319,0.9996642541953721,0.999999,3477.8634380669337,0,-1
c,active_coupling,affine,5.0,100,1.0,9057473,320,0.9998109168658728,0.9999763916671653,3438.7799562082023,0,-1
c,active_coupling,affine,5.0,100,1.0,9057473,321,0.9999529302846021,0.9966997319397609,3435.9734366594867,0,-1
c,active_coupling,affine,5.0,100,1.0,9057473,322,0.9972213625923139,0.999999,3468.8786272564093,0,-1
c,active_coupling,affine,5.0,100,1.0,9057473,323,0.9097166140572704,0.999999,3469.4885696990336,0,-1
c,active_coupling,affine,5.0,100,1.0,9057473,324,0.997627397049515,0.9838409612020846,3429.1547923212756,0,-1
c,active_coupling,affine,5.0,100,1.0,9057473,325,0.999999,0.999999,3460.248864790137,0,-1
c,active_coupling,affine,5.0,100,1.0,9057473,326,0.9998519796623867,0.999999,3468.1205128909733,0,-1
c,active_coupling,affine,5.0,100,1.0,9057473,327,0.999999,0.997002039385106,3469.02112913489,0,-1
c,active_coupling,affine,5.0,100,1.0,9057473,328,0.9999806671840935,0.9999869779702584,3464.5736605383468,0,-1
c,active_coupling,affine,5.0,100,1.0,9057473,329,0.999999,0.999999,3476.4837995593093,0,-1
c,active_coupling,affine,5.0,100,1.0,9057473,330,0.999999,0.9996467251036705,3468.922690958622,0,-1
c,active_coupling,affine,5.0,100,1.0,9057473,331,0.9985541425045672,0.999999,3470.026441987624,0,-1
c,active_coupling,affine,5.0,100,1.0,9057473,332,0.9980156748026645,0.9997260534322053,3449.773089126389,0,-1
c,active_coupling,affine,5.0,100,1.0,9057473,333,0.9943225578401147,0.999999,3474.5834465508265,0,-1
c,active_coupling,affine,5.0,100,1.0,9057473,334,0.9899160715318444,0.999999,3452.592556929381,0,-1
c,active_coupling,affine,5.0,100,1.0,9057473,335,0.9999341207671975,0.999999,3454.8685886612184,0,-1
c,active_coupling,affine,5.0,100,1.0,9057473,336,0.999999,0.999999,3475.1725986310985,0,-1
c,active_coupling,affine,5.0,100,1.0,9057473,337,0.999999,0.9967986239317052,3462.013972753183,0,-1
c,active_coupling,affine,5.0,100,1.0,9057473,338,0.999999,0.999999,3457.7968204035283,0,-1
c,active_coupling,affine,5.0,100,1.0,9057473,339,0.9962505090456454,0.999999,3468.3383609632183,0,-1
c,active_coupling,affine,5.0,100,1.0,9057473,340,0.999999,0.999999,3473.567366107375,0,-1
c,active_coupling,affine,5.0,100,1.0,9057473,341,0.9999897793611429,0.4830885049855188,3464.2345657317187,0,-1
c,active_coupling,affine,5.0,100,1.0,9057473,342,0.9970469378904324,0.9997912152711474,3448.9311341050397,0,-1
c,active_coupling,affine,5.0,100,1.0,9057473,343,0.9977034222229683,0.9761542937194696,3466.9128756831938,0,-1
c,active_coupling,affine,5.0,100,1.0,9057473,344,0.9999152229073337,0.999999,3464.0321258997947,0,-1
c,active_coupling,affine,5.0,100,1.0,9057473,345,0.999999,0.9998929651448784,3456.5764419337042,0,-1
c,active_coupling,affine,5.0,100,1.0,9057473,346,0.9956993398895069,0.9821533468141217,3476.4566425205317,0,-1
c,active_coupling,affine,5.0,100,1.0,9057473,347,0.9994172892570689,0.9998032200963385,3472.4386506747464,0,-1
c,active_coupling,affine,5.0,100,1.0,9057473,348,0.9987332620880802,0.9994819734040258,3472.618114366741,0,-1
c,active_coupling,affine,5.0,100,1.0,9057473,349,0.9997846060110366,0.9998620928479709,3472.614796146743,0,-1
c,active_coupling,affine,5.0,100,1.0,9057473,350,0.9999542925863691,0.999999,3481.579461962117,0,-1
c,active_coupling,affine,5.0,100,1.0,9057473,351,0.9999659843824664,0.9900674516494603,3476.6479638694063,0,-1
c,active_coupling,affine,5.0,100,1.0,9057473,352,0.9998810071295898,0.999999,3408.6899256380343,0,-1
c,active_coupling,affine,5.0,100,1.0,9057473,353,0.8404273771358259,0.9975896593046918,3462.1498653524604,0,-1
c,active_coupling,affine,5.0,100,1.0,9057473,354,0.7514134220411357,0.999999,3439.743244559766,0,-1
c,active_coupling,affine,5.0,100,1.0,9057473,355,0.9299943918708421,0.9984278118869702,3424.640640076193,0,-1
c,active_coupling,affine,5.0,100,1.0,9057473,356,0.9992284796905808,0.999999,3448.0657634262448,0,-1
c,active_coupling,affine,5.0,100,1.0,9057473,357,0.9998332423256711,0.999999,3427.8432438533846,0,-1
c,active_coupling,affine,5.0,100,1.0,9057473,358,0.9998595478216461,0.999999,3470.347785250929,0,-1
c,active_coupling,affine,5.0,100,1.0,9057473,359,0.999999,0.9077772004193837,3455.5612882272053,0,-1
c,active_coupling,affine,5.0,100,1.0,9057473,360,0.9996953043052406,0.9989551369620734,3485.858551740372,0,-1
c,active_coupling,affine,5.0,100,1.0,9057473,361,0.999999,0.9998393562459014,3463.238313904841,0,-1
c,active_coupling,affine,5.0,100,1.0,9057473,362,0.9884568334439825,0.8850134346666004,3442.8434337441686,0,-1
c,active_coupling,affine,5.0,100,1.0,9057473,363,0.9888305699512181,0.9961960054241641,3477.1615745612635,0,-1
c,active_coupling,affine,5.0,100,1.0,9057473,364,0.999999,0.9991186965638217,3464.4581775408233,0,-1
c,active_coupling,affine,5.0,100,1.0,9057473,365,0.9999207502168037,0.9695519091646192,3472.7293209565355,0,-1
c,active_coupling,affine,5.0,100,1.0,9057473,366,0.9981069870437295,0.999999,3467.6059765646205,0,-1
c,active_coupling,affine,5.0,100,1.0,9057473,367,0.999999,0.999999,3347.2707469627007,0,-1
c,active_coupling,affine,5.0,100,1.0,9057473,368,0.99187108990465,0.9562645097599504,3469.7877456143574,0,-1
c,active_coupling,affine,5.0,100,1.0,9057473,369,0.9700909333045338,0.9318902716741911,3460.6792369211244,0,-1
c,active_coupling,affine,5.0,100,1.0,9057473,370,0.9999003774945295,0.9995680520896095,3469.949680778931,0,-1
c,active_coupling,affine,5.0,100,1.0,9057473,371,0.995753909786262,0.999999,3477.6450655602675,0,-1
c,active_coupling,affine,5.0,100,1.0,9057473,372,0.999999,0.9739642252784461,3472.1474433711655,0,-1
c,active_coupling,affine,5.0,100,1.0,9057473,373,0.999999,0.9999979530460019,3471.6645090559828,0,-1
c,active_coupling,affine,5.0,100,1.0,9057473,374,0.999999,0.9999242969056452,3438.266807531111,0,-1
c,active_coupling,affine,5.0,100,1.0,9057473,375,0.999999,0.9945056386274275,3468.3879674580958,0,-1
c,active_coupling,affine,5.0,100,1.0,9057473,376,0.9968042112444314,0.9820643050717388,3455.50174487554,0,-1
c,active_coupling,affine,5.0,100,1.0,9057473,377,0.999999,0.9917916779668393,3474.82890452731,0,-1
c,active_coupling,affine,5.0,100,1.0,9057473,378,0.9996166899163494,0.9988918900346268,3474.986073224618,0,-1
c,active_coupling,affine,5.0,100,1.0,9057473,379,0.9999788643747028,0.9963233992969703,3459.061237617983,0,-1
c,active_coupling,affine,5.0,100,1.0,9057473,380,0.999999,0.7641260229227124,3443.0527133947544,0,-1
c,active_coupling,affine,5.0,100,1.0,9057473,381,0.999999,0.999999,3453.802110437722,0,-1
c,active_coupling,affine,5.0,100,1.0,9057473,382,0.9145552024041864,0.999999,3442.3977284676866,0,-1
c,active_coupling,affine,5.0,100,1.0,9057473,383,0.999999,0.9998899111256007,3467.070030396014,0,-1
c,active_coupling,affine,5.0,100,1.0,9057473,384,0.9646081018911403,0.999999,3465.2277305761477,0,-1
c,active_coupling,affine,5.0,100,1.0,9057473,385,0.9999558307416422,0.999999,3462.5048814489683,0,-1
c,active_coupling,affine,5.0,100,1.0,9057473,386,0.8573219591058335,0.999999,3440.911742534644,0,-1
c,active_coupling,affine,5.0,100,1.0,9057473,387,0.999999,0.999999,3475.1446926362087,0,-1
c,active_coupling,affine,5.0,100,1.0,9057473,388,0.999999,0.9998343690900637,3449.6913784226485,0,-1
c,active_coupling,affine,5.0,100,1.0,9057473,389,0.999999,0.999999,3466.5944973144447,0,-1
c,active_coupling,affine,5.0,100,1.0,9057473,390,0.9880422939358631,0.999999,3470.500733427281,0,-1
c,active_coupling,affine,5.0,100,1.0,9057473,391,0.9988762579233255,0.999999,3480.260323217122,0,-1
c,active_coupling,affine,5.0,100,1.0,9057473,392,0.9997297992232725,0.997560000600876,3448.9449048545935,0,-1
c,active_coupling,affine,5.0,100,1.0,9057473,393,0.999999,0.999999,3470.705108510498,0,-1
c,active_coupling,affine,5.0,100,1.0,9057473,394,0.9476334528104157,0.999999,3477.9926315353077,0,-1
c,active_coupling,affine,5.0,100,1.0,9057473,395,0.999999,0.999999,3471.8827146803937,0,-1
c,active_coupling,affine,5.0,100,1.0,9057473,396,0.999999,0.9809017152545043,3454.719041690497,0,-1
c,active_coupling,affine,5.0,100,1.0,9057473,397,0.999999,0.9776425462827449,3435.0883020354304,0,-1
c,active_coupling,affine,5.0,100,1.0,9057473,398,0.999999,0.999999,3430.9885190191494,0,-1
c,active_coupling,affine,5.0,100,1.0,9057473,399,0.999931229358567,0.9992445482897804,3420.60613350357,0,-1
c,active_coupling,affine,5.0,100,1.0,9057473,400,0.999999,0.9992281158736365,3461.774637566953,0,-1
c,active_coupling,affine,5.0,100,1.0,9057473,401,0.9806780341261834,0.9738153443953541,3415.03920139088,0,-1
c,active_coupling,affine,5.0,100,1.0,9057473,402,0.999999,0.999201793323595,3450.4288130821133,0,-1
c,active_coupling,affine,5.0,100,1.0,9057473,403,0.999999,0.999999,3469.3644430471945,0,-1
c,active_coupling,affine,5.0,100,1.0,9057473,404,0.9922025484442629,0.9885020452246989,3473.1891878821693,0,-1
c,active_coupling,affine,5.0,100,1.0,9057473,405,0.9997618434524693,0.6690100770354452,3459.418859784655,0,-1
c,active_coupling,affine,5.0,100,1.0,9057473,406,0.9997566616445915,0.932858070039643,3460.224632363643,0,-1
c,active_coupling,affine,5.0,100,1.0,9057473,407,0.9976843101498812,0.9999510218307958,3438.0519972524567,0,-1
c,active_coupling,affine,5.0,100,1.0,9057473,408,0.9918215712405601,0.999999,3449.4078030508217,0,-1
c,active_coupling,affine,5.0,100,1.0,9057473,409,0.999999,0.9995054794647672,3463.5577617745657,0,-1
c,active_coupling,affine,5.0,100,1.0,9057473,410,0.9999353676674969,0.9484494164879033,3457.6746153502227,0,-1
c,active_coupling,affine,5.0,100,1.0,9057473,411,0.5897898279170468,0.9998211393943685,3471.08613427774,0,-1
c,active_coupling,affine,5.0,100,1.0,9057473,412,0.9793324732333339,0.9809076019972196,3441.399891559074,0,-1
c,active_coupling,affine,5.0,100,1.0,9057473,413,0.9996425630756036,0.9964927531838591,3471.426654758559,0,-1
c,active_coupling,affine,5.0,100,1.0,9057473,414,0.9999862848980166,0.9559055637289106,3479.9752460500395,0,-1
c,active_coupling,affine,5.0,100,1.0,9057473,415,0.999999,0.9514549563186198,3471.530143142088,0,-1
c,active_coupling,affine,5.0,100,1.0,9057473,416,0.9990276880675215,0.9675715818869234,3460.007541596154,0,-1
c,active_coupling,affine,5.0,100,1.0,9057473,417,0.999999,0.9876811002555205,3462.820412429183,0,-1
c,active_coupling,affine,5.0,100,1.0,9057473,418,0.999999,0.9998316188496489,3463.2235188601558,0,-1
c,active_coupling,affine,5.0,100,1.0,9057473,419,0.9999926756315755,0.999999,3428.302304656517,0,-1
c,active_coupling,affine,5.0,100,1.0,9057473,420,0.999999,0.999999,3447.992786931393,0,-1
c,active_coupling,affine,5.0,100,1.0,9057473,421,0.999999,0.999999,3442.5860923015584,0,-1
c,active_coupling,affine,5.0,100,1.0,9057473,422,0.9999405677109275,0.999982504085831,3423.240194845158,0,-1
c,active_coupling,affine,5.0,100,1.0,9057473,423,0.9958764496508549,0.9947516976578941,3468.607728275255,0,-1
c,active_coupling,affine,5.0,100,1.0,9057473,424,0.999999,0.9997937516073777,3471.1689488547295,0,-1
c,active_coupling,affine,5.0,100,1.0,9057473,425,0.9446212158358893,0.999999,3431.2610746242867,0,-1
c,active_coupling,affine,5.0,100,1.0,9057473,426,0.999999,0.9999111559470346,3461.5150045597866,0,-1
c,active_coupling,affine,5.0,100,1.0,9057473,427,0.999999,0.999999,3459.557568906819,0,-1
c,active_coupling,affine,5.0,100,1.0,9057473,428,0.9998999366761627,0.999999,3474.075378056533,0,-1
c,active_coupling,affine,5.0,100,1.0,9057473,429,0.999961436898747,0.999999,3478.4235068347343,0,-1
c,active_coupling,affine,5.0,100,1.0,9057473,430,0.999999,0.9999690967806808,3470.3635500064515,0,-1
c,active_coupling,affine,5.0,100,1.0,9057473,431,0.999999,0.9998330310118314,3454.9710498476684,0,-1
c,active_coupling,affine,5.0,100,1.0,9057473,432,0.7972426379818189,0.9947945511434871,3481.3897357666438,0,-1
c,active_coupling,affine,5.0,100,1.0,9057473,433,0.999999,0.9805912627803117,3455.4809954272514,0,-1
c,active_coupling,affine,5.0,100,1.0,9057473,434,0.999999,0.999999,3482.5630643460627,0,-1
c,active_coupling,affine,5.0,100,1.0,9057473,435,0.999999,0.9985329428724329,3463.874473624089,0,-1
c,active_coupling,affine,5.0,100,1.0,9057473,436,0.999999,0.8975496571052222,3462.1266136524564,0,-1
c,active_coupling,affine,5.0,100,1.0,9057473,437,0.9993836122412617,0.999999,3471.959130875014,0,-1
c,active_coupling,affine,5.0,100,1.0,9057473,438,0.999999,0.999999,3443.1266634866474,0,-1
c,active_coupling,affine,5.0,100,1.0,9057473,439,0.999690573466439,0.999999,3475.2887686210206,0,-1
c,active_coupling,affine,5.0,100,1.0,9057473,440,0.999999,0.9763227959953024,3459.3832478725067,0,-1
c,active_coupling,affine,5.0,100,1.0,9057473,441,0.999999,0.999999,3473.378550786135,0,-1
c,active_coupling,affine,5.0,100,1.0,9057473,442,0.999999,0.999999,3461.4773764292845,0,-1
c,active_coupling,affine,5.0,100,1.0,9057473,443,0.9998884239986019,0.9990648882002028,3474.667815167076,0,-1
c,active_coupling,affine,5.0,100,1.0,9057473,444,0.999999,0.8592799511445511,3457.5612625111644,0,-1
c,active_coupling,affine,5.0,100,1.0,9057473,445,0.999999,0.9988105986276848,3463.8794862596114,0,-1
c,active_coupling,affine,5.0,100,1.0,9057473,446,0.9998734285060206,0.9998950389596496,3477.03529633867,0,-1
c,active_coupling,affine,5.0,100,1.0,9057473,447,0.9998350105726473,0.999999,3483.169560275867,0,-1
c,active_coupling,affine,5.0,100,1.0,9057473,448,0.9838818327250757,0.999999,3469.0240685151452,0,-1
c,active_coupling,affine,5.0,100,1.0,9057473,449,0.999999,0.999999,3460.400800606117,0,-1
c,active_coupling,affine,5.0,100,1.0,9057473,450,0.999999,0.9837025918360353,3462.6627211941536,0,-1
c,active_coupling,affine,5.0,100,1.0,9057473,451,0.999999,0.9892401670747628,3483.8633636609316,0,-1
c,active_coupling,affine,5.0,100,1.0,9057473,452,0.9982450566755843,0.9999300401649531,3471.8066907002476,0,-1
c,active_coupling,affine,5.0,100,1.0,9057473,453,0.8454508797724669,0.9996151721476356,3462.0930021115128,0,-1
c,active_coupling,affine,5.0,100,1.0,9057473,454,0.9999449738196153,0.9998683259780984,3438.200943479035,0,-1
c,active_coupling,affine,5.0,100,1.0,9057473,455,0.999999,0.999999,3463.231851639894,0,-1
c,active_coupling,affine,5.0,100,1.0,9057473,456,0.9999884049574421,0.999999,3469.839790085777,0,-1
c,active_coupling,affine,5.0,100,1.0,9057473,457,0.9999493559989054,0.9826347433517818,3478.2076804190488,0,-1
c,active_coupling,affine,5.0,100,1.0,9057473,458,0.9999191113139215,0.999999,3427.5979050898404,0,-1
c,active_coupling,affine,5.0,100,1.0,9057473,459,0.999999,0.999999,3471.2197410814324,0,-1
c,active_coupling,affine,5.0,100,1.0,9057473,460,0.999999,0.999999,3448.4441558077374,0,-1
c,active_coupling,affine,5.0,100,1.0,9057473,461,0.9957237751551742,0.999999,3478.8920188540196,0,-1
c,active_coupling,affine,5.0,100,1.0,9057473,462,0.999999,0.9999578255961351,3454.423067724201,0,-1
c,active_coupling,affine,5.0,100,1.0,9057473,463,0.9999637722994359,0.9997211831693738,3467.370674476569,0,-1
c,active_coupling,affine,5.0,100,1.0,9057473,464,0.9765281334973521,0.9983200447014161,3436.75615202804,0,-1
c,active_coupling,affine,5.0,100,1.0,9057473,465,0.999999,0.9997417291746855,3422.975528846463,0,-1
c,active_coupling,affine,5.0,100,1.0,9057473,466,0.999999,0.999999,3472.3993051602815,0,-1
c,active_coupling,affine,5.0,100,1.0,9057473,467,0.9995519446558665,0.9946151496305526,3415.947444829118,0,-1
c,active_coupling,affine,5.0,100,1.0,9057473,468,0.9188753335907404,0.9966092873092239,3448.773502948311,0,-1
c,active_coupling,affine,5.0,100,1.0,9057473,469,0.999999,0.999999,3476.0482179029786,0,-1
c,active_coupling,affine,5.0,100,1.0,9057473,470,0.9999780020883409,0.9804932579573219,3475.1377472678287,0,-1
c,active_coupling,affine,5.0,100,1.0,9057473,471,0.999999,0.9997161924286955,3474.1571986515796,0,-1
c,active_coupling,affine,5.0,100,1.0,9057473,472,0.999999,0.999999,3477.3473150845,0,-1
c,active_coupling,affine,5.0,100,1.0,9057473,473,0.7879319115065512,0.9971574823119823,3463.274962705564,0,-1
c,active_coupling,affine,5.0,100,1.0,9057473,474,0.999999,0.9951207794542375,3481.7448311793073,0,-1
c,active_coupling,affine,5.0,100,1.0,9057473,475,0.9800161027696764,0.999999,3478.111587696594,0,-1
c,active_coupling,affine,5.0,100,1.0,9057473,476,0.9999441271068409,0.999999,3410.561040752794,0,-1
c,active_coupling,affine,5.0,100,1.0,9057473,477,0.9295460488520663,0.8743474026778901,3439.2999872941155,0,-1
c,active_coupling,affine,5.0,100,1.0,9057473,478,0.9982575496304585,0.999999,3472.400419400858,0,-1
c,active_coupling,affine,5.0,100,1.0,9057473,479,0.999999,0.9907099861083024,3461.21004339866,0,-1
c,active_coupling,affine,5.0,100,1.0,9057473,480,0.9997291920154303,0.9998261122635104,3465.1163565314905,0,-1
c,active_coupling,affine,5.0,100,1.0,9057473,481,0.999999,0.999999,3455.1595134616728,0,-1
c,active_coupling,affine,5.0,100,1.0,9057473,482,0.999999,0.9101330508037102,3468.0860816053414,0,-1
c,active_coupling,affine,5.0,100,1.0,9057473,483,0.999999,0.999999,3440.8130632125803,0,-1
c,active_coupling,affine,5.0,100,1.0,9057473,484,0.9998319308889356,0.997526205404701,3449.247430883173,0,-1
c,active_coupling,affine,5.0,100,1.0,9057473,485,0.9900618329543176,0.999999,3467.588601400744,0,-1
c,active_coupling,affine,5.0,100,1.0,9057473,486,0.9671783130040745,0.999999,3477.2264881906603,0,-1
c,active_coupling,affine,5.0,100,1.0,9057473,487,0.99976377430371,0.9998084183976799,3478.1274640646952,0,-1
c,active_coupling,affine,5.0,100,1.0,9057473,488,0.999999,0.999999,3469.8323019054387,0,-1
c,active_coupling,affine,5.0,100,1.0,9057473,489,0.999999,0.9957092707248971,3468.376408010804,0,-1
c,active_coupling,affine,5.0,100,1.0,9057473,490,0.9999148006101721,0.999999,3456.4065187582873,0,-1
c,active_coupling,affine,5.0,100,1.0,9057473,491,0.9999387854391921,0.999999,3474.680107997354,0,-1
c,active_coupling,affine,5.0,100,1.0,9057473,492,0.9076314135811754,0.999999,3469.3752805707363,0,-1
c,active_coupling,affine,5.0,100,1.0,9057473,493,0.999999,0.999999,3463.1512520089336,0,-1
c,active_coupling,affine,5.0,100,1.0,9057473,494,0.9999137861398792,0.999999,3468.2470647825726,0,-1
c,active_coupling,affine,5.0,100,1.0,9057473,495,0.9890066345449995,0.999999,3424.2341361206904,0,-1
c,active_coupling,affine,5.0,100,1.0,9057473,496,0.999992151699094,0.999999,3435.3264218019626,0,-1
c,active_coupling,affine,5.0,100,1.0,9057473,497,0.9999191213598813,0.999999,3457.1687432552617,0,-1
c,active_coupling,affine,5.0,100,1.0,9057473,498,0.9991347018968271,0.999999,3402.9314240253707,0,-1
c,active_coupling,affine,5.0,100,1.0,9057473,499,0.9885601205578021,0.9972608634110318,3458.644509457176,0,-1
c,active_coupling,affine,5.0,100,1.0,9057473,500,0.8848223538793308,0.999999,3482.277945884871,0,-1
c,active_coupling,affine,5.0,100,1.0,9057473,501,0.9992048405376383,0.9997884384844499,3485.2382160616567,0,-1
c,active_coupling,affine,5.0,100,1.0,9057473,502,0.999873115676195,0.9988680621062994,3467.1487969360146,0,-1
c,active_coupling,affine,5.0,100,1.0,9057473,503,0.9999238724386209,0.999999,3432.7738919346025,0,-1
c,active_coupling,affine,5.0,100,1.0,9057473,504,0.988584396374898,0.999999,3443.328770265725,0,-1
c,active_coupling,affine,5.0,100,1.0,9057473,505,0.999999,0.999999,3460.528979297816,0,-1
c,active_coupling,affine,5.0,100,1.0,9057473,506,0.999999,0.9804850164170809,3427.6378281188368,0,-1
c,active_coupling,affine,5.0,100,1.0,9057473,507,0.9985550035444345,0.999999,3454.4666193940366,0,-1
c,active_coupling,affine,5.0,100,1.0,9057473,508,0.9999382078698572,0.5537759678402631,3481.072091157428,0,-1
c,active_coupling,affine,5.0,100,1.0,9057473,509,0.8024796388020914,0.9999227942356224,3441.9801267685853,0,-1
c,active_coupling,affine,5.0,100,1.0,9057473,510,0.9504451707066173,0.9966702939039281,3485.444119015775,0,-1
c,active_coupling,affine,5.0,100,1.0,9057473,511,0.9987166402683744,0.999999,3467.6036772423745,0,-1
c,active_coupling,affine,5.0,100,1.0,9057473,512,0.9998439843573046,0.9842149033086072,3468.3253314924887,0,-1
c,active_coupling,affine,5.0,100,1.0,9057473,513,0.9593117313797487,0.999999,3479.6165561766857,0,-1
c,active_coupling,affine,5.0,100,1.0,9057473,514,0.999999,0.999999,3462.599787265502,0,-1
c,active_coupling,affine,5.0,100,1.0,9057473,515,0.999999,0.999999,3470.405934185547,0,-1
c,active_coupling,affine,5.0,100,1.0,9057473,516,0.99717877723,0.999999,3476.1802424868097,0,-1
c,active_coupling,affine,5.0,100,1.0,9057473,517,0.999999,0.999999,3443.3289216141206,0,-1
c,active_coupling,affine,5.0,100,1.0,9057473,518,0.999999,0.9702423988677014,3452.2815026629687,0,-1
c,active_coupling,affine,5.0,100,1.0,9057473,519,0.999999,0.999999,3465.840435913457,0,-1
c,active_coupling,affine,5.0,100,1.0,9057473,520,0.999999,0.9836967846463534,3455.518663127946,0,-1
c,active_coupling,affine,5.0,100,1.0,9057473,521,0.9875223397755098,0.9680915465783905,3478.9629083005643,0,-1
c,active_coupling,affine,5.0,100,1.0,9057473,522,0.9999260581006443,0.9900876945506348,3471.9940465160853,0,-1
c,active_coupling,affine,5.0,100,1.0,9057473,523,0.9999293315301298,0.9997610643107903,3474.9544245574043,0,-1
c,active_coupling,affine,5.0,100,1.0,9057473,524,0.9990771231014542,0.9998998106675736,3442.0887005761865,0,-1
c,active_coupling,affine,5.0,100,1.0,9057473,525,0.9997456996177084,0.9914231265312522,3435.377817373215,0,-1
c,active_coupling,affine,5.0,100,1.0,9057473,526,0.999999,0.999999,3458.080050272766,0,-1
c,active_coupling,affine,5.0,100,1.0,9057473,527,0.9999588675373414,0.999999,3421.852221090513,0,-1
c,active_coupling,affine,5.0,100,1.0,9057473,528,0.9993899650559187,0.9996691798214576,3479.5123343312844,0,-1
c,active_coupling,affine,5.0,100,1.0,9057473,529,0.9993470582338515,0.9940889682923799,3459.461191778749,0,-1
c,active_coupling,affine,5.0,100,1.0,9057473,530,0.9997111145783213,0.9991126341753923,3447.736518833564,0,-1
c,active_coupling,affine,5.0,100,1.0,9057473,531,0.9998869671154752,0.995672127147409,3448.0907607321956,0,-1
c,active_coupling,affine,5.0,100,1.0,9057473,532,0.999999,0.9998890511955227,3481.410928577685,0,-1
c,active_coupling,affine,5.0,100,1.0,9057473,533,0.999999,0.9775219230990776,3466.53271760605,0,-1
c,active_coupling,affine,5.0,100,1.0,9057473,534,0.9191286524037007,0.9999975111821136,3456.7594417075693,0,-1
c,active_coupling,affine,5.0,100,1.0,9057473,535,0.999999,0.999999,3475.3542306949735,0,-1
c,active_coupling,affine,5.0,100,1.0,9057473,536,0.9759654526852787,0.9999486008033008,3435.14816526751,0,-1
c,active_coupling,affine,5.0,100,1.0,9057473,537,0.9998180333650425,0.999999,3398.123524267345,0,-1
c,active_coupling,affine,5.0,100,1.0,9057473,538,0.9631198484518168,0.999999,3445.7027395241203,0,-1
c,active_coupling,affine,5.0,100,1.0,9057473,539,0.999999,0.999999,3460.3995045982024,0,-1
c,active_coupling,affine,5.0,100,1.0,9057473,540,0.9998697747039559,0.999671911844858,3467.950080379463,0,-1
c,active_coupling,affine,5.0,100,1.0,9057473,541,0.9999183668082864,0.999999,3436.4324309363374,0,-1
c,active_coupling,affine,5.0,100,1.0,9057473,542,0.999999,0.9954551555585579,3470.6994491301093,0,-1
c,active_coupling,affine,5.0,100,1.0,9057473,543,0.9951566667715458,0.999999,3474.6931525157356,0,-1
c,active_coupling,affine,5.0,100,1.0,9057473,544,0.999999,0.999999,3474.509122914171,0,-1
c,active_coupling,affine,5.0,100,1.0,9057473,545,0.9999214957603855,0.999999,3452.069436446193,0,-1
c,active_coupling,affine,5.0,100,1.0,9057473,546,0.9999917796526128,0.9418948867356604,3466.5574732002146,0,-1
c,active_coupling,affine,5.0,100,1.0,9057473,547,0.9929017354262225,0.9996003655972049,3439.0281551486287,0,-1
c,active_coupling,affine,5.0,100,1.0,9057473,548,0.999999,0.999999,3483.2753981281867,0,-1
c,active_coupling,affine,5.0,100,1.0,9057473,549,0.999999,0.9999404055364844,3477.939567491492,0,-1
c,active_coupling,affine,5.0,100,1.0,9057473,550,0.9768941138121449,0.972862834550785,3459.749530843217,0,-1
c,active_coupling,affine,5.0,100,1.0,9057473,551,0.7371459717950943,0.999999,3465.7808865421875,0,-1
c,active_coupling,affine,5.0,100,1.0,9057473,552,0.999999,0.9998208101174554,3479.8209257196268,0,-1
c,active_coupling,affine,5.0,100,1.0,9057473,553,0.999999,0.999999,3460.2104906696613,0,-1
c,active_coupling,affine,5.0,100,1.0,9057473,554,0.9688370536543072,0.999999,3456.8508431963887,0,-1
c,active_coupling,affine,5.0,100,1.0,9057473,555,0.8273753469978605,0.9997136904899181,3483.762606422756,0,-1
c,active_coupling,affine,5.0,100,1.0,9057473,556,0.9479477561629793,0.8847375915409397,3449.89345786978,0,-1
c,active_coupling,affine,5.0,100,1.0,9057473,557,0.9999767347728548,0.999999,3458.1926329165526,0,-1
c,active_coupling,affine,5.0,100,1.0,9057473,558,0.999999,0.9186051115894572,3437.765989175806,0,-1
c,active_coupling,affine,5.0,100,1.0,9057473,559,0.9997779928271784,0.9999585881211832,3469.674009786588,0,-1
c,active_coupling,affine,5.0,100,1.0,9057473,560,0.5822712228121779,0.9984899415291362,3464.5337648753707,0,-1
c,active_coupling,affine,5.0,100,1.0,9057473,561,0.9998323100576277,0.999999,3459.7664248670235,0,-1
c,active_coupling,affine,5.0,100,1.0,9057473,562,0.999999,0.9992748329953632,3467.5085262558746,0,-1
c,active_coupling,affine,5.0,100,1.0,9057473,563,0.999999,0.9955160664894772,3467.7545936943807,0,-1
c,active_coupling,affine,5.0,100,1.0,9057473,564,0.9969045208325285,0.9999815171369345,3472.448039422035,0,-1
c,active_coupling,affine,5.0,100,1.0,9057473,565,0.999999,0.9999359276459878,3473.465000647197,0,-1
c,active_coupling,affine,5.0,100,1.0,9057473,566,0.9943323689771795,0.9730166185808636,3467.7880704905238,0,-1
c,active_coupling,affine,5.0,100,1.0,9057473,567,0.8820290073206825,0.999999,3424.9113764578196,0,-1
c,active_coupling,affine,5.0,100,1.0,9057473,568,0.9996303359920787,0.9999386680108134,3471.310563099149,0,-1
c,active_coupling,affine,5.0,100,1.0,9057473,569,0.9999407384879043,0.991739673503428,3454.9093529489087,0,-1
c,active_coupling,affine,5.0,100,1.0,9057473,570,0.999999,0.999999,3463.3663930812427,0,-1
c,active_coupling,affine,5.0,100,1.0,9057473,571,0.9994762464881737,0.9965714128169723,3480.791446289064,0,-1
c,active_coupling,affine,5.0,100,1.0,9057473,572,0.999999,0.9995601798563891,3478.1228029990416,0,-1
c,active_coupling,affine,5.0,100,1.0,9057473,573,0.7249437948387919,0.9955973796335195,3470.6778608521445,0,-1
c,active_coupling,affine,5.0,100,1.0,9057473,574,0.9978876041997983,0.9998408849239362,3468.068633928034,0,-1
c,active_coupling,affine,5.0,100,1.0,9057473,575,0.9999851824561117,0.999999,3466.942330024766,0,-1
c,active_coupling,affine,5.0,100,1.0,9057473,576,0.999999,0.9980777231051636,3472.986035997188,0,-1
c,active_coupling,affine,5.0,100,1.0,9057473,577,0.999999,0.999882913758595,3423.099878788867,0,-1
c,active_coupling,affine,5.0,100,1.0,9057473,578,0.9570722712860454,0.9997772565657258,3483.4627477241343,0,-1
c,active_coupling,affine,5.0,100,1.0,9057473,579,0.9797943755207342,0.9857622940991129,3465.4775927320984,0,-1
c,active_coupling,affine,5.0,100,1.0,9057473,580,0.9988214887143585,0.9653867492288079,3474.1093807221596,0,-1
c,active_coupling,affine,5.0,100,1.0,9057473,581,0.9227780220916644,0.9994576588350637,3484.3328728545953,0,-1
c,active_coupling,affine,5.0,100,1.0,9057473,582,0.999999,0.9996748378375527,3480.432059484313,0,-1
c,active_coupling,affine,5.0,100,1.0,9057473,583,0.999999,0.999999,3463.3607819395593,0,-1
c,active_coupling,affine,5.0,100,1.0,9057473,584,0.9882818215934892,0.9971987516643527,3474.8569480385763,0,-1
c,active_coupling,affine,5.0,100,1.0,9057473,585,0.999999,0.9997247337019312,3453.741329218494,0,-1
c,active_coupling,affine,5.0,100,1.0,9057473,586,0.9985913735519799,0.9998454064443933,3434.4067317914855,0,-1
c,active_coupling,affine,5.0,100,1.0,9057473,587,0.998285117134555,0.9998262730522703,3464.3157881108555,0,-1
c,active_coupling,affine,5.0,100,1.0,9057473,588,0.999999,0.710520975878919,3367.7188687144685,0,-1
c,active_coupling,affine,5.0,100,1.0,9057473,589,0.9622478830431189,0.973242933385092,3473.082443254184,0,-1
c,active_coupling,affine,5.0,100,1.0,9057473,590,0.9963178976137929,0.9955941100966588,3462.984053606083,0,-1
c,active_coupling,affine,5.0,100,1.0,9057473,591,0.9836506863020656,0.999999,3474.9246291402587,0,-1
c,active_coupling,affine,5.0,100,1.0,9057473,592,0.999999,0.999999,3437.750018479853,0,-1
c,active_coupling,affine,5.0,100,1.0,9057473,593,0.9998860546541618,0.999999,3448.8486404444866,0,-1
c,active_coupling,affine,5.0,100,1.0,9057473,594,0.9987643711489702,0.9999865753920927,3470.6722815913895,0,-1
c,active_coupling,affine,5.0,100,1.0,9057473,595,0.999999,0.999999,3454.026382625365,0,-1
c,active_coupling,affine,5.0,100,1.0,9057473,596,0.999999,0.9995089418885585,3432.799517334801,0,-1
c,active_coupling,affine,5.0,100,1.0,9057473,597,0.999999,0.988666288912627,3448.602043136698,0,-1
c,active_coupling,affine,5.0,100,1.0,9057473,598,0.8771630670391782,0.999999,3461.39190640037,0,-1
c,active_coupling,affine,5.0,100,1.0,9057473,599,0.999999,0.999999,3476.870831240097,0,-1
c,active_coupling,affine,5.0,100,1.0,9057473,600,0.9998552873550222,0.9998080100252594,3481.508723557767,0,-1
c,active_coupling,affine,5.0,100,1.0,9057473,601,0.9960874756197327,0.9998453263928389,3471.2643205117147,0,-1
c,active_coupling,affine,5.0,100,1.0,9057473,602,0.9999716109383769,0.9999613404509916,3480.2569786664776,0,-1
c,active_coupling,affine,5.0,100,1.0,9057473,603,0.9999390010711087,0.8677459539047203,3428.638937769379,0,-1
c,active_coupling,affine,5.0,100,1.0,9057473,604,0.999999,0.999999,3479.6780705512538,0,-1
c,active_coupling,affine,5.0,100,1.0,9057473,605,0.999999,0.999999,3445.84372483058,0,-1
c,active_coupling,affine,5.0,100,1.0,9057473,606,0.9988522652827075,0.999999,3463.4692974996774,0,-1
c,active_coupling,affine,5.0,100,1.0,9057473,607,0.999999,0.999999,3465.886163800414,0,-1
c,active_coupling,affine,5.0,100,1.0,9057473,608,0.9995037371192985,0.9858235043870865,3446.5127140419463,0,-1
c,active_coupling,affine,5.0,100,1.0,9057473,609,0.9104712662887913,0.9998530979235887,3473.0171927801202,0,-1
c,active_coupling,affine,5.0,100,1.0,9057473,610,0.9998472251886911,0.9998985425521891,3459.3156463106325,0,-1
c,active_coupling,affine,5.0,100,1.0,9057473,611,0.9940101097489856,0.999999,3446.231719052476,0,-1
c,active_coupling,affine,5.0,100,1.0,9057473,612,0.999999,0.9920406515835194,3459.7624861209665,0,-1
c,active_coupling,affine,5.0,100,1.0,9057473,613,0.9114338057465748,0.9997305656535899,3439.6287922384236,0,-1
c,active_coupling,affine,5.0,100,1.0,9057473,614,0.9256017377689625,0.9999796004766942,3460.712696478511,0,-1
c,active_coupling,affine,5.0,100,1.0,9057473,615,0.9993906103713107,0.999999,3473.4095386541367,0,-1
c,active_coupling,affine,5.0,100,1.0,9057473,616,0.9977426683199117,0.9998543752238775,3465.069426866295,0,-1
c,active_coupling,affine,5.0,100,1.0,9057473,617,0.999999,0.9964648694787732,3458.065854424616,0,-1
c,active_coupling,affine,5.0,100,1.0,9057473,618,0.999999,0.999999,3461.1646560737486,0,-1
c,active_coupling,affine,5.0,100,1.0,9057473,619,0.999999,0.999999,3447.1343966075538,0,-1
c,active_coupling,affine,5.0,100,1.0,9057473,620,0.9998518525244517,0.999999,3467.0123155879073,0,-1
c,active_coupling,affine,5.0,100,1.0,9057473,621,0.9995453839225156,0.9997113731545266,3481.0489559729954,0,-1
c,active_coupling,affine,5.0,100,1.0,9057473,622,0.999999,0.9958276028174565,3465.7892136847195,0,-1
c,active_coupling,affine,5.0,100,1.0,9057473,623,0.9980976376576358,0.999999,3454.932031148932,0,-1
c,active_coupling,affine,5.0,100,1.0,9057473,624,0.9939365571865642,0.9993521803024668,3463.5327779660624,0,-1
c,active_coupling,affine,5.0,100,1.0,9057473,625,0.9989930986480213,0.9963422244065832,3483.636656072899,0,-1
c,active_coupling,affine,5.0,100,1.0,9057473,626,0.8290571350494932,0.9978467862396818,3456.361381247748,0,-1
c,active_coupling,affine,5.0,100,1.0,9057473,627,0.9245021124783372,0.9998638921111216,3486.6958318867237,0,-1
c,active_coupling,affine,5.0,100,1.0,9057473,628,0.9197380647469131,0.999999,3471.540588003517,0,-1
c,active_coupling,affine,5.0,100,1.0,9057473,629,0.9999734519459517,0.9965543930435239,3476.5417562037,0,-1
c,active_coupling,affine,5.0,100,1.0,9057473,630,0.999903929400423,0.9979557333626404,3473.2295996407884,0,-1
c,active_coupling,affine,5.0,100,1.0,9057473,631,0.999999,0.999999,3433.0620773508203,0,-1
c,active_coupling,affine,5.0,100,1.0,9057473,632,0.999999,0.9999884868657559,3449.338985678592,0,-1
c,active_coupling,affine,5.0,100,1.0,9057473,633,0.999999,0.9967042046769079,3475.152983559933,0,-1
c,active_coupling,affine,5.0,100,1.0,9057473,634,0.999999,0.9981412153386254,3472.3881068199653,0,-1
c,active_coupling,affine,5.0,100,1.0,9057473,635,0.999999,0.9919528072188467,3440.873326444575,0,-1
c,active_coupling,affine,5.0,100,1.0,9057473,636,0.9956512946803766,0.999999,3452.163155552328,0,-1
c,active_coupling,affine,5.0,100,1.0,9057473,637,0.9999571247107646,0.9842442035193875,3484.2448984865946,0,-1
c,active_coupling,affine,5.0,100,1.0,9057473,638,0.9999104332420518,0.999999,3458.2439819033175,0,-1
c,active_coupling,affine,5.0,100,1.0,9057473,639,0.999999,0.9997459167877503,3461.5538956115365,0,-1
c,active_coupling,affine,5.0,100,1.0,9057473,640,0.9999777352407797,0.999999,3466.4353345415384,0,-1
c,active_coupling,affine,5.0,100,1.0,9057473,641,0.999999,0.9430558802623412,3438.209211271049,0,-1
c,active_coupling,affine,5.0,100,1.0,9057473,642,0.9983761196714346,0.9999777949376972,3446.443375854309,0,-1
c,active_coupling,affine,5.0,100,1.0,9057473,643,0.999999,0.999999,3462.1613605741545,0,-1
c,active_coupling,affine,5.0,100,1.0,9057473,644,0.9998524705041577,0.9964695651666026,3473.239595748642,0,-1
c,active_coupling,affine,5.0,100,1.0,9057473,645,0.9998868540459083,0.999999,3479.1003496218104,0,-1
c,active_coupling,affine,5.0,100,1.0,9057473,646,-0.6546171254754355,0.999999,3482.164976836105,1,274
c,active_coupling,affine,5.0,100,1.0,9057473,647,0.999999,0.999948528080343,3477.4754646513206,0,-1
c,active_coupling,affine,5.0,100,1.0,9057473,648,0.999999,0.999999,3396.190563532161,0,-1
c,active_coupling,affine,5.0,100,1.0,9057473,649,0.9962730405816586,0.9982272477777769,3458.7484676115396,0,-1
c,active_coupling,affine,5.0,100,1.0,9057473,650,0.87389315524126,0.999999,3468.000110976087,0,-1
c,active_coupling,affine,5.0,100,1.0,9057473,651,0.999999,0.9775997064201134,3479.6818806132187,0,-1
c,active_coupling,affine,5.0,100,1.0,9057473,652,0.9981839731858733,0.999999,3467.3463848205224,0,-1
c,active_coupling,affine,5.0,100,1.0,9057473,653,0.9986222582089783,0.9820605016406668,3451.742873352919,0,-1
c,active_coupling,affine,5.0,100,1.0,9057473,654,0.9999242184652669,0.9999952563666706,3464.898365309521,0,-1
c,active_coupling,affine,5.0,100,1.0,9057473,655,0.9764867304048567,0.9973227361407043,3454.9200616523813,0,-1
c,active_coupling,affine,5.0,100,1.0,9057473,656,0.9993111827957646,0.999999,3467.632875679588,0,-1
c,active_coupling,affine,5.0,100,1.0,9057473,657,0.9996955194332044,0.999999,3455.73579146393,0,-1
c,active_coupling,affine,5.0,100,1.0,9057473,658,0.999999,0.9433648240273859,3428.467327004287,0,-1
c,active_coupling,affine,5.0,100,1.0,9057473,659,0.999999,0.9939888014319676,3469.9869843535944,0,-1
c,active_coupling,affine,5.0,100,1.0,9057473,660,0.9999868802335882,0.9998954599849835,3476.329494715995,0,-1
c,active_coupling,affine,5.0,100,1.0,9057473,661,0.9873272486314275,0.9999661330703168,3474.5908486059607,0,-1
c,active_coupling,affine,5.0,100,1.0,9057473,662,0.999999,0.9999817482967708,3471.587399503452,0,-1
c,active_coupling,affine,5.0,100,1.0,9057473,663,0.9877417631254142,0.999999,3420.8685191940667,0,-1
c,active_coupling,affine,5.0,100,1.0,9057473,664,0.9438568039850079,0.999999,3468.17051675642,0,-1
c,active_coupling,affine,5.0,100,1.0,9057473,665,0.7097970199414454,0.999999,3461.361207234975,0,-1
c,active_coupling,affine,5.0,100,1.0,9057473,666,0.9986638992044249,0.9902177170660771,3439.370042128121,0,-1
c,active_coupling,affine,5.0,100,1.0,9057473,667,0.9990330852231611,0.9998300566724461,3481.363367026612,0,-1
c,active_coupling,affine,5.0,100,1.0,9057473,668,0.9998241942974917,0.999999,3462.8481670307597,0,-1
c,active_coupling,affine,5.0,100,1.0,9057473,669,0.999835626057882,0.9967495718306881,3463.9925624931957,0,-1
c,active_coupling,affine,5.0,100,1.0,9057473,670,0.999999,0.999999,3464.724202762352,0,-1
c,active_coupling,affine,5.0,100,1.0,9057473,671,0.999999,0.999999,3482.169657870942,0,-1
c,active_coupling,affine,5.0,100,1.0,9057473,672,0.999999,0.8300325570534439,3459.0937366101125,0,-1
c,active_coupling,affine,5.0,100,1.0,9057473,673,0.999585180630517,0.999999,3443.0445805180516,0,-1
c,active_coupling,affine,5.0,100,1.0,9057473,674,0.999999,0.9969770565029086,3431.441452167341,0,-1
c,active_coupling,affine,5.0,100,1.0,9057473,675,0.9999688980090905,0.999999,3454.0568507711937,0,-1
c,active_coupling,affine,5.0,100,1.0,9057473,676,0.999999,0.9985918174717718,3460.183231047229,0,-1
c,active_coupling,affine,5.0,100,1.0,9057473,677,0.9999860376162747,0.9999447140443681,3405.76154480079,0,-1
c,active_coupling,affine,5.0,100,1.0,9057473,678,0.9978032701128259,0.999999,3395.740111800367,0,-1
c,active_coupling,affine,5.0,100,1.0,9057473,679,0.999999,0.999999,3442.7717295248103,0,-1
c,active_coupling,affine,5.0,100,1.0,9057473,680,0.9906306220477689,0.999853283817927,3468.729172867016,0,-1
c,active_coupling,affine,5.0,100,1.0,9057473,681,0.9978396325571077,0.999999,3455.182036486633,0,-1
c,active_coupling,affine,5.0,100,1.0,9057473,682,0.9998945865740824,0.9999738113131128,3472.009626860582,0,-1
c,active_coupling,affine,5.0,100,1.0,9057473,683,0.9962031272371906,0.999999,3476.4063556446768,0,-1
c,active_coupling,affine,5.0,100,1.0,9057473,684,0.9978728734750052,0.9872820797122419,3453.1163974759775,0,-1
c,active_coupling,affine,5.0,100,1.0,9057473,685,0.999999,0.9313521973052273,3441.421796860112,0,-1
c,active_coupling,affine,5.0,100,1.0,9057473,686,0.8783854683215525,0.999999,3462.6564889752717,0,-1
c,active_coupling,affine,5.0,100,1.0,9057473,687,0.999999,0.999999,3474.52964321502,0,-1
c,active_coupling,affine,5.0,100,1.0,9057473,688,0.9992570387207719,0.9997793264117855,3371.224985259387,0,-1
c,active_coupling,affine,5.0,100,1.0,9057473,689,0.9980163532132202,0.999999,3460.0289724374775,0,-1
c,active_coupling,affine,5.0,100,1.0,9057473,690,0.9998833245170795,0.999999,3456.700140279379,0,-1
c,active_coupling,affine,5.0,100,1.0,9057473,691,0.9900484370145126,0.9998362481190498,3461.96770272008,0,-1
c,active_coupling,affine,5.0,100,1.0,9057473,692,0.9920369532988637,0.9999000353703624,3428.8799669544396,0,-1
c,active_coupling,affine,5.0,100,1.0,9057473,693,0.9970711374416518,0.999091486676038,3467.7106639196054,0,-1
c,active_coupling,affine,5.0,100,1.0,9057473,694,0.999999,0.999999,3462.9508037701,0,-1
c,active_coupling,affine,5.0,100,1.0,9057473,695,0.999783635045707,0.999999,3433.7879287563974,0,-1
c,active_coupling,affine,5.0,100,1.0,9057473,696,0.999999,0.999999,3452.549061369665,0,-1
c,active_coupling,affine,5.0,100,1.0,9057473,697,0.999999,0.9994346971407105,3464.932178406413,0,-1
c,active_coupling,affine,5.0,100,1.0,9057473,698,0.9991598340957514,0.999999,3475.906988796495,0,-1
c,active_coupling,affine,5.0,100,1.0,9057473,699,0.999999,0.9997850515946418,3410.4576947102723,0,-1
c,active_coupling,affine,5.0,100,1.0,9057473,700,0.99982578267467,0.9999683571535866,3381.2299003821536,0,-1
c,active_coupling,affine,5.0,100,1.0,9057473,701,0.999999,0.9993747783461339,3459.472924134474,0,-1
c,active_coupling,affine,5.0,100,1.0,9057473,702,0.999999,0.9998419972993424,3452.906838538995,0,-1
c,active_coupling,affine,5.0,100,1.0,9057473,703,0.9982528621731556,0.999999,3476.6746735955444,0,-1
c,active_coupling,affine,5.0,100,1.0,9057473,704,0.999999,0.9999563496966607,3481.8857642962057,0,-1
c,active_coupling,affine,5.0,100,1.0,9057473,705,0.9475652963832769,0.999923966664824,3476.386522266177,0,-1
c,active_coupling,affine,5.0,100,1.0,9057473,706,0.9835595852891772,0.9808122931594315,3459.1130641698296,0,-1
c,active_coupling,affine,5.0,100,1.0,9057473,707,0.999999,0.9997899584341525,3471.3482005010333,0,-1
c,active_coupling,affine,5.0,100,1.0,9057473,708,0.7634857945558391,0.9998628589395191,3485.522080777522,0,-1
c,active_coupling,affine,5.0,100,1.0,9057473,709,0.9998451226400844,0.999999,3463.236200525846,0,-1
c,active_coupling,affine,5.0,100,1.0,9057473,710,0.6245713853973934,0.999999,3468.761617859854,0,-1
c,active_coupling,affine,5.0,100,1.0,9057473,711,0.9620630113388583,0.9999049354131607,3459.4015691632794,0,-1
c,active_coupling,affine,5.0,100,1.0,9057473,712,0.9997473991227417,0.9999487894041406,3461.784627271174,0,-1
c,active_coupling,affine,5.0,100,1.0,9057473,713,0.999999,0.9999387820961296,3469.397648466533,0,-1
c,active_coupling,affine,5.0,100,1.0,9057473,714,0.9999687579422804,0.9999150022186922,3470.497503389627,0,-1
c,active_coupling,affine,5.0,100,1.0,9057473,715,0.9985137497349427,0.999999,3456.351205233248,0,-1
c,active_coupling,affine,5.0,100,1.0,9057473,716,0.9999719504262364,0.997762721330101,3455.9684905074437,0,-1
c,active_coupling,affine,5.0,100,1.0,9057473,717,0.9987105876409791,0.999999,3462.971355608823,0,-1
c,active_coupling,affine,5.0,100,1.0,9057473,718,0.999999,0.9752505933626335,3475.577007029759,0,-1
c,active_coupling,affine,5.0,100,1.0,9057473,719,0.9998579683072458,0.9549294526864115,3459.2303380075355,0,-1
c,active_coupling,affine,5.0,100,1.0,9057473,720,0.9994459058701535,0.999999,3473.832832508897,0,-1
c,active_coupling,affine,5.0,100,1.0,9057473,721,0.999999,0.999999,3474.7825416176083,0,-1
c,active_coupling,affine,5.0,100,1.0,9057473,722,0.9219229177606341,0.9999143233722055,3453.011480887105,0,-1
c,active_coupling,affine,5.0,100,1.0,9057473,723,0.999931195235508,0.9999855962282259,3482.214908893626,0,-1
c,active_coupling,affine,5.0,100,1.0,9057473,724,0.9826123636398407,0.9986826213483017,3469.351007002541,0,-1
c,active_coupling,affine,5.0,100,1.0,9057473,725,0.999782704764696,0.970709000008537,3475.502496791155,0,-1
c,active_coupling,affine,5.0,100,1.0,9057473,726,0.999999,0.9827048010063949,3477.1572804907337,0,-1
c,active_coupling,affine,5.0,100,1.0,9057473,727,0.9964104756150689,0.9697573626113423,3449.8219039815344,0,-1
c,active_coupling,affine,5.0,100,1.0,9057473,728,0.999999,0.9998073027563184,3452.3355117278447,0,-1
c,active_coupling,affine,5.0,100,1.0,9057473,729,0.9997415803753434,0.999999,3468.4839193928638,0,-1
c,active_coupling,affine,5.0,100,1.0,9057473,730,0.999999,0.9999253923194639,3458.6491436128617,0,-1
c,active_coupling,affine,5.0,100,1.0,9057473,731,0.999999,0.9998596109689657,3430.6314694730722,0,-1
c,active_coupling,affine,5.0,100,1.0,9057473,732,0.999999,0.999999,3453.400682829789,0,-1
c,active_coupling,affine,5.0,100,1.0,9057473,733,0.999999,0.9998759659905164,3470.188929679611,0,-1
c,active_coupling,affine,5.0,100,1.0,9057473,734,0.999647164729016,0.8813092789568058,3466.058351677911,0,-1
c,active_coupling,affine,5.0,100,1.0,9057473,735,0.9998055115608184,0.999999,3415.745718879749,0,-1
c,active_coupling,affine,5.0,100,1.0,9057473,736,0.9969132423050591,0.999999,3468.1229122498557,0,-1
c,active_coupling,affine,5.0,100,1.0,9057473,737,0.9988127162466871,0.9999404199835765,3482.9952064945146,0,-1
c,active_coupling,affine,5.0,100,1.0,9057473,738,0.9064627789222,0.9992199946864372,3458.1583096363834,0,-1
c,active_coupling,affine,5.0,100,1.0,9057473,739,0.9959641676638256,0.999999,3474.797576372905,0,-1
c,active_coupling,affine,5.0,100,1.0,9057473,740,0.9999887718128406,0.5825107503637058,3379.4152517865923,0,-1
c,active_coupling,affine,5.0,100,1.0,9057473,741,0.9997989559734409,0.999827040949667,3476.4187417945545,0,-1
c,active_coupling,affine,5.0,100,1.0,9057473,742,0.999999,0.999999,3469.059388892525,0,-1
c,active_coupling,affine,5.0,100,1.0,9057473,743,0.999999,0.999999,3476.414368340577,0,-1
c,active_coupling,affine,5.0,100,1.0,9057473,744,0.999999,0.999999,3457.7290140357445,0,-1
c,active_coupling,affine,5.0,100,1.0,9057473,745,0.9999204892412203,0.9991896552515662,3458.650679675719,0,-1
c,active_coupling,affine,5.0,100,1.0,9057473,746,0.999999,0.9973443744651015,3473.66452655178,0,-1
c,active_coupling,affine,5.0,100,1.0,9057473,747,0.9655654377458436,0.9993619526891432,3463.3338530979413,0,-1
c,active_coupling,affine,5.0,100,1.0,9057473,748,0.9719686391222848,0.9968943951129011,3456.43972898541,0,-1
c,active_coupling,affine,5.0,100,1.0,9057473,749,0.9993106204198795,0.9968308128306688,3468.0705386424656,0,-1
c,active_coupling,affine,5.0,100,1.0,9057473,750,0.9997666036956517,0.999999,3477.002502618154,0,-1
c,active_coupling,affine,5.0,100,1.0,9057473,751,0.9999177905269218,0.999999,3480.227875058884,0,-1
c,active_coupling,affine,5.0,100,1.0,9057473,752,0.999999,0.966241925801623,3459.6381067929374,1,293
c,active_coupling,affine,5.0,100,1.0,9057473,753,0.9960305972764308,0.999999,3459.1131954137827,0,-1
c,active_coupling,affine,5.0,100,1.0,9057473,754,0.999999,0.9971142213838569,3461.404952309069,0,-1
c,active_coupling,affine,5.0,100,1.0,9057473,755,0.999999,0.999999,3464.7990929085436,0,-1
c,active_coupling,affine,5.0,100,1.0,9057473,756,0.999999,0.9999407631246942,3470.076880048787,0,-1
c,active_coupling,affine,5.0,100,1.0,9057473,757,0.9981312251445121,0.999999,3487.0894248498726,0,-1
c,active_coupling,affine,5.0,100,1.0,9057473,758,0.9994553505569495,0.999999,3433.9631567204638,0,-1
c,active_coupling,affine,5.0,100,1.0,9057473,759,0.9988008696560711,0.9974920531474115,3478.7255852816984,0,-1
c,active_coupling,affine,5.0,100,1.0,9057473,760,0.9150384764492099,0.9997282161592235,3484.2521313151374,0,-1
c,active_coupling,affine,5.0,100,1.0,9057473,761,0.9995538380742723,0.999999,3418.5474521537813,0,-1
c,active_coupling,affine,5.0,100,1.0,9057473,762,0.999999,0.999999,3453.124349331242,0,-1
c,active_coupling,affine,5.0,100,1.0,9057473,763,0.9019017228218663,0.9743423155277933,3480.7558890365503,0,-1
c,active_coupling,affine,5.0,100,1.0,9057473,764,0.34403279904694106,0.9921347297527034,3478.721955422942,0,-1
c,active_coupling,affine,5.0,100,1.0,9057473,765,0.9998443855113458,0.9993173722912319,3401.759820672048,0,-1
c,active_coupling,affine,5.0,100,1.0,9057473,766,0.9999727538496564,0.999999,3476.9315450926665,0,-1
c,active_coupling,affine,5.0,100,1.0,9057473,767,0.9875372173261999,0.9997035955416393,3460.745910114374,0,-1
c,active_coupling,affine,5.0,100,1.0,9057473,768,0.9955477549616557,0.9997121991887592,3446.610599556033,0,-1
c,active_coupling,affine,5.0,100,1.0,9057473,769,0.9999336524976232,0.999999,3473.9314264606014,0,-1
c,active_coupling,affine,5.0,100,1.0,9057473,770,0.999999,0.9998535878568396,3457.586422419434,0,-1
c,active_coupling,affine,5.0,100,1.0,9057473,771,0.999999,0.999999,3471.863328054598,0,-1
c,active_coupling,affine,5.0,100,1.0,9057473,772,0.999999,0.999999,3446.617440553641,0,-1
c,active_coupling,affine,5.0,100,1.0,9057473,773,0.999999,0.9946193662780306,3463.245730615826,0,-1
c,active_coupling,affine,5.0,100,1.0,9057473,774,0.9997851525142176,0.9998728049573077,3475.0531786701563,0,-1
c,active_coupling,affine,5.0,100,1.0,9057473,775,0.999999,0.999924468328467,3476.657953992669,0,-1
c,active_coupling,affine,5.0,100,1.0,9057473,776,0.999999,0.999999,3458.916510694391,0,-1
c,active_coupling,affine,5.0,100,1.0,9057473,777,0.999999,0.9990895865827581,3470.4783337142408,0,-1
c,active_coupling,affine,5.0,100,1.0,9057473,778,0.999999,0.9979973118141362,3441.4204433616906,0,-1
c,active_coupling,affine,5.0,100,1.0,9057473,779,0.999999,0.9478077837780875,3474.5362748786583,0,-1
c,active_coupling,affine,5.0,100,1.0,9057473,780,0.999999,0.9999680948510979,3453.978263691094,0,-1
c,active_coupling,affine,5.0,100,1.0,9057473,781,0.999946283288184,0.999999,3483.055159541957,0,-1
c,active_coupling,affine,5.0,100,1.0,9057473,782,0.9996042905482854,0.9986108462163051,3471.0868751130342,0,-1
c,active_coupling,affine,5.0,100,1.0,9057473,783,0.999999,0.9999363444082244,3449.6458142878505,0,-1
c,active_coupling,affine,5.0,100,1.0,9057473,784,0.999999,0.9997887865778842,3453.9272940186834,0,-1
c,active_coupling,affine,5.0,100,1.0,9057473,785,0.999999,0.999999,3483.101892699048,0,-1
c,active_coupling,affine,5.0,100,1.0,9057473,786,0.943131337735224,0.9900252898766203,3484.0697679221103,0,-1
c,active_coupling,affine,5.0,100,1.0,9057473,787,0.999999,0.9943646454512067,3443.558704299467,0,-1
c,active_coupling,affine,5.0,100,1.0,9057473,788,0.999999,0.9990247003014883,3474.374954568065,0,-1
c,active_coupling,affine,5.0,100,1.0,9057473,789,0.999999,0.9998622664131843,3469.2858654371744,0,-1
c,active_coupling,affine,5.0,100,1.0,9057473,790,0.9805673612197732,0.999999,3470.414387385635,0,-1
c,active_coupling,affine,5.0,100,1.0,9057473,791,0.999999,0.997155776628909,3453.061338286692,0,-1
c,active_coupling,affine,5.0,100,1.0,9057473,792,0.8728522531132186,0.999999,3468.3987933499325,0,-1
c,active_coupling,affine,5.0,100,1.0,9057473,793,0.9995870213458158,0.999999,3477.750315552453,0,-1
c,active_coupling,affine,5.0,100,1.0,9057473,794,0.9988665393699514,0.9995341999132463,3470.2031021988437,0,-1
c,active_coupling,affine,5.0,100,1.0,9057473,795,0.9897749884807229,0.971365846214163,3463.427446795482,0,-1
c,active_coupling,affine,5.0,100,1.0,9057473,796,0.9999555911809095,0.999999,3463.1293302375825,0,-1
c,active_coupling,affine,5.0,100,1.0,9057473,797,0.999999,0.9162053521938786,3448.7281405089693,0,-1
c,active_coupling,affine,5.0,100,1.0,9057473,798,0.999999,0.999999,3470.1313778626627,0,-1
c,active_coupling,affine,5.0,100,1.0,9057473,799,0.999999,0.999999,3448.1195483231563,0,-1
c,active_coupling,affine,5.0,100,1.0,9057473,800,0.9998692268247674,0.21001826380402283,3460.327432517131,0,-1
c,active_coupling,affine,5.0,100,1.0,9057473,801,0.999999,0.9999174033818755,3462.8768553258124,0,-1
c,active_coupling,affine,5.0,100,1.0,9057473,802,0.999999,0.952986639527246,3448.618026090293,0,-1
c,active_coupling,affine,5.0,100,1.0,9057473,803,0.999999,0.999999,3450.3182873718692,0,-1
c,active_coupling,affine,5.0,100,1.0,9057473,804,0.9999805636868155,0.9964282524227993,3439.712979728082,0,-1
c,active_coupling,affine,5.0,100,1.0,9057473,805,0.999999,0.999999,3440.4173767171073,0,-1
c,active_coupling,affine,5.0,100,1.0,9057473,806,0.999999,0.999809211099688,3473.7956673644717,0,-1
c,active_coupling,affine,5.0,100,1.0,9057473,807,0.999999,0.9975306019402466,3455.7655884208493,0,-1
c,active_coupling,affine,5.0,100,1.0,9057473,808,0.999999,0.999999,3487.4442257751825,0,-1
c,active_coupling,affine,5.0,100,1.0,9057473,809,0.9995371895376247,0.999999,3464.852706686972,0,-1
c,active_coupling,affine,5.0,100,1.0,9057473,810,0.999999,0.999999,3454.711057346586,0,-1
c,active_coupling,affine,5.0,100,1.0,9057473,811,0.9962267068156098,0.999999,3413.400015291124,0,-1
c,active_coupling,affine,5.0,100,1.0,9057473,812,0.906366988857117,0.999999,3453.3436438491194,0,-1
c,active_coupling,affine,5.0,100,1.0,9057473,813,0.9998605954363796,0.999999,3444.6299057999695,0,-1
c,active_coupling,affine,5.0,100,1.0,9057473,814,0.999999,0.999774869904269,3471.69375675525,0,-1
c,active_coupling,affine,5.0,100,1.0,9057473,815,0.9999374532837831,0.8571955323684024,3467.005335110921,0,-1
c,active_coupling,affine,5.0,100,1.0,9057473,816,0.999999,0.9926201754866668,3464.485022587137,0,-1
c,active_coupling,affine,5.0,100,1.0,9057473,817,0.999999,0.999999,3463.9007425610966,0,-1
c,active_coupling,affine,5.0,100,1.0,9057473,818,0.9971748887207659,0.9957764313826579,3361.615570050457,0,-1
c,active_coupling,affine,5.0,100,1.0,9057473,819,0.999999,0.999999,3435.8691482034874,0,-1
c,active_coupling,affine,5.0,100,1.0,9057473,820,0.999999,0.9997148814796759,3398.7103576042223,0,-1
c,active_coupling,affine,5.0,100,1.0,9057473,821,0.7612307628225568,0.9920206239056739,3474.8166052729716,0,-1
c,active_coupling,affine,5.0,100,1.0,9057473,822,0.999999,0.89139443380252,3434.0702505821455,0,-1
c,active_coupling,affine,5.0,100,1.0,9057473,823,0.999999,0.9999782337725851,3479.041807864407,0,-1
c,active_coupling,affine,5.0,100,1.0,9057473,824,0.9888452818093986,0.999778403058835,3479.53963599282,0,-1
c,active_coupling,affine,5.0,100,1.0,9057473,825,0.999999,0.9999301517982883,3449.81399763949,0,-1
c,active_coupling,affine,5.0,100,1.0,9057473,826,0.999999,0.9998258649423982,3471.192058595428,0,-1
c,active_coupling,affine,5.0,100,1.0,9057473,827,0.9994245012181524,0.999999,3486.280219091179,0,-1
c,active_coupling,affine,5.0,100,1.0,9057473,828,0.997262904134252,0.999999,3417.745983476284,0,-1
c,active_coupling,affine,5.0,100,1.0,9057473,829,0.999999,0.8993128449354908,3469.5607530154907,0,-1
c,active_coupling,affine,5.0,100,1.0,9057473,830,0.9511571438760638,0.9661365249239521,3393.6168614263875,0,-1
c,active_coupling,affine,5.0,100,1.0,9057473,831,0.999999,0.999999,3479.898623305419,0,-1
c,active_coupling,affine,5.0,100,1.0,9057473,832,0.9998179669678122,0.9998845062166217,3476.2261866757585,0,-1
c,active_coupling,affine,5.0,100,1.0,9057473,833,0.999999,0.9948041432638031,3479.8562010779756,0,-1
c,active_coupling,affine,5.0,100,1.0,9057473,834,0.999999,0.9947394475941046,3398.815535023995,0,-1
c,active_coupling,affine,5.0,100,1.0,9057473,835,0.7958855301487103,0.999999,3466.077276764472,0,-1
c,active_coupling,affine,5.0,100,1.0,9057473,836,0.999999,0.9999177760100681,3471.247716809392,0,-1
c,active_coupling,affine,5.0,100,1.0,9057473,837,0.999999,0.999999,3468.3616301422803,0,-1
c,active_coupling,affine,5.0,100,1.0,9057473,838,0.9999680585520885,0.9529701290702198,3429.8512624990967,0,-1
c,active_coupling,affine,5.0,100,1.0,9057473,839,0.9998531381593019,0.9996229504310762,3463.1712690529525,0,-1
c,active_coupling,affine,5.0,100,1.0,9057473,840,0.999999,0.999999,3476.1963473492965,0,-1
c,active_coupling,affine,5.0,100,1.0,9057473,841,0.9943989186889531,0.9927983764382096,3469.5712839506,0,-1
c,active_coupling,affine,5.0,100,1.0,9057473,842,0.999999,0.999999,3449.719988033464,0,-1
c,active_coupling,affine,5.0,100,1.0,9057473,843,0.9982834847952826,0.999999,3457.8287472077163,0,-1
c,active_coupling,affine,5.0,100,1.0,9057473,844,0.9998687081324158,0.999999,3456.6211750989733,0,-1
c,active_coupling,affine,5.0,100,1.0,9057473,845,0.6414776693687678,0.9998081949625631,3464.258826859663,0,-1
c,active_coupling,affine,5.0,100,1.0,9057473,846,0.999999,0.9954973446461288,3466.796271229832,0,-1
c,active_coupling,affine,5.0,100,1.0,9057473,847,0.9999104969688287,0.999999,3456.9858909671734,0,-1
c,active_coupling,affine,5.0,100,1.0,9057473,848,-0.999999,0.9992808020907151,3453.32916729888,1,274
c,active_coupling,affine,5.0,100,1.0,9057473,849,0.9968661462373438,0.9814642193577469,3458.143107635941,0,-1
c,active_coupling,affine,5.0,100,1.0,9057473,850,0.9915016376697755,0.9987791386743923,3477.4300378006765,0,-1
c,active_coupling,affine,5.0,100,1.0,9057473,851,0.999999,0.999999,3465.9509245907107,0,-1
c,active_coupling,affine,5.0,100,1.0,9057473,852,0.9212335773360967,0.9998142367620753,3468.4696676900103,0,-1
c,active_coupling,affine,5.0,100,1.0,9057473,853,0.999999,0.9998999310434591,3464.7857961330988,0,-1
c,active_coupling,affine,5.0,100,1.0,9057473,854,0.5895146692758926,0.9995572859730604,3476.5064860793245,0,-1
c,active_coupling,affine,5.0,100,1.0,9057473,855,0.9922982288420041,0.999999,3466.466776687846,0,-1
c,active_coupling,affine,5.0,100,1.0,9057473,856,0.999999,0.9999926144829573,3454.2671537218544,0,-1
c,active_coupling,affine,5.0,100,1.0,9057473,857,0.999984435554465,0.999999,3476.7704953950542,0,-1
c,active_coupling,affine,5.0,100,1.0,9057473,858,0.999999,0.9606606535009107,3464.1631390303132,0,-1
c,active_coupling,affine,5.0,100,1.0,9057473,859,0.9999865232631842,0.999999,3481.913746700733,0,-1
c,active_coupling,affine,5.0,100,1.0,9057473,860,0.9999924389647957,0.9999865277687306,3448.497064961608,0,-1
c,active_coupling,affine,5.0,100,1.0,9057473,861,0.9992656740695881,0.9908188454853337,3459.910865634399,0,-1
c,active_coupling,affine,5.0,100,1.0,9057473,862,0.9998075215453265,0.999999,3444.6546337688214,0,-1
c,active_coupling,affine,5.0,100,1.0,9057473,863,0.999999,0.9999921309951997,3437.713901159952,0,-1
c,active_coupling,affine,5.0,100,1.0,9057473,864,0.9788827251112708,0.9892164122842032,3457.863567806523,0,-1
c,active_coupling,affine,5.0,100,1.0,9057473,865,0.999999,0.999999,3449.702945530974,0,-1
c,active_coupling,affine,5.0,100,1.0,9057473,866,0.9998047350151894,0.999999,3438.3144420514395,0,-1
c,active_coupling,affine,5.0,100,1.0,9057473,867,0.9996662479872285,0.999999,3456.565404112062,0,-1
c,active_coupling,affine,5.0,100,1.0,9057473,868,0.999999,0.8369240284680963,3465.491513953434,0,-1
c,active_coupling,affine,5.0,100,1.0,9057473,869,0.9999107935866614,0.999999,3451.3911081684396,0,-1
c,active_coupling,affine,5.0,100,1.0,9057473,870,0.9998676100479894,0.9985263473704341,3482.4169632817197,0,-1
c,active_coupling,affine,5.0,100,1.0,9057473,871,0.999999,0.999999,3468.042179617765,0,-1
c,active_coupling,affine,5.0,100,1.0,9057473,872,0.9457566826120022,0.7728013661138919,3441.5395995441827,0,-1
c,active_coupling,affine,5.0,100,1.0,9057473,873,0.999999,0.999999,3459.0624411387203,0,-1
c,active_coupling,affine,5.0,100,1.0,9057473,874,0.9998520028641771,0.9989602723775569,3446.4514513171007,0,-1
c,active_coupling,affine,5.0,100,1.0,9057473,875,0.9999622634500579,0.999999,3479.5696142862625,0,-1
c,active_coupling,affine,5.0,100,1.0,9057473,876,0.9979279637107011,0.9650688208636875,3469.091906168883,0,-1
c,active_coupling,affine,5.0,100,1.0,9057473,877,0.999999,0.9991364672108269,3479.8745185994812,0,-1
c,active_coupling,affine,5.0,100,1.0,9057473,878,0.9999285545510095,0.9980600803968468,3447.5741971295474,0,-1
c,active_coupling,affine,5.0,100,1.0,9057473,879,0.9979782834954068,0.999999,3467.7239296158477,0,-1
c,active_coupling,affine,5.0,100,1.0,9057473,880,0.999999,0.999999,3483.4573443498975,0,-1
c,active_coupling,affine,5.0,100,1.0,9057473,881,0.999999,0.9908499547490848,3452.7189458253292,0,-1
c,active_coupling,affine,5.0,100,1.0,9057473,882,0.999999,0.9982565109090017,3454.0592590637752,0,-1
c,active_coupling,affine,5.0,100,1.0,9057473,883,0.9442469474106447,0.999999,3451.591584112927,0,-1
c,active_coupling,affine,5.0,100,1.0,9057473,884,0.9999087000672194,0.9985144616226119,3443.9781429595123,0,-1
c,active_coupling,affine,5.0,100,1.0,9057473,885,0.9985869081124102,0.999999,3455.160065645109,0,-1
c,active_coupling,affine,5.0,100,1.0,9057473,886,0.9991388311855853,0.9999429847365221,3474.0328922102935,0,-1
c,active_coupling,affine,5.0,100,1.0,9057473,887,0.9993365165133973,0.9987041579558089,3427.6943502161153,0,-1
c,active_coupling,affine,5.0,100,1.0,9057473,888,0.9998255403951701,0.9996979599158498,3476.40442662679,0,-1
c,active_coupling,affine,5.0,100,1.0,9057473,889,0.9959934318774982,0.9911426015135254,3465.2845229509794,0,-1
c,active_coupling,affine,5.0,100,1.0,9057473,890,0.9998357125508578,0.8141489165368483,3466.8762538270657,0,-1
c,active_coupling,affine,5.0,100,1.0,9057473,891,0.760736966380702,0.9996561167871186,3480.332432216565,0,-1
c,active_coupling,affine,5.0,100,1.0,9057473,892,0.999999,0.999999,3449.221718309512,0,-1
c,active_coupling,affine,5.0,100,1.0,9057473,893,0.999999,0.9930417492776055,3449.2463776204468,0,-1
c,active_coupling,affine,5.0,100,1.0,9057473,894,0.9996037567606368,0.999999,3473.457520880705,0,-1
c,active_coupling,affine,5.0,100,1.0,9057473,895,0.9157202137827002,0.9999223758855306,3416.648101044414,0,-1
c,active_coupling,affine,5.0,100,1.0,9057473,896,0.6160712180329673,0.9992694643792388,3481.377526853596,0,-1
c,active_coupling,affine,5.0,100,1.0,9057473,897,0.998505495236234,0.9835528385642125,3477.6691047188265,0,-1
c,active_coupling,affine,5.0,100,1.0,9057473,898,0.990796139340698,0.9599569154308051,3447.2066253650146,0,-1
c,active_coupling,affine,5.0,100,1.0,9057473,899,0.9966541865935896,0.9814912940985165,3454.5375272043125,0,-1
c,active_coupling,affine,5.0,100,1.0,9057473,900,0.999999,0.9994133646277491,3463.7370343114026,0,-1
c,active_coupling,affine,5.0,100,1.0,9057473,901,0.9776407868130657,0.8646684342491083,3456.7643733861028,0,-1
c,active_coupling,affine,5.0,100,1.0,9057473,902,0.9126503784065217,0.999999,3472.180138506063,0,-1
c,active_coupling,affine,5.0,100,1.0,9057473,903,0.9955265646904773,0.999999,3452.9715562435035,0,-1
c,active_coupling,affine,5.0,100,1.0,9057473,904,0.9935731483629795,0.999999,3456.9804353990476,0,-1
c,active_coupling,affine,5.0,100,1.0,9057473,905,0.999999,0.9999732521018555,3467.162223280881,0,-1
c,active_coupling,affine,5.0,100,1.0,9057473,906,0.999999,0.999999,3485.0592962440105,0,-1
c,active_coupling,affine,5.0,100,1.0,9057473,907,0.999999,0.8484866686163773,3466.156886579781,0,-1
c,active_coupling,affine,5.0,100,1.0,9057473,908,0.9999760216046714,0.9964282515122626,3480.236400894759,0,-1
c,active_coupling,affine,5.0,100,1.0,9057473,909,0.9680480337000241,0.999999,3454.6420554651418,0,-1
c,active_coupling,affine,5.0,100,1.0,9057473,910,0.814935857719536,0.999999,3460.747885565501,0,-1
c,active_coupling,affine,5.0,100,1.0,9057473,911,0.999999,0.9998210025144207,3453.899954627098,0,-1
c,active_coupling,affine,5.0,100,1.0,9057473,912,0.8643826452049754,0.999999,3479.22844878825,0,-1
c,active_coupling,affine,5.0,100,1.0,9057473,913,0.999999,0.9996169173237344,3469.7865637653977,0,-1
c,active_coupling,affine,5.0,100,1.0,9057473,914,0.8952786973649307,0.8347357231058895,3429.8505520623735,0,-1
c,active_coupling,affine,5.0,100,1.0,9057473,915,0.999999,0.9999719417409754,3460.6590360792625,0,-1
c,active_coupling,affine,5.0,100,1.0,9057473,916,0.999999,0.999999,3455.046389915914,0,-1
c,active_coupling,affine,5.0,100,1.0,9057473,917,0.9705642034484099,0.9703407715469355,3470.529583327866,0,-1
c,active_coupling,affine,5.0,100,1.0,9057473,918,0.999999,0.999999,3454.069959623373,0,-1
c,active_coupling,affine,5.0,100,1.0,9057473,919,0.999999,0.9838170386640066,3452.9995922413236,0,-1
c,active_coupling,affine,5.0,100,1.0,9057473,920,0.9999301673990757,0.999999,3481.8784701977033,0,-1
c,active_coupling,affine,5.0,100,1.0,9057473,921,0.9963682971846608,0.9999435351463112,3479.545451478593,0,-1
c,active_coupling,affine,5.0,100,1.0,9057473,922,0.999999,0.999999,3473.3763093462962,0,-1
c,active_coupling,affine,5.0,100,1.0,9057473,923,0.999999,0.9498094391122115,3460.5315566492286,0,-1
c,active_coupling,affine,5.0,100,1.0,9057473,924,0.9862596521505836,0.990224263008906,3472.1199801993653,0,-1
c,active_coupling,affine,5.0,100,1.0,9057473,925,0.999999,0.9998001330232501,3473.798315330538,0,-1
c,active_coupling,affine,5.0,100,1.0,9057473,926,0.9895495699588094,0.7867211690211844,3463.0573004437665,0,-1
c,active_coupling,affine,5.0,100,1.0,9057473,927,0.999999,0.9998479981488888,3454.953780867176,0,-1
c,active_coupling,affine,5.0,100,1.0,9057473,928,0.999999,0.9998352885268174,3485.7889801095794,0,-1
c,active_coupling,affine,5.0,100,1.0,9057473,929,0.999999,0.9998059049639363,3478.3423199402237,0,-1
c,active_coupling,affine,5.0,100,1.0,9057473,930,0.999999,0.9990906484590428,3483.666578904379,0,-1
c,active_coupling,affine,5.0,100,1.0,9057473,931,0.9996656889352652,0.9997742904596656,3439.735537659955,0,-1
c,active_coupling,affine,5.0,100,1.0,9057473,932,0.7693798357998574,0.999999,3477.6436700372833,0,-1
c,active_coupling,affine,5.0,100,1.0,9057473,933,0.9999782700891813,0.9786966690600267,3478.964881075951,0,-1
c,active_coupling,affine,5.0,100,1.0,9057473,934,0.999999,0.9989556967713568,3444.8703692358927,0,-1
c,active_coupling,affine,5.0,100,1.0,9057473,935,0.999999,0.9999516499390384,3453.985213538457,0,-1
c,active_coupling,affine,5.0,100,1.0,9057473,936,0.999999,0.999999,3470.728750393786,0,-1
c,active_coupling,affine,5.0,100,1.0,9057473,937,0.999999,0.9743214609421866,3475.3123573525318,0,-1
c,active_coupling,affine,5.0,100,1.0,9057473,938,0.999999,0.5324207111983245,3444.4550279265936,0,-1
c,active_coupling,affine,5.0,100,1.0,9057473,939,0.9999929497500741,0.9997562125139347,3429.4432198096833,0,-1
c,active_coupling,affine,5.0,100,1.0,9057473,940,0.9999881270101205,0.9998635975564165,3425.3762109904565,0,-1
c,active_coupling,affine,5.0,100,1.0,9057473,941,0.999999,0.9685444160258742,3473.149160765942,0,-1
c,active_coupling,affine,5.0,100,1.0,9057473,942,0.999999,0.8982990056878233,3444.8937781609725,0,-1
c,active_coupling,affine,5.0,100,1.0,9057473,943,0.999999,0.9925725935414134,3461.861122654719,0,-1
c,active_coupling,affine,5.0,100,1.0,9057473,944,0.999999,0.999770803907538,3412.3008508053404,0,-1
c,active_coupling,affine,5.0,100,1.0,9057473,945,0.999999,0.999999,3479.243482629959,0,-1
c,active_coupling,affine,5.0,100,1.0,9057473,946,0.9979609259627866,0.999999,3471.350758085843,0,-1
c,active_coupling,affine,5.0,100,1.0,9057473,947,0.999999,0.988366216555564,3470.9011134742136,0,-1
c,active_coupling,affine,5.0,100,1.0,9057473,948,0.999999,0.9978864615448152,3461.007150849019,0,-1
c,active_coupling,affine,5.0,100,1.0,9057473,949,0.9998556693689886,0.9788816902057367,3453.9417701327634,0,-1
c,active_coupling,affine,5.0,100,1.0,9057473,950,0.9982464188690076,0.999999,3462.613376635597,0,-1
c,active_coupling,affine,5.0,100,1.0,9057473,951,0.999999,0.9999816820389537,3440.6700903324354,0,-1
c,active_coupling,affine,5.0,100,1.0,9057473,952,0.9680190852336157,0.9997218813372808,3476.8580697294833,0,-1
c,active_coupling,affine,5.0,100,1.0,9057473,953,0.9973567287095586,0.8696538428945709,3437.9004186628817,0,-1
c,active_coupling,affine,5.0,100,1.0,9057473,954,0.992818528371961,0.9998857510090252,3459.9058140789566,0,-1
c,active_coupling,affine,5.0,100,1.0,9057473,955,0.999999,0.9999929654833994,3468.519376976756,0,-1
c,active_coupling,affine,5.0,100,1.0,9057473,956,0.999999,0.9979789272602059,3446.872395465016,0,-1
c,active_coupling,affine,5.0,100,1.0,9057473,957,0.999999,0.999999,3467.659535034307,0,-1
c,active_coupling,affine,5.0,100,1.0,9057473,958,0.9999759598732332,0.999999,3350.941488329576,0,-1
c,active_coupling,affine,5.0,100,1.0,9057473,959,0.999999,0.999999,3458.7587538765024,1,302
c,active_coupling,affine,5.0,100,1.0,9057473,960,0.9999710141570936,0.999999,3445.3058603937397,0,-1
c,active_coupling,affine,5.0,100,1.0,9057473,961,0.9999027716315386,0.9791605486859424,3460.3838877766607,0,-1
c,active_coupling,affine,5.0,100,1.0,9057473,962,0.999999,0.9865669713430059,3458.3712055624715,0,-1
c,active_coupling,affine,5.0,100,1.0,9057473,963,0.999999,0.9906408996805938,3458.9953098788983,0,-1
c,active_coupling,affine,5.0,100,1.0,9057473,964,0.999999,0.9917138127961488,3442.472952815206,0,-1
c,active_coupling,affine,5.0,100,1.0,9057473,965,0.999999,0.9998756646598532,3461.5100769914916,0,-1
c,active_coupling,affine,5.0,100,1.0,9057473,966,0.9570873232907579,0.9931934902504271,3462.788738812514,0,-1
c,active_coupling,affine,5.0,100,1.0,9057473,967,0.997927249242725,0.9999451437497259,3474.442766662828,0,-1
c,active_coupling,affine,5.0,100,1.0,9057473,968,0.9256373533922988,0.999999,3484.918202474783,0,-1
c,active_coupling,affine,5.0,100,1.0,9057473,969,0.9996461589695196,0.999999,3446.992224465401,0,-1
c,active_coupling,affine,5.0,100,1.0,9057473,970,0.9997341782193211,0.9986583352891188,3435.419319429908,0,-1
c,active_coupling,affine,5.0,100,1.0,9057473,971,0.9991862668140565,0.999999,3455.099756680747,0,-1
c,active_coupling,affine,5.0,100,1.0,9057473,972,0.999999,0.9999963126409567,3484.431688807985,0,-1
c,active_coupling,affine,5.0,100,1.0,9057473,973,0.999999,0.999999,3468.647030526382,0,-1
c,active_coupling,affine,5.0,100,1.0,9057473,974,0.999999,0.999999,3464.6474429339028,0,-1
c,active_coupling,affine,5.0,100,1.0,9057473,975,0.999999,0.9674108674867878,3452.9380758529633,0,-1
c,active_coupling,affine,5.0,100,1.0,9057473,976,0.9707630293759104,0.999999,3481.611588899597,0,-1
c,active_coupling,affine,5.0,100,1.0,9057473,977,0.999999,0.8036352029421902,3471.9695346724247,0,-1
c,active_coupling,affine,5.0,100,1.0,9057473,978,0.9997441950944991,0.9988595065918978,3462.7600111861693,0,-1
c,active_coupling,affine,5.0,100,1.0,9057473,979,0.999999,0.999999,3453.730185940457,0,-1
c,active_coupling,affine,5.0,100,1.0,9057473,980,0.9998369965616584,0.999999,3468.8539389831762,0,-1
c,active_coupling,affine,5.0,100,1.0,9057473,981,0.999999,0.999999,3477.447508580207,0,-1
c,active_coupling,affine,5.0,100,1.0,9057473,982,0.999999,0.999999,3473.8538049653307,0,-1
c,active_coupling,affine,5.0,100,1.0,9057473,983,0.9987004030149722,0.999999,3482.5362936448796,0,-1
c,active_coupling,affine,5.0,100,1.0,9057473,984,0.9999968881228102,0.987841037403725,3485.704913731402,0,-1
c,active_coupling,affine,5.0,100,1.0,9057473,985,0.999999,0.9981607409457575,3480.2499680382866,0,-1
c,active_coupling,affine,5.0,100,1.0,9057473,986,0.999999,0.999999,3483.7034035954707,0,-1
c,active_coupling,affine,5.0,100,1.0,9057473,987,0.9849221975221145,0.999348550356169,3461.829918645328,0,-1
c,active_coupling,affine,5.0,100,1.0,9057473,988,0.9988187772117412,0.999999,3454.741282349255,0,-1
c,active_coupling,affine,5.0,100,1.0,9057473,989,0.999999,0.9999130416073209,3453.0002843011207,0,-1
c,active_coupling,affine,5.0,100,1.0,9057473,990,0.9998524620856334,0.9999530092467028,3472.1663355957157,0,-1
c,active_coupling,affine,5.0,100,1.0,9057473,991,0.999999,0.8565208263131714,3468.473760475798,0,-1
c,active_coupling,affine,5.0,100,1.0,9057473,992,0.999999,0.999999,3458.2751366739676,0,-1
c,active_coupling,affine,5.0,100,1.0,9057473,993,0.999999,0.9998241459681895,3467.746052518706,0,-1
c,active_coupling,affine,5.0,100,1.0,9057473,994,0.9998702131751153,0.999999,3472.6023963210673,0,-1
c,active_coupling,affine,5.0,100,1.0,9057473,995,0.9999875948307367,0.999999,3484.177776424977,0,-1
c,active_coupling,affine,5.0,100,1.0,9057473,996,0.9998522579136722,0.999999,3463.833350916913,0,-1
c,active_coupling,affine,5.0,100,1.0,9057473,997,0.9992153209857386,0.999999,3471.8589624383167,0,-1
c,active_coupling,affine,5.0,100,1.0,9057473,998,0.9960622926637003,0.999999,3468.260183661175,0,-1
c,active_coupling,affine,5.0,100,1.0,9057473,999,0.9972311122980387,0.9917706059967772,3470.091271851576,0,-1
c,active_quadratic,affine,4.0,100,1.0,7057467,0,0.999999,0.999724964304249,3473.410437404279,0,-1
c,active_quadratic,affine,4.0,100,1.0,7057467,1,0.7340343465134247,0.9659269219087209,3448.5548743155623,0,-1
c,active_quadratic,affine,4.0,100,1.0,7057467,2,0.999999,0.999999,3450.1170738741803,0,-1
c,active_quadratic,affine,4.0,100,1.0,7057467,3,0.9996501562131026,0.9999038129121525,3462.245614012879,0,-1
c,active_quadratic,affine,4.0,100,1.0,7057467,4,0.999999,0.9224929478630517,3433.645255609999,0,-1
c,active_quadratic,affine,4.0,100,1.0,7057467,5,0.999999,0.9999826986719356,3476.7764590662837,0,-1
c,active_quadratic,affine,4.0,100,1.0,7057467,6,0.999999,0.999999,3461.0656703220666,0,-1
c,active_quadratic,affine,4.0,100,1.0,7057467,7,0.999999,0.9998040990037019,3450.0043077080268,0,-1
c,active_quadratic,affine,4.0,100,1.0,7057467,8,0.9903478558407725,0.999999,3478.0232935887166,0,-1
c,active_quadratic,affine,4.0,100,1.0,7057467,9,0.999999,0.999999,3466.5851753915126,0,-1
c,active_quadratic,affine,4.0,100,1.0,7057467,10,0.999999,0.9999715294178965,3458.4402816003244,0,-1
c,active_quadratic,affine,4.0,100,1.0,7057467,11,0.999999,0.9791387827162004,3463.8548606943327,0,-1
c,active_quadratic,affine,4.0,100,1.0,7057467,12,0.9971930633030648,0.9935411522934114,3462.790714456234,0,-1
c,active_quadratic,affine,4.0,100,1.0,7057467,13,-0.9962818529619618,0.9996737446111746,3444.3918805348558,1,472
c,active_quadratic,affine,4.0,100,1.0,7057467,14,0.9998451511130759,0.9997729903028387,3439.040794169177,0,-1
c,active_quadratic,affine,4.0,100,1.0,7057467,15,0.9375541792508977,0.9982631361221854,3379.4962410431867,0,-1
c,active_quadratic,affine,4.0,100,1.0,7057467,16,0.6805867731964634,0.999999,3465.941948107034,0,-1
c,active_quadratic,affine,4.0,100,1.0,7057467,17,0.999999,0.953646968864961,3473.15260534686,0,-1
c,active_quadratic,affine,4.0,100,1.0,7057467,18,0.8109844268095108,0.9860440094475958,3479.9525711066703,0,-1
c,active_quadratic,affine,4.0,100,1.0,7057467,19,0.999999,0.9756502664528083,3473.1142359927003,0,-1
c,active_quadratic,affine,4.0,100,1.0,7057467,20,0.9971113512883937,0.9955681752484808,3483.792445309761,0,-1
c,active_quadratic,affine,4.0,100,1.0,7057467,21,0.998838675050088,0.9999720537627966,3410.629765024048,0,-1
c,active_quadratic,affine,4.0,100,1.0,7057467,22,0.9378606546061172,0.90153421317546,3456.4294910924586,0,-1
c,active_quadratic,affine,4.0,100,1.0,7057467,23,0.9853644978715455,0.999999,3481.1369588703765,0,-1
c,active_quadratic,affine,4.0,100,1.0,7057467,24,0.9933311787327426,0.9992874414895273,3477.0769660106494,0,-1
c,active_quadratic,affine,4.0,100,1.0,7057467,25,0.9787770315088825,0.995177426965606,3463.9079236711723,0,-1
c,active_quadratic,affine,4.0,100,1.0,7057467,26,0.9298924962380964,0.9851336283862778,3475.329188367,0,-1
c,active_quadratic,affine,4.0,100,1.0,7057467,27,0.9994787141794967,0.9986133097319266,3469.779058509699,0,-1
c,active_quadratic,affine,4.0,100,1.0,7057467,28,0.999999,0.9583198909994026,3464.2326071603497,0,-1
c,active_quadratic,affine,4.0,100,1.0,7057467,29,0.9999923205965632,0.999999,3474.2610819225006,0,-1
c,active_quadratic,affine,4.0,100,1.0,7057467,30,0.999999,0.999999,3443.6973923623623,1,272
c,active_quadratic,affine,4.0,100,1.0,7057467,31,0.999999,0.999341965633094,3456.7565744943486,0,-1
c,active_quadratic,affine,4.0,100,1.0,7057467,32,-0.9825935980759796,0.999999,3477.623987213328,1,280
c,active_quadratic,affine,4.0,100,1.0,7057467,33,0.999999,0.9998922165827052,3453.022875215423,0,-1
c,active_quadratic,affine,4.0,100,1.0,7057467,34,0.999953474468836,0.9998126389518207,3458.141938030287,0,-1
c,active_quadratic,affine,4.0,100,1.0,7057467,35,0.9539952459052728,0.999999,3482.1150758382364,0,-1
c,active_quadratic,affine,4.0,100,1.0,7057467,36,0.7458856937791402,0.9997374959227812,3462.597653457165,0,-1
c,active_quadratic,affine,4.0,100,1.0,7057467,37,0.9998072303988113,0.9813039282735626,3469.156994769216,0,-1
c,active_quadratic,affine,4.0,100,1.0,7057467,38,0.9940059959437093,0.9998937914917709,3474.8562455521505,0,-1
c,active_quadratic,affine,4.0,100,1.0,7057467,39,0.999999,0.999999,3468.1402444248956,0,-1
c,active_quadratic,affine,4.0,100,1.0,7057467,40,0.999999,0.999999,3476.751666738796,0,-1
c,active_quadratic,affine,4.0,100,1.0,7057467,41,0.999999,0.999999,3429.8334979554324,0,-1
c,active_quadratic,affine,4.0,100,1.0,7057467,42,0.9998974695553089,0.9853571988524716,3472.0274750844483,0,-1
c,active_quadratic,affine,4.0,100,1.0,7057467,43,0.999999,0.999999,3467.052003569367,0,-1
c,active_quadratic,affine,4.0,100,1.0,7057467,44,0.999999,0.999999,3475.5743948642953,0,-1
c,active_quadratic,affine,4.0,100,1.0,7057467,45,0.999965169216083,0.9309567635747082,3455.034752630365,0,-1
c,active_quadratic,affine,4.0,100,1.0,7057467,46,0.9947336646444177,0.9997851306534524,3474.426928762919,0,-1
c,active_quadratic,affine,4.0,100,1.0,7057467,47,0.999999,0.999999,3439.959238946432,0,-1
c,active_quadratic,affine,4.0,100,1.0,7057467,48,0.999999,0.999999,3465.933956432752,0,-1
c,active_quadratic,affine,4.0,100,1.0,7057467,49,0.9362159872405834,0.999999,3443.924493653512,0,-1
c,active_quadratic,affine,4.0,100,1.0,7057467,50,-0.785553630658541,0.9999223579631977,3474.4122619546224,1,284
c,active_quadratic,affine,4.0,100,1.0,7057467,51,0.999999,0.9999390235038828,3475.012201065282,0,-1
c,active_quadratic,affine,4.0,100,1.0,7057467,52,0.9986961412267865,0.9998714195132583,3435.5444497883846,0,-1
c,active_quadratic,affine,4.0,100,1.0,7057467,53,0.999999,0.9969992979257414,3479.0203135473707,0,-1
c,active_quadratic,affine,4.0,100,1.0,7057467,54,0.9681407727748023,0.999999,3440.346706842628,0,-1
c,active_quadratic,affine,4.0,100,1.0,7057467,55,0.9996898766390452,0.9996903652752734,3462.0343368740287,0,-1
c,active_quadratic,affine,4.0,100,1.0,7057467,56,-0.9550677384118585,0.9998859884129265,3407.5490393112577,1,284
c,active_quadratic,affine,4.0,100,1.0,7057467,57,0.9998166791102012,0.999999,3445.523596397964,0,-1
c,active_quadratic,affine,4.0,100,1.0,7057467,58,0.9991810352990583,0.999999,3462.176252408376,0,-1
c,active_quadratic,affine,4.0,100,1.0,7057467,59,0.9998786032194401,0.9999709183927636,3470.403136044525,0,-1
c,active_quadratic,affine,4.0,100,1.0,7057467,60,0.9982805328557253,0.9156409372329051,3442.6077807020533,0,-1
c,active_quadratic,affine,4.0,100,1.0,7057467,61,0.999999,0.9050817021098918,3461.851562141076,0,-1
c,active_quadratic,affine,4.0,100,1.0,7057467,62,0.999999,0.9999316840954549,3439.727473409829,0,-1
c,active_quadratic,affine,4.0,100,1.0,7057467,63,0.999999,0.999999,3461.708149540628,0,-1
c,active_quadratic,affine,4.0,100,1.0,7057467,64,0.9901792294937278,0.46431234788613157,3440.553194515877,0,-1
c,active_quadratic,affine,4.0,100,1.0,7057467,65,0.999999,0.998422623558698,3465.6205289397435,0,-1
c,active_quadratic,affine,4.0,100,1.0,7057467,66,-0.9911466730568215,0.999999,3461.416017535856,1,336
c,active_quadratic,affine,4.0,100,1.0,7057467,67,0.999999,0.99805985328305,3461.762501470207,0,-1
c,active_quadratic,affine,4.0,100,1.0,7057467,68,0.9988626324661914,0.9993447742488675,3447.3608892797292,0,-1
c,active_quadratic,affine,4.0,100,1.0,7057467,69,0.9504735094337797,0.999999,3466.721358751037,0,-1
c,active_quadratic,affine,4.0,100,1.0,7057467,70,0.999999,0.9995359468753652,3451.526167266758,0,-1
c,active_quadratic,affine,4.0,100,1.0,7057467,71,0.9999228207164388,0.999999,3463.956208311888,0,-1
c,active_quadratic,affine,4.0,100,1.0,7057467,72,0.999999,0.9981590213519019,3401.1558144010714,0,-1
c,active_quadratic,affine,4.0,100,1.0,7057467,73,0.9963542313035371,0.999999,3476.1373230370336,0,-1
c,active_quadratic,affine,4.0,100,1.0,7057467,74,0.9995850498632344,0.9673880914496028,3456.5645103985153,0,-1
c,active_quadratic,affine,4.0,100,1.0,7057467,75,0.990318415440722,0.9998608345098186,3474.1825622665524,0,-1
c,active_quadratic,affine,4.0,100,1.0,7057467,76,0.9999404882883738,0.9978391894460147,3458.6867721947388,0,-1
c,active_quadratic,affine,4.0,100,1.0,7057467,77,0.9996457623368628,0.999999,3469.179160868666,0,-1
c,active_quadratic,affine,4.0,100,1.0,7057467,78,0.9889254307004477,0.999999,3440.1268561363217,0,-1
c,active_quadratic,affine,4.0,100,1.0,7057467,79,0.9755426965592673,0.999999,3473.356169750097,0,-1
c,active_quadratic,affine,4.0,100,1.0,7057467,80,0.9975454865604559,0.9980150531699289,3476.622651788838,0,-1
c,active_quadratic,affine,4.0,100,1.0,7057467,81,0.999999,0.999999,3485.703087486611,0,-1
c,active_quadratic,affine,4.0,100,1.0,7057467,82,0.999999,0.9999943318814775,3480.6587282477913,0,-1
c,active_quadratic,affine,4.0,100,1.0,7057467,83,-0.999999,0.999999,3456.0798211117644,1,306
c,active_quadratic,affine,4.0,100,1.0,7057467,84,0.9363598427094925,0.9958997825539366,3469.510622881217,0,-1
c,active_quadratic,affine,4.0,100,1.0,7057467,85,0.999999,0.999999,3451.117558247872,0,-1
c,active_quadratic,affine,4.0,100,1.0,7057467,86,0.999999,0.9999663060002204,3440.2100698782,0,-1
c,active_quadratic,affine,4.0,100,1.0,7057467,87,0.780529434637016,0.9089151899082524,3470.0719545877873,0,-1
c,active_quadratic,affine,4.0,100,1.0,7057467,88,-0.999999,0.999999,3463.759461802204,1,305
c,active_quadratic,affine,4.0,100,1.0,7057467,89,0.999999,0.999999,3443.446548326725,0,-1
c,active_quadratic,affine,4.0,100,1.0,7057467,90,0.9999149772016706,0.999999,3472.5835182867104,0,-1
c,active_quadratic,affine,4.0,100,1.0,7057467,91,-0.9841229624200228,0.9998890433569108,3420.4206286866047,1,280
c,active_quadratic,affine,4.0,100,1.0,7057467,92,0.9997252400693601,0.999999,3443.559676780527,0,-1
c,active_quadratic,affine,4.0,100,1.0,7057467,93,0.9278648743568496,0.99982408048144,3466.3355722743104,0,-1
c,active_quadratic,affine,4.0,100,1.0,7057467,94,0.999999,0.9998853628734209,3476.609607295689,0,-1
c,active_quadratic,affine,4.0,100,1.0,7057467,95,-0.999999,0.999923595929482,3416.911767667963,1,354
c,active_quadratic,affine,4.0,100,1.0,7057467,96,0.999999,0.9938479323844832,3462.82678995574,0,-1
c,active_quadratic,affine,4.0,100,1.0,7057467,97,0.9995748849371928,0.9985831819051305,3460.6648703384767,0,-1
c,active_quadratic,affine,4.0,100,1.0,7057467,98,-0.9978282149463866,0.9989632388892131,3470.8259379975993,1,331
c,active_quadratic,affine,4.0,100,1.0,7057467,99,-0.867522033332377,0.999999,3452.0689698668652,1,412
c,active_quadratic,affine,4.0,100,1.0,7057467,100,0.9988026035638538,0.9998310490338156,3455.1014416327,0,-1
c,active_quadratic,affine,4.0,100,1.0,7057467,101,0.9999325566879503,0.9986806519763187,3470.0092565148684,0,-1
c,active_quadratic,affine,4.0,100,1.0,7057467,102,0.999999,0.999999,3460.8287985769143,0,-1
c,active_quadratic,affine,4.0,100,1.0,7057467,103,-0.998140571508313,0.999999,3448.896352779284,1,323
c,active_quadratic,affine,4.0,100,1.0,7057467,104,0.9997609456657773,0.999999,3466.4509453012383,0,-1
c,active_quadratic,affine,4.0,100,1.0,7057467,105,-0.9674449909074444,0.9996448337212972,3440.574967139546,1,301
c,active_quadratic,affine,4.0,100,1.0,7057467,106,0.9998642269245928,0.9980073326399613,3438.887163961244,0,-1
c,active_quadratic,affine,4.0,100,1.0,7057467,107,0.9999707415480402,0.999999,3462.9851332982794,0,-1
c,active_quadratic,affine,4.0,100,1.0,7057467,108,-0.9689871750115939,0.9215896545396883,3467.5086745370213,1,302
c,active_quadratic,affine,4.0,100,1.0,7057467,109,0.999999,0.9999711336546033,3451.408396867157,0,-1
c,active_quadratic,affine,4.0,100,1.0,7057467,110,0.9778412323314526,0.9992824361010452,3463.784340554284,0,-1
c,active_quadratic,affine,4.0,100,1.0,7057467,111,0.9991143986976451,0.8741482449887061,3451.2816602511602,0,-1
c,active_quadratic,affine,4.0,100,1.0,7057467,112,0.999999,0.999999,3459.2802210533564,0,-1
c,active_quadratic,affine,4.0,100,1.0,7057467,113,0.9999177515297922,0.999999,3466.631475859703,0,-1
c,active_quadratic,affine,4.0,100,1.0,7057467,114,0.999999,0.999999,3475.952271491644,0,-1
c,active_quadratic,affine,4.0,100,1.0,7057467,115,0.999999,0.9998934872366974,3470.0002425038315,0,-1
c,active_quadratic,affine,4.0,100,1.0,7057467,116,0.9534109535951352,0.9982462594295537,3469.6729435090806,0,-1
c,active_quadratic,affine,4.0,100,1.0,7057467,117,0.9999895782893942,0.9997549542307503,3470.3075464975195,0,-1
c,active_quadratic,affine,4.0,100,1.0,7057467,118,0.7530972818296275,0.9964230138228655,3479.6037968229466,0,-1
c,active_quadratic,affine,4.0,100,1.0,7057467,119,0.9998990517000557,0.999999,3468.6023046617647,0,-1
c,active_quadratic,affine,4.0,100,1.0,7057467,120,-0.8955119014389253,0.999999,3427.6616162511013,1,318
c,active_quadratic,affine,4.0,100,1.0,7057467,121,0.999999,0.9954473106649369,3483.7073384504333,0,-1
c,active_quadratic,affine,4.0,100,1.0,7057467,122,0.9291961841480809,0.999999,3466.682010478754,0,-1
c,active_quadratic,affine,4.0,100,1.0,7057467,123,0.9618871677288438,0.9979835187173102,3481.5688187705905,0,-1
c,active_quadratic,affine,4.0,100,1.0,7057467,124,0.9552871470713281,0.9873042106952843,3470.5730355212922,0,-1
c,active_quadratic,affine,4.0,100,1.0,7057467,125,0.999999,0.939258603455047,3470.8538148958414,0,-1
c,active_quadratic,affine,4.0,100,1.0,7057467,126,0.999999,0.9998641650013641,3473.7483772242026,0,-1
c,active_quadratic,affine,4.0,100,1.0,7057467,127,0.999999,0.999999,3418.0365966698173,0,-1
c,active_quadratic,affine,4.0,100,1.0,7057467,128,0.9230307294823642,0.999999,3467.544526769802,0,-1
c,active_quadratic,affine,4.0,100,1.0,7057467,129,0.9338297878752353,0.999999,3463.1194897888554,0,-1
c,active_quadratic,affine,4.0,100,1.0,7057467,130,0.9905597084396003,0.9998275812643249,3457.4467082364263,0,-1
c,active_quadratic,affine,4.0,100,1.0,7057467,131,-0.9424218750894477,0.999999,3438.323752823726,1,283
c,active_quadratic,affine,4.0,100,1.0,7057467,132,0.9973502138528224,0.9985247770462414,3484.2183373088856,0,-1
c,active_quadratic,affine,4.0,100,1.0,7057467,133,-0.9918857833265374,0.999742715193311,3472.3039038894963,1,372
c,active_quadratic,affine,4.0,100,1.0,7057467,134,-0.998360225121652,0.999002703733661,3457.0025276290417,1,300
c,active_quadratic,affine,4.0,100,1.0,7057467,135,0.9906246355339938,0.6921060481533798,3434.6965125987967,0,-1
c,active_quadratic,affine,4.0,100,1.0,7057467,136,0.9992752879211638,0.9988800886208244,3474.239210770938,0,-1
c,active_quadratic,affine,4.0,100,1.0,7057467,137,0.999999,0.999999,3470.235478563966,0,-1
c,active_quadratic,affine,4.0,100,1.0,7057467,138,0.9969088285947563,0.999999,3477.0058802662243,1,305
c,active_quadratic,affine,4.0,100,1.0,7057467,139,0.9593739007937557,0.9999754992730095,3464.502155953114,0,-1
c,active_quadratic,affine,4.0,100,1.0,7057467,140,0.997209974343463,0.8158797501352488,3442.133518397111,0,-1
c,active_quadratic,affine,4.0,100,1.0,7057467,141,0.999999,0.9999354859032484,3442.8366559583455,0,-1
c,active_quadratic,affine,4.0,100,1.0,7057467,142,0.9998837684833379,0.999999,3446.298178986908,0,-1
c,active_quadratic,affine,4.0,100,1.0,7057467,143,0.9988643474649166,0.999999,3484.4742946999436,0,-1
c,active_quadratic,affine,4.0,100,1.0,7057467,144,0.999999,0.9981488514418577,3455.8627740895904,0,-1
c,active_quadratic,affine,4.0,100,1.0,7057467,145,0.9783332101001216,0.9792866663894094,3482.411723179568,0,-1
c,active_quadratic,affine,4.0,100,1.0,7057467,146,0.7688352788501249,0.9981328867141527,3478.5664199761814,0,-1
c,active_quadratic,affine,4.0,100,1.0,7057467,147,0.999999,0.999999,3428.389001471623,0,-1
c,active_quadratic,affine,4.0,100,1.0,7057467,148,0.9998890804381889,0.9998735958878094,3477.6815778320874,0,-1
c,active_quadratic,affine,4.0,100,1.0,7057467,149,0.8778277777690919,0.999999,3467.9971361003327,0,-1
c,active_quadratic,affine,4.0,100,1.0,7057467,150,0.999999,0.9999472809221823,3415.9655222613897,0,-1
c,active_quadratic,affine,4.0,100,1.0,7057467,151,0.999999,0.9994312469075607,3472.338237496509,0,-1
c,active_quadratic,affine,4.0,100,1.0,7057467,152,0.9970412930491904,0.9658728270695145,3471.5078972376114,0,-1
c,active_quadratic,affine,4.0,100,1.0,7057467,153,0.9760090358853695,0.999999,3446.4001126109447,0,-1
c,active_quadratic,affine,4.0,100,1.0,7057467,154,0.9971132691310869,0.999999,3447.755108486129,0,-1
c,active_quadratic,affine,4.0,100,1.0,7057467,155,-0.9268781918572511,0.9998592380021954,3439.154362047192,1,356
c,active_quadratic,affine,4.0,100,1.0,7057467,156,0.99363543575313,0.999999,3433.120725156848,0,-1
c,active_quadratic,affine,4.0,100,1.0,7057467,157,0.999999,0.6994588088347011,3473.0705352012315,0,-1
c,active_quadratic,affine,4.0,100,1.0,7057467,158,-0.9429550159347122,0.9998485221456774,3455.882770137001,1,372
c,active_quadratic,affine,4.0,100,1.0,7057467,159,0.999999,0.9893771815314766,3467.342171686128,0,-1
c,active_quadratic,affine,4.0,100,1.0,7057467,160,0.999953747954104,0.9996790192432228,3467.1083216708826,0,-1
c,active_quadratic,affine,4.0,100,1.0,7057467,161,-0.8741962802080454,0.8365582835987545,3467.851189074432,1,287
c,active_quadratic,affine,4.0,100,1.0,7057467,162,0.999999,0.999999,3475.556171106192,0,-1
c,active_quadratic,affine,4.0,100,1.0,7057467,163,0.999949217235851,0.9988089706623688,3450.7445637161313,0,-1
c,active_quadratic,affine,4.0,100,1.0,7057467,164,0.9997503788354233,0.7928699589984753,3458.1471760882932,0,-1
c,active_quadratic,affine,4.0,100,1.0,7057467,165,0.9898843785278955,0.999999,3437.4996943471137,0,-1
c,active_quadratic,affine,4.0,100,1.0,7057467,166,0.9997667613563683,0.999999,3438.9633864552125,0,-1
c,active_quadratic,affine,4.0,100,1.0,7057467,167,0.984617834262028,0.999999,3439.2655299279863,0,-1
c,active_quadratic,affine,4.0,100,1.0,7057467,168,0.999999,0.999999,3475.1899882806233,0,-1
c,active_quadratic,affine,4.0,100,1.0,7057467,169,0.999999,0.9998792123310644,3453.31083715649,0,-1
c,active_quadratic,affine,4.0,100,1.0,7057467,170,0.9642476372727333,0.996304548324217,3468.916909329001,0,-1
c,active_quadratic,affine,4.0,100,1.0,7057467,171,0.999999,0.9976216070159531,3480.877239021796,0,-1
c,active_quadratic,affine,4.0,100,1.0,7057467,172,0.9984895996099482,0.9935250139998636,3469.2161595477323,0,-1
c,active_quadratic,affine,4.0,100,1.0,7057467,173,0.999999,0.9433231776717745,3475.5585717306208,0,-1
c,active_quadratic,affine,4.0,100,1.0,7057467,174,0.9999911984443091,0.9998012760323423,3463.6966492883744,0,-1
c,active_quadratic,affine,4.0,100,1.0,7057467,175,0.9884762074081751,0.999999,3480.0384523398243,0,-1
c,active_quadratic,affine,4.0,100,1.0,7057467,176,-0.9265809578946592,0.999999,3479.2086220128103,1,310
c,active_quadratic,affine,4.0,100,1.0,7057467,177,0.9860196264974532,0.999999,3482.9278146452743,0,-1
c,active_quadratic,affine,4.0,100,1.0,7057467,178,0.999999,0.999856541845665,3429.041457888558,0,-1
c,active_quadratic,affine,4.0,100,1.0,7057467,179,0.5927005788670426,0.9999266816903216,3463.805206339411,0,-1
c,active_quadratic,affine,4.0,100,1.0,7057467,180,0.9732965880259385,0.999999,3466.6931764024175,0,-1
c,active_quadratic,affine,4.0,100,1.0,7057467,181,0.999999,0.9998004631844815,3470.7815676364976,0,-1
c,active_quadratic,affine,4.0,100,1.0,7057467,182,-0.9150835140171888,0.9796700573431564,3474.8042354774107,1,298
c,active_quadratic,affine,4.0,100,1.0,7057467,183,0.999999,0.999999,3439.251949833807,0,-1
c,active_quadratic,affine,4.0,100,1.0,7057467,184,-0.99218137753554,0.9949569420652057,3440.434390797383,1,321
c,active_quadratic,affine,4.0,100,1.0,7057467,185,0.999999,0.999999,3466.6182655363677,0,-1
c,active_quadratic,affine,4.0,100,1.0,7057467,186,-0.5448665466887891,0.9988400109304664,3479.6672782058417,1,326
c,active_quadratic,affine,4.0,100,1.0,7057467,187,0.9998972893953738,0.9998836102805558,3464.2364125854606,0,-1
c,active_quadratic,affine,4.0,100,1.0,7057467,188,0.9959940839264207,0.9972005292815244,3482.218459394965,0,-1
c,active_quadratic,affine,4.0,100,1.0,7057467,189,0.999999,0.999999,3450.1137967963564,0,-1
c,active_quadratic,affine,4.0,100,1.0,7057467,190,0.9668484355690578,0.9626047205056508,3490.9051643417747,0,-1
c,active_quadratic,affine,4.0,100,1.0,7057467,191,0.997712541373575,0.9902846576450407,3456.2473964311257,0,-1
c,active_quadratic,affine,4.0,100,1.0,7057467,192,0.999999,0.9999650748430469,3450.9929056457636,0,-1
c,active_quadratic,affine,4.0,100,1.0,7057467,193,0.999999,0.9788433383056032,3470.586745047786,0,-1
c,active_quadratic,affine,4.0,100,1.0,7057467,194,0.9718666502334091,0.999999,3436.758179521829,0,-1
c,active_quadratic,affine,4.0,100,1.0,7057467,195,0.9763260966324632,0.999999,3448.449885958042,0,-1
c,active_quadratic,affine,4.0,100,1.0,7057467,196,-0.46208519745826315,0.999999,3471.896201436603,1,348
c,active_quadratic,affine,4.0,100,1.0,7057467,197,0.9998519808394384,0.9953344809423181,3467.7551936118066,0,-1
c,active_quadratic,affine,4.0,100,1.0,7057467,198,0.9987313629218176,0.999999,3478.959834724792,0,-1
c,active_quadratic,affine,4.0,100,1.0,7057467,199,0.999999,0.999999,3465.379832013573,0,-1
c,active_quadratic,affine,4.0,100,1.0,7057467,200,0.999999,0.9999730815629079,3474.9131273513904,0,-1
c,active_quadratic,affine,4.0,100,1.0,7057467,201,-0.9618087568449962,0.9935363513098768,3481.0276899147543,1,310
c,active_quadratic,affine,4.0,100,1.0,7057467,202,0.9999776466686101,0.856047575864428,3446.095492998214,0,-1
c,active_quadratic,affine,4.0,100,1.0,7057467,203,0.9916103499429056,0.8772819123779987,3486.827172173143,0,-1
c,active_quadratic,affine,4.0,100,1.0,7057467,204,0.999999,0.999893029335205,3450.404664550205,1,278
c,active_quadratic,affine,4.0,100,1.0,7057467,205,0.9996833393354096,0.9946332131323968,3439.590490876398,0,-1
c,active_quadratic,affine,4.0,100,1.0,7057467,206,0.999999,0.9999665945974283,3487.671911749059,0,-1
c,active_quadratic,affine,4.0,100,1.0,7057467,207,0.9966318752987151,0.999999,3478.948837508444,0,-1
c,active_quadratic,affine,4.0,100,1.0,7057467,208,0.9999611724904076,0.999999,3448.2714023919343,0,-1
c,active_quadratic,affine,4.0,100,1.0,7057467,209,0.999999,0.9999590026409448,3466.970136004098,0,-1
c,active_quadratic,affine,4.0,100,1.0,7057467,210,0.5675235680427334,0.999999,3441.0291532651577,0,-1
c,active_quadratic,affine,4.0,100,1.0,7057467,211,0.9998291626718081,0.9844499931746965,3467.1838893974136,0,-1
c,active_quadratic,affine,4.0,100,1.0,7057467,212,-0.9193481185325143,0.9999228803814368,3468.034092813778,1,304
c,active_quadratic,affine,4.0,100,1.0,7057467,213,0.9999740204932606,0.999999,3458.7690856923355,0,-1
c,active_quadratic,affine,4.0,100,1.0,7057467,214,0.999999,0.999999,3477.4775578620392,0,-1
c,active_quadratic,affine,4.0,100,1.0,7057467,215,0.999999,0.9729267500786439,3482.9157474161934,0,-1
c,active_quadratic,affine,4.0,100,1.0,7057467,216,0.9732787368143153,0.9997652066467986,3469.5887746482395,0,-1
c,active_quadratic,affine,4.0,100,1.0,7057467,217,0.9999644042093534,0.9999725415013817,3473.9427132871037,0,-1
c,active_quadratic,affine,4.0,100,1.0,7057467,218,0.999999,0.9980561317169336,3467.224416628193,0,-1
c,active_quadratic,affine,4.0,100,1.0,7057467,219,0.999999,0.999999,3486.9336551320557,0,-1
c,active_quadratic,affine,4.0,100,1.0,7057467,220,-0.9997082706446044,0.999999,3463.9215903638287,1,324
c,active_quadratic,affine,4.0,100,1.0,7057467,221,0.999999,0.9927669935850423,3436.7321038587424,0,-1
c,active_quadratic,affine,4.0,100,1.0,7057467,222,0.999999,0.999999,3452.8056092510315,0,-1
c,active_quadratic,affine,4.0,100,1.0,7057467,223,0.999999,0.999962430850762,3430.8199208998903,0,-1
c,active_quadratic,affine,4.0,100,1.0,7057467,224,0.9986693825687517,0.9998315426397791,3483.3190496637776,0,-1
c,active_quadratic,affine,4.0,100,1.0,7057467,225,0.9998711539622813,0.9465150660132923,3454.9982418370305,0,-1
c,active_quadratic,affine,4.0,100,1.0,7057467,226,-0.999999,0.9978680955198839,3477.57367057881,1,265
c,active_quadratic,affine,4.0,100,1.0,7057467,227,0.9762167239654861,0.9806444350448733,3450.614598119236,0,-1
c,active_quadratic,affine,4.0,100,1.0,7057467,228,0.9985768464968787,0.999999,3468.823056458632,0,-1
c,active_quadratic,affine,4.0,100,1.0,7057467,229,0.999999,0.8719763393121751,3460.7448615464864,0,-1
c,active_quadratic,affine,4.0,100,1.0,7057467,230,0.987447672488045,0.9995864818541608,3472.530992032344,0,-1
c,active_quadratic,affine,4.0,100,1.0,7057467,231,0.9999650084153029,0.999999,3482.990189872081,0,-1
c,active_quadratic,affine,4.0,100,1.0,7057467,232,-0.8897610270170285,0.999999,3473.041826298186,1,290
c,active_quadratic,affine,4.0,100,1.0,7057467,233,0.9957673211261314,0.9976192183532363,3476.3813073813044,0,-1
c,active_quadratic,affine,4.0,100,1.0,7057467,234,-0.9933808267666274,0.9997759814959669,3475.517440091761,1,328
c,active_quadratic,affine,4.0,100,1.0,7057467,235,0.9999081236410743,0.999999,3443.147134339689,0,-1
c,active_quadratic,affine,4.0,100,1.0,7057467,236,-0.458247004629064,0.9999911407721757,3476.582470677082,1,321
c,active_quadratic,affine,4.0,100,1.0,7057467,237,0.999999,0.9956729866877104,3470.516786969503,0,-1
c,active_quadratic,affine,4.0,100,1.0,7057467,238,0.9683841050350623,0.9973174646528659,3477.6953821536076,0,-1
c,active_quadratic,affine,4.0,100,1.0,7057467,239,-0.9779201923364013,0.999999,3453.1468333573875,1,325
c,active_quadratic,affine,4.0,100,1.0,7057467,240,0.9926845201387786,0.9999510493835794,3474.3703171564594,0,-1
c,active_quadratic,affine,4.0,100,1.0,7057467,241,0.8030683414630605,0.999999,3474.8587836846445,0,-1
c,active_quadratic,affine,4.0,100,1.0,7057467,242,0.9917225692382793,0.999999,3467.2566819165995,0,-1
c,active_quadratic,affine,4.0,100,1.0,7057467,243,0.999999,0.9996768956292675,3453.1706906044924,0,-1
c,active_quadratic,affine,4.0,100,1.0,7057467,244,-0.9991323981049779,0.999999,3436.3410129815197,1,545
c,active_quadratic,affine,4.0,100,1.0,7057467,245,0.9999428821779509,0.999999,3466.9387599997294,0,-1
c,active_quadratic,affine,4.0,100,1.0,7057467,246,0.999999,0.999999,3450.655752270745,0,-1
c,active_quadratic,affine,4.0,100,1.0,7057467,247,0.9999935682554469,0.790739292499862,3436.7395256791915,0,-1
c,active_quadratic,affine,4.0,100,1.0,7057467,248,0.934229253984466,0.9995638461259091,3447.171616703195,0,-1
c,active_quadratic,affine,4.0,100,1.0,7057467,249,0.999927634993919,0.9996467847447826,3460.607358948479,0,-1
c,active_quadratic,affine,4.0,100,1.0,7057467,250,0.999999,0.9988058397579567,3483.9987376774716,0,-1
c,active_quadratic,affine,4.0,100,1.0,7057467,251,0.9974783833064105,0.9998566045264075,3479.358319158893,0,-1
c,active_quadratic,affine,4.0,100,1.0,7057467,252,0.999999,0.999999,3476.3815164783814,0,-1
c,active_quadratic,affine,4.0,100,1.0,7057467,253,0.999999,0.999999,3474.4746080153704,0,-1
c,active_quadratic,affine,4.0,100,1.0,7057467,254,0.999999,0.9801195102220974,3451.1530969618752,0,-1
c,active_quadratic,affine,4.0,100,1.0,7057467,255,0.9975497522009106,0.999999,3440.9898140070527,0,-1
c,active_quadratic,affine,4.0,100,1.0,7057467,256,0.999999,0.9948104424443295,3453.18476457147,0,-1
c,active_quadratic,affine,4.0,100,1.0,7057467,257,0.9893388691696252,0.9969627187987058,3476.7211011486684,0,-1
c,active_quadratic,affine,4.0,100,1.0,7057467,258,0.9704374577217781,0.999999,3482.2874916206883,0,-1
c,active_quadratic,affine,4.0,100,1.0,7057467,259,0.999932580431116,0.9997754258740984,3478.688122177412,0,-1
c,active_quadratic,affine,4.0,100,1.0,7057467,260,0.999999,0.9997636885007654,3478.997543672625,0,-1
c,active_quadratic,affine,4.0,100,1.0,7057467,261,0.9995513334027377,0.9128867695971967,3465.40877661741,0,-1
c,active_quadratic,affine,4.0,100,1.0,7057467,262,0.999999,0.999999,3475.724569852896,0,-1
c,active_quadratic,affine,4.0,100,1.0,7057467,263,0.8145028948647562,0.999999,3439.732860667469,0,-1
c,active_quadratic,affine,4.0,100,1.0,7057467,264,0.9784084574994742,0.9979610270956653,3483.125274003132,0,-1
c,active_quadratic,affine,4.0,100,1.0,7057467,265,0.999999,0.999999,3480.9640244968027,0,-1
c,active_quadratic,affine,4.0,100,1.0,7057467,266,0.9979866671003359,0.999999,3479.2315330096426,0,-1
c,active_quadratic,affine,4.0,100,1.0,7057467,267,0.9996635052249747,0.9725287406713643,3447.6583385302897,0,-1
c,active_quadratic,affine,4.0,100,1.0,7057467,268,0.9995206030719459,0.999790484288378,3441.6622210222267,0,-1
c,active_quadratic,affine,4.0,100,1.0,7057467,269,0.999999,0.9984345181380556,3474.666095201797,0,-1
c,active_quadratic,affine,4.0,100,1.0,7057467,270,0.9749006134845325,0.9997259553215038,3437.761697787117,0,-1
c,active_quadratic,affine,4.0,100,1.0,7057467,271,0.999999,0.9975685330548562,3470.6656679890416,0,-1
c,active_quadratic,affine,4.0,100,1.0,7057467,272,0.9998152778891882,0.8456532988345994,3466.458444340711,0,-1
c,active_quadratic,affine,4.0,100,1.0,7057467,273,0.998285758728284,0.9148936505445596,3470.979991677355,0,-1
c,active_quadratic,affine,4.0,100,1.0,7057467,274,0.9957418851826997,0.999999,3452.7489485167225,0,-1
c,active_quadratic,affine,4.0,100,1.0,7057467,275,0.999999,0.9974631397711736,3458.198459490228,0,-1
c,active_quadratic,affine,4.0,100,1.0,7057467,276,0.999999,0.9999907122595181,3445.634209451481,0,-1
c,active_quadratic,affine,4.0,100,1.0,7057467,277,0.999999,0.9979357734881873,3471.7896680105587,0,-1
c,active_quadratic,affine,4.0,100,1.0,7057467,278,0.999791646401976,0.999999,3462.1853842423234,0,-1
c,active_quadratic,affine,4.0,100,1.0,7057467,279,0.999999,0.999999,3462.8885047516255,0,-1
c,active_quadratic,affine,4.0,100,1.0,7057467,280,0.9752589992536346,0.9993661956562172,3454.101758665177,0,-1
c,active_quadratic,affine,4.0,100,1.0,7057467,281,0.999999,0.99972530195696,3463.570470516203,0,-1
c,active_quadratic,affine,4.0,100,1.0,7057467,282,0.9888247100341729,0.9998221197528937,3429.436136993833,0,-1
c,active_quadratic,affine,4.0,100,1.0,7057467,283,0.9679332717226299,0.999999,3460.3011488177385,0,-1
c,active_quadratic,affine,4.0,100,1.0,7057467,284,-0.9685127366733735,0.9999160209491379,2483.5456121839934,1,275
c,active_quadratic,affine,4.0,100,1.0,7057467,285,0.9999407193841715,0.9998564912876503,3448.104476833613,0,-1
c,active_quadratic,affine,4.0,100,1.0,7057467,286,0.9950040214656536,0.9999785555210098,3448.767516875946,0,-1
c,active_quadratic,affine,4.0,100,1.0,7057467,287,0.999999,0.9754588144040149,3465.6186801329814,0,-1
c,active_quadratic,affine,4.0,100,1.0,7057467,288,0.999999,0.999999,3486.2065137406853,0,-1
c,active_quadratic,affine,4.0,100,1.0,7057467,289,0.9998580627399414,0.999999,3472.798397035118,0,-1
c,active_quadratic,affine,4.0,100,1.0,7057467,290,0.999999,0.7236807185230013,3445.2527646001263,0,-1
c,active_quadratic,affine,4.0,100,1.0,7057467,291,0.999999,0.9999398796632862,3427.470353076954,0,-1
c,active_quadratic,affine,4.0,100,1.0,7057467,292,0.9999410549079852,0.926015386936868,3473.123787319253,0,-1
c,active_quadratic,affine,4.0,100,1.0,7057467,293,0.999999,0.99770030794752,3463.9252389191843,0,-1
c,active_quadratic,affine,4.0,100,1.0,7057467,294,0.999999,0.9997134504785675,3417.487606920324,0,-1
c,active_quadratic,affine,4.0,100,1.0,7057467,295,0.9996996774114392,0.999999,3465.8170910858917,0,-1
c,active_quadratic,affine,4.0,100,1.0,7057467,296,0.999999,0.9999474376433475,3461.114755152277,0,-1
c,active_quadratic,affine,4.0,100,1.0,7057467,297,0.9281518140152182,0.999999,3469.6527391234536,0,-1
c,active_quadratic,affine,4.0,100,1.0,7057467,298,0.8520483594708737,0.999999,3465.623606598895,0,-1
c,active_quadratic,affine,4.0,100,1.0,7057467,299,0.9999122675880786,0.9996428389231432,3484.5707634977343,0,-1
c,active_quadratic,affine,4.0,100,1.0,7057467,300,0.999999,0.99567157909038,3466.1519915993895,0,-1
c,active_quadratic,affine,4.0,100,1.0,7057467,301,0.9999832901404474,0.999999,3469.429957125312,0,-1
c,active_quadratic,affine,4.0,100,1.0,7057467,302,0.9998097620796904,0.999999,3433.446885218704,0,-1
c,active_quadratic,affine,4.0,100,1.0,7057467,303,0.999999,0.9996509863601437,3469.5588014336995,0,-1
c,active_quadratic,affine,4.0,100,1.0,7057467,304,0.999999,0.999999,3460.624496226854,0,-1
c,active_quadratic,affine,4.0,100,1.0,7057467,305,-0.7742799863741278,0.9949419519461844,3450.719235403746,1,275
c,active_quadratic,affine,4.0,100,1.0,7057467,306,0.9998803095119514,0.9999790852040293,3471.308241044699,0,-1
c,active_quadratic,affine,4.0,100,1.0,7057467,307,0.9971253820039859,0.9999689265837337,3449.7227689419883,0,-1
c,active_quadratic,affine,4.0,100,1.0,7057467,308,0.9425492513755641,0.9879133949306413,3443.3484664976263,0,-1
c,active_quadratic,affine,4.0,100,1.0,7057467,309,0.9988540245841314,0.999999,3464.7626322378037,0,-1
c,active_quadratic,affine,4.0,100,1.0,7057467,310,0.999999,0.999999,3469.397700669694,0,-1
c,active_quadratic,affine,4.0,100,1.0,7057467,311,0.998609270936669,0.9324188232722304,3475.971563442617,0,-1
c,active_quadratic,affine,4.0,100,1.0,7057467,312,0.9993411582978414,0.999999,3478.2831395172893,0,-1
c,active_quadratic,affine,4.0,100,1.0,7057467,313,0.999999,0.999999,3476.6869373313466,0,-1
c,active_quadratic,affine,4.0,100,1.0,7057467,314,0.9998806393818095,0.9177493026668657,3457.894453460772,0,-1
c,active_quadratic,affine,4.0,100,1.0,7057467,315,0.999150853761208,0.9995571759804452,3397.8673424359954,0,-1
c,active_quadratic,affine,4.0,100,1.0,7057467,316,0.54653529944999,0.9856871078994784,3426.3130009938627,0,-1
c,active_quadratic,affine,4.0,100,1.0,7057467,317,0.8557111709307935,0.999999,3471.118486822128,0,-1
c,active_quadratic,affine,4.0,100,1.0,7057467,318,0.999999,0.999999,3471.8020552465223,0,-1
c,active_quadratic,affine,4.0,100,1.0,7057467,319,0.9998882099473791,0.9387668393613908,3481.270949392099,0,-1
c,active_quadratic,affine,4.0,100,1.0,7057467,320,0.999999,0.9935883151505001,3473.877734098996,0,-1
c,active_quadratic,affine,4.0,100,1.0,7057467,321,0.999999,0.999999,3470.8608042456563,0,-1
c,active_quadratic,affine,4.0,100,1.0,7057467,322,0.999999,0.9999272134718982,3464.137872979187,0,-1
c,active_quadratic,affine,4.0,100,1.0,7057467,323,0.9996948145630258,0.999999,3464.904599421865,0,-1
c,active_quadratic,affine,4.0,100,1.0,7057467,324,0.9997711976525493,0.9684723574754888,3478.1653784814953,0,-1
c,active_quadratic,affine,4.0,100,1.0,7057467,325,-0.9954280226634331,0.957183696242436,3467.291777170964,1,273
c,active_quadratic,affine,4.0,100,1.0,7057467,326,0.999777172530686,0.999999,3437.7591093721535,0,-1
c,active_quadratic,affine,4.0,100,1.0,7057467,327,0.9994346857409736,0.9980880885031636,3474.7185851081645,0,-1
c,active_quadratic,affine,4.0,100,1.0,7057467,328,-0.9960547475629288,0.9999262788919274,3453.5949858479557,1,464
c,active_quadratic,affine,4.0,100,1.0,7057467,329,0.9933202339989599,0.9911621948754946,3423.3507390887207,0,-1
c,active_quadratic,affine,4.0,100,1.0,7057467,330,0.9999451860796066,0.999999,3467.0883453470465,0,-1
c,active_quadratic,affine,4.0,100,1.0,7057467,331,0.9891415503523455,0.999999,3475.2701478621416,0,-1
c,active_quadratic,affine,4.0,100,1.0,7057467,332,0.999999,0.999999,3437.76801888216,0,-1
c,active_quadratic,affine,4.0,100,1.0,7057467,333,0.9996751915166706,0.999999,3458.882389189458,0,-1
c,active_quadratic,affine,4.0,100,1.0,7057467,334,0.7938443125809505,0.9999831792239068,3454.714035594122,0,-1
c,active_quadratic,affine,4.0,100,1.0,7057467,335,0.999999,0.9961905688884981,3466.8084861792227,0,-1
c,active_quadratic,affine,4.0,100,1.0,7057467,336,0.9999547972620573,0.999999,3467.102606998371,0,-1
c,active_quadratic,affine,4.0,100,1.0,7057467,337,0.9854692876875395,0.7532184699636285,3462.3492527286753,0,-1
c,active_quadratic,affine,4.0,100,1.0,7057467,338,0.7084759976941727,0.884720479925836,3408.863671943835,0,-1
c,active_quadratic,affine,4.0,100,1.0,7057467,339,0.9998649290876224,0.999999,3477.4863192030753,0,-1
c,active_quadratic,affine,4.0,100,1.0,7057467,340,0.9999594835516047,0.9981039204834982,3448.870517664074,0,-1
c,active_quadratic,affine,4.0,100,1.0,7057467,341,0.999999,0.999999,3471.3695012825337,0,-1
c,active_quadratic,affine,4.0,100,1.0,7057467,342,0.999999,0.9974250695269192,3466.1588965694273,0,-1
c,active_quadratic,affine,4.0,100,1.0,7057467,343,0.9987220657734326,0.9998566235437745,3461.7592584253593,0,-1
c,active_quadratic,affine,4.0,100,1.0,7057467,344,0.9692044914085185,0.9999838777214958,3421.2704559906288,0,-1
c,active_quadratic,affine,4.0,100,1.0,7057467,345,0.984426343744771,0.999999,3449.7946666375474,0,-1
c,active_quadratic,affine,4.0,100,1.0,7057467,346,0.920293282057374,0.999726968325107,3457.8872493777435,0,-1
c,active_quadratic,affine,4.0,100,1.0,7057467,347,0.9999278994143963,0.999999,3467.963996982632,1,308
c,active_quadratic,affine,4.0,100,1.0,7057467,348,0.999999,0.9818151316600732,3471.1828235683042,0,-1
c,active_quadratic,affine,4.0,100,1.0,7057467,349,0.7191944825179547,0.9987207075280238,3462.7681879104694,0,-1
c,active_quadratic,affine,4.0,100,1.0,7057467,350,-0.999999,0.999999,3392.2215271816563,1,373
c,active_quadratic,affine,4.0,100,1.0,7057467,351,0.9998837233381953,0.999999,3423.8172823438945,0,-1
c,active_quadratic,affine,4.0,100,1.0,7057467,352,0.999999,0.999999,3446.520977043589,0,-1
c,active_quadratic,affine,4.0,100,1.0,7057467,353,0.8334156047036216,0.999999,3471.0894940614517,0,-1
c,active_quadratic,affine,4.0,100,1.0,7057467,354,0.999999,0.999999,3443.9021479945823,0,-1
c,active_quadratic,affine,4.0,100,1.0,7057467,355,-0.9863755780816988,0.999999,3467.72525847193,1,382
c,active_quadratic,affine,4.0,100,1.0,7057467,356,0.9931327992400968,0.9101501420652525,3441.6653462114487,0,-1
c,active_quadratic,affine,4.0,100,1.0,7057467,357,0.9999750328575624,0.9999139670633667,3454.885350675752,0,-1
c,active_quadratic,affine,4.0,100,1.0,7057467,358,0.9883777081579191,0.9999673252553818,3481.8213626010447,0,-1
c,active_quadratic,affine,4.0,100,1.0,7057467,359,0.999999,0.9999274032782377,3458.7032641249734,0,-1
c,active_quadratic,affine,4.0,100,1.0,7057467,360,0.9964980709249437,0.9685709310759325,3452.7387468836373,0,-1
c,active_quadratic,affine,4.0,100,1.0,7057467,361,0.999999,0.9997421541907429,3412.354278278614,0,-1
c,active_quadratic,affine,4.0,100,1.0,7057467,362,0.999999,0.9998646146235187,3475.6700910792356,0,-1
c,active_quadratic,affine,4.0,100,1.0,7057467,363,0.9971526461504454,0.999999,3419.578947038139,0,-1
c,active_quadratic,affine,4.0,100,1.0,7057467,364,0.9955780638459635,0.888522405214698,3442.2406725537726,0,-1
c,active_quadratic,affine,4.0,100,1.0,7057467,365,0.9959964668839998,0.9999429250819485,3462.7991473816223,0,-1
c,active_quadratic,affine,4.0,100,1.0,7057467,366,0.99585988069934,0.999999,3463.6909347254614,0,-1
c,active_quadratic,affine,4.0,100,1.0,7057467,367,-0.9931415847378411,0.999999,3398.1770346846542,1,285
c,active_quadratic,affine,4.0,100,1.0,7057467,368,0.999999,0.999999,3466.0856256618017,0,-1
c,active_quadratic,affine,4.0,100,1.0,7057467,369,0.9995621698073265,0.999999,3461.60196107701,0,-1
c,active_quadratic,affine,4.0,100,1.0,7057467,370,-0.9157043794897518,0.9978699381374929,3383.2243560508114,1,291
c,active_quadratic,affine,4.0,100,1.0,7057467,371,0.999999,0.9994317427596179,3474.660302277891,0,-1
c,active_quadratic,affine,4.0,100,1.0,7057467,372,-0.9983225262659765,0.999999,3458.2256532647057,1,318
c,active_quadratic,affine,4.0,100,1.0,7057467,373,-0.9977847774734284,0.999999,3478.3584530792023,1,279
c,active_quadratic,affine,4.0,100,1.0,7057467,374,0.999999,0.999999,3475.3204028527443,0,-1
c,active_quadratic,affine,4.0,100,1.0,7057467,375,0.999999,0.9959138129267301,3464.7866751740544,0,-1
c,active_quadratic,affine,4.0,100,1.0,7057467,376,0.999999,0.999999,3474.4182043277087,0,-1
c,active_quadratic,affine,4.0,100,1.0,7057467,377,0.999999,0.9664402075342834,3464.020064041041,0,-1
c,active_quadratic,affine,4.0,100,1.0,7057467,378,-0.999999,0.999999,3479.2957150133616,1,298
c,active_quadratic,affine,4.0,100,1.0,7057467,379,0.9995809301024778,0.9979675124426721,3466.880089074856,0,-1
c,active_quadratic,affine,4.0,100,1.0,7057467,380,0.9994540790975233,0.9999006792587387,3438.8087314038758,0,-1
c,active_quadratic,affine,4.0,100,1.0,7057467,381,0.9999379126166902,0.9999340265282978,3446.0785018511588,0,-1
c,active_quadratic,affine,4.0,100,1.0,7057467,382,0.9998735409217147,0.9975218138211258,3473.2673326178287,0,-1
c,active_quadratic,affine,4.0,100,1.0,7057467,383,0.989379984888572,0.999999,3458.9763851547527,0,-1
c,active_quadratic,affine,4.0,100,1.0,7057467,384,0.999999,0.9999337688647109,3459.06528220939,0,-1
c,active_quadratic,affine,4.0,100,1.0,7057467,385,0.999999,0.9452876132129414,3452.1101651716963,0,-1
c,active_quadratic,affine,4.0,100,1.0,7057467,386,0.999999,0.9898574408507239,3473.901481354912,0,-1
c,active_quadratic,affine,4.0,100,1.0,7057467,387,-0.9983506653165802,0.997778506799452,3453.2987205151126,1,465
c,active_quadratic,affine,4.0,100,1.0,7057467,388,0.999999,0.9572496397445567,3456.229877761625,0,-1
c,active_quadratic,affine,4.0,100,1.0,7057467,389,0.999999,0.999999,3452.2492618955575,0,-1
c,active_quadratic,affine,4.0,100,1.0,7057467,390,0.999008070465467,0.999999,3429.2351633817734,0,-1
c,active_quadratic,affine,4.0,100,1.0,7057467,391,0.999999,0.8630746101229003,3469.382758795591,0,-1
c,active_quadratic,affine,4.0,100,1.0,7057467,392,0.999999,0.9999719788827419,3476.7952517392073,0,-1
c,active_quadratic,affine,4.0,100,1.0,7057467,393,0.7909427988561194,0.999999,3466.8259585247083,0,-1
c,active_quadratic,affine,4.0,100,1.0,7057467,394,0.999999,0.999999,3469.6300944523255,0,-1
c,active_quadratic,affine,4.0,100,1.0,7057467,395,0.999999,0.8408433969134416,3462.933413766879,0,-1
c,active_quadratic,affine,4.0,100,1.0,7057467,396,-0.9980292566515122,0.9999739105650303,3469.1173932642005,1,309
c,active_quadratic,affine,4.0,100,1.0,7057467,397,-0.9732692227847916,0.999999,3468.7619420316014,1,421
c,active_quadratic,affine,4.0,100,1.0,7057467,398,0.9660285466987049,0.9972302377686384,3461.411080374246,0,-1
c,active_quadratic,affine,4.0,100,1.0,7057467,399,0.999999,0.9699251231880668,3482.263351107864,0,-1
c,active_quadratic,affine,4.0,100,1.0,7057467,400,0.9960019436773453,0.9858098899041408,3466.41084485656,0,-1
c,active_quadratic,affine,4.0,100,1.0,7057467,401,0.999999,0.9999792716684466,3476.7234074952994,0,-1
c,active_quadratic,affine,4.0,100,1.0,7057467,402,0.9663960802833925,0.999999,3470.294255548033,0,-1
c,active_quadratic,affine,4.0,100,1.0,7057467,403,-0.9926795389969687,0.9937590960407691,3475.905283695438,1,306
c,active_quadratic,affine,4.0,100,1.0,7057467,404,0.9929131240489559,0.999999,3449.14728070996,0,-1
c,active_quadratic,affine,4.0,100,1.0,7057467,405,0.9994911349723433,0.999999,3457.5513149356093,0,-1
c,active_quadratic,affine,4.0,100,1.0,7057467,406,-0.999999,0.9950528555883589,3480.3030445793147,1,296
c,active_quadratic,affine,4.0,100,1.0,7057467,407,0.999999,0.999999,3441.509752482523,0,-1
c,active_quadratic,affine,4.0,100,1.0,7057467,408,0.9998765316840442,0.999999,3473.2481792782246,0,-1
c,active_quadratic,affine,4.0,100,1.0,7057467,409,0.999999,0.999999,3455.3795929359926,0,-1
c,active_quadratic,affine,4.0,100,1.0,7057467,410,0.999999,0.9994953896234962,3453.850202341768,0,-1
c,active_quadratic,affine,4.0,100,1.0,7057467,411,0.9999812519290225,0.9983777251746598,3440.6093276648116,0,-1
c,active_quadratic,affine,4.0,100,1.0,7057467,412,0.9980154232300386,0.9996975180551226,3454.92660467872,0,-1
c,active_quadratic,affine,4.0,100,1.0,7057467,413,0.999999,0.999999,3474.349977620726,0,-1
c,active_quadratic,affine,4.0,100,1.0,7057467,414,-0.9783064096628851,0.999999,3418.242994788427,1,322
c,active_quadratic,affine,4.0,100,1.0,7057467,415,0.999999,0.9998638232709788,3416.667743407861,0,-1
c,active_quadratic,affine,4.0,100,1.0,7057467,416,0.9993924908632194,0.999999,3472.464117238161,0,-1
c,active_quadratic,affine,4.0,100,1.0,7057467,417,0.9696967214041682,0.999999,3461.7371871685623,0,-1
c,active_quadratic,affine,4.0,100,1.0,7057467,418,0.9957906129007709,0.999999,3477.312968834034,0,-1
c,active_quadratic,affine,4.0,100,1.0,7057467,419,0.9994493305064652,0.9477948884883829,3460.9357609551157,0,-1
c,active_quadratic,affine,4.0,100,1.0,7057467,420,0.9887058189261078,0.999999,3444.645705346839,0,-1
c,active_quadratic,affine,4.0,100,1.0,7057467,421,0.9906590997007154,0.9998194813055656,3461.776110416286,0,-1
c,active_quadratic,affine,4.0,100,1.0,7057467,422,0.9986970760444609,0.9947667542806594,3462.5992057995722,0,-1
c,active_quadratic,affine,4.0,100,1.0,7057467,423,0.9996017189520009,0.999999,3472.472798367476,0,-1
c,active_quadratic,affine,4.0,100,1.0,7057467,424,0.9998246730871487,0.9997640146226477,3471.402445994221,0,-1
c,active_quadratic,affine,4.0,100,1.0,7057467,425,0.9956996419974781,0.9376349317801208,3479.3667228634636,0,-1
c,active_quadratic,affine,4.0,100,1.0,7057467,426,0.87862557948951,0.917113792717346,3481.6918379428407,0,-1
c,active_quadratic,affine,4.0,100,1.0,7057467,427,0.9320224632358097,0.9783660731966412,3453.6298626009097,0,-1
c,active_quadratic,affine,4.0,100,1.0,7057467,428,0.9999206107363777,0.9833540251775117,3473.131033980382,0,-1
c,active_quadratic,affine,4.0,100,1.0,7057467,429,0.999999,0.999999,3477.1394644396937,0,-1
c,active_quadratic,affine,4.0,100,1.0,7057467,430,0.9988181546321773,0.999844580328938,3484.169473462681,0,-1
c,active_quadratic,affine,4.0,100,1.0,7057467,431,0.9967087460257265,0.999999,3468.929995929989,0,-1
c,active_quadratic,affine,4.0,100,1.0,7057467,432,0.967760516415864,0.9963575853605315,3477.4226357944776,0,-1
c,active_quadratic,affine,4.0,100,1.0,7057467,433,0.999999,0.999999,3456.354696527529,0,-1
c,active_quadratic,affine,4.0,100,1.0,7057467,434,0.9999300329305314,0.9997218068664867,3467.9704826063185,0,-1
c,active_quadratic,affine,4.0,100,1.0,7057467,435,0.9901632837404576,0.9979567380747117,3468.1187901153953,0,-1
c,active_quadratic,affine,4.0,100,1.0,7057467,436,0.999999,0.9966911349285029,3472.440199234609,0,-1
c,active_quadratic,affine,4.0,100,1.0,7057467,437,-0.9907071454963002,0.9999856804180162,3478.3159622278904,1,339
c,active_quadratic,affine,4.0,100,1.0,7057467,438,0.9994172514815447,0.999999,3469.3032084110837,0,-1
c,active_quadratic,affine,4.0,100,1.0,7057467,439,0.999999,0.999999,3445.6435862401004,0,-1
c,active_quadratic,affine,4.0,100,1.0,7057467,440,0.999999,0.999727923614262,3444.4638716197824,0,-1
c,active_quadratic,affine,4.0,100,1.0,7057467,441,0.9999559707641064,0.9910077100109284,3432.076813830834,0,-1
c,active_quadratic,affine,4.0,100,1.0,7057467,442,-0.999999,0.9997856178279387,3471.6622169269367,1,362
c,active_quadratic,affine,4.0,100,1.0,7057467,443,0.9997566335921603,0.9997286394402769,3470.4378950755136,0,-1
c,active_quadratic,affine,4.0,100,1.0,7057467,444,0.9992352781649041,0.9941603191673615,3461.779217368221,0,-1
c,active_quadratic,affine,4.0,100,1.0,7057467,445,0.999999,0.9998637641044256,3462.9744742933876,0,-1
c,active_quadratic,affine,4.0,100,1.0,7057467,446,0.8744363231018999,0.999838807150911,3459.237856703502,0,-1
c,active_quadratic,affine,4.0,100,1.0,7057467,447,0.5337999072455124,0.999999,3463.794383854838,0,-1
c,active_quadratic,affine,4.0,100,1.0,7057467,448,0.9862471716285068,0.9998099375032842,3467.840082004452,0,-1
c,active_quadratic,affine,4.0,100,1.0,7057467,449,0.999999,0.999999,3461.5879924258384,0,-1
c,active_quadratic,affine,4.0,100,1.0,7057467,450,0.999999,0.7508483275968607,3476.6111578004234,0,-1
c,active_quadratic,affine,4.0,100,1.0,7057467,451,0.7382044112832304,0.9716693918533206,3454.831815815895,0,-1
c,active_quadratic,affine,4.0,100,1.0,7057467,452,0.999999,0.999999,3410.1445928311778,0,-1
c,active_quadratic,affine,4.0,100,1.0,7057467,453,0.999916590349763,0.9999424201235393,3474.6520754194294,0,-1
c,active_quadratic,affine,4.0,100,1.0,7057467,454,0.999999,0.999999,3453.5079259115096,0,-1
c,active_quadratic,affine,4.0,100,1.0,7057467,455,0.999999,0.9941243730844747,3453.1419636336755,0,-1
c,active_quadratic,affine,4.0,100,1.0,7057467,456,0.9996519013298666,0.9163802589804269,3464.27618860129,0,-1
c,active_quadratic,affine,4.0,100,1.0,7057467,457,0.999999,0.999999,3449.7980392184036,0,-1
c,active_quadratic,affine,4.0,100,1.0,7057467,458,-0.7442843122903257,0.999999,3462.351956113888,1,267
c,active_quadratic,affine,4.0,100,1.0,7057467,459,0.999999,0.959411790005502,3468.9012922860006,0,-1
c,active_quadratic,affine,4.0,100,1.0,7057467,460,0.999999,0.8957709939829892,3443.704873231961,0,-1
c,active_quadratic,affine,4.0,100,1.0,7057467,461,0.9970861438613229,0.9972270556910763,3484.103096071121,0,-1
c,active_quadratic,affine,4.0,100,1.0,7057467,462,0.999999,0.999999,3458.977070232081,0,-1
c,active_quadratic,affine,4.0,100,1.0,7057467,463,0.999999,0.9476737599762326,3464.274106937457,0,-1
c,active_quadratic,affine,4.0,100,1.0,7057467,464,0.999999,0.999999,3460.2202952112675,0,-1
c,active_quadratic,affine,4.0,100,1.0,7057467,465,0.9536651839002775,0.9997536466914371,3458.75403334977,0,-1
c,active_quadratic,affine,4.0,100,1.0,7057467,466,0.999999,0.9999241407470636,3441.5316145577626,0,-1
c,active_quadratic,affine,4.0,100,1.0,7057467,467,0.9999529784081312,0.9998383849209354,3454.6016822687234,0,-1
c,active_quadratic,affine,4.0,100,1.0,7057467,468,0.9999107383856289,0.999999,3458.0373192595107,0,-1
c,active_quadratic,affine,4.0,100,1.0,7057467,469,0.999999,0.9998587228479051,3475.305793289103,0,-1
c,active_quadratic,affine,4.0,100,1.0,7057467,470,0.999999,0.9999851452987426,3474.4488062759124,0,-1
c,active_quadratic,affine,4.0,100,1.0,7057467,471,0.9998972693258115,0.9902166501395031,3426.3913983465322,0,-1
c,active_quadratic,affine,4.0,100,1.0,7057467,472,0.999999,0.9999006247817214,3484.1634633920467,0,-1
c,active_quadratic,affine,4.0,100,1.0,7057467,473,0.999999,0.999999,3469.9721199342775,0,-1
c,active_quadratic,affine,4.0,100,1.0,7057467,474,0.999999,0.999999,3452.3866805286184,0,-1
c,active_quadratic,affine,4.0,100,1.0,7057467,475,0.5576272355057472,0.9999587426182082,3452.6315744967574,0,-1
c,active_quadratic,affine,4.0,100,1.0,7057467,476,0.999999,0.9999236583796139,3484.1665286849016,0,-1
c,active_quadratic,affine,4.0,100,1.0,7057467,477,0.999999,0.5605938188746231,3474.1536988133535,0,-1
c,active_quadratic,affine,4.0,100,1.0,7057467,478,0.999999,0.999999,3443.502906836648,0,-1
c,active_quadratic,affine,4.0,100,1.0,7057467,479,0.9867731814870767,0.999999,3480.6406278630343,0,-1
c,active_quadratic,affine,4.0,100,1.0,7057467,480,0.999999,0.999999,3424.3619696591322,0,-1
c,active_quadratic,affine,4.0,100,1.0,7057467,481,0.999999,0.9993655485881415,3369.891445775961,0,-1
c,active_quadratic,affine,4.0,100,1.0,7057467,482,-0.9930594795578933,0.9989140740206571,3452.113383408973,1,300
c,active_quadratic,affine,4.0,100,1.0,7057467,483,-0.801602749236127,0.999999,3468.219630299254,1,266
c,active_quadratic,affine,4.0,100,1.0,7057467,484,0.9998296850985208,0.999999,3456.079828571563,0,-1
c,active_quadratic,affine,4.0,100,1.0,7057467,485,0.999999,0.999999,3477.4095036705808,0,-1
c,active_quadratic,affine,4.0,100,1.0,7057467,486,0.999999,0.999999,3453.969334378556,0,-1
c,active_quadratic,affine,4.0,100,1.0,7057467,487,0.9999629390247037,0.999999,3460.757523987689,0,-1
c,active_quadratic,affine,4.0,100,1.0,7057467,488,0.999999,0.9134198963110468,3459.765493279723,0,-1
c,active_quadratic,affine,4.0,100,1.0,7057467,489,0.9990753813192447,0.9655100899220688,3462.889768715071,0,-1
c,active_quadratic,affine,4.0,100,1.0,7057467,490,0.999999,0.999750601519735,3467.8631743645374,0,-1
c,active_quadratic,affine,4.0,100,1.0,7057467,491,0.999937826112792,0.999999,3423.008543762857,0,-1
c,active_quadratic,affine,4.0,100,1.0,7057467,492,0.999999,0.9999938054448313,3480.069352229021,0,-1
c,active_quadratic,affine,4.0,100,1.0,7057467,493,0.999959131352507,0.9987441722814462,3434.828135732668,0,-1
c,active_quadratic,affine,4.0,100,1.0,7057467,494,0.996711470279043,0.999999,3482.3988660057335,0,-1
c,active_quadratic,affine,4.0,100,1.0,7057467,495,0.999999,0.9956684532272901,3470.019966138976,0,-1
c,active_quadratic,affine,4.0,100,1.0,7057467,496,0.9963352823907985,0.9997623974612194,3473.5965184390243,1,295
c,active_quadratic,affine,4.0,100,1.0,7057467,497,0.9873793500889105,0.9886659287804553,3481.0921690921455,0,-1
c,active_quadratic,affine,4.0,100,1.0,7057467,498,0.9999724798809401,0.9756037864683026,3474.882903536838,0,-1
c,active_quadratic,affine,4.0,100,1.0,7057467,499,0.9941264533251103,0.6798141940056205,3446.0558326201153,0,-1
c,active_quadratic,affine,4.0,100,1.0,7057467,500,0.999999,0.8667880608782906,3463.9373802810883,0,-1
c,active_quadratic,affine,4.0,100,1.0,7057467,501,-0.999999,0.6735265000416136,2328.2137260221857,1,294
c,active_quadratic,affine,4.0,100,1.0,7057467,502,0.9997658153186727,0.9998276820361267,3411.134844057124,0,-1
c,active_quadratic,affine,4.0,100,1.0,7057467,503,0.999649909330224,0.9997159821788533,3469.690240748736,0,-1
c,active_quadratic,affine,4.0,100,1.0,7057467,504,0.9938532093452045,0.999999,3478.1723749757934,0,-1
c,active_quadratic,affine,4.0,100,1.0,7057467,505,0.999999,0.999999,3472.5622418032826,0,-1
c,active_quadratic,affine,4.0,100,1.0,7057467,506,0.8835189480293077,0.9870101000783038,3462.9058492667714,0,-1
c,active_quadratic,affine,4.0,100,1.0,7057467,507,-0.9976263971298007,0.9796631312008842,3468.0073195494488,1,282
c,active_quadratic,affine,4.0,100,1.0,7057467,508,0.9973458904930766,0.999999,3474.352400813355,0,-1
c,active_quadratic,affine,4.0,100,1.0,7057467,509,0.9692851633666681,0.9997456291726962,3442.865657888675,0,-1
c,active_quadratic,affine,4.0,100,1.0,7057467,510,0.9999933015237238,0.9998138770466396,3453.6255853848124,0,-1
c,active_quadratic,affine,4.0,100,1.0,7057467,511,0.9847263702537867,0.999999,3477.2241472117157,0,-1
c,active_quadratic,affine,4.0,100,1.0,7057467,512,0.999999,0.999999,3467.0481193995984,0,-1
c,active_quadratic,affine,4.0,100,1.0,7057467,513,0.9921674448376413,0.9764864740344951,3468.62676998366,0,-1
c,active_quadratic,affine,4.0,100,1.0,7057467,514,0.999999,0.999999,3467.47664037683,0,-1
c,active_quadratic,affine,4.0,100,1.0,7057467,515,0.9815936302450032,0.954604928392799,3480.855737889337,0,-1
c,active_quadratic,affine,4.0,100,1.0,7057467,516,0.9999030487804516,0.993995201852292,3452.3909265870684,0,-1
c,active_quadratic,affine,4.0,100,1.0,7057467,517,0.9957321740385745,0.999999,3445.9542039562675,0,-1
c,active_quadratic,affine,4.0,100,1.0,7057467,518,0.9950228345477088,0.9998176880775715,3464.66262164098,0,-1
c,active_quadratic,affine,4.0,100,1.0,7057467,519,0.998969804459759,0.8930768428484495,3449.6236484479823,0,-1
c,active_quadratic,affine,4.0,100,1.0,7057467,520,0.9575960251306008,0.999999,3468.4461447735243,0,-1
c,active_quadratic,affine,4.0,100,1.0,7057467,521,0.9944372232126794,0.999999,3450.193473735912,0,-1
c,active_quadratic,affine,4.0,100,1.0,7057467,522,0.9841466651771833,0.9999878211007017,3445.106212714433,0,-1
c,active_quadratic,affine,4.0,100,1.0,7057467,523,0.999999,0.9998726341463084,3459.3117884377,0,-1
c,active_quadratic,affine,4.0,100,1.0,7057467,524,0.9976254973374754,0.9763352064913212,3478.9216805585575,0,-1
c,active_quadratic,affine,4.0,100,1.0,7057467,525,0.9681484657527067,0.9977067707713472,3427.1373851194853,0,-1
c,active_quadratic,affine,4.0,100,1.0,7057467,526,-0.999999,0.999999,3459.1182213576285,1,266
c,active_quadratic,affine,4.0,100,1.0,7057467,527,-0.7466689475567254,0.9998988341577876,3463.179450960152,1,324
c,active_quadratic,affine,4.0,100,1.0,7057467,528,0.9978421318758743,0.999999,3467.2143283199257,0,-1
c,active_quadratic,affine,4.0,100,1.0,7057467,529,0.999999,0.9991762593199709,3478.7463308219517,0,-1
c,active_quadratic,affine,4.0,100,1.0,7057467,530,0.9976913047253418,0.999999,3406.9381717156907,0,-1
c,active_quadratic,affine,4.0,100,1.0,7057467,531,0.999999,0.999999,3428.2042083603474,0,-1
c,active_quadratic,affine,4.0,100,1.0,7057467,532,0.9940669508128083,0.9997803361276506,3453.5521712532127,0,-1
c,active_quadratic,affine,4.0,100,1.0,7057467,533,0.999999,0.9952635812837676,3466.563115917509,0,-1
c,active_quadratic,affine,4.0,100,1.0,7057467,534,0.999999,0.9997750234692949,3476.172006991374,0,-1
c,active_quadratic,affine,4.0,100,1.0,7057467,535,0.999950993970627,0.9675468224162498,3481.151860159901,0,-1
c,active_quadratic,affine,4.0,100,1.0,7057467,536,0.999999,0.8019809248590959,3405.2511380492833,0,-1
c,active_quadratic,affine,4.0,100,1.0,7057467,537,0.999999,0.999999,3462.033113767218,0,-1
c,active_quadratic,affine,4.0,100,1.0,7057467,538,0.9951993739536948,0.999999,3462.1274459066,0,-1
c,active_quadratic,affine,4.0,100,1.0,7057467,539,0.8488667323723714,0.999999,3471.751731639458,0,-1
c,active_quadratic,affine,4.0,100,1.0,7057467,540,0.999999,0.995658484240285,3475.3877088330196,0,-1
c,active_quadratic,affine,4.0,100,1.0,7057467,541,0.9504841050317961,0.9701101363274085,3455.064975949005,0,-1
c,active_quadratic,affine,4.0,100,1.0,7057467,542,0.9999671482135776,0.999999,3461.6660967980083,0,-1
c,active_quadratic,affine,4.0,100,1.0,7057467,543,-0.07900668919098444,0.9998159235401838,3453.1119204759757,1,328
c,active_quadratic,affine,4.0,100,1.0,7057467,544,0.9956103478874392,0.9997550410970717,3461.2338519497534,0,-1
c,active_quadratic,affine,4.0,100,1.0,7057467,545,0.9383415969391327,0.999999,3478.139864231766,0,-1
c,active_quadratic,affine,4.0,100,1.0,7057467,546,0.999532555532439,0.9999946099168696,3479.8274253251093,0,-1
c,active_quadratic,affine,4.0,100,1.0,7057467,547,0.9999903560042835,0.9954949792135418,3421.693338844781,0,-1
c,active_quadratic,affine,4.0,100,1.0,7057467,548,0.9781991415122725,0.9951348108665389,3437.419042455549,0,-1
c,active_quadratic,affine,4.0,100,1.0,7057467,549,0.999999,0.999999,3480.288292949958,0,-1
c,active_quadratic,affine,4.0,100,1.0,7057467,550,-0.23739547246873674,0.9998095849540771,3464.226120739468,1,277
c,active_quadratic,affine,4.0,100,1.0,7057467,551,0.9986255835537535,0.9949538195507144,3461.9850961877205,0,-1
c,active_quadratic,affine,4.0,100,1.0,7057467,552,0.9999175021432162,0.999999,3483.397406187668,0,-1
c,active_quadratic,affine,4.0,100,1.0,7057467,553,-0.980391609961064,0.999999,3463.607879643716,1,352
c,active_quadratic,affine,4.0,100,1.0,7057467,554,0.999999,0.999999,3439.7151344635504,0,-1
c,active_quadratic,affine,4.0,100,1.0,7057467,555,0.999999,0.9997280542106096,3465.009760413968,0,-1
c,active_quadratic,affine,4.0,100,1.0,7057467,556,0.9998407864778126,0.9994273780957703,3468.282684789276,0,-1
c,active_quadratic,affine,4.0,100,1.0,7057467,557,0.999999,0.999999,3465.2782336006303,0,-1
c,active_quadratic,affine,4.0,100,1.0,7057467,558,-0.9770720183659721,0.9978581875868421,3484.9933187734537,1,339
c,active_quadratic,affine,4.0,100,1.0,7057467,559,0.9954995616394221,0.987456954314914,3437.954395944119,0,-1
c,active_quadratic,affine,4.0,100,1.0,7057467,560,0.999999,0.8344769217370206,3460.1522085583165,0,-1
c,active_quadratic,affine,4.0,100,1.0,7057467,561,-0.9606700993437275,0.9985522577072551,3457.5442333465326,1,320
c,active_quadratic,affine,4.0,100,1.0,7057467,562,0.999999,0.9995813945657778,3458.6798498471576,0,-1
c,active_quadratic,affine,4.0,100,1.0,7057467,563,0.999999,0.999999,3448.3040776957755,0,-1
c,active_quadratic,affine,4.0,100,1.0,7057467,564,0.999999,0.9995307099289857,3464.8712210360677,0,-1
c,active_quadratic,affine,4.0,100,1.0,7057467,565,0.9929241130851834,0.9978212702206433,3438.7501745608547,0,-1
c,active_quadratic,affine,4.0,100,1.0,7057467,566,0.999999,0.999999,3452.7654487856676,0,-1
c,active_quadratic,affine,4.0,100,1.0,7057467,567,0.9678424230863407,0.9972736864437489,3429.8706647956337,0,-1
c,active_quadratic,affine,4.0,100,1.0,7057467,568,0.9999040754990017,0.999999,3469.077660511028,0,-1
c,active_quadratic,affine,4.0,100,1.0,7057467,569,0.9982626495138796,0.999892590221158,3403.8441066392447,1,291
c,active_quadratic,affine,4.0,100,1.0,7057467,570,0.970647956597655,0.999999,3481.7946507359893,0,-1
c,active_quadratic,affine,4.0,100,1.0,7057467,571,0.999999,0.999999,3463.9610486894553,0,-1
c,active_quadratic,affine,4.0,100,1.0,7057467,572,0.8759469344071845,0.9781664073205982,3455.6648812096305,0,-1
c,active_quadratic,affine,4.0,100,1.0,7057467,573,0.999999,0.9998483213960881,3453.032785294644,0,-1
c,active_quadratic,affine,4.0,100,1.0,7057467,574,0.999999,0.9914131313027642,3481.348372017859,0,-1
c,active_quadratic,affine,4.0,100,1.0,7057467,575,0.9998426943784272,0.999999,3474.4134298690415,0,-1
c,active_quadratic,affine,4.0,100,1.0,7057467,576,0.9963127180850927,0.9868366507463564,3469.3008427623154,0,-1
c,active_quadratic,affine,4.0,100,1.0,7057467,577,0.999999,0.9999513614076894,3478.378940750413,0,-1
c,active_quadratic,affine,4.0,100,1.0,7057467,578,-0.9829586529977512,0.999859219628542,3471.335025089616,1,294
c,active_quadratic,affine,4.0,100,1.0,7057467,579,0.999999,0.999999,3455.3256001710492,0,-1
c,active_quadratic,affine,4.0,100,1.0,7057467,580,0.9999230613858741,0.9596967788250964,3468.218260385849,0,-1
c,active_quadratic,affine,4.0,100,1.0,7057467,581,0.999999,0.991105415293529,3354.32227800756,0,-1
c,active_quadratic,affine,4.0,100,1.0,7057467,582,0.999999,0.999799020732286,3483.841555553352,0,-1
c,active_quadratic,affine,4.0,100,1.0,7057467,583,0.999999,0.999999,3380.3017743537575,0,-1
c,active_quadratic,affine,4.0,100,1.0,7057467,584,0.9999564641270263,0.5285932099138935,3431.2782303777603,0,-1
c,active_quadratic,affine,4.0,100,1.0,7057467,585,0.999999,0.9999941222391531,3474.873131473684,0,-1
c,active_quadratic,affine,4.0,100,1.0,7057467,586,0.9999711429687697,0.999999,3471.449799710112,0,-1
c,active_quadratic,affine,4.0,100,1.0,7057467,587,0.9764223028021273,0.9999355538304305,3475.4784600167286,0,-1
c,active_quadratic,affine,4.0,100,1.0,7057467,588,-0.3641747090171847,0.999999,3454.8500824960965,1,317
c,active_quadratic,affine,4.0,100,1.0,7057467,589,0.9999959344070979,0.999999,3459.492536728853,0,-1
c,active_quadratic,affine,4.0,100,1.0,7057467,590,0.9999878529688905,0.9999250806422348,3460.181937656959,0,-1
c,active_quadratic,affine,4.0,100,1.0,7057467,591,0.999999,0.9911686953181952,3466.22801558554,0,-1
c,active_quadratic,affine,4.0,100,1.0,7057467,592,0.9998111917593966,0.9991131295476507,3437.0818847670857,0,-1
c,active_quadratic,affine,4.0,100,1.0,7057467,593,0.9994892009229787,0.9992751510260198,3456.302969005147,0,-1
c,active_quadratic,affine,4.0,100,1.0,7057467,594,-0.969809851560759,0.9992850430436202,3470.9860188513785,1,293
c,active_quadratic,affine,4.0,100,1.0,7057467,595,0.999999,0.9889116802583322,3456.563324030131,0,-1
c,active_quadratic,affine,4.0,100,1.0,7057467,596,-0.16508291451141266,0.999999,3462.7477710888315,1,320
c,active_quadratic,affine,4.0,100,1.0,7057467,597,0.9848539611553495,0.999999,3471.0577421134153,0,-1
c,active_quadratic,affine,4.0,100,1.0,7057467,598,0.999999,0.9612614637779913,3464.6106591517446,0,-1
c,active_quadratic,affine,4.0,100,1.0,7057467,599,-0.7140840722890579,0.9561613393373359,3468.2858930838984,1,296
c,active_quadratic,affine,4.0,100,1.0,7057467,600,-0.9904926618148643,0.999999,3464.604146778003,1,279
c,active_quadratic,affine,4.0,100,1.0,7057467,601,0.9999159150173178,0.999999,3462.2514477285577,0,-1
c,active_quadratic,affine,4.0,100,1.0,7057467,602,0.9622779916468096,0.999999,3458.7888573848813,0,-1
c,active_quadratic,affine,4.0,100,1.0,7057467,603,0.999999,0.999999,3476.5317748265047,0,-1
c,active_quadratic,affine,4.0,100,1.0,7057467,604,0.999999,0.9656400698925441,3475.5808291615353,0,-1
c,active_quadratic,affine,4.0,100,1.0,7057467,605,0.9998709492424316,0.999999,3458.132709836658,0,-1
c,active_quadratic,affine,4.0,100,1.0,7057467,606,0.9843250934460375,0.9998288074513355,3468.0296592748064,0,-1
c,active_quadratic,affine,4.0,100,1.0,7057467,607,0.9976209096634653,0.9958641945818839,3475.041724430502,0,-1
c,active_quadratic,affine,4.0,100,1.0,7057467,608,0.9996095061373383,0.99987634989495,3433.746910269904,0,-1
c,active_quadratic,affine,4.0,100,1.0,7057467,609,0.999999,0.9979120086455584,3473.9388717175807,0,-1
c,active_quadratic,affine,4.0,100,1.0,7057467,610,0.999999,0.9984906580862881,3483.27481648379,0,-1
c,active_quadratic,affine,4.0,100,1.0,7057467,611,0.8144003582216399,0.999999,3481.178669536482,0,-1
c,active_quadratic,affine,4.0,100,1.0,7057467,612,0.99989767483102,0.9674975644718019,3482.5374360453156,0,-1
c,active_quadratic,affine,4.0,100,1.0,7057467,613,0.9998119621383749,0.9999604037512206,3464.9814249293645,0,-1
c,active_quadratic,affine,4.0,100,1.0,7057467,614,0.9949253989086405,0.9998419560744218,3457.0817997977692,0,-1
c,active_quadratic,affine,4.0,100,1.0,7057467,615,0.999999,0.999999,3460.1331296201656,0,-1
c,active_quadratic,affine,4.0,100,1.0,7057467,616,0.999999,0.999999,3475.257666809979,0,-1
c,active_quadratic,affine,4.0,100,1.0,7057467,617,0.999999,0.999999,3477.3856574084007,0,-1
c,active_quadratic,affine,4.0,100,1.0,7057467,618,-0.7921049689945733,0.999999,3458.5351353178667,1,287
c,active_quadratic,affine,4.0,100,1.0,7057467,619,-0.998558017155428,0.9998056232122359,3464.295467639858,1,283
c,active_quadratic,affine,4.0,100,1.0,7057467,620,-0.93972659186204,0.9999557847635854,3424.0155268064814,1,347
c,active_quadratic,affine,4.0,100,1.0,7057467,621,0.999999,0.9998593462059477,3474.290730087191,0,-1
c,active_quadratic,affine,4.0,100,1.0,7057467,622,0.9997464471603004,0.999999,3456.1734883319755,0,-1
c,active_quadratic,affine,4.0,100,1.0,7057467,623,-0.9895719489524326,0.9996378071752776,3458.576395769181,1,292
c,active_quadratic,affine,4.0,100,1.0,7057467,624,0.999999,0.9999925570001735,3466.923349752714,0,-1
c,active_quadratic,affine,4.0,100,1.0,7057467,625,0.49176810654479863,0.999999,3463.059712240239,0,-1
c,active_quadratic,affine,4.0,100,1.0,7057467,626,0.9997551178125672,0.9999947975581941,3477.580542036827,0,-1
c,active_quadratic,affine,4.0,100,1.0,7057467,627,0.9917431619233436,0.9999842746350742,3408.4438601933284,0,-1
c,active_quadratic,affine,4.0,100,1.0,7057467,628,0.999999,0.999999,3431.4952441100486,0,-1
c,active_quadratic,affine,4.0,100,1.0,7057467,629,0.9670236144271213,0.9995436024208816,3474.8834570464837,0,-1
c,active_quadratic,affine,4.0,100,1.0,7057467,630,0.999999,0.999734036877609,3462.932058163169,0,-1
c,active_quadratic,affine,4.0,100,1.0,7057467,631,0.9958792360034829,0.867310707210703,3475.3639095660346,0,-1
c,active_quadratic,affine,4.0,100,1.0,7057467,632,0.9732767621277397,0.995406177296245,3471.5188509616332,0,-1
c,active_quadratic,affine,4.0,100,1.0,7057467,633,0.9997932682862294,0.9851114675035872,3422.5693628956737,0,-1
c,active_quadratic,affine,4.0,100,1.0,7057467,634,0.999999,0.999999,3469.2828186528177,0,-1
c,active_quadratic,affine,4.0,100,1.0,7057467,635,0.9949761199046077,0.9780177915689491,3479.3295655841357,0,-1
c,active_quadratic,affine,4.0,100,1.0,7057467,636,-0.9916070300472685,0.9999716037869466,3481.6180770141186,1,286
c,active_quadratic,affine,4.0,100,1.0,7057467,637,-0.9988074872217266,0.999999,3459.136829071681,1,368
c,active_quadratic,affine,4.0,100,1.0,7057467,638,0.985346447076866,0.999999,3468.160659442599,0,-1
c,active_quadratic,affine,4.0,100,1.0,7057467,639,0.999999,0.999999,3468.219999455051,1,291
c,active_quadratic,affine,4.0,100,1.0,7057467,640,0.9884858179990564,0.999999,3439.9741744911144,0,-1
c,active_quadratic,affine,4.0,100,1.0,7057467,641,0.999999,0.999999,3436.5603816766725,0,-1
c,active_quadratic,affine,4.0,100,1.0,7057467,642,-0.997968531566647,0.999999,3478.496246423127,1,283
c,active_quadratic,affine,4.0,100,1.0,7057467,643,0.8789357456524415,0.9326167673285419,3475.0340771627384,0,-1
c,active_quadratic,affine,4.0,100,1.0,7057467,644,0.9990213681535334,0.999999,3471.0926040778595,0,-1
c,active_quadratic,affine,4.0,100,1.0,7057467,645,0.999999,0.9999333733043742,3454.899200539824,0,-1
c,active_quadratic,affine,4.0,100,1.0,7057467,646,-0.8418772951013804,0.999999,3463.943544860243,1,298
c,active_quadratic,affine,4.0,100,1.0,7057467,647,0.99829706820576,0.9975776754019409,3460.3969307536745,0,-1
c,active_quadratic,affine,4.0,100,1.0,7057467,648,0.999999,0.999999,3464.7088133257166,0,-1
c,active_quadratic,affine,4.0,100,1.0,7057467,649,0.999999,0.999999,3474.934554956822,0,-1
c,active_quadratic,affine,4.0,100,1.0,7057467,650,-0.9890639719187181,0.999832173542932,3464.6611590810326,1,274
c,active_quadratic,affine,4.0,100,1.0,7057467,651,0.999999,0.9889402759561052,3473.2073405097904,0,-1
c,active_quadratic,affine,4.0,100,1.0,7057467,652,-0.9854728892491882,0.999999,3441.336667349149,1,313
c,active_quadratic,affine,4.0,100,1.0,7057467,653,0.9945437018519006,0.999999,3455.8556474200186,0,-1
c,active_quadratic,affine,4.0,100,1.0,7057467,654,-0.999999,0.9997204128784002,3458.4269417805144,1,305
c,active_quadratic,affine,4.0,100,1.0,7057467,655,0.9956805248417585,0.9958088280168472,3453.8776739482473,0,-1
c,active_quadratic,affine,4.0,100,1.0,7057467,656,0.8178855722010967,0.999999,3466.2710887942835,0,-1
c,active_quadratic,affine,4.0,100,1.0,7057467,657,0.6598406470583709,0.9972941783442685,3476.623985079182,0,-1
c,active_quadratic,affine,4.0,100,1.0,7057467,658,-0.9790772588936089,0.999999,3445.8297957985314,1,282
c,active_quadratic,affine,4.0,100,1.0,7057467,659,0.999999,0.9997942256061549,3468.6524118628854,1,275
c,active_quadratic,affine,4.0,100,1.0,7057467,660,-0.9818123518851803,0.999999,3457.7162985907303,1,294
c,active_quadratic,affine,4.0,100,1.0,7057467,661,0.9982113825564302,0.999999,3470.218669045282,0,-1
c,active_quadratic,affine,4.0,100,1.0,7057467,662,0.9743460058182805,0.9954812252847856,3438.6031641028253,0,-1
c,active_quadratic,affine,4.0,100,1.0,7057467,663,-0.9982801762583919,0.9998960873000841,3428.735981031156,1,337
c,active_quadratic,affine,4.0,100,1.0,7057467,664,0.9998689311728224,0.999999,3480.436263454185,0,-1
c,active_quadratic,affine,4.0,100,1.0,7057467,665,-0.8349136274096446,0.9994490315366643,3451.468865878397,1,287
c,active_quadratic,affine,4.0,100,1.0,7057467,666,0.9949354852600657,0.999999,3460.290394702573,0,-1
c,active_quadratic,affine,4.0,100,1.0,7057467,667,0.9999718624440267,0.9988978403937262,3464.004548983768,0,-1
c,active_quadratic,affine,4.0,100,1.0,7057467,668,0.999999,0.999999,3449.5286924459137,0,-1
c,active_quadratic,affine,4.0,100,1.0,7057467,669,0.9999407142989664,0.3865354440748197,3442.0676763479973,0,-1
c,active_quadratic,affine,4.0,100,1.0,7057467,670,0.999999,0.9956643581657503,3470.9408547335634,0,-1
c,active_quadratic,affine,4.0,100,1.0,7057467,671,0.999999,0.999999,3484.9839765959405,0,-1
c,active_quadratic,affine,4.0,100,1.0,7057467,672,0.999999,0.999999,3426.2304194271765,0,-1
c,active_quadratic,affine,4.0,100,1.0,7057467,673,0.9911224597498742,0.9997918794582531,3481.6913072314546,0,-1
c,active_quadratic,affine,4.0,100,1.0,7057467,674,0.999999,0.9981889172456381,3474.917928392915,0,-1
c,active_quadratic,affine,4.0,100,1.0,7057467,675,0.999999,0.9955995229042784,3461.336357405435,0,-1
c,active_quadratic,affine,4.0,100,1.0,7057467,676,0.9997342360611214,0.999999,3447.1997764063267,0,-1
c,active_quadratic,affine,4.0,100,1.0,7057467,677,0.999999,0.9986643162800612,3464.628115129353,0,-1
c,active_quadratic,affine,4.0,100,1.0,7057467,678,-0.9325961944285592,0.99973912184496,3451.3345234227436,1,298
c,active_quadratic,affine,4.0,100,1.0,7057467,679,0.999999,0.996908496865578,3423.611753925235,0,-1
c,active_quadratic,affine,4.0,100,1.0,7057467,680,0.999999,0.999999,3471.4320684816407,0,-1
c,active_quadratic,affine,4.0,100,1.0,7057467,681,0.999999,0.996603544095542,3476.9675589856506,0,-1
c,active_quadratic,affine,4.0,100,1.0,7057467,682,0.9833066842431663,0.999999,3446.422266556991,0,-1
c,active_quadratic,affine,4.0,100,1.0,7057467,683,0.9979961359961549,0.9983541846221152,3448.9377053535613,1,292
c,active_quadratic,affine,4.0,100,1.0,7057467,684,0.9943701879753514,0.999999,3470.197763513772,0,-1
c,active_quadratic,affine,4.0,100,1.0,7057467,685,0.9992818045350599,0.999999,3476.3466594602587,0,-1
c,active_quadratic,affine,4.0,100,1.0,7057467,686,0.9999574344768483,0.9999674240708624,3451.5532937038442,0,-1
c,active_quadratic,affine,4.0,100,1.0,7057467,687,0.999999,0.999999,3480.5566105916955,0,-1
c,active_quadratic,affine,4.0,100,1.0,7057467,688,0.999999,0.999999,3415.015964792137,0,-1
c,active_quadratic,affine,4.0,100,1.0,7057467,689,0.9984451304322725,0.9997880071567279,3483.9218090521063,0,-1
c,active_quadratic,affine,4.0,100,1.0,7057467,690,0.999999,0.9347251567345058,3484.04325335652,0,-1
c,active_quadratic,affine,4.0,100,1.0,7057467,691,0.8138786632704238,0.99997371480418,3443.942158146824,0,-1
c,active_quadratic,affine,4.0,100,1.0,7057467,692,0.9708573021808141,0.9980471691079994,3447.2261147661234,0,-1
c,active_quadratic,affine,4.0,100,1.0,7057467,693,0.9997862136797199,0.3102864211295232,3410.1489925672417,0,-1
c,active_quadratic,affine,4.0,100,1.0,7057467,694,0.9996395114127529,0.9990624340282083,3473.0531372501246,0,-1
c,active_quadratic,affine,4.0,100,1.0,7057467,695,0.999999,0.992064867203959,3481.234430845951,0,-1
c,active_quadratic,affine,4.0,100,1.0,7057467,696,0.9999736403404594,0.999759972503511,3478.427532942029,0,-1
c,active_quadratic,affine,4.0,100,1.0,7057467,697,0.999999,0.9997908052899471,3470.7793124477016,0,-1
c,active_quadratic,affine,4.0,100,1.0,7057467,698,0.9962091043675028,0.9814567715249053,3454.0809969783304,0,-1
c,active_quadratic,affine,4.0,100,1.0,7057467,699,0.999999,0.9994984952126047,3435.6179533141576,1,281
c,active_quadratic,affine,4.0,100,1.0,7057467,700,0.9983037377999185,0.999999,3483.642532384808,0,-1
c,active_quadratic,affine,4.0,100,1.0,7057467,701,0.999999,0.999999,3476.804941701375,0,-1
c,active_quadratic,affine,4.0,100,1.0,7057467,702,0.9999310513513845,0.9998607926846313,3467.9027128867265,0,-1
c,active_quadratic,affine,4.0,100,1.0,7057467,703,0.999999,0.999999,3472.287649372812,0,-1
c,active_quadratic,affine,4.0,100,1.0,7057467,704,0.9999268249536365,0.9998465763866147,3456.26979559882,0,-1
c,active_quadratic,affine,4.0,100,1.0,7057467,705,0.999999,0.9952282848728404,3463.535192163636,0,-1
c,active_quadratic,affine,4.0,100,1.0,7057467,706,0.9998991049225705,0.9999445460841121,3435.246028294304,0,-1
c,active_quadratic,affine,4.0,100,1.0,7057467,707,0.9752383553430364,0.9986465133323832,3440.5977271277156,0,-1
c,active_quadratic,affine,4.0,100,1.0,7057467,708,0.999999,0.999999,3478.7462084444915,0,-1
c,active_quadratic,affine,4.0,100,1.0,7057467,709,0.9485989784578862,0.999999,3478.3061821227006,0,-1
c,active_quadratic,affine,4.0,100,1.0,7057467,710,0.9988506472804849,0.999999,3457.7352120971004,0,-1
c,active_quadratic,affine,4.0,100,1.0,7057467,711,0.9981208228757237,0.7994585952352761,3423.029919071938,0,-1
c,active_quadratic,affine,4.0,100,1.0,7057467,712,0.999999,0.9828989703741174,3477.5224872250997,0,-1
c,active_quadratic,affine,4.0,100,1.0,7057467,713,-0.9516567175158964,0.9993572992538896,3461.3846991264772,1,349
c,active_quadratic,affine,4.0,100,1.0,7057467,714,0.9749794715084508,0.9999152212751913,3459.561016168551,0,-1
c,active_quadratic,affine,4.0,100,1.0,7057467,715,0.9997629598695593,0.6638718911751481,3416.294829711198,0,-1
c,active_quadratic,affine,4.0,100,1.0,7057467,716,0.999999,0.9999862345833032,3420.8624612033955,0,-1
c,active_quadratic,affine,4.0,100,1.0,7057467,717,0.9972896458491699,0.9998292343387728,3456.519476020705,0,-1
c,active_quadratic,affine,4.0,100,1.0,7057467,718,0.6927991012651777,0.999999,3460.430977972916,0,-1
c,active_quadratic,affine,4.0,100,1.0,7057467,719,0.9978240320059111,0.9999734895327481,3464.4847717736516,0,-1
c,active_quadratic,affine,4.0,100,1.0,7057467,720,0.972981499500674,0.9994330387330638,3467.129025532658,0,-1
c,active_quadratic,affine,4.0,100,1.0,7057467,721,0.999999,0.9899447893741309,3468.8942389913004,0,-1
c,active_quadratic,affine,4.0,100,1.0,7057467,722,0.999999,0.9997922626995056,3457.6109949652705,0,-1
c,active_quadratic,affine,4.0,100,1.0,7057467,723,0.999999,0.9987907047052546,3465.7162700740478,0,-1
c,active_quadratic,affine,4.0,100,1.0,7057467,724,0.9999761998612542,0.9997988448380053,3476.013623382255,0,-1
c,active_quadratic,affine,4.0,100,1.0,7057467,725,0.9999795047124935,0.9997719977015377,3464.0753564408305,0,-1
c,active_quadratic,affine,4.0,100,1.0,7057467,726,0.9999877329419633,0.999999,3466.980020032236,0,-1
c,active_quadratic,affine,4.0,100,1.0,7057467,727,-0.9749937786051146,0.999999,3453.9360206071674,1,277
c,active_quadratic,affine,4.0,100,1.0,7057467,728,0.999999,0.9998008017568147,3464.996910576817,0,-1
c,active_quadratic,affine,4.0,100,1.0,7057467,729,0.9997910243140458,0.9738009682005168,3460.830932830506,0,-1
c,active_quadratic,affine,4.0,100,1.0,7057467,730,0.999999,0.8236685274040223,3441.4888245775937,0,-1
c,active_quadratic,affine,4.0,100,1.0,7057467,731,0.8751786713800203,0.9568269645880324,3473.0135803562475,0,-1
c,active_quadratic,affine,4.0,100,1.0,7057467,732,0.999999,0.9997348960168121,3453.8474979727393,0,-1
c,active_quadratic,affine,4.0,100,1.0,7057467,733,0.9998997321711196,0.9976663328959583,3466.5940091515045,0,-1
c,active_quadratic,affine,4.0,100,1.0,7057467,734,0.7756955280985292,0.999999,3461.973168495349,0,-1
c,active_quadratic,affine,4.0,100,1.0,7057467,735,0.999999,0.9999426711898225,3472.7982046145826,0,-1
c,active_quadratic,affine,4.0,100,1.0,7057467,736,0.9766289575922502,0.999999,3471.35674091336,0,-1
c,active_quadratic,affine,4.0,100,1.0,7057467,737,0.999999,0.9996976414519442,3441.8341919483855,0,-1
c,active_quadratic,affine,4.0,100,1.0,7057467,738,0.999999,0.9224584820573398,3476.0143052581648,0,-1
c,active_quadratic,affine,4.0,100,1.0,7057467,739,0.9987294118761241,0.9999156208411873,3465.7020954706486,0,-1
c,active_quadratic,affine,4.0,100,1.0,7057467,740,0.999999,0.999999,3476.3801594686743,0,-1
c,active_quadratic,affine,4.0,100,1.0,7057467,741,0.9890200974385442,0.9999685518932014,3475.304612082687,0,-1
c,active_quadratic,affine,4.0,100,1.0,7057467,742,0.9927005387219028,0.999999,3479.2229459761147,0,-1
c,active_quadratic,affine,4.0,100,1.0,7057467,743,0.9999800396380968,0.999999,3448.668912109996,0,-1
c,active_quadratic,affine,4.0,100,1.0,7057467,744,0.9988928235872984,0.999999,3458.410450879579,0,-1
c,active_quadratic,affine,4.0,100,1.0,7057467,745,0.999999,0.999999,3474.1191363693474,0,-1
c,active_quadratic,affine,4.0,100,1.0,7057467,746,0.9788245860624674,0.9700674284662596,3471.042006016941,0,-1
c,active_quadratic,affine,4.0,100,1.0,7057467,747,0.999999,0.7318239380809279,3423.5794751444582,0,-1
c,active_quadratic,affine,4.0,100,1.0,7057467,748,0.8944475352916336,0.9999373969985883,3456.133865733403,0,-1
c,active_quadratic,affine,4.0,100,1.0,7057467,749,0.9576494958157823,0.9969493471917208,3486.6267989278826,0,-1
c,active_quadratic,affine,4.0,100,1.0,7057467,750,0.999999,0.9999475993052722,3441.3587222094807,0,-1
c,active_quadratic,affine,4.0,100,1.0,7057467,751,0.9995539277142528,0.999999,3463.7372291584497,0,-1
c,active_quadratic,affine,4.0,100,1.0,7057467,752,0.997093862017236,0.999637368686971,3480.0217598057234,0,-1
c,active_quadratic,affine,4.0,100,1.0,7057467,753,0.9926039758748869,0.9140086181100167,3465.085559574178,0,-1
c,active_quadratic,affine,4.0,100,1.0,7057467,754,0.999999,0.9998977304902078,3467.473790989693,0,-1
c,active_quadratic,affine,4.0,100,1.0,7057467,755,0.9806284299195033,0.9970156624107441,3456.1322820866644,0,-1
c,active_quadratic,affine,4.0,100,1.0,7057467,756,0.999999,0.999999,3472.0189544722075,0,-1
c,active_quadratic,affine,4.0,100,1.0,7057467,757,0.999968055062868,0.9999557856884231,3443.657099807384,0,-1
c,active_quadratic,affine,4.0,100,1.0,7057467,758,-0.996872883773471,0.9649520367245558,3457.128018639463,1,302
c,active_quadratic,affine,4.0,100,1.0,7057467,759,0.9082150880385146,0.999999,3455.776313703798,0,-1
c,active_quadratic,affine,4.0,100,1.0,7057467,760,0.9547900707581514,0.9994000176187043,3464.3696852063267,0,-1
c,active_quadratic,affine,4.0,100,1.0,7057467,761,0.9987839724811894,0.9855040453017807,3459.9411168325787,0,-1
c,active_quadratic,affine,4.0,100,1.0,7057467,762,-0.9846627306557688,0.9933837382525246,3454.6678435480485,1,322
c,active_quadratic,affine,4.0,100,1.0,7057467,763,0.9938442298637207,0.9998883193759922,3458.9148233531814,0,-1
c,active_quadratic,affine,4.0,100,1.0,7057467,764,0.9999213938062375,0.9814015923959791,3459.219394338533,0,-1
c,active_quadratic,affine,4.0,100,1.0,7057467,765,0.9999008813459712,0.999999,3476.8298353393902,0,-1
c,active_quadratic,affine,4.0,100,1.0,7057467,766,0.999999,0.8916435081190051,3475.5952719047323,0,-1
c,active_quadratic,affine,4.0,100,1.0,7057467,767,0.9998455961427534,0.999999,3444.380121312543,0,-1
c,active_quadratic,affine,4.0,100,1.0,7057467,768,0.3196696355957491,0.999999,3456.2076681535978,0,-1
c,active_quadratic,affine,4.0,100,1.0,7057467,769,0.999724100706527,0.999999,3482.2625863667913,0,-1
c,active_quadratic,affine,4.0,100,1.0,7057467,770,-0.999999,0.9983916360252663,3471.79847206433,1,309
c,active_quadratic,affine,4.0,100,1.0,7057467,771,0.9998096242474759,0.9999517238321403,3454.9001081649662,0,-1
c,active_quadratic,affine,4.0,100,1.0,7057467,772,0.999602543386625,0.999999,3470.5715379008316,0,-1
c,active_quadratic,affine,4.0,100,1.0,7057467,773,0.999999,0.9766457390423419,3423.6102027613465,0,-1
c,active_quadratic,affine,4.0,100,1.0,7057467,774,0.999999,0.9948283980540084,3476.4210960741007,0,-1
c,active_quadratic,affine,4.0,100,1.0,7057467,775,0.999999,0.999999,3441.738266483328,0,-1
c,active_quadratic,affine,4.0,100,1.0,7057467,776,-0.8355991607990758,0.9914007686650963,3472.328408429561,1,347
c,active_quadratic,affine,4.0,100,1.0,7057467,777,0.9999021091925633,0.9854536075514484,3427.8173039287603,0,-1
c,active_quadratic,affine,4.0,100,1.0,7057467,778,0.999999,0.9999966145248562,3474.513686705028,0,-1
c,active_quadratic,affine,4.0,100,1.0,7057467,779,0.9996830242451723,0.963243580304732,3478.4904741719242,0,-1
c,active_quadratic,affine,4.0,100,1.0,7057467,780,0.999999,0.999999,3465.2570332785835,0,-1
c,active_quadratic,affine,4.0,100,1.0,7057467,781,0.999999,0.999999,3470.8142802783173,0,-1
c,active_quadratic,affine,4.0,100,1.0,7057467,782,0.999999,0.999999,3471.865140075707,0,-1
c,active_quadratic,affine,4.0,100,1.0,7057467,783,0.999999,0.9999964355458169,3469.123026298492,0,-1
c,active_quadratic,affine,4.0,100,1.0,7057467,784,-0.9638408378927973,0.999999,3474.667321636634,1,286
c,active_quadratic,affine,4.0,100,1.0,7057467,785,0.9965518501807819,0.9998597957253347,3461.021544907397,0,-1
c,active_quadratic,affine,4.0,100,1.0,7057467,786,0.999707304143749,0.9967208495402943,3462.2964586579324,0,-1
c,active_quadratic,affine,4.0,100,1.0,7057467,787,0.999999,0.9999742906172807,3460.7263096703714,0,-1
c,active_quadratic,affine,4.0,100,1.0,7057467,788,0.9996821642511485,0.9982154832184893,3468.559242118762,0,-1
c,active_quadratic,affine,4.0,100,1.0,7057467,789,0.999949274279188,0.999999,3474.395005610131,0,-1
c,active_quadratic,affine,4.0,100,1.0,7057467,790,0.999999,0.999999,3435.6853597306153,0,-1
c,active_quadratic,affine,4.0,100,1.0,7057467,791,0.9999117855586567,0.9998356263524077,3458.3138808932167,0,-1
c,active_quadratic,affine,4.0,100,1.0,7057467,792,0.999999,0.9999023081337564,3482.812609580642,0,-1
c,active_quadratic,affine,4.0,100,1.0,7057467,793,0.9998772671527024,0.756292171075057,3419.9843856574757,0,-1
c,active_quadratic,affine,4.0,100,1.0,7057467,794,0.999937716552796,0.9999983298655624,3468.1465599977987,0,-1
c,active_quadratic,affine,4.0,100,1.0,7057467,795,0.9993184581878306,0.9929084975470902,3476.5790291422795,0,-1
c,active_quadratic,affine,4.0,100,1.0,7057467,796,0.999999,0.999999,3448.008767410235,0,-1
c,active_quadratic,affine,4.0,100,1.0,7057467,797,0.999999,0.999999,3483.3797549489254,0,-1
c,active_quadratic,affine,4.0,100,1.0,7057467,798,0.9933571255002863,0.9995727019641053,3473.321559057631,0,-1
c,active_quadratic,affine,4.0,100,1.0,7057467,799,0.9997771272717241,0.999999,3470.3643447929267,0,-1
c,active_quadratic,affine,4.0,100,1.0,7057467,800,0.999999,0.9998569140961016,3455.459388704514,0,-1
c,active_quadratic,affine,4.0,100,1.0,7057467,801,-0.8988832042194366,0.9849383953341365,3466.8637326095773,1,284
c,active_quadratic,affine,4.0,100,1.0,7057467,802,-0.9530745358793387,0.999999,3455.282007883234,1,268
c,active_quadratic,affine,4.0,100,1.0,7057467,803,0.999999,0.999999,3459.869689691,0,-1
c,active_quadratic,affine,4.0,100,1.0,7057467,804,0.9999876693664741,0.999999,3477.5022751363035,0,-1
c,active_quadratic,affine,4.0,100,1.0,7057467,805,0.999636152301789,0.7266473876361371,3467.45406755525,0,-1
c,active_quadratic,affine,4.0,100,1.0,7057467,806,0.5323270256491339,0.999999,3479.7333058250633,0,-1
c,active_quadratic,affine,4.0,100,1.0,7057467,807,0.999999,0.9999595062788914,3455.2697502757337,0,-1
c,active_quadratic,affine,4.0,100,1.0,7057467,808,0.9995746046182744,0.999999,3417.1206509775293,0,-1
c,active_quadratic,affine,4.0,100,1.0,7057467,809,0.9998707230033639,0.999999,3480.063441487254,0,-1
c,active_quadratic,affine,4.0,100,1.0,7057467,810,0.994396343779947,0.9315090384700049,3466.1543235688314,0,-1
c,active_quadratic,affine,4.0,100,1.0,7057467,811,0.9997921084767734,0.8250263930931322,3450.8229519542942,0,-1
c,active_quadratic,affine,4.0,100,1.0,7057467,812,0.999999,0.999999,3452.151099330144,0,-1
c,active_quadratic,affine,4.0,100,1.0,7057467,813,0.999849224979141,0.999999,3427.3111408522736,0,-1
c,active_quadratic,affine,4.0,100,1.0,7057467,814,0.999999,0.999999,3474.6456116193863,0,-1
c,active_quadratic,affine,4.0,100,1.0,7057467,815,0.9999307539739977,0.999999,3455.3080285487617,0,-1
c,active_quadratic,affine,4.0,100,1.0,7057467,816,0.9999853912657436,0.7607832588616285,3445.7992724015216,0,-1
c,active_quadratic,affine,4.0,100,1.0,7057467,817,0.7279924631550085,0.9993440315518822,3462.40226259986,0,-1
c,active_quadratic,affine,4.0,100,1.0,7057467,818,0.9880087332964655,0.999999,3468.5841242309257,0,-1
c,active_quadratic,affine,4.0,100,1.0,7057467,819,0.9603310890647169,0.9991579924245585,3441.0057734984784,0,-1
c,active_quadratic,affine,4.0,100,1.0,7057467,820,0.98059763651248,0.9988267844925833,3479.2232445200702,0,-1
c,active_quadratic,affine,4.0,100,1.0,7057467,821,0.998774745768673,0.9999169286110896,3476.127546276726,0,-1
c,active_quadratic,affine,4.0,100,1.0,7057467,822,0.999999,0.9997110946378268,3459.7330159957464,0,-1
c,active_quadratic,affine,4.0,100,1.0,7057467,823,0.9949193704499965,0.999999,3461.529081795719,0,-1
c,active_quadratic,affine,4.0,100,1.0,7057467,824,0.9930787728578191,0.9983861616192378,3460.901938656753,0,-1
c,active_quadratic,affine,4.0,100,1.0,7057467,825,0.999999,0.999999,3477.6917471898482,0,-1
c,active_quadratic,affine,4.0,100,1.0,7057467,826,0.9999094068050102,0.9953407726029122,3449.6768807028266,0,-1
c,active_quadratic,affine,4.0,100,1.0,7057467,827,0.999999,0.999999,3458.574180553878,0,-1
c,active_quadratic,affine,4.0,100,1.0,7057467,828,0.999999,0.999999,3442.2784901653663,0,-1
c,active_quadratic,affine,4.0,100,1.0,7057467,829,0.9985234289175049,0.9998405748828056,3457.9516928181433,0,-1
c,active_quadratic,affine,4.0,100,1.0,7057467,830,0.9900858445480843,0.999999,3482.0123953847615,0,-1
c,active_quadratic,affine,4.0,100,1.0,7057467,831,0.9997392534448692,0.9997160126258459,3438.5158414764046,0,-1
c,active_quadratic,affine,4.0,100,1.0,7057467,832,0.999999,0.9975900365746974,3416.130671375451,0,-1
c,active_quadratic,affine,4.0,100,1.0,7057467,833,-0.976131880795904,0.9820154923926714,3448.493703843406,1,285
c,active_quadratic,affine,4.0,100,1.0,7057467,834,0.9259502039607578,0.999999,3483.4055088750697,0,-1
c,active_quadratic,affine,4.0,100,1.0,7057467,835,0.999999,0.999999,3456.011188134091,0,-1
c,active_quadratic,affine,4.0,100,1.0,7057467,836,0.999421451449299,0.9999942439468581,3477.613341096279,0,-1
c,active_quadratic,affine,4.0,100,1.0,7057467,837,0.9998257371815704,0.999999,3443.1156280696628,0,-1
c,active_quadratic,affine,4.0,100,1.0,7057467,838,-0.9334539705380702,0.999999,3463.9131557354203,1,287
c,active_quadratic,affine,4.0,100,1.0,7057467,839,0.9632327753257434,0.5794750617603959,3443.698943527463,0,-1
c,active_quadratic,affine,4.0,100,1.0,7057467,840,-0.999999,0.9998487618749683,3474.7148848113106,1,312
c,active_quadratic,affine,4.0,100,1.0,7057467,841,0.9999606061457269,0.9986852246485711,3467.211439999489,0,-1
c,active_quadratic,affine,4.0,100,1.0,7057467,842,-0.999999,0.999999,3455.7598231804204,1,301
c,active_quadratic,affine,4.0,100,1.0,7057467,843,0.9822548326470616,0.9969014430786614,3458.13890835614,0,-1
c,active_quadratic,affine,4.0,100,1.0,7057467,844,0.9998049397007605,0.994918107767763,3462.0485197932508,0,-1
c,active_quadratic,affine,4.0,100,1.0,7057467,845,0.999999,0.9844692925375499,3482.1732643569926,0,-1
c,active_quadratic,affine,4.0,100,1.0,7057467,846,0.9998381179743623,0.999999,3471.7531956845155,0,-1
c,active_quadratic,affine,4.0,100,1.0,7057467,847,0.9985887723295872,0.9983965791277934,3435.679790725534,0,-1
c,active_quadratic,affine,4.0,100,1.0,7057467,848,0.999999,0.9999716808309986,3435.521152803812,0,-1
c,active_quadratic,affine,4.0,100,1.0,7057467,849,0.9866375757032351,0.999999,3471.6110117333683,0,-1
c,active_quadratic,affine,4.0,100,1.0,7057467,850,0.9998074219136728,0.999999,3474.6650248598203,0,-1
c,active_quadratic,affine,4.0,100,1.0,7057467,851,0.999999,0.999999,3475.4406113650425,0,-1
c,active_quadratic,affine,4.0,100,1.0,7057467,852,0.995462069216581,0.999999,3469.4819013968913,0,-1
c,active_quadratic,affine,4.0,100,1.0,7057467,853,0.999999,0.9999296551633678,3460.1079205222472,0,-1
c,active_quadratic,affine,4.0,100,1.0,7057467,854,-0.8751677209388201,0.999999,3465.359400766007,1,327
c,active_quadratic,affine,4.0,100,1.0,7057467,855,-0.8205770150924743,0.999999,3444.25041068588,1,297
c,active_quadratic,affine,4.0,100,1.0,7057467,856,0.9999965033994991,0.999999,3445.6608686934724,0,-1
c,active_quadratic,affine,4.0,100,1.0,7057467,857,0.999875096466549,0.999999,3472.790885112422,0,-1
c,active_quadratic,affine,4.0,100,1.0,7057467,858,0.999999,0.999206619293177,3442.1054877205543,0,-1
c,active_quadratic,affine,4.0,100,1.0,7057467,859,0.9996958935472284,0.9999768932340954,3477.7652166044,0,-1
c,active_quadratic,affine,4.0,100,1.0,7057467,860,0.9993063058787162,0.999999,3469.074047481695,0,-1
c,active_quadratic,affine,4.0,100,1.0,7057467,861,0.9886477459473147,0.9999872816586483,3464.4516145933408,0,-1
c,active_quadratic,affine,4.0,100,1.0,7057467,862,0.9353827520188431,0.9456686463698623,3453.858420827632,0,-1
c,active_quadratic,affine,4.0,100,1.0,7057467,863,0.999999,0.9696924498336964,3459.431668201705,0,-1
c,active_quadratic,affine,4.0,100,1.0,7057467,864,0.999999,0.9976132885747637,3467.806064098898,0,-1
c,active_quadratic,affine,4.0,100,1.0,7057467,865,0.9998916678064697,0.999999,3473.6798300972787,0,-1
c,active_quadratic,affine,4.0,100,1.0,7057467,866,0.9997481438625294,0.998526333724788,3481.5119548422726,0,-1
c,active_quadratic,affine,4.0,100,1.0,7057467,867,0.999999,0.999999,3465.307005074497,0,-1
c,active_quadratic,affine,4.0,100,1.0,7057467,868,0.9999012869278248,0.9824330084533948,3472.691260069267,0,-1
c,active_quadratic,affine,4.0,100,1.0,7057467,869,-0.9384481680214963,0.912145625423378,3406.598689233494,1,273
c,active_quadratic,affine,4.0,100,1.0,7057467,870,0.9997947446616076,0.999936380532835,3463.767552792104,0,-1
c,active_quadratic,affine,4.0,100,1.0,7057467,871,0.999999,0.999999,3483.8538652148695,0,-1
c,active_quadratic,affine,4.0,100,1.0,7057467,872,0.999999,0.9999019295820734,3460.959781324092,0,-1
c,active_quadratic,affine,4.0,100,1.0,7057467,873,0.956087701622428,0.999999,3449.6648700267165,0,-1
c,active_quadratic,affine,4.0,100,1.0,7057467,874,0.999563050838192,0.8951028586722192,3471.9204197603353,0,-1
c,active_quadratic,affine,4.0,100,1.0,7057467,875,0.9998733978234182,0.9620527642954984,3480.8802554264958,0,-1
c,active_quadratic,affine,4.0,100,1.0,7057467,876,0.9997898579233884,0.999999,3472.6963130878025,0,-1
c,active_quadratic,affine,4.0,100,1.0,7057467,877,0.9320670162325704,0.9998911858718214,3451.559102612979,0,-1
c,active_quadratic,affine,4.0,100,1.0,7057467,878,0.9996584973528001,0.999999,3467.8286682749194,1,312
c,active_quadratic,affine,4.0,100,1.0,7057467,879,0.999999,0.999999,3470.492645158273,0,-1
c,active_quadratic,affine,4.0,100,1.0,7057467,880,0.999999,0.8571957833855784,3474.0452074134346,0,-1
c,active_quadratic,affine,4.0,100,1.0,7057467,881,0.9998427148532272,0.9957624380499,3442.792656616969,0,-1
c,active_quadratic,affine,4.0,100,1.0,7057467,882,0.999999,0.9345322688619568,3473.608512127808,0,-1
c,active_quadratic,affine,4.0,100,1.0,7057467,883,0.999999,0.9943772740900566,3470.115370165058,0,-1
c,active_quadratic,affine,4.0,100,1.0,7057467,884,0.9999896719290163,0.9318596374647433,3450.022952017505,0,-1
c,active_quadratic,affine,4.0,100,1.0,7057467,885,0.9997188826201583,0.999999,3467.7786350138476,0,-1
c,active_quadratic,affine,4.0,100,1.0,7057467,886,0.999987674288854,0.9896710590050554,3457.2255078655267,0,-1
c,active_quadratic,affine,4.0,100,1.0,7057467,887,0.999999,0.9874150893824369,3457.038147684046,0,-1
c,active_quadratic,affine,4.0,100,1.0,7057467,888,0.999999,0.9985965921927438,3421.561491743814,0,-1
c,active_quadratic,affine,4.0,100,1.0,7057467,889,0.999936320946746,0.999999,3469.4031839002655,0,-1
c,active_quadratic,affine,4.0,100,1.0,7057467,890,0.999999,0.9998105175834698,3475.742910158107,0,-1
c,active_quadratic,affine,4.0,100,1.0,7057467,891,0.9794556820804756,0.976077937680252,3455.2438213768855,0,-1
c,active_quadratic,affine,4.0,100,1.0,7057467,892,0.999926178443424,0.9997777474030897,3442.5458229126375,0,-1
c,active_quadratic,affine,4.0,100,1.0,7057467,893,-0.9706243419385197,0.999999,3469.916504103615,1,347
c,active_quadratic,affine,4.0,100,1.0,7057467,894,0.7279240492110923,0.9982105259540349,3435.1037494755014,1,312
c,active_quadratic,affine,4.0,100,1.0,7057467,895,0.8844441383698308,0.9471508715081886,3465.358797681878,0,-1
c,active_quadratic,affine,4.0,100,1.0,7057467,896,-0.8296725890032082,0.9951884566920584,3474.8190340128117,1,339
c,active_quadratic,affine,4.0,100,1.0,7057467,897,-0.9568517291931834,0.999999,3463.8260111099653,1,304
c,active_quadratic,affine,4.0,100,1.0,7057467,898,0.999999,0.947274074854137,3478.4665424511218,0,-1
c,active_quadratic,affine,4.0,100,1.0,7057467,899,-0.9968955618508927,0.8107683565209051,3482.746385888106,1,357
c,active_quadratic,affine,4.0,100,1.0,7057467,900,0.9999876993655293,0.999999,3453.424997338035,0,-1
c,active_quadratic,affine,4.0,100,1.0,7057467,901,0.999999,0.9980563677944082,3469.681869028992,0,-1
c,active_quadratic,affine,4.0,100,1.0,7057467,902,0.9997520865827476,0.99614367470693,3445.3796155413993,0,-1
c,active_quadratic,affine,4.0,100,1.0,7057467,903,-0.9995351671489787,0.9997959881842322,3479.912574758284,1,378
c,active_quadratic,affine,4.0,100,1.0,7057467,904,0.9970543286873101,0.9440524738776978,3442.763122243461,0,-1
c,active_quadratic,affine,4.0,100,1.0,7057467,905,0.9998018658576466,0.9997887696324934,3466.5754564888275,0,-1
c,active_quadratic,affine,4.0,100,1.0,7057467,906,0.999999,0.999999,3441.2869254055677,0,-1
c,active_quadratic,affine,4.0,100,1.0,7057467,907,0.999971101974692,0.999999,3466.7960311270285,0,-1
c,active_quadratic,affine,4.0,100,1.0,7057467,908,0.999999,0.9998348948304796,3463.333412258576,0,-1
c,active_quadratic,affine,4.0,100,1.0,7057467,909,0.999999,0.9927819435240888,3466.4709516466087,0,-1
c,active_quadratic,affine,4.0,100,1.0,7057467,910,-0.9869987002693488,0.999999,3441.147932763382,1,339
c,active_quadratic,affine,4.0,100,1.0,7057467,911,0.999999,0.999999,3472.6258434621113,0,-1
c,active_quadratic,affine,4.0,100,1.0,7057467,912,0.9997708667906284,0.9833987678601929,3471.817561960794,0,-1
c,active_quadratic,affine,4.0,100,1.0,7057467,913,0.9984768125074946,0.9995554747816215,3460.9714509042833,0,-1
c,active_quadratic,affine,4.0,100,1.0,7057467,914,0.999999,0.998272161687787,3479.1513819918687,0,-1
c,active_quadratic,affine,4.0,100,1.0,7057467,915,0.9646354226924543,0.999999,3470.93300480411,0,-1
c,active_quadratic,affine,4.0,100,1.0,7057467,916,0.9997283063070985,0.9989182107779251,3467.257310500472,0,-1
c,active_quadratic,affine,4.0,100,1.0,7057467,917,0.999999,0.9499652662607855,3395.7509162799233,0,-1
c,active_quadratic,affine,4.0,100,1.0,7057467,918,0.9995924726527323,0.9998312301718858,3468.231007871885,0,-1
c,active_quadratic,affine,4.0,100,1.0,7057467,919,0.999999,0.9999327174329958,3450.1400464188096,0,-1
c,active_quadratic,affine,4.0,100,1.0,7057467,920,0.999999,0.9999339199327312,3476.2219213288954,0,-1
c,active_quadratic,affine,4.0,100,1.0,7057467,921,-0.9820894654068597,0.9887220089612299,3458.261498997021,1,385
c,active_quadratic,affine,4.0,100,1.0,7057467,922,0.9384520164504511,0.9957261063932492,3461.413078681689,0,-1
c,active_quadratic,affine,4.0,100,1.0,7057467,923,0.999999,0.9954272997846583,3480.367020502928,0,-1
c,active_quadratic,affine,4.0,100,1.0,7057467,924,-0.7358924275560905,0.9942218719029926,3453.1155755806594,1,285
c,active_quadratic,affine,4.0,100,1.0,7057467,925,0.9391115456991518,0.999999,3462.88645891703,0,-1
c,active_quadratic,affine,4.0,100,1.0,7057467,926,0.9625917880639451,0.9996830786818092,3469.6006154825513,0,-1
c,active_quadratic,affine,4.0,100,1.0,7057467,927,0.9440108142645256,0.9992344878790572,3460.4672666802435,0,-1
c,active_quadratic,affine,4.0,100,1.0,7057467,928,-0.8374417487897693,0.999999,3464.480347953536,1,292
c,active_quadratic,affine,4.0,100,1.0,7057467,929,0.9580271886202215,0.9999471606383048,3454.181852026573,0,-1
c,active_quadratic,affine,4.0,100,1.0,7057467,930,0.9999506620789238,0.9854345575157547,3455.2582748887,0,-1
c,active_quadratic,affine,4.0,100,1.0,7057467,931,0.9903090293006038,0.999999,3473.605111508247,0,-1
c,active_quadratic,affine,4.0,100,1.0,7057467,932,-0.9981918255885718,0.9999639851385768,3411.8810592563827,1,311
c,active_quadratic,affine,4.0,100,1.0,7057467,933,0.999999,0.9997949623844329,3462.7633600929726,0,-1
c,active_quadratic,affine,4.0,100,1.0,7057467,934,0.9999713058080179,0.9650637178384264,3476.7085108359065,0,-1
c,active_quadratic,affine,4.0,100,1.0,7057467,935,0.9997755620750052,0.9961125687030611,3456.414208343837,0,-1
c,active_quadratic,affine,4.0,100,1.0,7057467,936,0.999999,0.9985460899556181,3459.9244034479575,0,-1
c,active_quadratic,affine,4.0,100,1.0,7057467,937,0.9997809994596824,0.999999,3455.676650829209,0,-1
c,active_quadratic,affine,4.0,100,1.0,7057467,938,0.999999,0.999999,3443.260536170799,0,-1
c,active_quadratic,affine,4.0,100,1.0,7057467,939,0.9998217734378012,0.9999206705595372,3474.480311919009,0,-1
c,active_quadratic,affine,4.0,100,1.0,7057467,940,0.9955626706599565,0.999999,3449.529299351476,0,-1
c,active_quadratic,affine,4.0,100,1.0,7057467,941,-0.9556800596848404,0.999999,3472.8220977021438,1,284
c,active_quadratic,affine,4.0,100,1.0,7057467,942,0.999999,0.9270446226075829,3460.2840808647006,0,-1
c,active_quadratic,affine,4.0,100,1.0,7057467,943,-0.999999,0.9999405361642032,3461.9934399406793,1,283
c,active_quadratic,affine,4.0,100,1.0,7057467,944,0.9857393268392634,0.999999,3478.4688759113524,0,-1
c,active_quadratic,affine,4.0,100,1.0,7057467,945,-0.9967132333148981,0.999999,3476.3371222872215,1,320
c,active_quadratic,affine,4.0,100,1.0,7057467,946,0.999999,0.9834891201306369,3465.098234952233,0,-1
c,active_quadratic,affine,4.0,100,1.0,7057467,947,0.999999,0.9999797491367319,3468.92055502395,0,-1
c,active_quadratic,affine,4.0,100,1.0,7057467,948,0.999999,0.9999497628314467,3450.601045144787,0,-1
c,active_quadratic,affine,4.0,100,1.0,7057467,949,0.9977407927128625,0.999999,3472.979714758432,0,-1
c,active_quadratic,affine,4.0,100,1.0,7057467,950,0.999999,0.9959088810089806,3473.622602335431,0,-1
c,active_quadratic,affine,4.0,100,1.0,7057467,951,0.999999,0.9998550603448053,3470.1313455230525,0,-1
c,active_quadratic,affine,4.0,100,1.0,7057467,952,0.992628493646281,0.999999,3458.5535542133766,0,-1
c,active_quadratic,affine,4.0,100,1.0,7057467,953,0.9842313008145326,0.9991561857755324,3470.2131380219034,0,-1
c,active_quadratic,affine,4.0,100,1.0,7057467,954,0.9974764253777185,0.985174153691597,3459.939364608638,0,-1
c,active_quadratic,affine,4.0,100,1.0,7057467,955,-0.9845637160696797,0.9995355356936402,3461.859448158999,1,297
c,active_quadratic,affine,4.0,100,1.0,7057467,956,0.9997264351395774,0.9997587916319339,3471.3886829611033,0,-1
c,active_quadratic,affine,4.0,100,1.0,7057467,957,0.9961493655636482,0.996685122872752,3447.269513022451,0,-1
c,active_quadratic,affine,4.0,100,1.0,7057467,958,0.9998101937187553,0.9998957022540546,3465.863201251249,0,-1
c,active_quadratic,affine,4.0,100,1.0,7057467,959,-0.31232694694667995,0.9996948242524162,3475.7851784087966,1,272
c,active_quadratic,affine,4.0,100,1.0,7057467,960,0.999999,0.9844352083382965,3446.2498330270178,0,-1
c,active_quadratic,affine,4.0,100,1.0,7057467,961,0.999999,0.9973208741079919,3460.189925489356,0,-1
c,active_quadratic,affine,4.0,100,1.0,7057467,962,0.9998898423583186,0.9953105013090974,3478.289185797321,0,-1
c,active_quadratic,affine,4.0,100,1.0,7057467,963,-0.9942208712437767,0.9993331513378519,3474.4529006935045,1,275
c,active_quadratic,affine,4.0,100,1.0,7057467,964,0.9956679685646169,0.9998597555681858,3467.640542123468,0,-1
c,active_quadratic,affine,4.0,100,1.0,7057467,965,0.999999,0.9846255668896393,3452.6823617280666,0,-1
c,active_quadratic,affine,4.0,100,1.0,7057467,966,0.945748778433436,0.999999,3458.0730104369513,0,-1
c,active_quadratic,affine,4.0,100,1.0,7057467,967,0.999999,0.999999,3475.4599536332526,0,-1
c,active_quadratic,affine,4.0,100,1.0,7057467,968,0.999999,0.999978341512026,3476.6329195644307,0,-1
c,active_quadratic,affine,4.0,100,1.0,7057467,969,0.8115753745658805,0.9855210891037389,3476.7375782430936,0,-1
c,active_quadratic,affine,4.0,100,1.0,7057467,970,0.999999,0.9991053128166556,3452.6934322038423,0,-1
c,active_quadratic,affine,4.0,100,1.0,7057467,971,0.9998302105989276,0.9873631082558654,3411.432187545931,0,-1
c,active_quadratic,affine,4.0,100,1.0,7057467,972,0.9687368508431444,0.9997075684129529,3482.0352632281856,0,-1
c,active_quadratic,affine,4.0,100,1.0,7057467,973,0.999999,0.9607870570831877,3445.177155622774,0,-1
c,active_quadratic,affine,4.0,100,1.0,7057467,974,-0.9929664721541775,0.999999,3421.619208886709,1,314
c,active_quadratic,affine,4.0,100,1.0,7057467,975,0.9955922316703399,0.9606591937446212,3480.277649859384,0,-1
c,active_quadratic,affine,4.0,100,1.0,7057467,976,0.9999724540843672,0.999999,3476.072504179146,0,-1
c,active_quadratic,affine,4.0,100,1.0,7057467,977,0.999999,0.940425041979415,3429.6815419785025,0,-1
c,active_quadratic,affine,4.0,100,1.0,7057467,978,0.999999,0.9997178382290882,3464.7586982167763,0,-1
c,active_quadratic,affine,4.0,100,1.0,7057467,979,0.9870031383231318,0.999999,3454.5027354462777,0,-1
c,active_quadratic,affine,4.0,100,1.0,7057467,980,0.9771466046974275,0.9998003457394804,3467.1575457646827,0,-1
c,active_quadratic,affine,4.0,100,1.0,7057467,981,0.999999,0.9985546309467648,3439.472706252231,0,-1
c,active_quadratic,affine,4.0,100,1.0,7057467,982,-0.9935860028495853,0.999999,3465.1825552731952,1,275
c,active_quadratic,affine,4.0,100,1.0,7057467,983,-0.999999,0.9304782358867361,3460.444033421051,1,299
c,active_quadratic,affine,4.0,100,1.0,7057467,984,0.9703301577665949,0.999999,3460.1810440300414,0,-1
c,active_quadratic,affine,4.0,100,1.0,7057467,985,0.9997224513895205,0.9318195561941806,3460.3613949387645,0,-1
c,active_quadratic,affine,4.0,100,1.0,7057467,986,0.9999636622968763,0.999999,3343.5130403452526,0,-1
c,active_quadratic,affine,4.0,100,1.0,7057467,987,0.9997413216170398,0.999999,3445.8888473260326,0,-1
c,active_quadratic,affine,4.0,100,1.0,7057467,988,0.999999,0.999999,3462.105283788952,0,-1
c,active_quadratic,affine,4.0,100,1.0,7057467,989,-0.726091222390383,0.999845880797427,3470.1721327539117,1,286
c,active_quadratic,affine,4.0,100,1.0,7057467,990,0.999999,0.999999,3457.529007866258,0,-1
c,active_quadratic,affine,4.0,100,1.0,7057467,991,-0.9980730639152178,0.9629546206819636,3469.731358801658,1,277
c,active_quadratic,affine,4.0,100,1.0,7057467,992,-0.9979783902172994,0.9998728033032088,3468.824970898986,1,296
c,active_quadratic,affine,4.0,100,1.0,7057467,993,0.999999,0.9998920133008328,3468.4206984885823,0,-1
c,active_quadratic,affine,4.0,100,1.0,7057467,994,0.9999399584029601,0.999999,3474.0412257812363,0,-1
c,active_quadratic,affine,4.0,100,1.0,7057467,995,0.8720361370277826,0.9990315153145571,3476.424999414074,0,-1
c,active_quadratic,affine,4.0,100,1.0,7057467,996,0.999999,0.9998669689303921,3448.07878065138,0,-1
c,active_quadratic,affine,4.0,100,1.0,7057467,997,0.999999,0.9999174792966039,3466.339606013961,0,-1
c,active_quadratic,affine,4.0,100,1.0,7057467,998,0.9998420332091119,0.9964833508397809,3460.1199914732165,0,-1
c,active_quadratic,affine,4.0,100,1.0,7057467,999,0.999999,0.999918810773008,3458.6519092746735,0,-1
c,active_quadratic,affine,4.5,100,1.0,8057470,0,0.999999,0.9971200528626792,3467.3993627756554,0,-1
c,active_quadratic,affine,4.5,100,1.0,8057470,1,0.999999,0.999999,3396.4573320667337,0,-1
c,active_quadratic,affine,4.5,100,1.0,8057470,2,0.9998767598544184,0.9963180071412963,3464.5019318273635,0,-1
c,active_quadratic,affine,4.5,100,1.0,8057470,3,0.999999,0.999664575205268,3435.894922331987,0,-1
c,active_quadratic,affine,4.5,100,1.0,8057470,4,0.9995823024080192,0.9999737690182492,3474.2985952429476,0,-1
c,active_quadratic,affine,4.5,100,1.0,8057470,5,0.999999,0.994525910828345,3442.488248970259,0,-1
c,active_quadratic,affine,4.5,100,1.0,8057470,6,0.9465801826936387,0.9998921098148266,3472.840697137089,0,-1
c,active_quadratic,affine,4.5,100,1.0,8057470,7,-0.999999,0.9577831067064342,3470.6568355702175,1,280
c,active_quadratic,affine,4.5,100,1.0,8057470,8,0.999999,0.999999,3444.2443051325095,0,-1
c,active_quadratic,affine,4.5,100,1.0,8057470,9,-0.833438313474329,0.9999320167727677,3469.638233071388,1,306
c,active_quadratic,affine,4.5,100,1.0,8057470,10,0.9996562674244928,0.999999,3455.56417213395,0,-1
c,active_quadratic,affine,4.5,100,1.0,8057470,11,0.7668650724738064,0.999999,3442.8526774257375,0,-1
c,active_quadratic,affine,4.5,100,1.0,8057470,12,0.9997219579656095,0.9999687584829893,3471.466607922109,0,-1
c,active_quadratic,affine,4.5,100,1.0,8057470,13,-0.9990552118797924,0.9283663151399404,3443.24409678457,1,275
c,active_quadratic,affine,4.5,100,1.0,8057470,14,0.999999,0.999999,3469.358933866658,0,-1
c,active_quadratic,affine,4.5,100,1.0,8057470,15,0.9987075893120473,0.999963985182696,3468.259437335511,0,-1
c,active_quadratic,affine,4.5,100,1.0,8057470,16,0.999999,0.9980416042180753,3445.95246061057,0,-1
c,active_quadratic,affine,4.5,100,1.0,8057470,17,0.9861795328994079,0.9858909904339147,3473.0162653789957,0,-1
c,active_quadratic,affine,4.5,100,1.0,8057470,18,0.9801315469518933,0.9124175588148499,3427.2295154649714,0,-1
c,active_quadratic,affine,4.5,100,1.0,8057470,19,0.8675023654841806,0.9991277786729463,3452.5060457297095,0,-1
c,active_quadratic,affine,4.5,100,1.0,8057470,20,0.9998759665521993,0.999999,3456.7960226615596,0,-1
c,active_quadratic,affine,4.5,100,1.0,8057470,21,0.9816736555385064,0.999999,3449.031877066878,0,-1
c,active_quadratic,affine,4.5,100,1.0,8057470,22,0.999999,0.9986334620233892,3401.2287579982176,0,-1
c,active_quadratic,affine,4.5,100,1.0,8057470,23,0.999999,0.9999840764618417,3465.769321455674,0,-1
c,active_quadratic,affine,4.5,100,1.0,8057470,24,0.999999,0.999999,3471.0266809960426,0,-1
c,active_quadratic,affine,4.5,100,1.0,8057470,25,0.9998166074536443,0.999999,3473.4246368974304,0,-1
c,active_quadratic,affine,4.5,100,1.0,8057470,26,0.9425315541938465,0.9971582554707111,3455.8340456379487,0,-1
c,active_quadratic,affine,4.5,100,1.0,8057470,27,0.9999010454767877,0.999999,3479.4586760056436,0,-1
c,active_quadratic,affine,4.5,100,1.0,8057470,28,0.999999,0.999999,3404.436739153549,0,-1
c,active_quadratic,affine,4.5,100,1.0,8057470,29,0.9966129015724569,0.9674849150665392,3449.4657424752563,0,-1
c,active_quadratic,affine,4.5,100,1.0,8057470,30,0.892673286953535,0.999999,3469.0348084469906,1,285
c,active_quadratic,affine,4.5,100,1.0,8057470,31,-0.9968398286708943,0.9981269691354985,3354.101512326131,1,315
c,active_quadratic,affine,4.5,100,1.0,8057470,32,0.999600028078503,0.993366293322066,3443.1241555075067,1,312
c,active_quadratic,affine,4.5,100,1.0,8057470,33,0.999825111493442,0.9995234812681324,3451.1370937206198,0,-1
c,active_quadratic,affine,4.5,100,1.0,8057470,34,0.999999,0.999098495256523,3475.3292643591426,0,-1
c,active_quadratic,affine,4.5,100,1.0,8057470,35,0.9977223041234254,0.999999,3464.766347717488,0,-1
c,active_quadratic,affine,4.5,100,1.0,8057470,36,-0.7868385930744988,0.999999,3472.1915816139485,1,411
c,active_quadratic,affine,4.5,100,1.0,8057470,37,0.999999,0.999999,3466.4900727468857,0,-1
c,active_quadratic,affine,4.5,100,1.0,8057470,38,0.8028638357109554,0.5590916317984826,3371.5667731775725,0,-1
c,active_quadratic,affine,4.5,100,1.0,8057470,39,0.999999,0.999999,3460.6347425551176,0,-1
c,active_quadratic,affine,4.5,100,1.0,8057470,40,0.9998500128520861,0.9973818001858606,3466.3318318060647,0,-1
c,active_quadratic,affine,4.5,100,1.0,8057470,41,0.996011275131093,0.8443494178047491,3460.732424571421,0,-1
c,active_quadratic,affine,4.5,100,1.0,8057470,42,0.9998726658638816,0.9999200789898852,3453.0551640327258,0,-1
c,active_quadratic,affine,4.5,100,1.0,8057470,43,0.9954590946449496,0.999999,3461.4978351796917,0,-1
c,active_quadratic,affine,4.5,100,1.0,8057470,44,0.9992676551325733,0.9999673498521094,3465.9307429544624,0,-1
c,active_quadratic,affine,4.5,100,1.0,8057470,45,0.9959161520381081,0.9827246315143298,3477.7553812604674,0,-1
c,active_quadratic,affine,4.5,100,1.0,8057470,46,0.9986371010346043,0.9999983146394438,3467.8362012524476,0,-1
c,active_quadratic,affine,4.5,100,1.0,8057470,47,0.9999106383875517,0.999999,3468.7173152885257,0,-1
c,active_quadratic,affine,4.5,100,1.0,8057470,48,0.9999670133509803,0.9982038914152354,3461.445524372664,0,-1
c,active_quadratic,affine,4.5,100,1.0,8057470,49,0.999999,0.9997108932138887,3456.9799504941398,0,-1
c,active_quadratic,affine,4.5,100,1.0,8057470,50,0.999999,0.999999,3464.1369576813026,0,-1
c,active_quadratic,affine,4.5,100,1.0,8057470,51,0.9970739136507707,0.999999,3464.760416784839,0,-1
c,active_quadratic,affine,4.5,100,1.0,8057470,52,0.9953191084497008,0.9951933033306981,3454.525136067949,0,-1
c,active_quadratic,affine,4.5,100,1.0,8057470,53,0.9996961298716247,0.9956976713615917,3473.595809324729,0,-1
c,active_quadratic,affine,4.5,100,1.0,8057470,54,-0.9989384004708308,0.9999357530419086,3479.103057356348,1,292
c,active_quadratic,affine,4.5,100,1.0,8057470,55,0.9802886273832762,0.999999,3444.757603737766,0,-1
c,active_quadratic,affine,4.5,100,1.0,8057470,56,0.9909090425871003,0.9999418583115969,3461.810900235842,0,-1
c,active_quadratic,affine,4.5,100,1.0,8057470,57,0.9981068863176092,0.999891392194778,3446.260346095167,0,-1
c,active_quadratic,affine,4.5,100,1.0,8057470,58,0.999999,0.999999,3473.8580284325067,0,-1
c,active_quadratic,affine,4.5,100,1.0,8057470,59,0.9393948989509878,0.8048828908952322,3432.369405563386,0,-1
c,active_quadratic,affine,4.5,100,1.0,8057470,60,0.9997523672923767,0.9999521697503789,3464.818300418153,0,-1
c,active_quadratic,affine,4.5,100,1.0,8057470,61,0.999999,0.999999,3471.964676519843,0,-1
c,active_quadratic,affine,4.5,100,1.0,8057470,62,0.999999,0.9994682558080477,3468.013726859193,0,-1
c,active_quadratic,affine,4.5,100,1.0,8057470,63,-0.9751272307660089,0.9997466186378547,3462.936804631731,1,345
c,active_quadratic,affine,4.5,100,1.0,8057470,64,0.9974375796268363,0.999999,3445.9418346985176,0,-1
c,active_quadratic,affine,4.5,100,1.0,8057470,65,0.999999,0.9937579596453244,3426.1005572527934,0,-1
c,active_quadratic,affine,4.5,100,1.0,8057470,66,0.999999,0.999999,3470.2817432363363,0,-1
c,active_quadratic,affine,4.5,100,1.0,8057470,67,0.5716331937630613,0.982554417690228,3467.059023337967,0,-1
c,active_quadratic,affine,4.5,100,1.0,8057470,68,-0.9754493001331643,0.9998823675144471,3450.583928178472,1,276
c,active_quadratic,affine,4.5,100,1.0,8057470,69,0.9996841904313629,0.999999,3476.251944689313,0,-1
c,active_quadratic,affine,4.5,100,1.0,8057470,70,0.9997696100504135,0.999999,3465.87909177726,0,-1
c,active_quadratic,affine,4.5,100,1.0,8057470,71,0.999999,0.999999,3435.900565907349,0,-1
c,active_quadratic,affine,4.5,100,1.0,8057470,72,0.9992584292388008,0.9723969021925063,3474.9296287792254,0,-1
c,active_quadratic,affine,4.5,100,1.0,8057470,73,0.999999,0.9821228897520274,3467.54623802577,0,-1
c,active_quadratic,affine,4.5,100,1.0,8057470,74,0.9375437141765157,0.9971239484867805,3443.570298985468,0,-1
c,active_quadratic,affine,4.5,100,1.0,8057470,75,0.9849905428573331,0.999999,3443.089166986661,0,-1
c,active_quadratic,affine,4.5,100,1.0,8057470,76,0.9999118012519023,0.9966406850134166,3481.4670432053285,0,-1
c,active_quadratic,affine,4.5,100,1.0,8057470,77,0.9897745496326913,0.9892688837282764,3466.1289974463243,0,-1
c,active_quadratic,affine,4.5,100,1.0,8057470,78,0.999999,0.9999341684117764,3442.1509409620276,0,-1
c,active_quadratic,affine,4.5,100,1.0,8057470,79,0.9130778372908877,0.9964731371622371,3457.7777587441647,0,-1
c,active_quadratic,affine,4.5,100,1.0,8057470,80,0.999999,0.999409236800526,3482.7813695314057,0,-1
c,active_quadratic,affine,4.5,100,1.0,8057470,81,0.9602586503873741,0.9659107360201327,3475.163950117019,0,-1
c,active_quadratic,affine,4.5,100,1.0,8057470,82,-0.9987611165937904,0.999999,3457.693741937514,1,292
c,active_quadratic,affine,4.5,100,1.0,8057470,83,-0.9987706315577675,0.999999,3476.596703585666,1,333
c,active_quadratic,affine,4.5,100,1.0,8057470,84,0.999999,0.999999,3448.990394411551,0,-1
c,active_quadratic,affine,4.5,100,1.0,8057470,85,0.995243172712896,0.999999,3476.7741756555306,0,-1
c,active_quadratic,affine,4.5,100,1.0,8057470,86,0.9991271648918817,0.9984087291508913,3474.6564082950385,0,-1
c,active_quadratic,affine,4.5,100,1.0,8057470,87,0.9641268262840411,0.9999197969184864,3461.1051486446386,0,-1
c,active_quadratic,affine,4.5,100,1.0,8057470,88,0.999981676735936,0.9998605409817443,3473.717735466921,0,-1
c,active_quadratic,affine,4.5,100,1.0,8057470,89,0.999999,0.99911031666518,3456.1998434869934,0,-1
c,active_quadratic,affine,4.5,100,1.0,8057470,90,0.9704365371634851,0.9997639661684031,3444.2718072027405,1,327
c,active_quadratic,affine,4.5,100,1.0,8057470,91,0.9898957770119229,0.999999,3449.9620576094317,0,-1
c,active_quadratic,affine,4.5,100,1.0,8057470,92,0.999999,0.999999,3437.3457391635366,0,-1
c,active_quadratic,affine,4.5,100,1.0,8057470,93,-0.999999,0.9972642433871328,3463.352778950055,1,295
c,active_quadratic,affine,4.5,100,1.0,8057470,94,0.999999,0.999999,3469.867443435775,0,-1
c,active_quadratic,affine,4.5,100,1.0,8057470,95,0.9998571101479876,0.999999,3477.0686123773326,0,-1
c,active_quadratic,affine,4.5,100,1.0,8057470,96,0.9997726724451109,0.999999,3468.4467295251693,0,-1
c,active_quadratic,affine,4.5,100,1.0,8057470,97,0.999999,0.9995148844661279,3430.906119448488,0,-1
c,active_quadratic,affine,4.5,100,1.0,8057470,98,0.9999694870872475,0.7184479037466944,3443.4027660947067,0,-1
c,active_quadratic,affine,4.5,100,1.0,8057470,99,-0.9989707774685248,0.999999,3475.4662252072226,1,284
c,active_quadratic,affine,4.5,100,1.0,8057470,100,0.2219196107554564,0.9984438128454867,3457.553000778706,0,-1
c,active_quadratic,affine,4.5,100,1.0,8057470,101,0.999999,0.999999,3473.5647728688846,0,-1
c,active_quadratic,affine,4.5,100,1.0,8057470,102,0.9999824231501695,0.6769353575891851,3457.2061860602807,0,-1
c,active_quadratic,affine,4.5,100,1.0,8057470,103,0.9981467991449631,0.9999396453828122,3434.0154208490944,0,-1
c,active_quadratic,affine,4.5,100,1.0,8057470,104,0.9998771240174518,0.9982852510954914,3477.290201582966,0,-1
c,active_quadratic,affine,4.5,100,1.0,8057470,105,0.9847677029729234,0.9998546265396175,3469.9578121489862,0,-1
c,active_quadratic,affine,4.5,100,1.0,8057470,106,0.9983197065338731,0.9997503893737348,3472.6483148259817,0,-1
c,active_quadratic,affine,4.5,100,1.0,8057470,107,0.999999,0.9971557099622411,3427.668413476488,0,-1
c,active_quadratic,affine,4.5,100,1.0,8057470,108,0.999999,0.999999,3474.8317283058404,0,-1
c,active_quadratic,affine,4.5,100,1.0,8057470,109,0.9613443807165798,0.9999746189148606,3462.7891527512425,0,-1
c,active_quadratic,affine,4.5,100,1.0,8057470,110,0.999999,0.9999086104652148,3467.5740228112004,0,-1
c,active_quadratic,affine,4.5,100,1.0,8057470,111,0.9976306222009356,0.999999,3438.445618709227,0,-1
c,active_quadratic,affine,4.5,100,1.0,8057470,112,0.9998261619059943,0.9996614555971247,3439.5742510583796,0,-1
c,active_quadratic,affine,4.5,100,1.0,8057470,113,0.999999,0.9999724231577165,3480.196084308713,0,-1
c,active_quadratic,affine,4.5,100,1.0,8057470,114,0.999908211664889,0.9953906416787737,3434.5672854689597,0,-1
c,active_quadratic,affine,4.5,100,1.0,8057470,115,0.9999728131857648,0.9995516261796169,3471.943370957416,0,-1
c,active_quadratic,affine,4.5,100,1.0,8057470,116,0.9987202049088876,0.999845689129409,3471.809001418895,0,-1
c,active_quadratic,affine,4.5,100,1.0,8057470,117,0.9999686314111281,0.9422076467328842,3465.05601010401,0,-1
c,active_quadratic,affine,4.5,100,1.0,8057470,118,0.9965256820446199,0.9996765635844242,3467.5876151880566,0,-1
c,active_quadratic,affine,4.5,100,1.0,8057470,119,0.999999,0.9999192125105347,3466.244009276092,0,-1
c,active_quadratic,affine,4.5,100,1.0,8057470,120,0.999999,0.9984667427236168,3457.791692803978,0,-1
c,active_quadratic,affine,4.5,100,1.0,8057470,121,0.9946081365374713,0.9612347322189327,3438.4882945089057,0,-1
c,active_quadratic,affine,4.5,100,1.0,8057470,122,-0.999999,0.9826265926432053,3473.8180221383877,1,388
c,active_quadratic,affine,4.5,100,1.0,8057470,123,-0.9967884437138554,0.9999918141445221,3458.6100299666073,1,281
c,active_quadratic,affine,4.5,100,1.0,8057470,124,0.9994737452225265,0.999999,3474.77941694966,0,-1
c,active_quadratic,affine,4.5,100,1.0,8057470,125,0.9998027104119535,0.8589148968996634,3457.932352902236,0,-1
c,active_quadratic,affine,4.5,100,1.0,8057470,126,0.999999,0.9983131648384836,3463.0139028623435,0,-1
c,active_quadratic,affine,4.5,100,1.0,8057470,127,0.9997645944474168,0.9996046448733207,3477.654158988439,0,-1
c,active_quadratic,affine,4.5,100,1.0,8057470,128,0.999805616597433,0.9727499119961519,3472.250799416189,0,-1
c,active_quadratic,affine,4.5,100,1.0,8057470,129,-0.999999,0.999999,3446.5236690616207,1,269
c,active_quadratic,affine,4.5,100,1.0,8057470,130,0.9988615099888728,0.999999,3478.1268885834115,0,-1
c,active_quadratic,affine,4.5,100,1.0,8057470,131,-0.999552953075686,0.9922602301989462,3482.7887792858623,1,334
c,active_quadratic,affine,4.5,100,1.0,8057470,132,0.9846020770855274,0.9998219451792039,3443.288283180185,0,-1
c,active_quadratic,affine,4.5,100,1.0,8057470,133,0.9998357813890923,0.9240408857317199,3459.215243955683,0,-1
c,active_quadratic,affine,4.5,100,1.0,8057470,134,0.9999818074985307,0.999999,3476.9625573446833,0,-1
c,active_quadratic,affine,4.5,100,1.0,8057470,135,0.999999,0.9995834516458469,3468.8203997223827,0,-1
c,active_quadratic,affine,4.5,100,1.0,8057470,136,0.9997927618673236,0.999999,3460.827910931399,0,-1
c,active_quadratic,affine,4.5,100,1.0,8057470,137,-0.9310383234320238,0.9997370224627601,3438.8459971750285,1,266
c,active_quadratic,affine,4.5,100,1.0,8057470,138,-0.9801050744099306,0.9999754517039761,3465.50176402135,1,276
c,active_quadratic,affine,4.5,100,1.0,8057470,139,0.999999,0.9931331128219528,3462.5323320483203,0,-1
c,active_quadratic,affine,4.5,100,1.0,8057470,140,0.9964506411245481,0.999999,3478.036571420967,0,-1
c,active_quadratic,affine,4.5,100,1.0,8057470,141,0.9247475353424409,0.8389464145750523,3455.3132231001646,0,-1
c,active_quadratic,affine,4.5,100,1.0,8057470,142,0.9858135920997906,0.9999016356612646,3407.9343856968994,0,-1
c,active_quadratic,affine,4.5,100,1.0,8057470,143,-0.9991227828979802,0.9992388411540511,3466.823778446825,1,285
c,active_quadratic,affine,4.5,100,1.0,8057470,144,0.9997715844462559,0.999999,3435.9051483278954,0,-1
c,active_quadratic,affine,4.5,100,1.0,8057470,145,0.999999,0.9990011402500989,3460.741526859802,0,-1
c,active_quadratic,affine,4.5,100,1.0,8057470,146,-0.6863064067511432,0.9910553550648644,3473.627616832137,1,276
c,active_quadratic,affine,4.5,100,1.0,8057470,147,0.9999373324357365,0.9677292577907228,3478.725771271359,0,-1
c,active_quadratic,affine,4.5,100,1.0,8057470,148,0.999999,0.999999,3477.884614915987,0,-1
c,active_quadratic,affine,4.5,100,1.0,8057470,149,0.999999,0.9998222223085769,3465.0526186309207,0,-1
c,active_quadratic,affine,4.5,100,1.0,8057470,150,0.9987880527426289,0.9746112905936386,3441.1629786715425,0,-1
c,active_quadratic,affine,4.5,100,1.0,8057470,151,0.9983276993883773,0.999999,3458.006513664511,0,-1
c,active_quadratic,affine,4.5,100,1.0,8057470,152,0.9998887752348493,0.999999,3483.1317628516695,0,-1
c,active_quadratic,affine,4.5,100,1.0,8057470,153,0.9999883597132654,0.996900480782298,3466.3503948794346,0,-1
c,active_quadratic,affine,4.5,100,1.0,8057470,154,0.9849612278753673,0.999999,3436.3914670293807,1,293
c,active_quadratic,affine,4.5,100,1.0,8057470,155,0.9997806369722326,0.999999,3480.949730727342,0,-1
c,active_quadratic,affine,4.5,100,1.0,8057470,156,-0.999999,-0.9987062232850229,0.0,1,284
c,active_quadratic,affine,4.5,100,1.0,8057470,157,0.999999,0.9965162241374499,3442.056902010328,0,-1
c,active_quadratic,affine,4.5,100,1.0,8057470,158,0.999999,0.9999278129198151,3476.599200773001,0,-1
c,active_quadratic,affine,4.5,100,1.0,8057470,159,0.999936530088023,0.999916831433398,3460.9459711618497,0,-1
c,active_quadratic,affine,4.5,100,1.0,8057470,160,0.999999,0.999999,3452.9357418557192,0,-1
c,active_quadratic,affine,4.5,100,1.0,8057470,161,0.10054725132333334,0.999999,3454.4504795447174,1,390
c,active_quadratic,affine,4.5,100,1.0,8057470,162,0.9998937090307791,0.9594443651219147,3461.438908971391,0,-1
c,active_quadratic,affine,4.5,100,1.0,8057470,163,0.999999,0.836237374149315,3466.179279840894,0,-1
c,active_quadratic,affine,4.5,100,1.0,8057470,164,0.9998692963918001,0.9999189633703212,3475.688779394668,0,-1
c,active_quadratic,affine,4.5,100,1.0,8057470,165,0.9996665619482265,0.9997449697942311,3466.9579995931977,0,-1
c,active_quadratic,affine,4.5,100,1.0,8057470,166,0.999999,0.9995293244502212,3450.069158011168,0,-1
c,active_quadratic,affine,4.5,100,1.0,8057470,167,0.9724070931853832,0.9748041166651072,3459.6536127586924,0,-1
c,active_quadratic,affine,4.5,100,1.0,8057470,168,0.9976103704387344,0.999999,3477.486302258652,0,-1
c,active_quadratic,affine,4.5,100,1.0,8057470,169,0.9999817346358968,0.6240430025192671,3367.169355918794,0,-1
c,active_quadratic,affine,4.5,100,1.0,8057470,170,0.9989871029101981,0.999999,3457.788434945664,0,-1
c,active_quadratic,affine,4.5,100,1.0,8057470,171,0.9823239133376273,0.999999,3461.261663745433,0,-1
c,active_quadratic,affine,4.5,100,1.0,8057470,172,0.944820119317471,0.9998653694889703,3441.492125183687,0,-1
c,active_quadratic,affine,4.5,100,1.0,8057470,173,0.9791483240187393,0.7950816893032886,3452.9535732002573,0,-1
c,active_quadratic,affine,4.5,100,1.0,8057470,174,0.9823185417881203,0.9810722726203993,3473.7962361078603,0,-1
c,active_quadratic,affine,4.5,100,1.0,8057470,175,0.9993078059182926,0.999999,3465.206069725382,0,-1
c,active_quadratic,affine,4.5,100,1.0,8057470,176,0.999964791234772,0.9903093316695469,3467.849257818885,0,-1
c,active_quadratic,affine,4.5,100,1.0,8057470,177,0.9690127932468312,0.999999,3471.309730098399,0,-1
c,active_quadratic,affine,4.5,100,1.0,8057470,178,0.998392308659087,0.9825297745491044,3437.6689014221038,0,-1
c,active_quadratic,affine,4.5,100,1.0,8057470,179,0.999999,0.777525670305781,3403.144823117937,0,-1
c,active_quadratic,affine,4.5,100,1.0,8057470,180,0.9298394695955309,0.9984212689890929,3480.6699311315892,0,-1
c,active_quadratic,affine,4.5,100,1.0,8057470,181,-0.9989971737917616,0.999999,3433.6042129507773,1,300
c,active_quadratic,affine,4.5,100,1.0,8057470,182,0.999999,0.999999,3477.074286886634,0,-1
c,active_quadratic,affine,4.5,100,1.0,8057470,183,0.9986755354235374,0.9999577097018421,3458.706136676911,0,-1
c,active_quadratic,affine,4.5,100,1.0,8057470,184,0.999894055858933,0.9676006361258491,3464.0018922485156,0,-1
c,active_quadratic,affine,4.5,100,1.0,8057470,185,0.9895040500033364,0.999999,3474.202069918544,0,-1
c,active_quadratic,affine,4.5,100,1.0,8057470,186,0.9980977286484913,0.999999,3463.306862987213,0,-1
c,active_quadratic,affine,4.5,100,1.0,8057470,187,0.9999585299789672,0.9989753395437488,3449.886251301169,0,-1
c,active_quadratic,affine,4.5,100,1.0,8057470,188,0.9999394313497508,0.9312027602046805,3458.658550167434,0,-1
c,active_quadratic,affine,4.5,100,1.0,8057470,189,-0.9701485989163394,0.999999,3470.7013079000076,1,289
c,active_quadratic,affine,4.5,100,1.0,8057470,190,0.9998862779836883,0.999999,3471.941127328796,0,-1
c,active_quadratic,affine,4.5,100,1.0,8057470,191,0.9998335394878765,0.9970530688279791,3463.7990262279463,1,289
c,active_quadratic,affine,4.5,100,1.0,8057470,192,0.9981555274061594,0.9998574009052011,3459.0910869436475,0,-1
c,active_quadratic,affine,4.5,100,1.0,8057470,193,0.9988722402241009,0.9999877504532269,3462.243174680595,0,-1
c,active_quadratic,affine,4.5,100,1.0,8057470,194,0.999999,0.999999,3443.7734943382284,0,-1
c,active_quadratic,affine,4.5,100,1.0,8057470,195,0.9998815179135562,0.9996393908550484,3471.7135182929674,0,-1
c,active_quadratic,affine,4.5,100,1.0,8057470,196,0.9997569526495252,0.9976648476460327,3471.400869875941,0,-1
c,active_quadratic,affine,4.5,100,1.0,8057470,197,0.999999,0.999999,3412.6393229075215,0,-1
c,active_quadratic,affine,4.5,100,1.0,8057470,198,0.998929499880202,0.999999,3482.9302292210878,0,-1
c,active_quadratic,affine,4.5,100,1.0,8057470,199,0.999999,0.9860514872814864,3459.1784522830717,0,-1
c,active_quadratic,affine,4.5,100,1.0,8057470,200,-0.9536479831250638,0.8464820503371812,3474.940605057569,1,286
c,active_quadratic,affine,4.5,100,1.0,8057470,201,0.9976495884287659,0.9944537592512439,3467.7288383543537,0,-1
c,active_quadratic,affine,4.5,100,1.0,8057470,202,0.9983354157320717,0.999743463180862,3438.5104870625605,0,-1
c,active_quadratic,affine,4.5,100,1.0,8057470,203,0.999970170499438,0.999999,3426.3482094884675,0,-1
c,active_quadratic,affine,4.5,100,1.0,8057470,204,-0.9952134976678715,0.999999,3448.2734935593076,1,279
c,active_quadratic,affine,4.5,100,1.0,8057470,205,0.9998073305637004,0.9998153384846052,3393.893868482976,0,-1
c,active_quadratic,affine,4.5,100,1.0,8057470,206,0.999999,0.9999902156744728,3362.823547604529,0,-1
c,active_quadratic,affine,4.5,100,1.0,8057470,207,0.7676886143206636,0.999999,3482.8808110973478,0,-1
c,active_quadratic,affine,4.5,100,1.0,8057470,208,0.9986659299608744,0.9973615698473468,3460.5528783086197,0,-1
c,active_quadratic,affine,4.5,100,1.0,8057470,209,0.9466606992856279,0.9670504296635056,3465.9581526032516,0,-1
c,active_quadratic,affine,4.5,100,1.0,8057470,210,0.9311200628222648,0.999999,3475.496994577008,0,-1
c,active_quadratic,affine,4.5,100,1.0,8057470,211,0.999999,0.999999,3437.551359889783,0,-1
c,active_quadratic,affine,4.5,100,1.0,8057470,212,0.9141791645788657,0.999999,3471.390720230144,0,-1
c,active_quadratic,affine,4.5,100,1.0,8057470,213,0.999999,0.9998767182851669,3461.5635123602724,0,-1
c,active_quadratic,affine,4.5,100,1.0,8057470,214,0.9914737673002368,0.9999545224464482,3468.26634313452,0,-1
c,active_quadratic,affine,4.5,100,1.0,8057470,215,0.999999,0.8323767745349149,3463.814965879841,0,-1
c,active_quadratic,affine,4.5,100,1.0,8057470,216,-0.9870907035622503,0.9998601641922787,3473.4542672842836,1,291
c,active_quadratic,affine,4.5,100,1.0,8057470,217,0.9887616311326773,0.999999,3476.2025960659594,0,-1
c,active_quadratic,affine,4.5,100,1.0,8057470,218,0.999999,0.9952043837492134,3475.020672916851,0,-1
c,active_quadratic,affine,4.5,100,1.0,8057470,219,0.5841404039344706,0.8642883785681086,3477.9591531128212,0,-1
c,active_quadratic,affine,4.5,100,1.0,8057470,220,0.999999,0.9988198642419472,3471.5504235232506,0,-1
c,active_quadratic,affine,4.5,100,1.0,8057470,221,0.999999,0.9990757021785909,3452.9982763370167,0,-1
c,active_quadratic,affine,4.5,100,1.0,8057470,222,0.9253680477944045,0.9547357661080002,3466.900180333199,0,-1
c,active_quadratic,affine,4.5,100,1.0,8057470,223,0.9171483045186599,0.999999,3463.7531089582067,0,-1
c,active_quadratic,affine,4.5,100,1.0,8057470,224,0.9998239476456391,0.999999,3452.9557157484523,0,-1
c,active_quadratic,affine,4.5,100,1.0,8057470,225,0.9998742754863486,0.999999,3440.9664853562867,0,-1
c,active_quadratic,affine,4.5,100,1.0,8057470,226,0.999999,0.999999,3461.977207166704,0,-1
c,active_quadratic,affine,4.5,100,1.0,8057470,227,-0.9990009406018745,0.9941768414594842,3452.47422179285,1,290
c,active_quadratic,affine,4.5,100,1.0,8057470,228,-0.9976978110853905,0.999999,3477.5213172257463,1,348
c,active_quadratic,affine,4.5,100,1.0,8057470,229,-0.999999,0.999999,3474.0217609749307,1,285
c,active_quadratic,affine,4.5,100,1.0,8057470,230,0.9987445855647212,0.999999,3444.7366996426053,0,-1
c,active_quadratic,affine,4.5,100,1.0,8057470,231,0.999999,0.9998854207513551,3472.949472576148,0,-1
c,active_quadratic,affine,4.5,100,1.0,8057470,232,0.8857667466301343,0.972930976044612,3454.862026279242,0,-1
c,active_quadratic,affine,4.5,100,1.0,8057470,233,0.999999,0.9929018898701163,3455.827449984997,0,-1
c,active_quadratic,affine,4.5,100,1.0,8057470,234,0.999999,0.9881769284742987,3461.9381536976034,0,-1
c,active_quadratic,affine,4.5,100,1.0,8057470,235,0.9605727797229323,0.999999,3470.4714013892553,0,-1
c,active_quadratic,affine,4.5,100,1.0,8057470,236,0.9998213246647147,0.9998822582924072,3434.391150039936,1,283
c,active_quadratic,affine,4.5,100,1.0,8057470,237,0.9845782118253158,0.999999,3480.925323364931,0,-1
c,active_quadratic,affine,4.5,100,1.0,8057470,238,0.999999,0.999999,3475.468476831137,0,-1
c,active_quadratic,affine,4.5,100,1.0,8057470,239,0.9999332002483254,0.9997007505090093,3480.5902850501443,0,-1
c,active_quadratic,affine,4.5,100,1.0,8057470,240,0.999999,0.9998877242108919,3484.1797529369815,0,-1
c,active_quadratic,affine,4.5,100,1.0,8057470,241,0.999999,0.999999,3454.024907281797,0,-1
c,active_quadratic,affine,4.5,100,1.0,8057470,242,0.9688014230768578,0.999999,3474.5531235596463,0,-1
c,active_quadratic,affine,4.5,100,1.0,8057470,243,0.9998561027245838,0.9999977843059279,3474.185803243207,0,-1
c,active_quadratic,affine,4.5,100,1.0,8057470,244,0.999999,0.9488063144303285,3448.7033402083225,0,-1
c,active_quadratic,affine,4.5,100,1.0,8057470,245,0.9956376674928129,0.9955488926323757,3474.8523424193686,0,-1
c,active_quadratic,affine,4.5,100,1.0,8057470,246,-0.9963385986848682,0.997870672894377,3462.0037055703083,1,305
c,active_quadratic,affine,4.5,100,1.0,8057470,247,0.89338511823299,0.999999,3460.6613465720575,0,-1
c,active_quadratic,affine,4.5,100,1.0,8057470,248,0.9998913521317626,0.95274268490248,3475.3674336185463,0,-1
c,active_quadratic,affine,4.5,100,1.0,8057470,249,0.999999,0.999999,3467.659838182768,0,-1
c,active_quadratic,affine,4.5,100,1.0,8057470,250,0.9329540660933592,0.999999,3473.8805922944307,0,-1
c,active_quadratic,affine,4.5,100,1.0,8057470,251,0.999999,0.999999,3469.0265189241773,0,-1
c,active_quadratic,affine,4.5,100,1.0,8057470,252,0.9999920539206442,0.999999,3426.6131477414833,0,-1
c,active_quadratic,affine,4.5,100,1.0,8057470,253,-0.9895308635859532,0.9976261700298142,3483.954024045131,1,365
c,active_quadratic,affine,4.5,100,1.0,8057470,254,0.9998984509419088,0.9997839294401597,3472.7897415051925,0,-1
c,active_quadratic,affine,4.5,100,1.0,8057470,255,0.9998057342736404,0.8832152074049787,3428.2966574238985,0,-1
c,active_quadratic,affine,4.5,100,1.0,8057470,256,0.999999,0.999999,3479.722090951233,0,-1
c,active_quadratic,affine,4.5,100,1.0,8057470,257,0.999999,0.999999,3476.241561216873,0,-1
c,active_quadratic,affine,4.5,100,1.0,8057470,258,0.999999,0.999999,3480.25571631074,0,-1
c,active_quadratic,affine,4.5,100,1.0,8057470,259,0.9999165395457134,0.999999,3447.243940549606,0,-1
c,active_quadratic,affine,4.5,100,1.0,8057470,260,0.997465721254,0.9999342463800421,3447.4099191323266,0,-1
c,active_quadratic,affine,4.5,100,1.0,8057470,261,0.999999,0.9998960472570642,3441.2475010271532,0,-1
c,active_quadratic,affine,4.5,100,1.0,8057470,262,0.9999156314027592,0.999999,3459.8222793254013,0,-1
c,active_quadratic,affine,4.5,100,1.0,8057470,263,0.9987231438806454,0.8518206231859448,3463.591348374656,0,-1
c,active_quadratic,affine,4.5,100,1.0,8057470,264,0.999999,0.9952062450359089,3476.5023194766927,0,-1
c,active_quadratic,affine,4.5,100,1.0,8057470,265,0.9907016407194817,0.999999,3485.485446453113,0,-1
c,active_quadratic,affine,4.5,100,1.0,8057470,266,0.999999,0.999999,3445.2948177160765,0,-1
c,active_quadratic,affine,4.5,100,1.0,8057470,267,0.999999,0.9384422680002429,3470.8532916770014,0,-1
c,active_quadratic,affine,4.5,100,1.0,8057470,268,0.9999865121388037,0.9998722464428516,3474.6777660598395,0,-1
c,active_quadratic,affine,4.5,100,1.0,8057470,269,0.999999,0.9990964086221812,3456.366310433107,0,-1
c,active_quadratic,affine,4.5,100,1.0,8057470,270,0.9059491015773796,0.999999,3476.399777519916,0,-1
c,active_quadratic,affine,4.5,100,1.0,8057470,271,0.9999494495821277,0.9852337898218774,3452.4221951863324,0,-1
c,active_quadratic,affine,4.5,100,1.0,8057470,272,0.999829516621839,0.999999,3463.938061735613,0,-1
c,active_quadratic,affine,4.5,100,1.0,8057470,273,0.999999,0.9996823457424009,3484.4696782299507,0,-1
c,active_quadratic,affine,4.5,100,1.0,8057470,274,0.9998495125208609,0.999999,3468.362885013482,0,-1
c,active_quadratic,affine,4.5,100,1.0,8057470,275,0.9290972442301023,0.999999,3464.705084257884,0,-1
c,active_quadratic,affine,4.5,100,1.0,8057470,276,-0.9865806782072691,0.999999,3460.916382956466,1,285
c,active_quadratic,affine,4.5,100,1.0,8057470,277,0.9999914426886667,0.8592299451245262,3471.6318914730873,0,-1
c,active_quadratic,affine,4.5,100,1.0,8057470,278,0.9999737372327439,0.999991225677827,3484.184359988557,0,-1
c,active_quadratic,affine,4.5,100,1.0,8057470,279,0.8558167831730188,0.999999,3466.868505261447,1,333
c,active_quadratic,affine,4.5,100,1.0,8057470,280,0.9999321112480777,0.999999,3467.624201862261,0,-1
c,active_quadratic,affine,4.5,100,1.0,8057470,281,0.999999,0.9992371667748479,3460.441951692303,0,-1
c,active_quadratic,affine,4.5,100,1.0,8057470,282,0.9986407696952881,0.9311813665731741,3442.159342754221,0,-1
c,active_quadratic,affine,4.5,100,1.0,8057470,283,0.9914222599140008,0.999999,3466.5329954206004,0,-1
c,active_quadratic,affine,4.5,100,1.0,8057470,284,0.999999,0.999999,3471.333452917404,0,-1
c,active_quadratic,affine,4.5,100,1.0,8057470,285,0.9831103950896298,0.999999,3449.1898752022516,0,-1
c,active_quadratic,affine,4.5,100,1.0,8057470,286,-0.999999,0.999999,3464.2923139639224,1,296
c,active_quadratic,affine,4.5,100,1.0,8057470,287,0.9999144251940856,0.9951530944094693,3469.057848865533,0,-1
c,active_quadratic,affine,4.5,100,1.0,8057470,288,0.9997504052597388,0.999999,3476.1786080508396,0,-1
c,active_quadratic,affine,4.5,100,1.0,8057470,289,0.999999,0.999999,3468.6834525658624,0,-1
c,active_quadratic,affine,4.5,100,1.0,8057470,290,-0.999999,0.9634807511666514,3440.481612261539,1,286
c,active_quadratic,affine,4.5,100,1.0,8057470,291,0.9998900881361054,0.9996497720695009,3463.6204484103896,0,-1
c,active_quadratic,affine,4.5,100,1.0,8057470,292,0.9995242940012378,0.9906277500530652,3475.9836321426014,0,-1
c,active_quadratic,affine,4.5,100,1.0,8057470,293,0.6991019084068265,0.999999,3459.7476126645615,0,-1
c,active_quadratic,affine,4.5,100,1.0,8057470,294,0.9999586940141044,0.9952734199059472,3459.4769805474602,0,-1
c,active_quadratic,affine,4.5,100,1.0,8057470,295,0.9571574061146013,0.9917994651367317,3467.262945313114,0,-1
c,active_quadratic,affine,4.5,100,1.0,8057470,296,0.9998991566278205,0.999999,3475.190577079003,0,-1
c,active_quadratic,affine,4.5,100,1.0,8057470,297,0.9999852382763152,0.9999096319025366,3408.5193922192543,0,-1
c,active_quadratic,affine,4.5,100,1.0,8057470,298,-0.9302228921344772,0.9998174355291956,3426.0368300678083,1,294
c,active_quadratic,affine,4.5,100,1.0,8057470,299,0.999999,0.9972276013812001,3477.472637628375,0,-1
c,active_quadratic,affine,4.5,100,1.0,8057470,300,0.999884398535609,0.999999,3415.5139310007135,0,-1
c,active_quadratic,affine,4.5,100,1.0,8057470,301,0.9543473726329246,0.9702567417520508,3436.6057202932957,0,-1
c,active_quadratic,affine,4.5,100,1.0,8057470,302,-0.962317255200314,0.999999,3419.076493860687,1,290
c,active_quadratic,affine,4.5,100,1.0,8057470,303,0.9999793535073299,0.9985056317763097,3476.9603498363763,0,-1
c,active_quadratic,affine,4.5,100,1.0,8057470,304,0.999999,0.999999,3481.709885412501,0,-1
c,active_quadratic,affine,4.5,100,1.0,8057470,305,0.9999201851203056,0.9982594612548815,3465.698389481518,0,-1
c,active_quadratic,affine,4.5,100,1.0,8057470,306,0.9998845411886164,0.9776435405750283,3435.612184013625,0,-1
c,active_quadratic,affine,4.5,100,1.0,8057470,307,-0.960946467519675,0.9986161887965983,3469.81535617728,1,277
c,active_quadratic,affine,4.5,100,1.0,8057470,308,-0.999999,0.9774875710763362,3442.8419522712156,1,309
c,active_quadratic,affine,4.5,100,1.0,8057470,309,0.999999,0.999999,3421.0373899756864,0,-1
c,active_quadratic,affine,4.5,100,1.0,8057470,310,0.9999624121994235,0.999999,3465.0381672308213,1,329
c,active_quadratic,affine,4.5,100,1.0,8057470,311,0.999999,0.999999,3484.807595633038,0,-1
c,active_quadratic,affine,4.5,100,1.0,8057470,312,0.999999,0.9978842366917314,3469.5614380029306,0,-1
c,active_quadratic,affine,4.5,100,1.0,8057470,313,0.999999,0.9999177238405534,3423.7221919285025,0,-1
c,active_quadratic,affine,4.5,100,1.0,8057470,314,0.999999,0.6611637732773034,3418.2075242178234,0,-1
c,active_quadratic,affine,4.5,100,1.0,8057470,315,0.9999922755847237,0.999999,3446.028972359792,0,-1
c,active_quadratic,affine,4.5,100,1.0,8057470,316,0.999999,0.9419071582381735,3451.006970024389,0,-1
c,active_quadratic,affine,4.5,100,1.0,8057470,317,0.999999,0.9367750415645826,3459.6228552671305,0,-1
c,active_quadratic,affine,4.5,100,1.0,8057470,318,-0.9988995154521173,0.9261601539459015,3459.199856948659,1,383
c,active_quadratic,affine,4.5,100,1.0,8057470,319,0.9898708261129627,0.8520955111193341,3459.0351732930308,1,342
c,active_quadratic,affine,4.5,100,1.0,8057470,320,0.9993695398827577,0.9583264402393468,3464.028649833886,0,-1
c,active_quadratic,affine,4.5,100,1.0,8057470,321,0.999999,0.8311682711807559,3459.6108867949924,0,-1
c,active_quadratic,affine,4.5,100,1.0,8057470,322,-0.7658520538441007,0.9993753518727345,3400.3950079085444,1,348
c,active_quadratic,affine,4.5,100,1.0,8057470,323,-0.22135867687344424,0.9998575051568049,3407.781711490061,1,280
c,active_quadratic,affine,4.5,100,1.0,8057470,324,0.9830430874755133,0.9999553673706739,3441.5360853159304,0,-1
c,active_quadratic,affine,4.5,100,1.0,8057470,325,-0.5010740498888284,0.998393153281615,3231.5816196470837,1,280
c,active_quadratic,affine,4.5,100,1.0,8057470,326,0.999999,0.9839002491441815,3467.996245023004,0,-1
c,active_quadratic,affine,4.5,100,1.0,8057470,327,0.9999650964936927,0.998227931947026,3474.9600889795624,0,-1
c,active_quadratic,affine,4.5,100,1.0,8057470,328,0.9997885132282567,0.9998648969701427,3472.1176164829903,0,-1
c,active_quadratic,affine,4.5,100,1.0,8057470,329,0.999999,0.9185188283386547,3463.3098541688364,0,-1
c,active_quadratic,affine,4.5,100,1.0,8057470,330,0.9994718125053197,0.9999853721749142,3474.765312378804,0,-1
c,active_quadratic,affine,4.5,100,1.0,8057470,331,0.9760245968197954,0.9809265446121552,3485.67003236178,0,-1
c,active_quadratic,affine,4.5,100,1.0,8057470,332,0.9999452929373567,0.9928591554674839,3454.831089469387,0,-1
c,active_quadratic,affine,4.5,100,1.0,8057470,333,-0.9889157496568776,0.999999,3213.9213784499507,1,285
c,active_quadratic,affine,4.5,100,1.0,8057470,334,0.999999,0.999952822347607,3458.1930584443126,0,-1
c,active_quadratic,affine,4.5,100,1.0,8057470,335,0.9830439888568939,0.999999,3470.919793840316,0,-1
c,active_quadratic,affine,4.5,100,1.0,8057470,336,0.9891429865846866,0.999999,3442.3624811364616,0,-1
c,active_quadratic,affine,4.5,100,1.0,8057470,337,0.999999,0.9998983940024119,3473.509843904019,0,-1
c,active_quadratic,affine,4.5,100,1.0,8057470,338,0.999999,0.9803919378300868,3489.1515883321867,0,-1
c,active_quadratic,affine,4.5,100,1.0,8057470,339,0.999999,0.999999,3469.9889430502844,0,-1
c,active_quadratic,affine,4.5,100,1.0,8057470,340,0.999999,0.9925333499731952,3481.8999417600226,0,-1
c,active_quadratic,affine,4.5,100,1.0,8057470,341,0.9992142767875368,0.9820553442399016,3451.8266959854295,0,-1
c,active_quadratic,affine,4.5,100,1.0,8057470,342,0.999999,0.9999156040812296,3483.9352314647317,0,-1
c,active_quadratic,affine,4.5,100,1.0,8057470,343,0.9997348505253609,0.9157207291555575,3467.924056775161,0,-1
c,active_quadratic,affine,4.5,100,1.0,8057470,344,0.999999,0.999999,3466.714489742845,0,-1
c,active_quadratic,affine,4.5,100,1.0,8057470,345,0.9801758433236399,0.99882354026538,3456.6091455627297,0,-1
c,active_quadratic,affine,4.5,100,1.0,8057470,346,0.999999,0.9402600510783815,3474.901273034832,0,-1
c,active_quadratic,affine,4.5,100,1.0,8057470,347,0.999999,0.9868052091800068,3458.4804853663036,0,-1
c,active_quadratic,affine,4.5,100,1.0,8057470,348,0.9999425870928981,0.9998689181154021,3458.4819439651947,0,-1
c,active_quadratic,affine,4.5,100,1.0,8057470,349,0.999999,0.9989019001197359,3463.829977898665,0,-1
c,active_quadratic,affine,4.5,100,1.0,8057470,350,0.9987217872309764,0.999999,3447.9865652175904,0,-1
c,active_quadratic,affine,4.5,100,1.0,8057470,351,0.9928873003923119,0.9999798094785199,3483.3952129291492,0,-1
c,active_quadratic,affine,4.5,100,1.0,8057470,352,0.9999695783954619,0.997632108004238,3471.4007601793724,0,-1
c,active_quadratic,affine,4.5,100,1.0,8057470,353,0.999999,0.9998096818995007,3479.517764410657,0,-1
c,active_quadratic,affine,4.5,100,1.0,8057470,354,0.9998325899416317,0.999877448655669,3378.5988657291828,0,-1
c,active_quadratic,affine,4.5,100,1.0,8057470,355,0.999999,0.999999,3489.6863685348753,0,-1
c,active_quadratic,affine,4.5,100,1.0,8057470,356,-0.999999,0.9997389783713211,3460.5786190242206,1,398
c,active_quadratic,affine,4.5,100,1.0,8057470,357,0.9443220321144651,0.9997338213836123,3453.6181414036964,0,-1
c,active_quadratic,affine,4.5,100,1.0,8057470,358,0.9989467584958855,0.9997761292058378,3456.39426286873,0,-1
c,active_quadratic,affine,4.5,100,1.0,8057470,359,0.999999,0.9999514998646484,3482.2959043117476,0,-1
c,active_quadratic,affine,4.5,100,1.0,8057470,360,-0.9987543128568916,0.9997887195901953,3414.4539207741313,1,292
c,active_quadratic,affine,4.5,100,1.0,8057470,361,0.999999,0.9998522563338443,3469.92803619356,0,-1
c,active_quadratic,affine,4.5,100,1.0,8057470,362,0.999999,0.9999471033973226,3460.9014487656086,0,-1
c,active_quadratic,affine,4.5,100,1.0,8057470,363,0.9998491476983739,0.9964506161193385,3468.787626852857,0,-1
c,active_quadratic,affine,4.5,100,1.0,8057470,364,0.999999,0.999999,3464.05152598941,0,-1
c,active_quadratic,affine,4.5,100,1.0,8057470,365,0.8623908471420223,0.9394968914050962,3469.590832103914,0,-1
c,active_quadratic,affine,4.5,100,1.0,8057470,366,0.999881854914539,0.999999,3479.759374168545,0,-1
c,active_quadratic,affine,4.5,100,1.0,8057470,367,0.999999,0.999999,3466.5469027784834,0,-1
c,active_quadratic,affine,4.5,100,1.0,8057470,368,0.999999,0.999999,3444.64379762125,0,-1
c,active_quadratic,affine,4.5,100,1.0,8057470,369,0.9782323449970228,0.9968183240531572,3458.038226836347,0,-1
c,active_quadratic,affine,4.5,100,1.0,8057470,370,0.9953620417021294,0.9999600221515472,3447.3923962373638,0,-1
c,active_quadratic,affine,4.5,100,1.0,8057470,371,0.999999,0.999999,3472.132963418021,0,-1
c,active_quadratic,affine,4.5,100,1.0,8057470,372,0.999999,0.9621508731108293,3475.081914643259,0,-1
c,active_quadratic,affine,4.5,100,1.0,8057470,373,-0.999999,0.9997935895328991,3476.3614832192843,1,270
c,active_quadratic,affine,4.5,100,1.0,8057470,374,0.999826650044309,0.9997759180297863,3483.2849182857176,0,-1
c,active_quadratic,affine,4.5,100,1.0,8057470,375,-0.9914830894489453,0.9998506847425753,3477.896384923685,1,431
c,active_quadratic,affine,4.5,100,1.0,8057470,376,0.9999593157870882,0.9930510606643019,3453.121284519363,0,-1
c,active_quadratic,affine,4.5,100,1.0,8057470,377,0.999642174037751,0.999999,3465.5011985402894,0,-1
c,active_quadratic,affine,4.5,100,1.0,8057470,378,0.9930985841666748,0.9966778973956713,3467.087707487018,0,-1
c,active_quadratic,affine,4.5,100,1.0,8057470,379,0.9997710722400738,0.9576395039363569,3468.6060331557846,0,-1
c,active_quadratic,affine,4.5,100,1.0,8057470,380,0.999999,0.9925047713077295,3453.494607816093,0,-1
c,active_quadratic,affine,4.5,100,1.0,8057470,381,0.9133782660411134,0.9993212489101045,3445.5399336418755,0,-1
c,active_quadratic,affine,4.5,100,1.0,8057470,382,0.9999174962659724,0.9818741906236341,3482.268275984343,0,-1
c,active_quadratic,affine,4.5,100,1.0,8057470,383,0.9998849587250908,0.9606613864541012,3455.4903139994717,0,-1
c,active_quadratic,affine,4.5,100,1.0,8057470,384,0.999999,0.999058178401385,3468.524486366922,0,-1
c,active_quadratic,affine,4.5,100,1.0,8057470,385,0.9979372059984956,0.932884968025531,3475.9437853107397,0,-1
c,active_quadratic,affine,4.5,100,1.0,8057470,386,0.999999,0.999999,3462.6594135980463,0,-1
c,active_quadratic,affine,4.5,100,1.0,8057470,387,0.999999,0.999999,3460.366923444991,0,-1
c,active_quadratic,affine,4.5,100,1.0,8057470,388,-0.6696692915298582,0.999999,3464.8202854036886,1,304
c,active_quadratic,affine,4.5,100,1.0,8057470,389,0.9827121006517264,0.9773318410351616,3474.384271612261,0,-1
c,active_quadratic,affine,4.5,100,1.0,8057470,390,0.9999563523379211,0.9902391537406569,3440.700379946268,0,-1
c,active_quadratic,affine,4.5,100,1.0,8057470,391,0.999999,0.9993250036088838,3447.968311343128,0,-1
c,active_quadratic,affine,4.5,100,1.0,8057470,392,0.9261325710836379,0.9999071478608619,3452.0120295972856,0,-1
c,active_quadratic,affine,4.5,100,1.0,8057470,393,0.9666992179460687,0.9318384116660957,3433.102040506577,0,-1
c,active_quadratic,affine,4.5,100,1.0,8057470,394,0.9997512084534315,0.999999,3457.0792484732087,0,-1
c,active_quadratic,affine,4.5,100,1.0,8057470,395,0.999999,0.999999,3392.482994537367,0,-1
c,active_quadratic,affine,4.5,100,1.0,8057470,396,0.9999384144297323,0.85542070165226,3446.09903595597,0,-1
c,active_quadratic,affine,4.5,100,1.0,8057470,397,-0.9791757176528647,0.9498337744359903,3448.78923075425,1,353
c,active_quadratic,affine,4.5,100,1.0,8057470,398,0.998052582216993,0.9999801822034226,3475.6730619699592,0,-1
c,active_quadratic,affine,4.5,100,1.0,8057470,399,-0.999999,-0.9743256887778879,0.0,1,282
c,active_quadratic,affine,4.5,100,1.0,8057470,400,0.9983080309629919,0.999999,3487.179382045395,0,-1
c,active_quadratic,affine,4.5,100,1.0,8057470,401,0.998016137279575,0.9997299681039838,3468.8890128035373,0,-1
c,active_quadratic,affine,4.5,100,1.0,8057470,402,0.9997434604742764,0.9809161507549959,3476.6366944782226,0,-1
c,active_quadratic,affine,4.5,100,1.0,8057470,403,0.9985988847134475,0.999999,3464.4090307973747,0,-1
c,active_quadratic,affine,4.5,100,1.0,8057470,404,0.9973455213469213,0.9996076218668791,3470.110755965205,0,-1
c,active_quadratic,affine,4.5,100,1.0,8057470,405,0.9998365876225218,0.9995795973287573,3469.7920950830116,0,-1
c,active_quadratic,affine,4.5,100,1.0,8057470,406,0.999999,0.9939866328971662,3464.8392056848056,0,-1
c,active_quadratic,affine,4.5,100,1.0,8057470,407,0.9932407919365922,0.999999,3480.745013459449,0,-1
c,active_quadratic,affine,4.5,100,1.0,8057470,408,0.9997497984963659,0.999999,3454.663867184354,0,-1
c,active_quadratic,affine,4.5,100,1.0,8057470,409,0.9989446977148354,0.9999522641814491,3398.1849205526805,0,-1
c,active_quadratic,affine,4.5,100,1.0,8057470,410,0.999999,0.999999,3459.3641933961076,0,-1
c,active_quadratic,affine,4.5,100,1.0,8057470,411,0.9980790600309284,0.9962283305006716,3474.8950541000536,0,-1
c,active_quadratic,affine,4.5,100,1.0,8057470,412,0.9987658088520989,0.998667593824656,3477.477002289696,0,-1
c,active_quadratic,affine,4.5,100,1.0,8057470,413,0.9996966404184194,0.9814842697081061,3457.989419236958,0,-1
c,active_quadratic,affine,4.5,100,1.0,8057470,414,0.999999,0.9995193070584671,3454.071759776572,0,-1
c,active_quadratic,affine,4.5,100,1.0,8057470,415,0.9991008750745359,0.9998693798963372,3428.257322733306,0,-1
c,active_quadratic,affine,4.5,100,1.0,8057470,416,0.9997354215227444,0.999999,3475.9493911953728,0,-1
c,active_quadratic,affine,4.5,100,1.0,8057470,417,-0.9991229717690393,0.999999,3059.808576552575,1,299
c,active_quadratic,affine,4.5,100,1.0,8057470,418,0.999999,0.999999,3461.161700167835,1,288
c,active_quadratic,affine,4.5,100,1.0,8057470,419,0.9949363687472418,0.9999651592553681,3463.199765521045,0,-1
c,active_quadratic,affine,4.5,100,1.0,8057470,420,0.9939151577179601,0.9997390249505462,3459.127136960558,0,-1
c,active_quadratic,affine,4.5,100,1.0,8057470,421,0.9992631254045748,0.9171788425120677,3445.968440629913,0,-1
c,active_quadratic,affine,4.5,100,1.0,8057470,422,0.999999,0.999999,3389.6898902392095,0,-1
c,active_quadratic,affine,4.5,100,1.0,8057470,423,0.9932089256949225,0.999999,3470.781251473844,0,-1
c,active_quadratic,affine,4.5,100,1.0,8057470,424,0.9999007518041165,0.999999,3473.5879743512564,0,-1
c,active_quadratic,affine,4.5,100,1.0,8057470,425,0.999999,0.9997655573273284,3431.315336392936,0,-1
c,active_quadratic,affine,4.5,100,1.0,8057470,426,0.9999945959176183,0.9993177575306774,3466.115971404647,1,386
c,active_quadratic,affine,4.5,100,1.0,8057470,427,0.999999,0.9999106961090436,3481.77313144152,0,-1
c,active_quadratic,affine,4.5,100,1.0,8057470,428,0.8337792185414213,0.999999,3443.267877348916,0,-1
c,active_quadratic,affine,4.5,100,1.0,8057470,429,0.9999041762635721,0.9998720793822581,3444.341017884532,0,-1
c,active_quadratic,affine,4.5,100,1.0,8057470,430,-0.999999,-0.999999,0.0,1,270
c,active_quadratic,affine,4.5,100,1.0,8057470,431,-0.999999,0.999999,3466.3512669981633,1,479
c,active_quadratic,affine,4.5,100,1.0,8057470,432,0.9987311043691884,0.9999552225329557,3460.1035011308745,0,-1
c,active_quadratic,affine,4.5,100,1.0,8057470,433,0.999999,0.9996941514272221,3395.9583238373557,0,-1
c,active_quadratic,affine,4.5,100,1.0,8057470,434,0.9999653593210778,0.9980767857198675,3471.5893412688547,0,-1
c,active_quadratic,affine,4.5,100,1.0,8057470,435,0.9999860099750193,0.9996912597113964,3448.5110172989594,0,-1
c,active_quadratic,affine,4.5,100,1.0,8057470,436,0.9997914942001901,0.999999,3456.727961648532,0,-1
c,active_quadratic,affine,4.5,100,1.0,8057470,437,0.9950048587362442,0.999999,3434.933327364767,0,-1
c,active_quadratic,affine,4.5,100,1.0,8057470,438,0.995988830842816,0.97912373969807,3474.274637151936,0,-1
c,active_quadratic,affine,4.5,100,1.0,8057470,439,0.9999270414040228,0.9998921420695973,3455.5767471162094,0,-1
c,active_quadratic,affine,4.5,100,1.0,8057470,440,0.9999663749527721,0.9997588075434317,3482.4190983569038,0,-1
c,active_quadratic,affine,4.5,100,1.0,8057470,441,0.999999,0.9885393978624055,3445.9294132554787,0,-1
c,active_quadratic,affine,4.5,100,1.0,8057470,442,0.8670335480880864,0.998174763512222,3442.568666681108,0,-1
c,active_quadratic,affine,4.5,100,1.0,8057470,443,0.999990636713933,0.9994057718094457,3473.600408205671,0,-1
c,active_quadratic,affine,4.5,100,1.0,8057470,444,-0.999999,0.9952965342783768,3465.011245803947,1,278
c,active_quadratic,affine,4.5,100,1.0,8057470,445,0.9727525012741092,0.9977200988638337,3478.062395202399,0,-1
c,active_quadratic,affine,4.5,100,1.0,8057470,446,0.9938617374780051,0.8961352614964793,3449.0467379842753,0,-1
c,active_quadratic,affine,4.5,100,1.0,8057470,447,0.999999,0.9999162945575333,3462.4049267896517,0,-1
c,active_quadratic,affine,4.5,100,1.0,8057470,448,0.999999,0.999999,3447.9621216601713,0,-1
c,active_quadratic,affine,4.5,100,1.0,8057470,449,0.9863413146375949,0.9745873236139955,3479.7183742769735,0,-1
c,active_quadratic,affine,4.5,100,1.0,8057470,450,0.999999,0.9994286409866925,3425.519713920854,0,-1
c,active_quadratic,affine,4.5,100,1.0,8057470,451,0.999999,0.9999797820040233,3423.054102100505,0,-1
c,active_quadratic,affine,4.5,100,1.0,8057470,452,0.9821366870413639,0.9989236514894111,3468.774935351455,0,-1
c,active_quadratic,affine,4.5,100,1.0,8057470,453,0.9999989924400245,0.999999,3449.3464596182343,0,-1
c,active_quadratic,affine,4.5,100,1.0,8057470,454,0.9871703790246634,0.999999,3440.074323160213,0,-1
c,active_quadratic,affine,4.5,100,1.0,8057470,455,0.999999,0.6608849391807545,3421.9236803148146,0,-1
c,active_quadratic,affine,4.5,100,1.0,8057470,456,0.999999,0.999999,3463.8369546427202,0,-1
c,active_quadratic,affine,4.5,100,1.0,8057470,457,0.999999,0.999999,3475.4180766719337,0,-1
c,active_quadratic,affine,4.5,100,1.0,8057470,458,0.9813420722372186,0.9980542506421107,3460.3662026336065,0,-1
c,active_quadratic,affine,4.5,100,1.0,8057470,459,0.999999,0.999999,3472.9502099648357,0,-1
c,active_quadratic,affine,4.5,100,1.0,8057470,460,-0.8383619308144934,0.999999,3476.636544338422,1,322
c,active_quadratic,affine,4.5,100,1.0,8057470,461,0.9998185555646135,0.999999,3484.787449246872,0,-1
c,active_quadratic,affine,4.5,100,1.0,8057470,462,0.9992551915177234,0.999999,3442.644739727561,0,-1
c,active_quadratic,affine,4.5,100,1.0,8057470,463,0.9999137813634341,0.9963908305919393,3472.6827928829857,0,-1
c,active_quadratic,affine,4.5,100,1.0,8057470,464,-0.9988289238285182,0.9999147797299518,3481.254491754973,1,294
c,active_quadratic,affine,4.5,100,1.0,8057470,465,0.999999,0.9982227430881435,3468.4348292298987,0,-1
c,active_quadratic,affine,4.5,100,1.0,8057470,466,0.987379051789309,0.999863156119493,3449.726325108917,0,-1
c,active_quadratic,affine,4.5,100,1.0,8057470,467,0.999999,0.9986658076108295,3425.52817990284,0,-1
c,active_quadratic,affine,4.5,100,1.0,8057470,468,0.999999,0.9998359715045275,3448.353166136337,0,-1
c,active_quadratic,affine,4.5,100,1.0,8057470,469,0.9998803537483493,0.9999885019800384,3476.0852345939247,0,-1
c,active_quadratic,affine,4.5,100,1.0,8057470,470,0.999362456523985,0.9982261614315705,3469.432970685121,0,-1
c,active_quadratic,affine,4.5,100,1.0,8057470,471,0.9998587807434732,0.9486800761849219,3459.1508091130468,0,-1
c,active_quadratic,affine,4.5,100,1.0,8057470,472,-0.9980506924204583,0.94300507850577,3469.6328324670394,1,278
c,active_quadratic,affine,4.5,100,1.0,8057470,473,0.9845451641298315,0.9998624564728755,3474.832594589269,0,-1
c,active_quadratic,affine,4.5,100,1.0,8057470,474,-0.9640060156593985,0.999999,3462.2622594039785,1,278
c,active_quadratic,affine,4.5,100,1.0,8057470,475,-0.9987994212191468,0.9736971430623861,3469.4521640445323,1,272
c,active_quadratic,affine,4.5,100,1.0,8057470,476,-0.4065829415134443,0.9998479045201965,3467.636616729174,1,335
c,active_quadratic,affine,4.5,100,1.0,8057470,477,0.999999,0.999882769393106,3476.269709853879,0,-1
c,active_quadratic,affine,4.5,100,1.0,8057470,478,0.999999,0.9972099124881622,3463.50952005561,0,-1
c,active_quadratic,affine,4.5,100,1.0,8057470,479,0.999999,0.999999,3459.266261686162,0,-1
c,active_quadratic,affine,4.5,100,1.0,8057470,480,0.999999,0.9996595115497506,3442.574085998624,0,-1
c,active_quadratic,affine,4.5,100,1.0,8057470,481,0.9883988721874745,0.999999,3475.2033208141843,0,-1
c,active_quadratic,affine,4.5,100,1.0,8057470,482,0.999999,0.999999,3466.0175385250304,0,-1
c,active_quadratic,affine,4.5,100,1.0,8057470,483,0.999844604148747,0.999999,3466.4826585439587,0,-1
c,active_quadratic,affine,4.5,100,1.0,8057470,484,0.999999,0.9986761762110569,3468.9068940672373,0,-1
c,active_quadratic,affine,4.5,100,1.0,8057470,485,0.9999203916339026,0.9977499542930046,3452.5835332498377,1,296
c,active_quadratic,affine,4.5,100,1.0,8057470,486,0.9999192718550536,0.999999,3469.5821107620777,0,-1
c,active_quadratic,affine,4.5,100,1.0,8057470,487,-0.985740954466537,0.9999429620776836,3465.59197787672,1,351
c,active_quadratic,affine,4.5,100,1.0,8057470,488,0.999999,0.999999,3461.7352096607674,0,-1
c,active_quadratic,affine,4.5,100,1.0,8057470,489,0.999999,0.999999,3473.136145938613,0,-1
c,active_quadratic,affine,4.5,100,1.0,8057470,490,0.9993254742151797,0.8888832082010565,3465.9913069862578,0,-1
c,active_quadratic,affine,4.5,100,1.0,8057470,491,0.9999577035047323,0.9989934034020522,3450.7121433894627,0,-1
c,active_quadratic,affine,4.5,100,1.0,8057470,492,0.999999,0.999999,3464.002610657794,0,-1
c,active_quadratic,affine,4.5,100,1.0,8057470,493,0.998572180441351,0.9693472981431592,3430.8206220786215,0,-1
c,active_quadratic,affine,4.5,100,1.0,8057470,494,0.999999,0.999999,3469.578390269855,0,-1
c,active_quadratic,affine,4.5,100,1.0,8057470,495,0.9997055892070391,0.9998163489489391,3458.2415139309373,0,-1
c,active_quadratic,affine,4.5,100,1.0,8057470,496,0.7447280889791992,0.9999846675220465,3465.9689256152396,0,-1
c,active_quadratic,affine,4.5,100,1.0,8057470,497,0.9875767026749905,0.9982535026875322,3475.083344279814,0,-1
c,active_quadratic,affine,4.5,100,1.0,8057470,498,0.9999206702237702,0.999999,3428.7670362756267,0,-1
c,active_quadratic,affine,4.5,100,1.0,8057470,499,0.999999,0.9954845329601967,3470.8520755660293,0,-1
c,active_quadratic,affine,4.5,100,1.0,8057470,500,0.999999,0.9999884925232867,3479.0941527016457,0,-1
c,active_quadratic,affine,4.5,100,1.0,8057470,501,0.9999406140414102,0.999999,3464.410800869406,0,-1
c,active_quadratic,affine,4.5,100,1.0,8057470,502,0.9990946735080931,0.9981561127913295,3441.974248695164,0,-1
c,active_quadratic,affine,4.5,100,1.0,8057470,503,-0.9989683087694798,0.9995787621444387,3374.649564900769,1,264
c,active_quadratic,affine,4.5,100,1.0,8057470,504,0.999999,0.999999,3465.7432887543305,0,-1
c,active_quadratic,affine,4.5,100,1.0,8057470,505,0.8495716807090584,0.9996813178625521,3483.751179452458,0,-1
c,active_quadratic,affine,4.5,100,1.0,8057470,506,0.999999,0.9998786871939678,3415.7784734264737,0,-1
c,active_quadratic,affine,4.5,100,1.0,8057470,507,0.999999,0.999999,3484.581892967157,0,-1
c,active_quadratic,affine,4.5,100,1.0,8057470,508,0.999999,0.999999,3464.137792497787,0,-1
c,active_quadratic,affine,4.5,100,1.0,8057470,509,0.999999,0.9999668730314225,3468.261668398824,0,-1
c,active_quadratic,affine,4.5,100,1.0,8057470,510,0.999999,0.957316800072224,3468.986853237256,0,-1
c,active_quadratic,affine,4.5,100,1.0,8057470,511,0.999999,0.9999849349727835,3480.9462554116108,1,293
c,active_quadratic,affine,4.5,100,1.0,8057470,512,0.9828206859776086,0.999999,3479.646835341028,0,-1
c,active_quadratic,affine,4.5,100,1.0,8057470,513,0.999999,0.999652798480423,3470.496751235648,0,-1
c,active_quadratic,affine,4.5,100,1.0,8057470,514,0.999999,0.9849478666942546,3445.0605742540297,0,-1
c,active_quadratic,affine,4.5,100,1.0,8057470,515,0.998902950787554,0.999999,3465.985981911051,0,-1
c,active_quadratic,affine,4.5,100,1.0,8057470,516,0.999999,0.9931671893023217,3464.002230249371,0,-1
c,active_quadratic,affine,4.5,100,1.0,8057470,517,0.9978228194174367,0.9962259976992677,3470.922998340518,0,-1
c,active_quadratic,affine,4.5,100,1.0,8057470,518,0.9943083379144243,0.999999,3474.3783108156786,0,-1
c,active_quadratic,affine,4.5,100,1.0,8057470,519,0.999999,0.999999,3412.3694252308937,0,-1
c,active_quadratic,affine,4.5,100,1.0,8057470,520,0.999999,0.9736410339328938,3431.242316490544,0,-1
c,active_quadratic,affine,4.5,100,1.0,8057470,521,0.999999,0.9893321101540881,3477.468154070659,0,-1
c,active_quadratic,affine,4.5,100,1.0,8057470,522,-0.9832067429540482,0.9999371371467857,3465.624700630649,1,313
c,active_quadratic,affine,4.5,100,1.0,8057470,523,0.999999,0.9999153929289549,3482.174280498781,0,-1
c,active_quadratic,affine,4.5,100,1.0,8057470,524,0.999999,0.999999,3455.3866065695806,0,-1
c,active_quadratic,affine,4.5,100,1.0,8057470,525,0.999999,0.9995363400427334,3474.168960406084,0,-1
c,active_quadratic,affine,4.5,100,1.0,8057470,526,-0.994087034445635,0.9853758845753845,3451.9469672966084,1,335
c,active_quadratic,affine,4.5,100,1.0,8057470,527,0.999999,0.999999,3479.375786766589,0,-1
c,active_quadratic,affine,4.5,100,1.0,8057470,528,0.9982096998706866,0.999999,3466.1557078170654,0,-1
c,active_quadratic,affine,4.5,100,1.0,8057470,529,0.999999,0.996523051989762,3416.045913479061,0,-1
c,active_quadratic,affine,4.5,100,1.0,8057470,530,0.9527672545628719,0.999999,3459.2881920310683,0,-1
c,active_quadratic,affine,4.5,100,1.0,8057470,531,0.999999,0.9992680968139153,3467.7906708578653,0,-1
c,active_quadratic,affine,4.5,100,1.0,8057470,532,0.9995436522069014,0.999999,3435.942991422695,0,-1
c,active_quadratic,affine,4.5,100,1.0,8057470,533,0.9999421858705271,0.999999,3478.5684490330227,0,-1
c,active_quadratic,affine,4.5,100,1.0,8057470,534,0.999999,0.999999,3433.900938393787,0,-1
c,active_quadratic,affine,4.5,100,1.0,8057470,535,0.9997907360819069,0.9979688254435437,3467.581926089912,0,-1
c,active_quadratic,affine,4.5,100,1.0,8057470,536,0.999999,0.9977476988305877,3457.3611036191764,0,-1
c,active_quadratic,affine,4.5,100,1.0,8057470,537,0.9927314149850476,0.9792714707618259,3453.9103069449343,0,-1
c,active_quadratic,affine,4.5,100,1.0,8057470,538,0.999866429348146,0.999999,3420.7453307846067,0,-1
c,active_quadratic,affine,4.5,100,1.0,8057470,539,0.999999,0.9952671352385198,3431.2654803213245,0,-1
c,active_quadratic,affine,4.5,100,1.0,8057470,540,-0.999999,0.9979312262379207,3460.214557288802,1,277
c,active_quadratic,affine,4.5,100,1.0,8057470,541,0.9998498494420214,0.9725397645134611,3470.2978802178523,1,313
c,active_quadratic,affine,4.5,100,1.0,8057470,542,0.993406223447374,0.999999,3465.922123119359,0,-1
c,active_quadratic,affine,4.5,100,1.0,8057470,543,0.9998685894564714,0.8565852987110585,3461.2230981705407,0,-1
c,active_quadratic,affine,4.5,100,1.0,8057470,544,0.999999,0.9701285270951597,3453.6750011660997,0,-1
c,active_quadratic,affine,4.5,100,1.0,8057470,545,0.9991168027728964,0.9999623514959373,3455.738606021012,0,-1
c,active_quadratic,affine,4.5,100,1.0,8057470,546,0.9681660371636984,0.999999,3432.7009528723106,0,-1
c,active_quadratic,affine,4.5,100,1.0,8057470,547,0.9998920078450644,0.999999,3475.2943243493814,0,-1
c,active_quadratic,affine,4.5,100,1.0,8057470,548,0.9999922394707011,0.9998359073997125,3473.302151686436,0,-1
c,active_quadratic,affine,4.5,100,1.0,8057470,549,0.9988969542933958,0.996900315481092,3478.796897533666,0,-1
c,active_quadratic,affine,4.5,100,1.0,8057470,550,0.999934791502531,0.9999134602937981,3472.845346488871,0,-1
c,active_quadratic,affine,4.5,100,1.0,8057470,551,0.8019780586467872,0.9997964799750224,3437.066217803151,0,-1
c,active_quadratic,affine,4.5,100,1.0,8057470,552,0.999999,0.999999,3468.336357307841,0,-1
c,active_quadratic,affine,4.5,100,1.0,8057470,553,-0.9987368722368262,0.999999,3468.0588777137687,1,269
c,active_quadratic,affine,4.5,100,1.0,8057470,554,0.8129181355417184,0.9970422188963425,3458.6284573970383,0,-1
c,active_quadratic,affine,4.5,100,1.0,8057470,555,0.999999,0.999999,3480.012349473069,0,-1
c,active_quadratic,affine,4.5,100,1.0,8057470,556,0.9999970202861006,0.9997781186870177,3470.032917483946,0,-1
c,active_quadratic,affine,4.5,100,1.0,8057470,557,0.9921780937189895,0.999999,3455.8063888418233,0,-1
c,active_quadratic,affine,4.5,100,1.0,8057470,558,0.999999,0.999999,3464.061214280622,0,-1
c,active_quadratic,affine,4.5,100,1.0,8057470,559,0.871341901439735,0.9422957385895384,3413.8830491630265,0,-1
c,active_quadratic,affine,4.5,100,1.0,8057470,560,0.9943438208046278,0.999999,3485.169609882458,0,-1
c,active_quadratic,affine,4.5,100,1.0,8057470,561,0.7938786316980638,0.999999,3449.6770816368344,0,-1
c,active_quadratic,affine,4.5,100,1.0,8057470,562,0.9645334719401653,0.9664269373228661,3452.722264248671,0,-1
c,active_quadratic,affine,4.5,100,1.0,8057470,563,0.999999,0.9998282931992974,3455.090654472336,0,-1
c,active_quadratic,affine,4.5,100,1.0,8057470,564,0.999999,0.9997286110703397,3474.02370171252,0,-1
c,active_quadratic,affine,4.5,100,1.0,8057470,565,0.999999,0.998570496949663,3456.358282561904,0,-1
c,active_quadratic,affine,4.5,100,1.0,8057470,566,0.9999435058705343,0.999999,3478.948768289477,0,-1
c,active_quadratic,affine,4.5,100,1.0,8057470,567,0.999999,0.9798804368908388,3455.776669303292,0,-1
c,active_quadratic,affine,4.5,100,1.0,8057470,568,0.8634050779108,0.8921925736814424,3450.27587591906,0,-1
c,active_quadratic,affine,4.5,100,1.0,8057470,569,0.999999,0.999999,3441.6073506308835,0,-1
c,active_quadratic,affine,4.5,100,1.0,8057470,570,0.999999,0.9986085760298541,3465.1534773036733,0,-1
c,active_quadratic,affine,4.5,100,1.0,8057470,571,0.999999,0.999999,3479.2106000342383,0,-1
c,active_quadratic,affine,4.5,100,1.0,8057470,572,0.9975304043587115,0.9999414216123782,3472.641269663042,0,-1
c,active_quadratic,affine,4.5,100,1.0,8057470,573,0.990955044170115,0.999999,3478.2484779751276,0,-1
c,active_quadratic,affine,4.5,100,1.0,8057470,574,0.973337485332497,0.999999,3462.6351313652644,0,-1
c,active_quadratic,affine,4.5,100,1.0,8057470,575,0.9957916976681341,0.9985623821796531,3450.3946137159624,0,-1
c,active_quadratic,affine,4.5,100,1.0,8057470,576,-0.9999951919933916,0.999999,3470.1083124888155,1,270
c,active_quadratic,affine,4.5,100,1.0,8057470,577,0.9999850941127943,0.9999057166716427,3486.547132320589,0,-1
c,active_quadratic,affine,4.5,100,1.0,8057470,578,-0.9611035800928679,0.999999,3465.014530573213,1,326
c,active_quadratic,affine,4.5,100,1.0,8057470,579,0.999999,0.9836456799205539,3458.758970754472,0,-1
c,active_quadratic,affine,4.5,100,1.0,8057470,580,0.999999,0.9991067023718825,3465.2456312510053,0,-1
c,active_quadratic,affine,4.5,100,1.0,8057470,581,0.999922032708424,0.9999939277813041,3463.427418955436,0,-1
c,active_quadratic,affine,4.5,100,1.0,8057470,582,0.999999,0.999999,3483.8830628569817,0,-1
c,active_quadratic,affine,4.5,100,1.0,8057470,583,0.997384199279613,0.9999865606395119,3458.9483132442742,0,-1
c,active_quadratic,affine,4.5,100,1.0,8057470,584,0.999999,0.999999,3471.28662615057,0,-1
c,active_quadratic,affine,4.5,100,1.0,8057470,585,0.999999,0.9976155632222498,3456.335044364845,0,-1
c,active_quadratic,affine,4.5,100,1.0,8057470,586,0.999999,0.995265561145906,3461.882423083959,0,-1
c,active_quadratic,affine,4.5,100,1.0,8057470,587,0.999999,0.9678568333794542,3479.8685740148535,0,-1
c,active_quadratic,affine,4.5,100,1.0,8057470,588,0.999999,0.9998226828271837,3442.3824834686798,0,-1
c,active_quadratic,affine,4.5,100,1.0,8057470,589,0.999999,0.999999,3428.9851758432737,0,-1
c,active_quadratic,affine,4.5,100,1.0,8057470,590,0.9999657030101324,0.8580654558448836,3461.4704503744215,0,-1
c,active_quadratic,affine,4.5,100,1.0,8057470,591,0.999999,0.9902032293053099,3409.3142132417815,0,-1
c,active_quadratic,affine,4.5,100,1.0,8057470,592,-0.999999,0.9996761211193482,3426.2136708990874,1,279
c,active_quadratic,affine,4.5,100,1.0,8057470,593,0.9998622195070725,0.999999,3459.913830837708,0,-1
c,active_quadratic,affine,4.5,100,1.0,8057470,594,-0.9909066341726617,0.9919078251866703,3484.835628727637,1,273
c,active_quadratic,affine,4.5,100,1.0,8057470,595,0.999999,0.999999,3465.406641856825,0,-1
c,active_quadratic,affine,4.5,100,1.0,8057470,596,0.9904129189456238,0.8661366492109009,3444.326378008766,0,-1
c,active_quadratic,affine,4.5,100,1.0,8057470,597,0.9999935421638411,0.9929799632338229,3429.9622356563577,0,-1
c,active_quadratic,affine,4.5,100,1.0,8057470,598,0.999999,0.999999,3464.7327810689194,0,-1
c,active_quadratic,affine,4.5,100,1.0,8057470,599,0.9999127188535137,0.9563459357353978,3454.460180753154,0,-1
c,active_quadratic,affine,4.5,100,1.0,8057470,600,0.999999,0.999999,3475.7663697071944,0,-1
c,active_quadratic,affine,4.5,100,1.0,8057470,601,0.999999,0.999999,3475.1635886627837,0,-1
c,active_quadratic,affine,4.5,100,1.0,8057470,602,0.999999,0.999999,3444.6779253068607,0,-1
c,active_quadratic,affine,4.5,100,1.0,8057470,603,0.9832697600237973,0.976963206521351,3471.2191004429897,0,-1
c,active_quadratic,affine,4.5,100,1.0,8057470,604,0.9999896279141287,0.9996233633908443,3485.2187360295334,0,-1
c,active_quadratic,affine,4.5,100,1.0,8057470,605,0.7406356297578376,0.9999295197865531,3471.59391596197,0,-1
c,active_quadratic,affine,4.5,100,1.0,8057470,606,0.9909045113619894,0.9321407516768658,3381.0861053384674,0,-1
c,active_quadratic,affine,4.5,100,1.0,8057470,607,0.9988735396273667,0.9376493608698877,3466.995379989828,0,-1
c,active_quadratic,affine,4.5,100,1.0,8057470,608,0.9999723951465125,0.999999,3472.661282813461,0,-1
c,active_quadratic,affine,4.5,100,1.0,8057470,609,0.999999,0.9977963701886675,3476.210402343715,0,-1
c,active_quadratic,affine,4.5,100,1.0,8057470,610,0.9998742074128014,0.999999,3455.7264157649456,0,-1
c,active_quadratic,affine,4.5,100,1.0,8057470,611,0.999999,0.999999,3469.7148337816825,1,283
c,active_quadratic,affine,4.5,100,1.0,8057470,612,0.999999,0.999999,3462.4852768379023,0,-1
c,active_quadratic,affine,4.5,100,1.0,8057470,613,-0.9988081441799876,0.999999,3464.4386751491425,1,305
c,active_quadratic,affine,4.5,100,1.0,8057470,614,0.9999705009687292,0.9999878141179097,3429.659379427869,0,-1
c,active_quadratic,affine,4.5,100,1.0,8057470,615,0.9998416886926208,0.9996764896445921,3460.8570871454226,0,-1
c,active_quadratic,affine,4.5,100,1.0,8057470,616,0.999999,0.9909343816098689,3458.8511957411115,0,-1
c,active_quadratic,affine,4.5,100,1.0,8057470,617,0.9997983122266874,0.999999,3446.262573983229,0,-1
c,active_quadratic,affine,4.5,100,1.0,8057470,618,-0.5276820191633587,0.999999,3459.964804178276,1,280
c,active_quadratic,affine,4.5,100,1.0,8057470,619,0.999999,0.9998821240365945,3446.532571972024,0,-1
c,active_quadratic,affine,4.5,100,1.0,8057470,620,0.9847595833312192,0.9998950333701371,3477.383265546234,0,-1
c,active_quadratic,affine,4.5,100,1.0,8057470,621,0.9973442609502023,0.999999,3462.1110352327833,0,-1
c,active_quadratic,affine,4.5,100,1.0,8057470,622,0.9874142820525603,0.999999,3429.849590746853,0,-1
c,active_quadratic,affine,4.5,100,1.0,8057470,623,0.999999,0.999999,3476.058521209605,0,-1
c,active_quadratic,affine,4.5,100,1.0,8057470,624,0.999999,0.9309861120640652,3469.101101377538,0,-1
c,active_quadratic,affine,4.5,100,1.0,8057470,625,0.999999,0.999999,3465.758683602344,0,-1
c,active_quadratic,affine,4.5,100,1.0,8057470,626,0.956358045992949,0.999999,3476.51983457412,0,-1
c,active_quadratic,affine,4.5,100,1.0,8057470,627,0.9980604873665905,0.9999032303411616,3480.9159549623478,0,-1
c,active_quadratic,affine,4.5,100,1.0,8057470,628,0.9998041155970552,0.9994653939147985,3434.2225304444064,0,-1
c,active_quadratic,affine,4.5,100,1.0,8057470,629,0.999928912180834,0.9999285082445213,3459.9354795299582,0,-1
c,active_quadratic,affine,4.5,100,1.0,8057470,630,0.999999,0.9998923099078596,3448.350073726291,0,-1
c,active_quadratic,affine,4.5,100,1.0,8057470,631,0.999991281501516,0.9998593123451212,3461.0095390404335,0,-1
c,active_quadratic,affine,4.5,100,1.0,8057470,632,0.9979586760080001,0.9997827545659076,3452.642934844417,0,-1
c,active_quadratic,affine,4.5,100,1.0,8057470,633,0.972601709622179,0.9997651782978765,3454.4237417774402,0,-1
c,active_quadratic,affine,4.5,100,1.0,8057470,634,0.999999,0.999999,3446.9656354742265,0,-1
c,active_quadratic,affine,4.5,100,1.0,8057470,635,0.999999,0.9997295963208273,3473.6156512483553,0,-1
c,active_quadratic,affine,4.5,100,1.0,8057470,636,0.999999,0.999999,3466.7215053543255,0,-1
c,active_quadratic,affine,4.5,100,1.0,8057470,637,0.9985010879557752,0.999999,3465.971577501924,0,-1
c,active_quadratic,affine,4.5,100,1.0,8057470,638,0.999999,0.999999,3447.06676675555,0,-1
c,active_quadratic,affine,4.5,100,1.0,8057470,639,0.9878858999047623,0.999999,3467.657735853973,0,-1
c,active_quadratic,affine,4.5,100,1.0,8057470,640,0.9240233633680341,0.9659816302001458,3443.9370458353355,0,-1
c,active_quadratic,affine,4.5,100,1.0,8057470,641,0.9998956376018415,0.9976897959253702,3463.3813792965334,0,-1
c,active_quadratic,affine,4.5,100,1.0,8057470,642,0.999999,0.999999,3470.716778190221,0,-1
c,active_quadratic,affine,4.5,100,1.0,8057470,643,0.9999410695587032,0.9999927173662534,3466.280039179793,0,-1
c,active_quadratic,affine,4.5,100,1.0,8057470,644,0.999999,0.9999699232365252,3423.219649889567,0,-1
c,active_quadratic,affine,4.5,100,1.0,8057470,645,0.9999915154333965,0.99883128641481,3463.340921692433,0,-1
c,active_quadratic,affine,4.5,100,1.0,8057470,646,0.999999,0.999999,3468.9980160463783,0,-1
c,active_quadratic,affine,4.5,100,1.0,8057470,647,-0.7292644227232353,-0.9989919274811678,0.0,1,267
c,active_quadratic,affine,4.5,100,1.0,8057470,648,0.9848631199319084,0.999999,3453.2503307816814,0,-1
c,active_quadratic,affine,4.5,100,1.0,8057470,649,0.9995555165523128,0.9995788748557894,3418.4379085028213,0,-1
c,active_quadratic,affine,4.5,100,1.0,8057470,650,0.999999,0.999707475333974,3464.1917908481137,0,-1
c,active_quadratic,affine,4.5,100,1.0,8057470,651,0.999999,0.9991292094794144,3473.57506401706,0,-1
c,active_quadratic,affine,4.5,100,1.0,8057470,652,0.9998290834220739,0.9921033383958456,3461.8311815729476,0,-1
c,active_quadratic,affine,4.5,100,1.0,8057470,653,0.9999461051370335,0.938231469934271,3472.899365392322,0,-1
c,active_quadratic,affine,4.5,100,1.0,8057470,654,-0.9969922680074051,0.999989094209774,3479.4079245230746,1,284
c,active_quadratic,affine,4.5,100,1.0,8057470,655,0.999999,0.999999,3473.287104411568,0,-1
c,active_quadratic,affine,4.5,100,1.0,8057470,656,0.9999572278385422,0.999999,3453.755176641088,0,-1
c,active_quadratic,affine,4.5,100,1.0,8057470,657,-0.8918201277953101,0.9999186148163869,3473.384019649792,1,288
c,active_quadratic,affine,4.5,100,1.0,8057470,658,0.999999,0.9984955850618144,3467.488629301559,0,-1
c,active_quadratic,affine,4.5,100,1.0,8057470,659,0.9999187893020324,0.9933628502722684,3450.7354396224855,0,-1
c,active_quadratic,affine,4.5,100,1.0,8057470,660,0.9923054971198683,0.999999,3464.6283590863786,0,-1
c,active_quadratic,affine,4.5,100,1.0,8057470,661,0.9999860286138383,0.999999,3485.6209555724,0,-1
c,active_quadratic,affine,4.5,100,1.0,8057470,662,0.9997682178556485,0.999999,3476.990251663668,0,-1
c,active_quadratic,affine,4.5,100,1.0,8057470,663,-0.964699411751769,0.9997672303220686,3481.1032177905204,1,292
c,active_quadratic,affine,4.5,100,1.0,8057470,664,0.9994768439307672,0.8912752001625808,3466.7916501471086,0,-1
c,active_quadratic,affine,4.5,100,1.0,8057470,665,0.9999497281910946,0.99403572917247,3448.945383020801,0,-1
c,active_quadratic,affine,4.5,100,1.0,8057470,666,0.999999,0.999999,3465.301518720655,0,-1
c,active_quadratic,affine,4.5,100,1.0,8057470,667,0.9967653427344434,0.9935121510886115,3470.054592526265,0,-1
c,active_quadratic,affine,4.5,100,1.0,8057470,668,0.9824367340884527,0.999999,3470.250533950492,0,-1
c,active_quadratic,affine,4.5,100,1.0,8057470,669,0.9083547162720487,0.9644243853136236,3461.140685874266,0,-1
c,active_quadratic,affine,4.5,100,1.0,8057470,670,0.999903541494463,0.9782291792395453,3473.5608299684673,0,-1
c,active_quadratic,affine,4.5,100,1.0,8057470,671,0.9980434317703223,0.9851858913323592,3474.938924967787,0,-1
c,active_quadratic,affine,4.5,100,1.0,8057470,672,0.9973593391684061,0.999999,3480.0710339770367,0,-1
c,active_quadratic,affine,4.5,100,1.0,8057470,673,0.9998434487246705,0.9903876480521967,3470.450988068394,0,-1
c,active_quadratic,affine,4.5,100,1.0,8057470,674,-0.999999,0.999999,3481.052599760921,1,307
c,active_quadratic,affine,4.5,100,1.0,8057470,675,0.9962587147125903,0.999999,3441.255066370309,0,-1
c,active_quadratic,affine,4.5,100,1.0,8057470,676,-0.9864822623216297,0.9977334894110398,3475.320914111092,1,310
c,active_quadratic,affine,4.5,100,1.0,8057470,677,0.9526146381603827,0.9065178610763639,3427.9881269143793,0,-1
c,active_quadratic,affine,4.5,100,1.0,8057470,678,0.9867197679478771,0.9978010084399428,3470.236660414336,0,-1
c,active_quadratic,affine,4.5,100,1.0,8057470,679,0.999999,0.999999,3474.4769779403377,0,-1
c,active_quadratic,affine,4.5,100,1.0,8057470,680,0.9997471827506398,0.999999,3464.474939697971,0,-1
c,active_quadratic,affine,4.5,100,1.0,8057470,681,0.9151660427326129,0.999999,3476.857464937586,0,-1
c,active_quadratic,affine,4.5,100,1.0,8057470,682,0.999999,0.999999,3455.3720714852557,0,-1
c,active_quadratic,affine,4.5,100,1.0,8057470,683,0.9990836662891863,0.9991760567951885,3476.5035117508587,0,-1
c,active_quadratic,affine,4.5,100,1.0,8057470,684,0.9918190852313084,0.999999,3461.587097918539,0,-1
c,active_quadratic,affine,4.5,100,1.0,8057470,685,0.9999692314952202,0.9929466154208795,3464.831082434169,0,-1
c,active_quadratic,affine,4.5,100,1.0,8057470,686,-0.999999,0.9923988875524825,3478.8343451292535,1,317
c,active_quadratic,affine,4.5,100,1.0,8057470,687,0.9971025468607895,0.9542613451281678,3477.47254705858,0,-1
c,active_quadratic,affine,4.5,100,1.0,8057470,688,0.9959396447163217,0.9930290320313883,3449.6780252086774,0,-1
c,active_quadratic,affine,4.5,100,1.0,8057470,689,0.9195330436246384,0.9995107344123109,3400.9273230178233,0,-1
c,active_quadratic,affine,4.5,100,1.0,8057470,690,0.9920201799595918,0.8654414207873604,3472.2074169165426,0,-1
c,active_quadratic,affine,4.5,100,1.0,8057470,691,-0.9989830858424958,0.9998221664517071,3456.6999997894254,1,340
c,active_quadratic,affine,4.5,100,1.0,8057470,692,0.999999,0.999999,3434.3327004400026,0,-1
c,active_quadratic,affine,4.5,100,1.0,8057470,693,0.9998632692244077,0.9339078935415627,3463.6450714498023,0,-1
c,active_quadratic,affine,4.5,100,1.0,8057470,694,0.999999,0.9998525388104454,3423.2350340503435,0,-1
c,active_quadratic,affine,4.5,100,1.0,8057470,695,0.999999,0.986152366733983,3459.7387043917747,0,-1
c,active_quadratic,affine,4.5,100,1.0,8057470,696,0.7678662159900007,0.999999,3452.847407502395,0,-1
c,active_quadratic,affine,4.5,100,1.0,8057470,697,0.978026681017731,0.999999,3464.1797215794286,0,-1
c,active_quadratic,affine,4.5,100,1.0,8057470,698,0.993273644698435,0.9995727970368699,3410.9812529879405,0,-1
c,active_quadratic,affine,4.5,100,1.0,8057470,699,0.999999,0.9985897013311039,3463.3424572812683,0,-1
c,active_quadratic,affine,4.5,100,1.0,8057470,700,0.9879923330750677,0.999999,3469.629405231265,0,-1
c,active_quadratic,affine,4.5,100,1.0,8057470,701,0.9997444775495308,0.999999,3481.9648941690884,0,-1
c,active_quadratic,affine,4.5,100,1.0,8057470,702,0.7587971784519091,0.9924223340839413,3470.058812615718,0,-1
c,active_quadratic,affine,4.5,100,1.0,8057470,703,0.9980372475267563,0.9998603620526885,3443.795005625249,0,-1
c,active_quadratic,affine,4.5,100,1.0,8057470,704,0.9687525814277409,0.9322084113863909,3476.137655107606,0,-1
c,active_quadratic,affine,4.5,100,1.0,8057470,705,0.999999,0.999999,3465.710587806069,0,-1
c,active_quadratic,affine,4.5,100,1.0,8057470,706,0.9999364848333167,0.9996014809168804,3470.537886247452,0,-1
c,active_quadratic,affine,4.5,100,1.0,8057470,707,0.9998101740367343,0.9994820236501739,3470.2949478746864,0,-1
c,active_quadratic,affine,4.5,100,1.0,8057470,708,-0.9980919729356128,0.9999566442569824,3439.0621108927126,1,318
c,active_quadratic,affine,4.5,100,1.0,8057470,709,0.9920781453272521,0.8166777010552289,3461.090973573138,0,-1
c,active_quadratic,affine,4.5,100,1.0,8057470,710,0.998057177927719,0.999999,3483.272691385838,0,-1
c,active_quadratic,affine,4.5,100,1.0,8057470,711,0.9960772457806158,0.9953025113691867,3472.310885272863,0,-1
c,active_quadratic,affine,4.5,100,1.0,8057470,712,-0.999999,0.999999,3450.5576333143185,1,305
c,active_quadratic,affine,4.5,100,1.0,8057470,713,0.9897024749968666,0.9990163533957457,3453.1580332641033,0,-1
c,active_quadratic,affine,4.5,100,1.0,8057470,714,0.9989243250684053,0.996900482443035,3480.6120941772515,0,-1
c,active_quadratic,affine,4.5,100,1.0,8057470,715,0.9958226639878288,0.9997968605427935,3446.1159111254915,0,-1
c,active_quadratic,affine,4.5,100,1.0,8057470,716,0.9997779603073585,0.9999944580396087,3460.4109906301323,0,-1
c,active_quadratic,affine,4.5,100,1.0,8057470,717,0.9535322035406646,0.999999,3483.3981177879427,0,-1
c,active_quadratic,affine,4.5,100,1.0,8057470,718,0.6744916502769954,0.9998216476507792,3457.7832267456656,0,-1
c,active_quadratic,affine,4.5,100,1.0,8057470,719,0.9751904796692852,0.999999,3468.7666127840744,0,-1
c,active_quadratic,affine,4.5,100,1.0,8057470,720,0.9998731772594605,0.9997848550480343,3469.8440893783563,0,-1
c,active_quadratic,affine,4.5,100,1.0,8057470,721,0.9999253569489579,0.9997075938183099,3467.4540228027363,0,-1
c,active_quadratic,affine,4.5,100,1.0,8057470,722,0.9999633091863527,0.999999,3451.2451105122755,0,-1
c,active_quadratic,affine,4.5,100,1.0,8057470,723,0.999999,0.6769197057085364,3463.5634121322582,0,-1
c,active_quadratic,affine,4.5,100,1.0,8057470,724,0.9999528566973404,0.999999,3465.863589696953,0,-1
c,active_quadratic,affine,4.5,100,1.0,8057470,725,0.7572567315307787,0.9955516489293452,3468.2807304886132,0,-1
c,active_quadratic,affine,4.5,100,1.0,8057470,726,0.999999,0.999999,3437.075852818932,0,-1
c,active_quadratic,affine,4.5,100,1.0,8057470,727,0.998127537972786,0.9999800811994446,3469.8832211701283,0,-1
c,active_quadratic,affine,4.5,100,1.0,8057470,728,0.999999,0.9999336225592688,3450.8750779471966,0,-1
c,active_quadratic,affine,4.5,100,1.0,8057470,729,0.999999,0.9990678144700769,3459.1798208390583,0,-1
c,active_quadratic,affine,4.5,100,1.0,8057470,730,-0.8385506060043187,0.9892476632873837,3457.3653200962904,1,312
c,active_quadratic,affine,4.5,100,1.0,8057470,731,0.9211587187060879,0.9999540171325595,3485.5149433150023,0,-1
c,active_quadratic,affine,4.5,100,1.0,8057470,732,0.9793047648598111,0.9751342966367263,3458.8140697573963,0,-1
c,active_quadratic,affine,4.5,100,1.0,8057470,733,0.8477924520017046,0.9999940690233742,3405.432672509764,0,-1
c,active_quadratic,affine,4.5,100,1.0,8057470,734,0.9788386611975856,0.9999967519879824,3479.675271814171,0,-1
c,active_quadratic,affine,4.5,100,1.0,8057470,735,0.999999,0.999999,3456.2215832203187,0,-1
c,active_quadratic,affine,4.5,100,1.0,8057470,736,0.9760366932472235,0.9997455120340152,3457.4150969567163,0,-1
c,active_quadratic,affine,4.5,100,1.0,8057470,737,0.999999,0.999999,3446.5735123199297,0,-1
c,active_quadratic,affine,4.5,100,1.0,8057470,738,0.997874114535787,0.9002334268408734,3466.1463391655925,0,-1
c,active_quadratic,affine,4.5,100,1.0,8057470,739,0.7676423770733298,0.999999,3462.266396129603,0,-1
c,active_quadratic,affine,4.5,100,1.0,8057470,740,0.996502779196725,0.999999,3448.23323186981,0,-1
c,active_quadratic,affine,4.5,100,1.0,8057470,741,0.999999,0.9996791217534733,3449.4793711325865,0,-1
c,active_quadratic,affine,4.5,100,1.0,8057470,742,0.9997681673713558,0.9928717994226783,3434.796437271111,0,-1
c,active_quadratic,affine,4.5,100,1.0,8057470,743,0.9482568524629177,0.9999380014398691,3463.52501871942,0,-1
c,active_quadratic,affine,4.5,100,1.0,8057470,744,0.9955217444166848,0.9999604016953154,3471.1687344943152,0,-1
c,active_quadratic,affine,4.5,100,1.0,8057470,745,0.9984431662405111,0.999917410434298,3468.365910712118,0,-1
c,active_quadratic,affine,4.5,100,1.0,8057470,746,0.999999,0.999999,3457.592524563326,0,-1
c,active_quadratic,affine,4.5,100,1.0,8057470,747,0.9990418663513748,0.9874071096067043,3425.617241706535,0,-1
c,active_quadratic,affine,4.5,100,1.0,8057470,748,-0.98410846917969,0.9999313460591495,3444.152925793743,1,279
c,active_quadratic,affine,4.5,100,1.0,8057470,749,0.999999,0.9999319330861733,3469.9764754411126,0,-1
c,active_quadratic,affine,4.5,100,1.0,8057470,750,0.999999,0.999999,3445.035268051844,0,-1
c,active_quadratic,affine,4.5,100,1.0,8057470,751,0.9999702182859836,0.9998173111241115,3471.562252863688,0,-1
c,active_quadratic,affine,4.5,100,1.0,8057470,752,0.999999,0.999999,3473.9512924609508,0,-1
c,active_quadratic,affine,4.5,100,1.0,8057470,753,0.999999,0.999999,3477.537538943949,0,-1
c,active_quadratic,affine,4.5,100,1.0,8057470,754,0.999999,0.999999,3462.575685902157,0,-1
c,active_quadratic,affine,4.5,100,1.0,8057470,755,0.930563345756876,0.9449309261362019,3468.6023303244674,0,-1
c,active_quadratic,affine,4.5,100,1.0,8057470,756,0.9996484308476536,0.9999862456025245,3464.228893070023,0,-1
c,active_quadratic,affine,4.5,100,1.0,8057470,757,0.999999,0.999999,3405.751570973845,0,-1
c,active_quadratic,affine,4.5,100,1.0,8057470,758,0.9986631417464487,0.7849197693568465,3437.335302710794,0,-1
c,active_quadratic,affine,4.5,100,1.0,8057470,759,-0.999999,0.9829961824804077,3436.035501107457,1,304
c,active_quadratic,affine,4.5,100,1.0,8057470,760,0.982534275218494,0.999999,3468.6134377662006,0,-1
c,active_quadratic,affine,4.5,100,1.0,8057470,761,0.999999,0.9986685653882826,3483.0348560095204,0,-1
c,active_quadratic,affine,4.5,100,1.0,8057470,762,0.999999,0.999981283002452,3478.2085056865767,0,-1
c,active_quadratic,affine,4.5,100,1.0,8057470,763,0.9922721921347025,0.999999,3446.953808053858,0,-1
c,active_quadratic,affine,4.5,100,1.0,8057470,764,-0.999999,0.999999,3444.7368021046354,1,311
c,active_quadratic,affine,4.5,100,1.0,8057470,765,0.999999,0.9997201977950945,3466.8883918569,0,-1
c,active_quadratic,affine,4.5,100,1.0,8057470,766,0.999999,0.999999,3454.6310714017127,0,-1
c,active_quadratic,affine,4.5,100,1.0,8057470,767,0.9997148483881786,0.999999,3452.5777154957964,0,-1
c,active_quadratic,affine,4.5,100,1.0,8057470,768,0.999777357963664,0.999999,3467.4448356343005,0,-1
c,active_quadratic,affine,4.5,100,1.0,8057470,769,0.9990479269587835,0.999999,3431.0938672397074,1,292
c,active_quadratic,affine,4.5,100,1.0,8057470,770,0.999999,0.8978937146520356,3469.033541823036,0,-1
c,active_quadratic,affine,4.5,100,1.0,8057470,771,-0.999999,0.999999,3423.6002804724235,1,273
c,active_quadratic,affine,4.5,100,1.0,8057470,772,0.9999824379832729,0.9680779969233189,3452.9499389270995,0,-1
c,active_quadratic,affine,4.5,100,1.0,8057470,773,0.9998240817051591,0.9721527863584423,3461.909022007267,0,-1
c,active_quadratic,affine,4.5,100,1.0,8057470,774,0.999999,0.9999886648251303,3477.655006718618,0,-1
c,active_quadratic,affine,4.5,100,1.0,8057470,775,0.999999,0.9903718292476985,3437.469341630724,0,-1
c,active_quadratic,affine,4.5,100,1.0,8057470,776,0.9099494969738782,0.999999,3483.4558086702145,0,-1
c,active_quadratic,affine,4.5,100,1.0,8057470,777,-0.9869393370878736,0.9992595203768024,3454.50698411522,1,285
c,active_quadratic,affine,4.5,100,1.0,8057470,778,0.9930721861120415,0.9999254139934585,3472.2146255603366,0,-1
c,active_quadratic,affine,4.5,100,1.0,8057470,779,0.999999,0.999999,3446.202170454892,0,-1
c,active_quadratic,affine,4.5,100,1.0,8057470,780,0.999999,0.9999083128468483,3449.779135137002,0,-1
c,active_quadratic,affine,4.5,100,1.0,8057470,781,0.997972252486035,0.999999,3470.9432321047657,0,-1
c,active_quadratic,affine,4.5,100,1.0,8057470,782,0.999999,0.999999,3459.519591503662,0,-1
c,active_quadratic,affine,4.5,100,1.0,8057470,783,0.9997400437076102,0.999999,3469.9759418168396,0,-1
c,active_quadratic,affine,4.5,100,1.0,8057470,784,0.6799536270364984,0.9961935173064548,3463.233415075363,0,-1
c,active_quadratic,affine,4.5,100,1.0,8057470,785,0.999999,0.999999,3444.815954982104,0,-1
c,active_quadratic,affine,4.5,100,1.0,8057470,786,0.9763545165053436,0.999999,3481.374224499528,0,-1
c,active_quadratic,affine,4.5,100,1.0,8057470,787,0.9999917075130379,0.9720396227131386,3460.3473706151863,0,-1
c,active_quadratic,affine,4.5,100,1.0,8057470,788,0.999999,0.999999,3479.6170167789783,0,-1
c,active_quadratic,affine,4.5,100,1.0,8057470,789,0.999999,0.999999,3465.6663880141,0,-1
c,active_quadratic,affine,4.5,100,1.0,8057470,790,0.999999,0.9999188421663957,3460.293358318818,0,-1
c,active_quadratic,affine,4.5,100,1.0,8057470,791,0.999999,0.9982449760215028,3463.9534877104393,0,-1
c,active_quadratic,affine,4.5,100,1.0,8057470,792,0.9997862715953614,0.9999664004816106,3444.2596746241697,0,-1
c,active_quadratic,affine,4.5,100,1.0,8057470,793,-0.9447548280951684,0.7813740522788774,3215.000246679454,1,298
c,active_quadratic,affine,4.5,100,1.0,8057470,794,0.9755956886731042,0.999999,3474.4618738572112,0,-1
c,active_quadratic,affine,4.5,100,1.0,8057470,795,0.9999259232752822,0.999999,3468.076102372127,0,-1
c,active_quadratic,affine,4.5,100,1.0,8057470,796,0.995615967886445,0.9944597849639137,3478.1021453393814,0,-1
c,active_quadratic,affine,4.5,100,1.0,8057470,797,0.9959832997943499,0.999999,3481.3004803831727,0,-1
c,active_quadratic,affine,4.5,100,1.0,8057470,798,0.999999,0.999817003950254,3466.6704640970083,0,-1
c,active_quadratic,affine,4.5,100,1.0,8057470,799,0.9728969047746345,0.9999052915823218,3471.5578406043305,0,-1
c,active_quadratic,affine,4.5,100,1.0,8057470,800,0.84140098631214,0.8591328795331871,3450.7848528247077,0,-1
c,active_quadratic,affine,4.5,100,1.0,8057470,801,0.999999,0.999999,3477.0082391833503,0,-1
c,active_quadratic,affine,4.5,100,1.0,8057470,802,0.999999,0.9996540465061596,3465.456781406263,0,-1
c,active_quadratic,affine,4.5,100,1.0,8057470,803,0.9960331064739109,0.9910572025862906,3442.1061603695916,0,-1
c,active_quadratic,affine,4.5,100,1.0,8057470,804,0.9999859060302405,0.9999337505781924,3476.2120295378163,0,-1
c,active_quadratic,affine,4.5,100,1.0,8057470,805,0.999999,0.996730466866238,3463.8556023790875,0,-1
c,active_quadratic,affine,4.5,100,1.0,8057470,806,0.999999,0.9984753322721157,3406.1232745744383,0,-1
c,active_quadratic,affine,4.5,100,1.0,8057470,807,0.999999,0.999999,3459.48681880281,0,-1
c,active_quadratic,affine,4.5,100,1.0,8057470,808,0.9999258359226793,0.999999,3478.4048127216915,0,-1
c,active_quadratic,affine,4.5,100,1.0,8057470,809,0.999999,0.999999,3441.9204065157414,0,-1
c,active_quadratic,affine,4.5,100,1.0,8057470,810,-0.9420369717951772,0.9999240369465052,3430.280091495358,1,330
c,active_quadratic,affine,4.5,100,1.0,8057470,811,0.999999,0.999999,3464.5396570375547,0,-1
c,active_quadratic,affine,4.5,100,1.0,8057470,812,0.7556412968483173,0.999999,3448.5282176440596,0,-1
c,active_quadratic,affine,4.5,100,1.0,8057470,813,0.8892878770884929,0.990427866927339,3436.920872195753,0,-1
c,active_quadratic,affine,4.5,100,1.0,8057470,814,0.999999,0.999999,3477.0917558141655,0,-1
c,active_quadratic,affine,4.5,100,1.0,8057470,815,0.999999,0.999999,3447.3794612599563,0,-1
c,active_quadratic,affine,4.5,100,1.0,8057470,816,0.9999351764709157,0.9952568548096206,3454.2108532105303,0,-1
c,active_quadratic,affine,4.5,100,1.0,8057470,817,0.9871066686362594,0.9878346531292365,3468.3431555883376,0,-1
c,active_quadratic,affine,4.5,100,1.0,8057470,818,0.999999,0.9226848210000125,3452.1131330175413,0,-1
c,active_quadratic,affine,4.5,100,1.0,8057470,819,0.9802953924103398,0.9998573862386424,3457.4058946375603,0,-1
c,active_quadratic,affine,4.5,100,1.0,8057470,820,0.999731233387508,0.999999,3473.180435677922,0,-1
c,active_quadratic,affine,4.5,100,1.0,8057470,821,0.999999,0.999999,3469.6378418790573,0,-1
c,active_quadratic,affine,4.5,100,1.0,8057470,822,0.9999152535129722,0.9910084153509904,3427.243013107908,0,-1
c,active_quadratic,affine,4.5,100,1.0,8057470,823,0.9970772961497311,0.9991484585024448,3431.003555121713,0,-1
c,active_quadratic,affine,4.5,100,1.0,8057470,824,0.9037915648713637,0.9998792509913952,3458.3953245645653,0,-1
c,active_quadratic,affine,4.5,100,1.0,8057470,825,0.9959604212805933,0.9999889604960788,3471.167327730372,0,-1
c,active_quadratic,affine,4.5,100,1.0,8057470,826,0.9818139978748344,0.999999,3456.165344732018,0,-1
c,active_quadratic,affine,4.5,100,1.0,8057470,827,0.9959377326858591,0.9999246693147921,3468.6128117257763,0,-1
c,active_quadratic,affine,4.5,100,1.0,8057470,828,-0.901426644514385,0.9692212901764445,3349.56221363442,1,296
c,active_quadratic,affine,4.5,100,1.0,8057470,829,0.999999,0.9999716742757508,3478.945986195722,0,-1
c,active_quadratic,affine,4.5,100,1.0,8057470,830,0.9999979184672013,0.999999,3456.7884443239172,0,-1
c,active_quadratic,affine,4.5,100,1.0,8057470,831,0.999999,0.999999,3456.930999834905,0,-1
c,active_quadratic,affine,4.5,100,1.0,8057470,832,0.9392199166058899,0.9538204801101261,3452.822310164337,0,-1
c,active_quadratic,affine,4.5,100,1.0,8057470,833,0.999999,0.9778380623360399,3484.0106097949288,0,-1
c,active_quadratic,affine,4.5,100,1.0,8057470,834,0.999999,0.9982219835547085,3433.8993382528715,0,-1
c,active_quadratic,affine,4.5,100,1.0,8057470,835,0.999999,0.999999,3432.670043766275,0,-1
c,active_quadratic,affine,4.5,100,1.0,8057470,836,0.999999,0.9990280537193199,3469.3365529468465,0,-1
c,active_quadratic,affine,4.5,100,1.0,8057470,837,0.999999,0.7488853017865533,3465.637872261132,1,284
c,active_quadratic,affine,4.5,100,1.0,8057470,838,0.999948043656135,0.999999,3462.743125984738,0,-1
c,active_quadratic,affine,4.5,100,1.0,8057470,839,0.9992289283138512,0.9990404813637123,3430.6779400695646,0,-1
c,active_quadratic,affine,4.5,100,1.0,8057470,840,0.999999,0.972424559519586,3454.7312787888945,0,-1
c,active_quadratic,affine,4.5,100,1.0,8057470,841,0.9999754296040813,0.985259645661749,3439.1508903645745,0,-1
c,active_quadratic,affine,4.5,100,1.0,8057470,842,0.999899952724599,0.9869059988404555,3434.481643427633,0,-1
c,active_quadratic,affine,4.5,100,1.0,8057470,843,0.9906413423584868,0.999999,3469.925575643959,0,-1
c,active_quadratic,affine,4.5,100,1.0,8057470,844,0.999999,0.9999183372601352,3465.0024267347585,0,-1
c,active_quadratic,affine,4.5,100,1.0,8057470,845,0.999999,0.999999,3453.0491655483597,0,-1
c,active_quadratic,affine,4.5,100,1.0,8057470,846,0.9997052441555225,0.999999,3444.756758971091,0,-1
c,active_quadratic,affine,4.5,100,1.0,8057470,847,0.999999,0.9905738996918685,3465.345104230326,0,-1
c,active_quadratic,affine,4.5,100,1.0,8057470,848,0.9999228523086751,0.9999181698361207,3482.8398188714623,0,-1
c,active_quadratic,affine,4.5,100,1.0,8057470,849,0.999999,0.999948851819,3462.4342596478086,0,-1
c,active_quadratic,affine,4.5,100,1.0,8057470,850,0.999999,0.9960367849173781,3474.2068568479845,0,-1
c,active_quadratic,affine,4.5,100,1.0,8057470,851,-0.9297159902349815,0.9996969657113813,3476.658836630973,1,344
c,active_quadratic,affine,4.5,100,1.0,8057470,852,0.9999775419159017,0.999999,3476.0632261056976,0,-1
c,active_quadratic,affine,4.5,100,1.0,8057470,853,0.9960466109067296,0.9998431232391957,3474.677954945618,0,-1
c,active_quadratic,affine,4.5,100,1.0,8057470,854,-0.9969404776362942,0.9579378141825405,3470.604019222327,1,292
c,active_quadratic,affine,4.5,100,1.0,8057470,855,0.999999,0.9999324168857343,3476.069691881746,0,-1
c,active_quadratic,affine,4.5,100,1.0,8057470,856,0.999999,0.999999,3425.278650036095,0,-1
c,active_quadratic,affine,4.5,100,1.0,8057470,857,0.9979471198645499,0.999999,3475.770323709856,0,-1
c,active_quadratic,affine,4.5,100,1.0,8057470,858,0.999999,0.9998116326609191,3443.922409929604,0,-1
c,active_quadratic,affine,4.5,100,1.0,8057470,859,0.999999,0.999999,3459.039095488298,0,-1
c,active_quadratic,affine,4.5,100,1.0,8057470,860,0.999999,0.9998510292447376,3480.0411559245426,0,-1
c,active_quadratic,affine,4.5,100,1.0,8057470,861,0.999999,0.9998480065810897,3471.936859274861,0,-1
c,active_quadratic,affine,4.5,100,1.0,8057470,862,0.9999711035452236,0.9997098537733914,3405.958300398375,0,-1
c,active_quadratic,affine,4.5,100,1.0,8057470,863,0.999999,0.999999,3450.4027846236895,0,-1
c,active_quadratic,affine,4.5,100,1.0,8057470,864,0.999563330109378,0.9999405089399599,3476.3825771013767,0,-1
c,active_quadratic,affine,4.5,100,1.0,8057470,865,0.9999535809673334,0.9995069889815665,3441.924542232471,0,-1
c,active_quadratic,affine,4.5,100,1.0,8057470,866,0.999999,0.999999,3479.618975116491,0,-1
c,active_quadratic,affine,4.5,100,1.0,8057470,867,0.9952843073209923,0.999999,3485.20122983757,0,-1
c,active_quadratic,affine,4.5,100,1.0,8057470,868,0.9966517964659677,0.999999,3458.343640740646,0,-1
c,active_quadratic,affine,4.5,100,1.0,8057470,869,0.999999,0.999999,3464.573525006609,0,-1
c,active_quadratic,affine,4.5,100,1.0,8057470,870,0.999999,0.9686596856542619,3472.897134180515,0,-1
c,active_quadratic,affine,4.5,100,1.0,8057470,871,0.999999,0.999999,3451.5182423934557,0,-1
c,active_quadratic,affine,4.5,100,1.0,8057470,872,0.999999,0.9543839185161526,3454.138200871443,0,-1
c,active_quadratic,affine,4.5,100,1.0,8057470,873,0.999999,0.9117916115699195,3390.682833947699,0,-1
c,active_quadratic,affine,4.5,100,1.0,8057470,874,0.9999825505642634,0.9999042225420246,3482.7656530438976,0,-1
c,active_quadratic,affine,4.5,100,1.0,8057470,875,-0.9517872256496085,0.999999,3475.4151029731775,1,279
c,active_quadratic,affine,4.5,100,1.0,8057470,876,0.999999,0.9998494086949221,3461.0386862612227,1,280
c,active_quadratic,affine,4.5,100,1.0,8057470,877,0.999999,0.9979598346120062,3463.819803755123,0,-1
c,active_quadratic,affine,4.5,100,1.0,8057470,878,0.9257263847755118,0.9997090030801841,3480.5429711967918,0,-1
c,active_quadratic,affine,4.5,100,1.0,8057470,879,0.999999,0.9996973404294391,3446.8419007772873,0,-1
c,active_quadratic,affine,4.5,100,1.0,8057470,880,0.999906057675148,0.9996463825083174,3460.4343395466653,0,-1
c,active_quadratic,affine,4.5,100,1.0,8057470,881,-0.999999,0.9997815914417256,3479.987697156053,1,285
c,active_quadratic,affine,4.5,100,1.0,8057470,882,-0.999999,0.999999,3452.2044462753524,1,292
c,active_quadratic,affine,4.5,100,1.0,8057470,883,0.999999,0.999999,3464.8062022841623,0,-1
c,active_quadratic,affine,4.5,100,1.0,8057470,884,0.999999,0.9356656790335602,3456.582917784982,1,282
c,active_quadratic,affine,4.5,100,1.0,8057470,885,0.9996587008049488,0.999952280704487,3471.715637766733,0,-1
c,active_quadratic,affine,4.5,100,1.0,8057470,886,0.9999212661115148,0.999999,3461.5020291691962,0,-1
c,active_quadratic,affine,4.5,100,1.0,8057470,887,0.999994660700621,0.9947206561038361,3472.7122486348017,0,-1
c,active_quadratic,affine,4.5,100,1.0,8057470,888,0.999999,0.9999891350319662,3490.5633033739823,0,-1
c,active_quadratic,affine,4.5,100,1.0,8057470,889,0.9975419192002244,0.999999,3478.7590395160464,0,-1
c,active_quadratic,affine,4.5,100,1.0,8057470,890,0.9999489586469987,0.8705618947356364,3475.258712470487,0,-1
c,active_quadratic,affine,4.5,100,1.0,8057470,891,0.9848229883461265,0.902816997518561,3467.806950593895,0,-1
c,active_quadratic,affine,4.5,100,1.0,8057470,892,0.999999,0.9996822158446191,3461.477134118936,1,296
c,active_quadratic,affine,4.5,100,1.0,8057470,893,0.9981454521377254,0.999999,3440.661389532164,0,-1
c,active_quadratic,affine,4.5,100,1.0,8057470,894,-0.999999,0.9976824143821874,3457.1518536979274,1,334
c,active_quadratic,affine,4.5,100,1.0,8057470,895,0.9833148598890871,0.9990567800704295,3480.2183585792213,0,-1
c,active_quadratic,affine,4.5,100,1.0,8057470,896,0.999999,0.9996160330730116,3458.4116218747627,0,-1
c,active_quadratic,affine,4.5,100,1.0,8057470,897,0.999999,0.999999,3454.7143397244913,0,-1
c,active_quadratic,affine,4.5,100,1.0,8057470,898,0.9691005157071728,0.9998931570875452,3473.3048976060813,0,-1
c,active_quadratic,affine,4.5,100,1.0,8057470,899,0.9986763786459063,0.999883412246341,3437.5309843804066,0,-1
c,active_quadratic,affine,4.5,100,1.0,8057470,900,0.999999,0.999999,3418.066593563776,0,-1
c,active_quadratic,affine,4.5,100,1.0,8057470,901,0.999999,0.9999437253570942,3477.274988758196,0,-1
c,active_quadratic,affine,4.5,100,1.0,8057470,902,-0.999999,0.9962672316790068,3435.769208784131,1,290
c,active_quadratic,affine,4.5,100,1.0,8057470,903,0.9982179475614738,0.999884178928567,3457.7748341569277,0,-1
c,active_quadratic,affine,4.5,100,1.0,8057470,904,0.9778036351194203,0.999999,3471.0150169235103,0,-1
c,active_quadratic,affine,4.5,100,1.0,8057470,905,0.999999,0.9626893320008885,3477.3832516526927,0,-1
c,active_quadratic,affine,4.5,100,1.0,8057470,906,0.9399312157374793,0.9965647214771404,3434.992086318247,0,-1
c,active_quadratic,affine,4.5,100,1.0,8057470,907,0.999999,0.9997708160008176,3467.6431411650456,0,-1
c,active_quadratic,affine,4.5,100,1.0,8057470,908,0.9506183755612916,0.9965868571417258,3464.2189224858184,0,-1
c,active_quadratic,affine,4.5,100,1.0,8057470,909,0.999999,0.9755699849885732,3442.853431068823,0,-1
c,active_quadratic,affine,4.5,100,1.0,8057470,910,0.9997864565771332,0.999825620106803,3475.9348676733093,0,-1
c,active_quadratic,affine,4.5,100,1.0,8057470,911,0.9974909466307672,0.9940303532719186,3477.3244681688752,0,-1
c,active_quadratic,affine,4.5,100,1.0,8057470,912,0.9996993538033858,0.999999,3471.9127094831283,0,-1
c,active_quadratic,affine,4.5,100,1.0,8057470,913,0.9957055348456201,0.9991210851976783,3447.386876434816,0,-1
c,active_quadratic,affine,4.5,100,1.0,8057470,914,0.9998949419196452,0.9998256712105563,3429.0228588103814,0,-1
c,active_quadratic,affine,4.5,100,1.0,8057470,915,0.998372247471995,0.9985382861720602,3439.410117211582,0,-1
c,active_quadratic,affine,4.5,100,1.0,8057470,916,-0.9400600370492503,0.9812075936613596,3478.3458147697156,1,346
c,active_quadratic,affine,4.5,100,1.0,8057470,917,0.999999,0.9998141567132586,3478.328095698015,0,-1
c,active_quadratic,affine,4.5,100,1.0,8057470,918,0.999999,0.999999,3437.4731810592984,0,-1
c,active_quadratic,affine,4.5,100,1.0,8057470,919,0.9963021080211678,0.9998945085313469,3427.1649656973505,0,-1
c,active_quadratic,affine,4.5,100,1.0,8057470,920,-0.9384080629446552,0.9956735564293113,3464.3363034661697,1,291
c,active_quadratic,affine,4.5,100,1.0,8057470,921,0.9998855774049484,0.999999,3455.804363033765,0,-1
c,active_quadratic,affine,4.5,100,1.0,8057470,922,0.999999,0.9972654466230534,3484.729423261034,0,-1
c,active_quadratic,affine,4.5,100,1.0,8057470,923,0.9967678069619217,0.9936804825869961,3446.5166874835454,0,-1
c,active_quadratic,affine,4.5,100,1.0,8057470,924,0.9997326574292134,0.999999,3434.6950031877127,0,-1
c,active_quadratic,affine,4.5,100,1.0,8057470,925,0.999999,0.9374620472325781,3450.2378730668265,0,-1
c,active_quadratic,affine,4.5,100,1.0,8057470,926,0.999999,0.999999,3475.7760099829256,0,-1
c,active_quadratic,affine,4.5,100,1.0,8057470,927,0.9963661494252894,0.999999,3418.3934692622793,0,-1
c,active_quadratic,affine,4.5,100,1.0,8057470,928,0.999999,0.999999,3476.074030476208,0,-1
c,active_quadratic,affine,4.5,100,1.0,8057470,929,0.9025726476387566,0.8730475683333578,3473.4684560461674,0,-1
c,active_quadratic,affine,4.5,100,1.0,8057470,930,0.9998986024197757,0.9994092373073263,3434.700143357787,0,-1
c,active_quadratic,affine,4.5,100,1.0,8057470,931,0.9978232056544053,0.9870148742047832,3451.7213777905904,0,-1
c,active_quadratic,affine,4.5,100,1.0,8057470,932,0.9997216700936297,0.999999,3473.896637061613,0,-1
c,active_quadratic,affine,4.5,100,1.0,8057470,933,0.999999,0.9999858441058602,3479.071584394036,0,-1
c,active_quadratic,affine,4.5,100,1.0,8057470,934,0.9947987210228589,0.9938228953287959,3449.8067722341966,0,-1
c,active_quadratic,affine,4.5,100,1.0,8057470,935,0.9993143581397618,0.8210522037073744,3471.285115370073,0,-1
c,active_quadratic,affine,4.5,100,1.0,8057470,936,0.999999,0.9831960263709147,3431.1340613702664,0,-1
c,active_quadratic,affine,4.5,100,1.0,8057470,937,0.9895271512420004,0.999999,3426.746998517681,0,-1
c,active_quadratic,affine,4.5,100,1.0,8057470,938,0.999999,0.9997025477537684,3483.209177355409,0,-1
c,active_quadratic,affine,4.5,100,1.0,8057470,939,0.9120741830628809,0.9971775737946155,3476.9206589912014,0,-1
c,active_quadratic,affine,4.5,100,1.0,8057470,940,0.9818992429433103,0.9999752070004734,3472.2853219506137,0,-1
c,active_quadratic,affine,4.5,100,1.0,8057470,941,0.999999,0.999999,3484.658041210565,0,-1
c,active_quadratic,affine,4.5,100,1.0,8057470,942,0.999999,0.9998817150353483,3458.892615786917,0,-1
c,active_quadratic,affine,4.5,100,1.0,8057470,943,0.999999,0.9857952777294618,3466.534829216634,0,-1
c,active_quadratic,affine,4.5,100,1.0,8057470,944,0.999999,0.9358998450968652,3317.3693004903753,0,-1
c,active_quadratic,affine,4.5,100,1.0,8057470,945,0.999999,0.9918346903528763,3469.802353015747,0,-1
c,active_quadratic,affine,4.5,100,1.0,8057470,946,-0.9431867303268325,0.9830014178911405,3476.2868405454487,1,287
c,active_quadratic,affine,4.5,100,1.0,8057470,947,-0.9985772264178712,0.9997063485240913,3449.4146979513935,1,296
c,active_quadratic,affine,4.5,100,1.0,8057470,948,0.999999,0.999999,3393.044097062121,0,-1
c,active_quadratic,affine,4.5,100,1.0,8057470,949,0.9999936602438947,0.9884448323913874,3482.989030973911,0,-1
c,active_quadratic,affine,4.5,100,1.0,8057470,950,0.999999,0.9972813314337073,3475.395233201347,0,-1
c,active_quadratic,affine,4.5,100,1.0,8057470,951,0.9990722450022812,0.999999,3479.0646077326805,0,-1
c,active_quadratic,affine,4.5,100,1.0,8057470,952,0.9028418339801794,0.9638949382069508,3465.5551450176854,0,-1
c,active_quadratic,affine,4.5,100,1.0,8057470,953,-0.999999,0.9981534349523022,3476.964732900124,1,340
c,active_quadratic,affine,4.5,100,1.0,8057470,954,-0.999999,0.9992024351602401,3468.4964246048476,1,282
c,active_quadratic,affine,4.5,100,1.0,8057470,955,0.8323157776790112,0.9493742755840637,3473.6448990277336,0,-1
c,active_quadratic,affine,4.5,100,1.0,8057470,956,0.9974890696898869,0.9245500777953554,3469.081576990362,0,-1
c,active_quadratic,affine,4.5,100,1.0,8057470,957,0.999999,0.9809177158753261,3474.35883099505,0,-1
c,active_quadratic,affine,4.5,100,1.0,8057470,958,-0.5139801499611023,0.99954023047018,3470.40042249144,1,287
c,active_quadratic,affine,4.5,100,1.0,8057470,959,0.04195006879493485,0.9997518123172559,3481.0126935873413,0,-1
c,active_quadratic,affine,4.5,100,1.0,8057470,960,0.999999,0.999999,3481.0685424314383,0,-1
c,active_quadratic,affine,4.5,100,1.0,8057470,961,0.9944706441553129,0.9798646711474422,3458.172486243458,0,-1
c,active_quadratic,affine,4.5,100,1.0,8057470,962,0.999999,0.9959860939107604,3449.0959806536293,0,-1
c,active_quadratic,affine,4.5,100,1.0,8057470,963,-0.9988568670479784,0.999999,3417.5653567918675,1,278
c,active_quadratic,affine,4.5,100,1.0,8057470,964,-0.9751867805567515,0.9712049757633462,3443.1240224110784,1,293
c,active_quadratic,affine,4.5,100,1.0,8057470,965,0.9999320248348392,0.999999,3468.386704511543,0,-1
c,active_quadratic,affine,4.5,100,1.0,8057470,966,0.9975943614017667,0.9266455087912551,3474.704484099206,0,-1
c,active_quadratic,affine,4.5,100,1.0,8057470,967,0.992451716277553,0.9968353267656068,3467.840575556614,0,-1
c,active_quadratic,affine,4.5,100,1.0,8057470,968,0.99965392451307,0.9999442278557362,3435.5093485738084,0,-1
c,active_quadratic,affine,4.5,100,1.0,8057470,969,0.9940901004062791,0.999999,3448.8227172269744,0,-1
c,active_quadratic,affine,4.5,100,1.0,8057470,970,0.9968338674674174,0.9973844351928576,3475.0877801117,0,-1
c,active_quadratic,affine,4.5,100,1.0,8057470,971,0.9998084648073012,0.999999,3439.8478486040435,0,-1
c,active_quadratic,affine,4.5,100,1.0,8057470,972,0.9999803044304804,0.9987659482902964,3461.7609011311115,0,-1
c,active_quadratic,affine,4.5,100,1.0,8057470,973,0.999999,0.9997594638354685,3464.351680294872,0,-1
c,active_quadratic,affine,4.5,100,1.0,8057470,974,-0.9989810250470758,0.9963375418974421,3464.112799918187,1,289
c,active_quadratic,affine,4.5,100,1.0,8057470,975,0.999999,0.999999,3476.806719691487,0,-1
c,active_quadratic,affine,4.5,100,1.0,8057470,976,0.999999,0.9999084870860321,3458.077769916083,0,-1
c,active_quadratic,affine,4.5,100,1.0,8057470,977,0.999999,0.999999,3445.3740283842767,0,-1
c,active_quadratic,affine,4.5,100,1.0,8057470,978,0.999999,0.999999,3479.522131689902,0,-1
c,active_quadratic,affine,4.5,100,1.0,8057470,979,0.999999,0.999999,3477.4324863203983,0,-1
c,active_quadratic,affine,4.5,100,1.0,8057470,980,0.9990018678673458,0.9999517087383256,3474.0140346061007,0,-1
c,active_quadratic,affine,4.5,100,1.0,8057470,981,0.9990366038448535,0.999999,3475.4867131080437,0,-1
c,active_quadratic,affine,4.5,100,1.0,8057470,982,0.9999579050745026,0.8360089847844834,3455.113940456058,0,-1
c,active_quadratic,affine,4.5,100,1.0,8057470,983,0.999999,0.9999440490937193,3474.7465651047146,0,-1
c,active_quadratic,affine,4.5,100,1.0,8057470,984,0.9999285015445093,0.9998326347326612,3462.654740403128,0,-1
c,active_quadratic,affine,4.5,100,1.0,8057470,985,0.9998787929051399,0.999999,3473.965854794257,0,-1
c,active_quadratic,affine,4.5,100,1.0,8057470,986,0.9972379452356955,0.999999,3455.6833207422264,0,-1
c,active_quadratic,affine,4.5,100,1.0,8057470,987,0.964465930452115,0.9999126455566166,3454.9403283210445,0,-1
c,active_quadratic,affine,4.5,100,1.0,8057470,988,0.999999,0.590271415410175,3406.0521099749203,0,-1
c,active_quadratic,affine,4.5,100,1.0,8057470,989,0.9999438639323193,0.9994201251020732,3477.44280384895,0,-1
c,active_quadratic,affine,4.5,100,1.0,8057470,990,-0.999999,0.9990908993741954,3471.9906376708623,1,319
c,active_quadratic,affine,4.5,100,1.0,8057470,991,0.999511063512825,0.9999206432830359,3445.7283769866117,0,-1
c,active_quadratic,affine,4.5,100,1.0,8057470,992,0.999999,0.999999,3468.020648324318,0,-1
c,active_quadratic,affine,4.5,100,1.0,8057470,993,0.999999,0.9999683909868126,3474.1454908104492,0,-1
c,active_quadratic,affine,4.5,100,1.0,8057470,994,0.8587906861778675,0.9996140472246383,3452.008624983368,0,-1
c,active_quadratic,affine,4.5,100,1.0,8057470,995,0.9998387549920534,0.9998178569033033,3462.915083700594,0,-1
c,active_quadratic,affine,4.5,100,1.0,8057470,996,0.9999825933114447,0.9981454504958357,3472.6388500924886,0,-1
c,active_quadratic,affine,4.5,100,1.0,8057470,997,0.9913039995480382,0.9939304751820948,3462.454494636783,0,-1
c,active_quadratic,affine,4.5,100,1.0,8057470,998,0.868586007629541,0.9998679756082677,3442.5653512762897,0,-1
c,active_quadratic,affine,4.5,100,1.0,8057470,999,0.999999,0.999999,3469.5831174962586,0,-1
c,active_quadratic,affine,5.0,100,1.0,9057473,0,0.999999,0.9998697164241632,3486.9334609653765,0,-1
c,active_quadratic,affine,5.0,100,1.0,9057473,1,-0.999999,0.999999,3470.774203938444,1,300
c,active_quadratic,affine,5.0,100,1.0,9057473,2,0.999999,0.999999,3461.771427243974,0,-1
c,active_quadratic,affine,5.0,100,1.0,9057473,3,0.6224303432759303,0.999999,3465.9799306515038,0,-1
c,active_quadratic,affine,5.0,100,1.0,9057473,4,-0.9941984485434605,0.9958932467991654,3411.370113438816,1,405
c,active_quadratic,affine,5.0,100,1.0,9057473,5,-0.9968266927894809,0.999999,3477.290754851966,1,280
c,active_quadratic,affine,5.0,100,1.0,9057473,6,0.999999,0.999999,3470.809899147186,0,-1
c,active_quadratic,affine,5.0,100,1.0,9057473,7,0.9996859178544704,0.9976409893650432,3459.729318288645,0,-1
c,active_quadratic,affine,5.0,100,1.0,9057473,8,0.9999889725149024,0.9384600964419927,3464.213972558836,0,-1
c,active_quadratic,affine,5.0,100,1.0,9057473,9,0.999992137513368,0.999999,3465.0307396250687,0,-1
c,active_quadratic,affine,5.0,100,1.0,9057473,10,0.999999,0.999999,3452.2174422440125,0,-1
c,active_quadratic,affine,5.0,100,1.0,9057473,11,0.999999,0.9999201279654781,3474.143105886896,0,-1
c,active_quadratic,affine,5.0,100,1.0,9057473,12,0.9624054953180257,0.985215971914334,3475.892372869015,0,-1
c,active_quadratic,affine,5.0,100,1.0,9057473,13,0.9988442909375117,0.999999,3473.764692939124,0,-1
c,active_quadratic,affine,5.0,100,1.0,9057473,14,0.9285971037580987,0.9967030307595606,3462.2325461765813,0,-1
c,active_quadratic,affine,5.0,100,1.0,9057473,15,0.999999,0.999999,3481.3753095819297,0,-1
c,active_quadratic,affine,5.0,100,1.0,9057473,16,0.9999412685162478,0.999999,3462.710493914528,0,-1
c,active_quadratic,affine,5.0,100,1.0,9057473,17,0.999999,0.9854002522237797,3472.56576211102,0,-1
c,active_quadratic,affine,5.0,100,1.0,9057473,18,0.999999,0.9998994585540342,3466.840183264373,0,-1
c,active_quadratic,affine,5.0,100,1.0,9057473,19,0.9641975905336152,0.9893638216341174,3458.605482506272,0,-1
c,active_quadratic,affine,5.0,100,1.0,9057473,20,0.999999,0.999999,3464.347113578365,0,-1
c,active_quadratic,affine,5.0,100,1.0,9057473,21,-0.9872206938465385,0.999999,3484.0356320117567,1,270
c,active_quadratic,affine,5.0,100,1.0,9057473,22,0.999999,0.9608976925862546,3473.27009209068,0,-1
c,active_quadratic,affine,5.0,100,1.0,9057473,23,0.999999,0.9998860921486102,3464.3392314780135,0,-1
c,active_quadratic,affine,5.0,100,1.0,9057473,24,0.999999,0.9998828160296513,3479.409529708534,0,-1
c,active_quadratic,affine,5.0,100,1.0,9057473,25,0.999999,0.999999,3456.817548048565,0,-1
c,active_quadratic,affine,5.0,100,1.0,9057473,26,0.999999,0.999999,3468.3302928854087,0,-1
c,active_quadratic,affine,5.0,100,1.0,9057473,27,0.690703623452541,0.9998887619513966,3469.9279862436592,0,-1
c,active_quadratic,affine,5.0,100,1.0,9057473,28,0.9951347173330964,0.999999,3466.331015265505,0,-1
c,active_quadratic,affine,5.0,100,1.0,9057473,29,0.9999617048603909,0.999999,3469.539603557929,0,-1
c,active_quadratic,affine,5.0,100,1.0,9057473,30,0.5253710453825673,0.999999,3478.9668410696736,0,-1
c,active_quadratic,affine,5.0,100,1.0,9057473,31,0.999999,0.9991608616406569,3469.925220107175,0,-1
c,active_quadratic,affine,5.0,100,1.0,9057473,32,0.9997377689821095,0.8946440485078462,3443.7174097500633,0,-1
c,active_quadratic,affine,5.0,100,1.0,9057473,33,0.999867356025678,0.999999,3432.1958845453805,0,-1
c,active_quadratic,affine,5.0,100,1.0,9057473,34,0.9992849077965631,0.999999,3472.586153120519,0,-1
c,active_quadratic,affine,5.0,100,1.0,9057473,35,0.999999,0.9992227665216309,3471.1056634486986,0,-1
c,active_quadratic,affine,5.0,100,1.0,9057473,36,0.9999834378301862,0.999999,3483.645507905313,0,-1
c,active_quadratic,affine,5.0,100,1.0,9057473,37,-0.9672678740410291,0.999999,3434.0355002726687,1,319
c,active_quadratic,affine,5.0,100,1.0,9057473,38,0.999999,0.999999,3445.5281810751358,0,-1
c,active_quadratic,affine,5.0,100,1.0,9057473,39,0.8347283716749789,0.999999,3449.912658648294,0,-1
c,active_quadratic,affine,5.0,100,1.0,9057473,40,0.999999,0.9998523151955353,3458.60770443697,0,-1
c,active_quadratic,affine,5.0,100,1.0,9057473,41,0.999999,0.8801986797840536,3470.660771274917,0,-1
c,active_quadratic,affine,5.0,100,1.0,9057473,42,0.9999727312074053,0.9967076979840092,3451.858316311888,0,-1
c,active_quadratic,affine,5.0,100,1.0,9057473,43,0.999999,0.999999,3457.2684275461224,0,-1
c,active_quadratic,affine,5.0,100,1.0,9057473,44,0.9972759902204469,0.9999162894274696,3474.220442114099,0,-1
c,active_quadratic,affine,5.0,100,1.0,9057473,45,0.9998606132226909,0.9913269775463484,3453.6200057855376,0,-1
c,active_quadratic,affine,5.0,100,1.0,9057473,46,-0.999999,0.7328794896915564,3449.0261008488924,1,296
c,active_quadratic,affine,5.0,100,1.0,9057473,47,0.8661556070165018,0.999999,3461.818255844116,0,-1
c,active_quadratic,affine,5.0,100,1.0,9057473,48,0.9750867488475572,0.999999,3470.2373878131475,0,-1
c,active_quadratic,affine,5.0,100,1.0,9057473,49,0.999999,0.9992637555347734,3470.2781586048245,0,-1
c,active_quadratic,affine,5.0,100,1.0,9057473,50,-0.9993274847330771,0.9997227915530659,3481.689182202751,1,288
c,active_quadratic,affine,5.0,100,1.0,9057473,51,0.999999,0.9885410202186184,3474.7185888083422,0,-1
c,active_quadratic,affine,5.0,100,1.0,9057473,52,0.9996172766065835,0.999999,3470.343976328962,0,-1
c,active_quadratic,affine,5.0,100,1.0,9057473,53,0.999999,0.9997589353672544,3446.1427464099575,0,-1
c,active_quadratic,affine,5.0,100,1.0,9057473,54,0.9999977802657263,0.999999,3395.0672977131276,0,-1
c,active_quadratic,affine,5.0,100,1.0,9057473,55,0.999999,0.999999,3465.9129603853416,0,-1
c,active_quadratic,affine,5.0,100,1.0,9057473,56,0.999999,0.999999,3472.588716074703,0,-1
c,active_quadratic,affine,5.0,100,1.0,9057473,57,0.9990412991894315,0.999999,3459.8109138690975,0,-1
c,active_quadratic,affine,5.0,100,1.0,9057473,58,0.9895589374550858,0.999206908862606,3464.7621207355055,0,-1
c,active_quadratic,affine,5.0,100,1.0,9057473,59,0.9914432687550282,0.9996448565580225,3477.005192524538,0,-1
c,active_quadratic,affine,5.0,100,1.0,9057473,60,0.9999899345526174,0.9695218309516416,3450.8380051473823,0,-1
c,active_quadratic,affine,5.0,100,1.0,9057473,61,0.9992115156172237,0.999999,3454.2540455101102,0,-1
c,active_quadratic,affine,5.0,100,1.0,9057473,62,0.9998195915867647,0.999999,3476.554330250597,0,-1
c,active_quadratic,affine,5.0,100,1.0,9057473,63,0.9998521204874514,0.999999,3471.127140475945,0,-1
c,active_quadratic,affine,5.0,100,1.0,9057473,64,0.999999,0.9985332473618975,3471.9000507997926,0,-1
c,active_quadratic,affine,5.0,100,1.0,9057473,65,0.8673366360813046,0.9986860386742031,3438.206251790782,0,-1
c,active_quadratic,affine,5.0,100,1.0,9057473,66,-0.996861781424803,0.999973387709012,3464.153217040322,1,329
c,active_quadratic,affine,5.0,100,1.0,9057473,67,0.9886311683954192,0.998356877103479,3466.7428248607857,0,-1
c,active_quadratic,affine,5.0,100,1.0,9057473,68,0.9976055527629681,0.9964362828763553,3482.7479921973913,0,-1
c,active_quadratic,affine,5.0,100,1.0,9057473,69,0.999999,0.999999,3482.0731501049477,0,-1
c,active_quadratic,affine,5.0,100,1.0,9057473,70,0.9956615837828529,0.8082159614584071,3418.08302139818,0,-1
c,active_quadratic,affine,5.0,100,1.0,9057473,71,0.999999,0.999934279250264,3463.812554758219,0,-1
c,active_quadratic,affine,5.0,100,1.0,9057473,72,0.863674762043049,0.9836918444180686,3475.5617645182624,0,-1
c,active_quadratic,affine,5.0,100,1.0,9057473,73,0.999999,0.999999,3440.517132831566,0,-1
c,active_quadratic,affine,5.0,100,1.0,9057473,74,0.9861630415169583,0.9620718451934418,3453.7297387423346,0,-1
c,active_quadratic,affine,5.0,100,1.0,9057473,75,0.999999,0.9993739766680255,3446.6226248249964,0,-1
c,active_quadratic,affine,5.0,100,1.0,9057473,76,0.9555217738171218,0.999999,3425.6860922116475,0,-1
c,active_quadratic,affine,5.0,100,1.0,9057473,77,0.8121499823301149,0.9373088243988392,3474.61880283131,0,-1
c,active_quadratic,affine,5.0,100,1.0,9057473,78,0.9977430985005482,0.8307970555371711,3467.5030382067434,0,-1
c,active_quadratic,affine,5.0,100,1.0,9057473,79,0.9997736307473571,0.999999,3446.9070300354124,0,-1
c,active_quadratic,affine,5.0,100,1.0,9057473,80,-0.9974126978295703,0.999329413860672,3228.346448937313,1,280
c,active_quadratic,affine,5.0,100,1.0,9057473,81,0.999999,0.9999622940386095,3461.757488937726,0,-1
c,active_quadratic,affine,5.0,100,1.0,9057473,82,0.999999,0.9940724946777314,3480.524845892705,0,-1
c,active_quadratic,affine,5.0,100,1.0,9057473,83,0.999999,0.999999,3457.539854172248,0,-1
c,active_quadratic,affine,5.0,100,1.0,9057473,84,0.999999,0.9998693835144069,3461.106059587105,0,-1
c,active_quadratic,affine,5.0,100,1.0,9057473,85,-0.9826410878092047,-0.999999,0.0,1,279
c,active_quadratic,affine,5.0,100,1.0,9057473,86,-0.776721026263969,0.9996956875836898,3423.1652837282413,1,282
c,active_quadratic,affine,5.0,100,1.0,9057473,87,-0.999999,0.9998962521577481,3480.2367031439117,1,275
c,active_quadratic,affine,5.0,100,1.0,9057473,88,-0.9968227531376315,0.9999552690680302,3475.1977041201417,1,269
c,active_quadratic,affine,5.0,100,1.0,9057473,89,0.9999766719803459,0.999999,3474.8533249538987,0,-1
c,active_quadratic,affine,5.0,100,1.0,9057473,90,0.9284650321101886,0.9986384024358609,3432.3311801934087,0,-1
c,active_quadratic,affine,5.0,100,1.0,9057473,91,0.9902962562714783,0.9946078228533131,3447.572637337057,0,-1
c,active_quadratic,affine,5.0,100,1.0,9057473,92,0.999999,0.999809733159154,3468.247473742232,0,-1
c,active_quadratic,affine,5.0,100,1.0,9057473,93,0.9980943428889963,0.9997048695462036,3477.2970270121223,0,-1
c,active_quadratic,affine,5.0,100,1.0,9057473,94,-0.9966756935037778,0.999999,3475.73918840505,1,277
c,active_quadratic,affine,5.0,100,1.0,9057473,95,0.9892629440283781,0.9996702043565308,3471.285120948016,0,-1
c,active_quadratic,affine,5.0,100,1.0,9057473,96,0.999999,0.999999,3471.2430693820465,0,-1
c,active_quadratic,affine,5.0,100,1.0,9057473,97,0.9997827151016193,0.999999,3470.4915736977723,0,-1
c,active_quadratic,affine,5.0,100,1.0,9057473,98,0.9998025144313526,0.999999,3473.058732201427,0,-1
c,active_quadratic,affine,5.0,100,1.0,9057473,99,0.9999508786216649,0.9936241230492442,3477.4304316278162,1,292
c,active_quadratic,affine,5.0,100,1.0,9057473,100,-0.9996029486948572,0.999999,3461.8589643666032,1,311
c,active_quadratic,affine,5.0,100,1.0,9057473,101,0.9999570962048145,0.999999,3476.3777982975826,0,-1
c,active_quadratic,affine,5.0,100,1.0,9057473,102,0.9997950405775758,0.9999778160241455,3438.0732184607305,0,-1
c,active_quadratic,affine,5.0,100,1.0,9057473,103,0.9998819602048149,0.999999,3469.756674893513,0,-1
c,active_quadratic,affine,5.0,100,1.0,9057473,104,0.6390851351276506,0.999999,3450.7165381090613,0,-1
c,active_quadratic,affine,5.0,100,1.0,9057473,105,0.9979312660903076,0.8646635351359655,3466.97384986264,0,-1
c,active_quadratic,affine,5.0,100,1.0,9057473,106,0.9943870091963252,0.999717400832168,3473.3946304820374,0,-1
c,active_quadratic,affine,5.0,100,1.0,9057473,107,0.999999,0.9998649835909177,3472.83625257567,0,-1
c,active_quadratic,affine,5.0,100,1.0,9057473,108,0.9801126029556365,0.999999,3453.085420260957,0,-1
c,active_quadratic,affine,5.0,100,1.0,9057473,109,0.998819044356115,0.9995502207532426,3473.5627547225504,0,-1
c,active_quadratic,affine,5.0,100,1.0,9057473,110,0.999999,0.999999,3440.8128064399757,0,-1
c,active_quadratic,affine,5.0,100,1.0,9057473,111,0.9999934925970247,0.999999,3480.1346444739347,0,-1
c,active_quadratic,affine,5.0,100,1.0,9057473,112,0.9999491433805097,0.9999923957017793,3465.5522503759357,0,-1
c,active_quadratic,affine,5.0,100,1.0,9057473,113,0.999999,0.9997929147609723,3457.8694813774187,0,-1
c,active_quadratic,affine,5.0,100,1.0,9057473,114,0.9964141068777976,0.9998908612473856,3469.860026359357,0,-1
c,active_quadratic,affine,5.0,100,1.0,9057473,115,0.999999,0.9998340860414903,3469.7585417748473,0,-1
c,active_quadratic,affine,5.0,100,1.0,9057473,116,0.9996522621820594,0.999999,3447.413166395134,0,-1
c,active_quadratic,affine,5.0,100,1.0,9057473,117,0.9819866804308789,0.9825660407666742,3479.260785784203,0,-1
c,active_quadratic,affine,5.0,100,1.0,9057473,118,0.999999,0.9999978977956524,3482.3456092605916,0,-1
c,active_quadratic,affine,5.0,100,1.0,9057473,119,0.999999,0.9999454999562544,3463.019829066582,0,-1
c,active_quadratic,affine,5.0,100,1.0,9057473,120,-0.9841972024429795,-0.9992023204484625,0.0,1,301
c,active_quadratic,affine,5.0,100,1.0,9057473,121,0.9416189725065296,0.9758419219772951,3333.912523991435,0,-1
c,active_quadratic,affine,5.0,100,1.0,9057473,122,0.9996677702664104,0.999999,3453.349253019585,0,-1
c,active_quadratic,affine,5.0,100,1.0,9057473,123,0.999999,0.3609077125129172,3456.625182686081,0,-1
c,active_quadratic,affine,5.0,100,1.0,9057473,124,0.9999794173931522,0.9986271547561395,3470.7788990644362,0,-1
c,active_quadratic,affine,5.0,100,1.0,9057473,125,0.999999,0.999999,3472.5954136772666,0,-1
c,active_quadratic,affine,5.0,100,1.0,9057473,126,0.999999,0.9957293159002344,3438.743338798701,0,-1
c,active_quadratic,affine,5.0,100,1.0,9057473,127,-0.9882861508291322,0.999999,3282.332545093871,1,297
c,active_quadratic,affine,5.0,100,1.0,9057473,128,0.8631281991074117,0.9760791499436847,3461.2158024085265,0,-1
c,active_quadratic,affine,5.0,100,1.0,9057473,129,0.999999,0.999691674828536,3453.030609499462,0,-1
c,active_quadratic,affine,5.0,100,1.0,9057473,130,0.999999,0.9981428489396554,3476.8621494767667,0,-1
c,active_quadratic,affine,5.0,100,1.0,9057473,131,-0.985693585338679,0.9998280870073591,3474.268765708878,1,308
c,active_quadratic,affine,5.0,100,1.0,9057473,132,0.9896403867091977,0.9998685354334971,3462.5481787239187,0,-1
c,active_quadratic,affine,5.0,100,1.0,9057473,133,0.9983827442467015,0.999999,3463.4323355981655,0,-1
c,active_quadratic,affine,5.0,100,1.0,9057473,134,-0.9167507449760441,0.999999,3472.7661399977205,1,276
c,active_quadratic,affine,5.0,100,1.0,9057473,135,-0.999284142616843,0.9259157574057881,3447.0258637137545,1,277
c,active_quadratic,affine,5.0,100,1.0,9057473,136,0.999999,0.9994579976389657,3470.626676573225,0,-1
c,active_quadratic,affine,5.0,100,1.0,9057473,137,0.999999,0.999999,3343.8914664952945,0,-1
c,active_quadratic,affine,5.0,100,1.0,9057473,138,0.9955371489567629,0.999900870677156,3439.5242199449744,0,-1
c,active_quadratic,affine,5.0,100,1.0,9057473,139,0.999999,0.9890953717521408,3471.99948095283,0,-1
c,active_quadratic,affine,5.0,100,1.0,9057473,140,0.999999,0.999999,3469.344408254955,0,-1
c,active_quadratic,affine,5.0,100,1.0,9057473,141,0.9998221803126994,0.999999,3454.0348237812796,0,-1
c,active_quadratic,affine,5.0,100,1.0,9057473,142,0.999999,0.9998770032951105,3473.200790988027,0,-1
c,active_quadratic,affine,5.0,100,1.0,9057473,143,0.9965794324725937,0.999999,3471.6835829404863,0,-1
c,active_quadratic,affine,5.0,100,1.0,9057473,144,0.7776261888144813,0.9948752514757279,3470.4262313142503,0,-1
c,active_quadratic,affine,5.0,100,1.0,9057473,145,0.999999,0.999999,3467.056489728234,0,-1
c,active_quadratic,affine,5.0,100,1.0,9057473,146,0.999999,0.999999,3459.8084088486876,0,-1
c,active_quadratic,affine,5.0,100,1.0,9057473,147,0.988058335051456,0.999999,3421.1289211280314,0,-1
c,active_quadratic,affine,5.0,100,1.0,9057473,148,0.999999,0.999999,3431.127298917342,0,-1
c,active_quadratic,affine,5.0,100,1.0,9057473,149,0.999999,0.8200094612099713,3423.4497348676864,0,-1
c,active_quadratic,affine,5.0,100,1.0,9057473,150,0.8384616346924074,0.9999529607792282,3406.7819397436306,0,-1
c,active_quadratic,affine,5.0,100,1.0,9057473,151,0.999999,0.8597595099272722,3389.9414734017746,0,-1
c,active_quadratic,affine,5.0,100,1.0,9057473,152,-0.994987576301835,0.9999294632966806,3436.121537532753,1,371
c,active_quadratic,affine,5.0,100,1.0,9057473,153,-0.9939187198216937,0.999999,3465.5043156776173,1,323
c,active_quadratic,affine,5.0,100,1.0,9057473,154,0.985317045733418,0.999999,3460.2628726888365,0,-1
c,active_quadratic,affine,5.0,100,1.0,9057473,155,0.999999,0.8849019734663505,3448.4701265865174,0,-1
c,active_quadratic,affine,5.0,100,1.0,9057473,156,0.9998269422201669,0.999999,3471.912191435968,0,-1
c,active_quadratic,affine,5.0,100,1.0,9057473,157,0.9524040407677767,0.9999630898078607,3472.8241920011574,0,-1
c,active_quadratic,affine,5.0,100,1.0,9057473,158,0.9999860582925313,0.8645253564013498,3441.2804886102267,0,-1
c,active_quadratic,affine,5.0,100,1.0,9057473,159,0.897117927861534,0.9997470434534034,3477.6709838989227,0,-1
c,active_quadratic,affine,5.0,100,1.0,9057473,160,0.9993328814628483,0.999999,3463.3339049311176,0,-1
c,active_quadratic,affine,5.0,100,1.0,9057473,161,0.9586325048189157,0.999927003794794,3479.4164126913815,0,-1
c,active_quadratic,affine,5.0,100,1.0,9057473,162,0.999999,0.9911079124220856,3469.4355671075623,0,-1
c,active_quadratic,affine,5.0,100,1.0,9057473,163,0.9767649809488244,0.999679047499645,3455.222866054734,0,-1
c,active_quadratic,affine,5.0,100,1.0,9057473,164,0.999999,0.9999723702972912,3474.829461414366,0,-1
c,active_quadratic,affine,5.0,100,1.0,9057473,165,0.999999,0.999999,3470.5655562833344,0,-1
c,active_quadratic,affine,5.0,100,1.0,9057473,166,0.999999,0.999999,3422.7221697122154,0,-1
c,active_quadratic,affine,5.0,100,1.0,9057473,167,0.999999,0.8351173713172115,3478.223638249104,0,-1
c,active_quadratic,affine,5.0,100,1.0,9057473,168,0.9999438730423896,0.999999,3469.6248216229264,0,-1
c,active_quadratic,affine,5.0,100,1.0,9057473,169,0.999999,0.9999297356729318,3462.5610329429696,0,-1
c,active_quadratic,affine,5.0,100,1.0,9057473,170,0.999999,0.999999,3450.756577921413,0,-1
c,active_quadratic,affine,5.0,100,1.0,9057473,171,0.999999,0.9998292848052186,3436.0571727557767,0,-1
c,active_quadratic,affine,5.0,100,1.0,9057473,172,0.9999969001232984,0.995444327567281,3473.158285230342,0,-1
c,active_quadratic,affine,5.0,100,1.0,9057473,173,0.9891995923140638,0.999999,3445.5044218651074,0,-1
c,active_quadratic,affine,5.0,100,1.0,9057473,174,0.999775263127886,0.999999,3476.34286459422,0,-1
c,active_quadratic,affine,5.0,100,1.0,9057473,175,0.9999605807179738,0.9999939372770514,3476.1973354599354,0,-1
c,active_quadratic,affine,5.0,100,1.0,9057473,176,0.9999334678641707,0.9956274196792937,3456.5925156381654,0,-1
c,active_quadratic,affine,5.0,100,1.0,9057473,177,0.999999,0.9999691147549735,3458.5537748091792,0,-1
c,active_quadratic,affine,5.0,100,1.0,9057473,178,0.999999,0.9974372197400475,3471.702759293131,0,-1
c,active_quadratic,affine,5.0,100,1.0,9057473,179,-0.9984965305523542,0.9999879589799847,3448.0442568363605,1,353
c,active_quadratic,affine,5.0,100,1.0,9057473,180,-0.8530693304554303,0.9900262016100074,3459.755780387805,1,351
c,active_quadratic,affine,5.0,100,1.0,9057473,181,0.999999,0.999999,3471.820529402683,0,-1
c,active_quadratic,affine,5.0,100,1.0,9057473,182,0.999999,0.9998007710857424,3475.4631889819643,0,-1
c,active_quadratic,affine,5.0,100,1.0,9057473,183,0.9998643178895562,0.9986234330413724,3475.024839290205,0,-1
c,active_quadratic,affine,5.0,100,1.0,9057473,184,0.999999,0.999999,3456.339635338207,0,-1
c,active_quadratic,affine,5.0,100,1.0,9057473,185,0.999999,0.999999,3451.378178357214,0,-1
c,active_quadratic,affine,5.0,100,1.0,9057473,186,0.999999,0.995501756271135,3473.4268403119054,0,-1
c,active_quadratic,affine,5.0,100,1.0,9057473,187,0.999999,0.999999,3437.692832583,0,-1
c,active_quadratic,affine,5.0,100,1.0,9057473,188,0.999999,0.999999,3471.9441784307355,0,-1
c,active_quadratic,affine,5.0,100,1.0,9057473,189,0.999999,0.999992383697613,3477.877912927458,0,-1
c,active_quadratic,affine,5.0,100,1.0,9057473,190,0.999999,0.9999449826487784,3470.0487756454027,0,-1
c,active_quadratic,affine,5.0,100,1.0,9057473,191,0.999999,0.999999,3459.9569267920524,0,-1
c,active_quadratic,affine,5.0,100,1.0,9057473,192,0.9999711837004284,0.9858565342165708,3473.039250629198,0,-1
c,active_quadratic,affine,5.0,100,1.0,9057473,193,0.9999558890211763,0.999999,3466.8190622318,0,-1
c,active_quadratic,affine,5.0,100,1.0,9057473,194,-0.999999,0.999999,3454.746057440046,1,282
c,active_quadratic,affine,5.0,100,1.0,9057473,195,0.9886576963288234,0.9999069422954383,3463.5577908538494,0,-1
c,active_quadratic,affine,5.0,100,1.0,9057473,196,0.9978507028030597,0.9848514923675908,3416.36408975302,0,-1
c,active_quadratic,affine,5.0,100,1.0,9057473,197,0.999999,0.9997266562549858,3424.6782125377576,0,-1
c,active_quadratic,affine,5.0,100,1.0,9057473,198,0.999999,0.999999,3465.2404794117538,0,-1
c,active_quadratic,affine,5.0,100,1.0,9057473,199,0.972876804013562,0.8331516416096879,3458.036097333038,0,-1
c,active_quadratic,affine,5.0,100,1.0,9057473,200,0.999999,0.997400140543604,3436.5950021342646,0,-1
c,active_quadratic,affine,5.0,100,1.0,9057473,201,0.9998495153732172,0.999999,3456.801942208966,0,-1
c,active_quadratic,affine,5.0,100,1.0,9057473,202,0.9963660622150052,0.9936383952589081,3473.5794163978107,0,-1
c,active_quadratic,affine,5.0,100,1.0,9057473,203,0.9999700645694063,0.9987331199531279,3450.0659132251276,0,-1
c,active_quadratic,affine,5.0,100,1.0,9057473,204,0.9011521855795417,0.999999,3451.957205056321,0,-1
c,active_quadratic,affine,5.0,100,1.0,9057473,205,0.9999761620691091,0.9999045388842486,3456.62123562322,0,-1
c,active_quadratic,affine,5.0,100,1.0,9057473,206,0.999999,0.999999,3456.5682450085797,0,-1
c,active_quadratic,affine,5.0,100,1.0,9057473,207,0.9629950430178773,0.999999,3476.62164905897,0,-1
c,active_quadratic,affine,5.0,100,1.0,9057473,208,0.999999,0.994489591280111,3482.328288663939,0,-1
c,active_quadratic,affine,5.0,100,1.0,9057473,209,0.9996868809380199,0.9999019910104553,3477.1898160616674,0,-1
c,active_quadratic,affine,5.0,100,1.0,9057473,210,0.9996417307427111,0.9998182717841534,3471.5080944278866,0,-1
c,active_quadratic,affine,5.0,100,1.0,9057473,211,0.999999,0.9955537680806192,3460.563016360967,0,-1
c,active_quadratic,affine,5.0,100,1.0,9057473,212,0.9999464067655272,0.999999,3460.517025871056,0,-1
c,active_quadratic,affine,5.0,100,1.0,9057473,213,0.9997069592250094,0.999999,3461.006002322324,1,280
c,active_quadratic,affine,5.0,100,1.0,9057473,214,0.999999,0.9997046553483927,3413.3070379181268,0,-1
c,active_quadratic,affine,5.0,100,1.0,9057473,215,0.999999,0.7151566746336522,3456.228338752713,0,-1
c,active_quadratic,affine,5.0,100,1.0,9057473,216,0.999999,0.9864324652566856,3468.728836130473,0,-1
c,active_quadratic,affine,5.0,100,1.0,9057473,217,-0.848208247664547,0.976535633189143,3451.8754053642238,1,286
c,active_quadratic,affine,5.0,100,1.0,9057473,218,0.999999,0.999999,3467.760853347578,0,-1
c,active_quadratic,affine,5.0,100,1.0,9057473,219,-0.9935283228653454,0.999999,3450.6576054820416,1,284
c,active_quadratic,affine,5.0,100,1.0,9057473,220,0.9997819875383782,0.9999100383868137,3480.8988749570362,0,-1
c,active_quadratic,affine,5.0,100,1.0,9057473,221,0.4072450737687016,0.999999,3417.146440708959,0,-1
c,active_quadratic,affine,5.0,100,1.0,9057473,222,0.9956385616827881,0.9998414450919234,3477.1050720046496,0,-1
c,active_quadratic,affine,5.0,100,1.0,9057473,223,0.9881907764014055,0.9668467817356388,3468.0561240809297,0,-1
c,active_quadratic,affine,5.0,100,1.0,9057473,224,-0.9986366236120293,0.999999,2974.4684115829873,1,291
c,active_quadratic,affine,5.0,100,1.0,9057473,225,0.999999,0.999999,3479.3819059437837,0,-1
c,active_quadratic,affine,5.0,100,1.0,9057473,226,0.999999,0.999999,3459.4135012664983,0,-1
c,active_quadratic,affine,5.0,100,1.0,9057473,227,0.999999,0.999999,3456.108488778539,0,-1
c,active_quadratic,affine,5.0,100,1.0,9057473,228,0.4871455254707169,0.9995909087294087,3464.048023348192,0,-1
c,active_quadratic,affine,5.0,100,1.0,9057473,229,0.8971741641367799,0.9973403405969485,3472.5883430177887,0,-1
c,active_quadratic,affine,5.0,100,1.0,9057473,230,0.999999,0.9999688771987973,3469.997867745739,0,-1
c,active_quadratic,affine,5.0,100,1.0,9057473,231,-0.9954765557522807,0.9999116720878242,3450.523991876669,1,328
c,active_quadratic,affine,5.0,100,1.0,9057473,232,-0.7818730189609352,0.9971165054537141,3459.5865752760064,1,278
c,active_quadratic,affine,5.0,100,1.0,9057473,233,0.999999,0.9999768731873637,3463.8837608038425,0,-1
c,active_quadratic,affine,5.0,100,1.0,9057473,234,0.9998755715070848,0.999999,3341.8159781851346,0,-1
c,active_quadratic,affine,5.0,100,1.0,9057473,235,-0.9922917670286406,0.8985104051704706,3468.6979777038305,1,284
c,active_quadratic,affine,5.0,100,1.0,9057473,236,0.9054735502710831,0.9999086966658716,3464.754742602321,0,-1
c,active_quadratic,affine,5.0,100,1.0,9057473,237,0.9655375536294137,0.9872489676337298,3429.209857128299,0,-1
c,active_quadratic,affine,5.0,100,1.0,9057473,238,0.999999,0.9934655571013202,3476.915538574351,0,-1
c,active_quadratic,affine,5.0,100,1.0,9057473,239,-0.9702359460441462,0.9998759214899722,3470.67560277485,1,276
c,active_quadratic,affine,5.0,100,1.0,9057473,240,0.999999,0.9999025505038669,3478.4855327958976,0,-1
c,active_quadratic,affine,5.0,100,1.0,9057473,241,0.999999,0.999999,3478.3682360757853,0,-1
c,active_quadratic,affine,5.0,100,1.0,9057473,242,0.6810333308951552,0.9965811147912217,3451.41687566289,0,-1
c,active_quadratic,affine,5.0,100,1.0,9057473,243,0.9899010420589933,0.999999,3472.7665535561077,0,-1
c,active_quadratic,affine,5.0,100,1.0,9057473,244,0.999999,0.999999,3452.4531983011248,0,-1
c,active_quadratic,affine,5.0,100,1.0,9057473,245,0.9993127279401415,0.9982845954627455,3476.5844159108397,0,-1
c,active_quadratic,affine,5.0,100,1.0,9057473,246,0.9943075656746094,0.9998178159093181,3448.643904538141,0,-1
c,active_quadratic,affine,5.0,100,1.0,9057473,247,0.9660264172047225,0.9819124105072048,3445.1337782888377,0,-1
c,active_quadratic,affine,5.0,100,1.0,9057473,248,-0.8493372536532946,0.9999294460794557,3434.481897421948,1,309
c,active_quadratic,affine,5.0,100,1.0,9057473,249,0.9913846460214708,0.999999,3460.918756700896,0,-1
c,active_quadratic,affine,5.0,100,1.0,9057473,250,0.9999433664857403,0.9776679920785687,3443.871030919308,0,-1
c,active_quadratic,affine,5.0,100,1.0,9057473,251,-0.9994196866006642,-0.6402134027602141,0.0,1,277
c,active_quadratic,affine,5.0,100,1.0,9057473,252,0.995173524526952,0.9999156802400605,3475.0127610309487,0,-1
c,active_quadratic,affine,5.0,100,1.0,9057473,253,0.999999,0.9997099806708718,3470.4693814905727,0,-1
c,active_quadratic,affine,5.0,100,1.0,9057473,254,0.9550916830625201,0.9998844595056822,3469.258731965538,0,-1
c,active_quadratic,affine,5.0,100,1.0,9057473,255,0.9998700698215875,0.999999,3472.070347171021,0,-1
c,active_quadratic,affine,5.0,100,1.0,9057473,256,0.999999,0.9976631815633918,3437.4067134359602,0,-1
c,active_quadratic,affine,5.0,100,1.0,9057473,257,0.999999,0.9989628505063878,3483.1731157859263,0,-1
c,active_quadratic,affine,5.0,100,1.0,9057473,258,-0.9894152843786869,0.9992030861242921,3461.4624787322177,1,296
c,active_quadratic,affine,5.0,100,1.0,9057473,259,0.9102190684732339,0.9983301386870624,3475.1702468178128,0,-1
c,active_quadratic,affine,5.0,100,1.0,9057473,260,0.999999,0.999999,3473.158767792654,0,-1
c,active_quadratic,affine,5.0,100,1.0,9057473,261,0.9999409398567528,0.9953192170610432,3407.7158857478244,0,-1
c,active_quadratic,affine,5.0,100,1.0,9057473,262,0.9998655547636883,0.9698826125510623,3454.9396035992227,0,-1
c,active_quadratic,affine,5.0,100,1.0,9057473,263,0.9868400854594115,0.999999,3471.3914022743247,0,-1
c,active_quadratic,affine,5.0,100,1.0,9057473,264,0.9991451541009236,0.7046107032645885,3410.59232376206,0,-1
c,active_quadratic,affine,5.0,100,1.0,9057473,265,0.99994886523607,0.9987926651323596,3475.5972700790326,0,-1
c,active_quadratic,affine,5.0,100,1.0,9057473,266,0.567679607303081,0.999999,3404.5803289020255,0,-1
c,active_quadratic,affine,5.0,100,1.0,9057473,267,-0.9995523722087323,0.999999,3470.3914918149176,1,298
c,active_quadratic,affine,5.0,100,1.0,9057473,268,-0.9993395045187949,0.999999,2123.219072892238,1,282
c,active_quadratic,affine,5.0,100,1.0,9057473,269,0.995139695896426,0.999999,3468.4698766634856,0,-1
c,active_quadratic,affine,5.0,100,1.0,9057473,270,0.9916234875940146,0.999999,3475.715980939674,0,-1
c,active_quadratic,affine,5.0,100,1.0,9057473,271,0.999999,0.9978475026335984,3464.8981352837723,0,-1
c,active_quadratic,affine,5.0,100,1.0,9057473,272,0.7894928313177232,0.999999,3483.1222932616647,0,-1
c,active_quadratic,affine,5.0,100,1.0,9057473,273,0.999999,0.999999,3457.8795524386733,0,-1
c,active_quadratic,affine,5.0,100,1.0,9057473,274,0.999999,0.9975361041296805,3472.9335261229944,0,-1
c,active_quadratic,affine,5.0,100,1.0,9057473,275,0.999999,0.980606847354956,3445.207631905499,0,-1
c,active_quadratic,affine,5.0,100,1.0,9057473,276,-0.9877666955407107,0.999999,3456.584230468155,1,283
c,active_quadratic,affine,5.0,100,1.0,9057473,277,-0.999340935574735,-0.5409688831897047,0.0,1,301
c,active_quadratic,affine,5.0,100,1.0,9057473,278,0.9999130980999442,0.9992699021226636,3459.617860637258,0,-1
c,active_quadratic,affine,5.0,100,1.0,9057473,279,0.9997560642268171,0.9984034912564119,3448.820266037021,0,-1
c,active_quadratic,affine,5.0,100,1.0,9057473,280,-0.999999,0.9853019767426163,3456.744659775124,1,293
c,active_quadratic,affine,5.0,100,1.0,9057473,281,0.8702991487848597,0.999999,3464.5682449895694,0,-1
c,active_quadratic,affine,5.0,100,1.0,9057473,282,0.9998138061063054,0.9998838964551914,3432.33482967407,0,-1
c,active_quadratic,affine,5.0,100,1.0,9057473,283,0.9991546229143603,0.990552926420358,3401.2505670154833,0,-1
c,active_quadratic,affine,5.0,100,1.0,9057473,284,0.9999983726102797,0.9762892454767895,3415.7026718213965,0,-1
c,active_quadratic,affine,5.0,100,1.0,9057473,285,0.999999,0.9980696989790965,3465.3753738651003,0,-1
c,active_quadratic,affine,5.0,100,1.0,9057473,286,0.999999,0.9992304903965825,3448.7498842268965,0,-1
c,active_quadratic,affine,5.0,100,1.0,9057473,287,0.9999487345628748,0.9420550901937117,3442.207104536979,0,-1
c,active_quadratic,affine,5.0,100,1.0,9057473,288,-0.9826487513949226,0.999999,3445.5521162712384,1,293
c,active_quadratic,affine,5.0,100,1.0,9057473,289,0.9999002151998834,0.7330943572544577,3466.549424211596,1,276
c,active_quadratic,affine,5.0,100,1.0,9057473,290,0.999895426296668,0.999999,3469.42964686348,0,-1
c,active_quadratic,affine,5.0,100,1.0,9057473,291,0.9999634219123699,0.9997612961434836,3462.8905430272684,0,-1
c,active_quadratic,affine,5.0,100,1.0,9057473,292,0.999999,0.9996730708544349,3481.5037489357214,0,-1
c,active_quadratic,affine,5.0,100,1.0,9057473,293,0.9981385475508674,0.8628510366869611,3461.352570360064,0,-1
c,active_quadratic,affine,5.0,100,1.0,9057473,294,0.9185789954893484,0.9972907754959304,3468.2819921625382,0,-1
c,active_quadratic,affine,5.0,100,1.0,9057473,295,0.9876999100984373,0.999999,3480.633794561375,0,-1
c,active_quadratic,affine,5.0,100,1.0,9057473,296,0.999999,0.8478103605011822,3477.4508558775024,0,-1
c,active_quadratic,affine,5.0,100,1.0,9057473,297,0.9982702688547055,0.9595668154869641,3468.6229796716943,0,-1
c,active_quadratic,affine,5.0,100,1.0,9057473,298,0.9992939685191925,0.5601596356259014,3353.1437296634895,0,-1
c,active_quadratic,affine,5.0,100,1.0,9057473,299,0.999999,0.999999,3466.9242713103536,0,-1
c,active_quadratic,affine,5.0,100,1.0,9057473,300,0.9944225889416343,0.9466872084007406,3425.5791004709467,0,-1
c,active_quadratic,affine,5.0,100,1.0,9057473,301,0.9998696790367436,0.9999953921344163,3477.070276975159,0,-1
c,active_quadratic,affine,5.0,100,1.0,9057473,302,0.999999,0.9999910339769323,3477.765442447898,0,-1
c,active_quadratic,affine,5.0,100,1.0,9057473,303,-0.993463039899301,0.999999,3468.3427957121376,1,265
c,active_quadratic,affine,5.0,100,1.0,9057473,304,0.999999,0.9999867427451589,3459.83886469228,0,-1
c,active_quadratic,affine,5.0,100,1.0,9057473,305,0.999999,0.6696912502477774,3396.1716360446117,0,-1
c,active_quadratic,affine,5.0,100,1.0,9057473,306,0.9996819379338691,0.999999,3460.970375659874,0,-1
c,active_quadratic,affine,5.0,100,1.0,9057473,307,0.9378758336664206,0.973602106283847,3463.837220950909,0,-1
c,active_quadratic,affine,5.0,100,1.0,9057473,308,0.999999,0.9076745709622215,3435.3891607384658,0,-1
c,active_quadratic,affine,5.0,100,1.0,9057473,309,0.999999,0.9999915550698144,3459.1993186651825,0,-1
c,active_quadratic,affine,5.0,100,1.0,9057473,310,0.999999,0.9714392990811785,3474.8980570226145,0,-1
c,active_quadratic,affine,5.0,100,1.0,9057473,311,-0.999999,0.999999,3461.6217203756273,1,336
c,active_quadratic,affine,5.0,100,1.0,9057473,312,0.9992063989007113,0.9999555435901747,3476.131137493041,0,-1
c,active_quadratic,affine,5.0,100,1.0,9057473,313,0.999999,0.9965208982167393,3473.532541185055,0,-1
c,active_quadratic,affine,5.0,100,1.0,9057473,314,0.999999,0.999999,3469.2507343888697,0,-1
c,active_quadratic,affine,5.0,100,1.0,9057473,315,0.9997660305744899,0.9999588624769601,3461.985825072565,0,-1
c,active_quadratic,affine,5.0,100,1.0,9057473,316,0.999999,0.999999,3477.844228464772,0,-1
c,active_quadratic,affine,5.0,100,1.0,9057473,317,0.999999,0.999999,3460.6088628571956,0,-1
c,active_quadratic,affine,5.0,100,1.0,9057473,318,0.999999,0.9998696536553671,3458.049325529692,0,-1
c,active_quadratic,affine,5.0,100,1.0,9057473,319,0.9996642540343768,0.999999,3477.8634380448784,0,-1
c,active_quadratic,affine,5.0,100,1.0,9057473,320,0.9998109167164246,0.9999763916671646,3438.779956197743,0,-1
c,active_quadratic,affine,5.0,100,1.0,9057473,321,-0.9915539788704567,0.9966997319397185,3405.3808613469682,1,310
c,active_quadratic,affine,5.0,100,1.0,9057473,322,-0.9994583309909131,0.999999,3468.8785765020734,1,292
c,active_quadratic,affine,5.0,100,1.0,9057473,323,0.9097165298117124,0.999999,3469.4885696028055,0,-1
c,active_quadratic,affine,5.0,100,1.0,9057473,324,0.9976273969715955,0.9838409612020429,3429.154792312729,0,-1
c,active_quadratic,affine,5.0,100,1.0,9057473,325,0.999999,0.999999,3460.2488646007323,0,-1
c,active_quadratic,affine,5.0,100,1.0,9057473,326,0.9998519796462723,0.999999,3468.120512831654,0,-1
c,active_quadratic,affine,5.0,100,1.0,9057473,327,0.999999,0.9970020393850977,3469.021129106255,0,-1
c,active_quadratic,affine,5.0,100,1.0,9057473,328,0.9999806671715639,0.9999869779702577,3464.573660528003,0,-1
c,active_quadratic,affine,5.0,100,1.0,9057473,329,0.999999,0.999999,3476.483799529517,0,-1
c,active_quadratic,affine,5.0,100,1.0,9057473,330,0.999999,0.999646725103669,3468.9226909100757,0,-1
c,active_quadratic,affine,5.0,100,1.0,9057473,331,0.9985541424298707,0.999999,3470.0264419810064,0,-1
c,active_quadratic,affine,5.0,100,1.0,9057473,332,0.998015673383379,0.9997260534322047,3449.773089121563,0,-1
c,active_quadratic,affine,5.0,100,1.0,9057473,333,-0.9993644158822252,0.999999,3468.6390104390175,1,331
c,active_quadratic,affine,5.0,100,1.0,9057473,334,0.9899160703720179,0.999999,3452.5925569236833,0,-1
c,active_quadratic,affine,5.0,100,1.0,9057473,335,0.9999341207552747,0.999999,3454.868588654601,0,-1
c,active_quadratic,affine,5.0,100,1.0,9057473,336,0.999999,0.999999,3475.1725986012416,0,-1
c,active_quadratic,affine,5.0,100,1.0,9057473,337,0.999999,0.9967986239316982,3462.0139726954894,0,-1
c,active_quadratic,affine,5.0,100,1.0,9057473,338,0.999999,0.999999,3457.796820358348,0,-1
c,active_quadratic,affine,5.0,100,1.0,9057473,339,0.9962505088472285,0.999999,3468.3383608926406,0,-1
c,active_quadratic,affine,5.0,100,1.0,9057473,340,0.999999,0.999999,3473.567366099707,0,-1
c,active_quadratic,affine,5.0,100,1.0,9057473,341,0.9999897793493243,0.4830885049853718,3464.2345657275123,0,-1
c,active_quadratic,affine,5.0,100,1.0,9057473,342,0.9970469375442932,0.9997912152711467,3448.9311340974314,0,-1
c,active_quadratic,affine,5.0,100,1.0,9057473,343,0.9977034206879026,0.976154293719451,3466.912875673319,0,-1
c,active_quadratic,affine,5.0,100,1.0,9057473,344,0.9999152228911063,0.999999,3464.032125881064,0,-1
c,active_quadratic,affine,5.0,100,1.0,9057473,345,0.999999,0.9998929651448777,3456.5764419267766,0,-1
c,active_quadratic,affine,5.0,100,1.0,9057473,346,0.9956993396789602,0.9821533468140448,3476.45664248891,0,-1
c,active_quadratic,affine,5.0,100,1.0,9057473,347,0.999417287665551,0.9998032200963378,3472.4386506473274,0,-1
c,active_quadratic,affine,5.0,100,1.0,9057473,348,0.9987332618745776,0.9994819734040103,3472.6181142008486,0,-1
c,active_quadratic,affine,5.0,100,1.0,9057473,349,-0.999999,0.9998620928479703,3472.6147626622737,1,321
c,active_quadratic,affine,5.0,100,1.0,9057473,350,0.9999542925732983,0.999999,3481.5794619372145,0,-1
c,active_quadratic,affine,5.0,100,1.0,9057473,351,0.9999659843653891,0.9900674516494266,3476.647963855547,0,-1
c,active_quadratic,affine,5.0,100,1.0,9057473,352,0.9998810071100951,0.999999,3408.6899256265683,0,-1
c,active_quadratic,affine,5.0,100,1.0,9057473,353,0.8404273683784427,0.9975896593046824,3462.1498653410786,0,-1
c,active_quadratic,affine,5.0,100,1.0,9057473,354,0.7514134160845769,0.999999,3439.743244514213,0,-1
c,active_quadratic,affine,5.0,100,1.0,9057473,355,0.929994388469236,0.9984278118869591,3424.6406400592177,0,-1
c,active_quadratic,affine,5.0,100,1.0,9057473,356,0.9992284796430452,0.999999,3448.065763389456,0,-1
c,active_quadratic,affine,5.0,100,1.0,9057473,357,-0.999999,0.999999,3427.8431756599834,1,276
c,active_quadratic,affine,5.0,100,1.0,9057473,358,0.9998595478028953,0.999999,3470.3477850943577,0,-1
c,active_quadratic,affine,5.0,100,1.0,9057473,359,0.999999,0.9077772004193304,3455.561288220468,0,-1
c,active_quadratic,affine,5.0,100,1.0,9057473,360,0.9996953042821983,0.9989551369620637,3485.858551519923,0,-1
c,active_quadratic,affine,5.0,100,1.0,9057473,361,0.999999,0.9998393562459007,3463.2383138675427,0,-1
c,active_quadratic,affine,5.0,100,1.0,9057473,362,0.9884568328951853,0.885013434666494,3442.8434337114845,0,-1
c,active_quadratic,affine,5.0,100,1.0,9057473,363,0.9888305695493046,0.9961960054241487,3477.161574543611,0,-1
c,active_quadratic,affine,5.0,100,1.0,9057473,364,0.999999,0.9991186965638184,3464.458177535115,0,-1
c,active_quadratic,affine,5.0,100,1.0,9057473,365,-0.7684569841056716,0.96955190916458,3471.9796287009362,1,267
c,active_quadratic,affine,5.0,100,1.0,9057473,366,0.9981069869009974,0.999999,3467.6059763717203,0,-1
c,active_quadratic,affine,5.0,100,1.0,9057473,367,0.999999,0.999999,3347.2707469275083,0,-1
c,active_quadratic,affine,5.0,100,1.0,9057473,368,-0.9767909414539517,0.9562645097599256,3469.787703370165,1,279
c,active_quadratic,affine,5.0,100,1.0,9057473,369,0.9700909264966495,0.9318902716741302,3460.679236880795,0,-1
c,active_quadratic,affine,5.0,100,1.0,9057473,370,0.9999003774818229,0.9995680520896072,3469.9496807621113,0,-1
c,active_quadratic,affine,5.0,100,1.0,9057473,371,0.9957539090915568,0.999999,3477.645065527462,0,-1
c,active_quadratic,affine,5.0,100,1.0,9057473,372,0.999999,0.9739642252771666,3472.147443356997,0,-1
c,active_quadratic,affine,5.0,100,1.0,9057473,373,0.999999,0.9999979530460013,3471.664509038208,0,-1
c,active_quadratic,affine,5.0,100,1.0,9057473,374,0.999999,0.9999242969056444,3438.266807502308,0,-1
c,active_quadratic,affine,5.0,100,1.0,9057473,375,0.999999,0.9945056386274136,3468.387967407401,0,-1
c,active_quadratic,affine,5.0,100,1.0,9057473,376,0.9968042110251177,0.9820643050716975,3455.5017448434137,0,-1
c,active_quadratic,affine,5.0,100,1.0,9057473,377,0.999999,0.9917916779668213,3474.8289044610983,0,-1
c,active_quadratic,affine,5.0,100,1.0,9057473,378,0.9996166899037404,0.9988918900346232,3474.9860732036987,0,-1
c,active_quadratic,affine,5.0,100,1.0,9057473,379,0.9999788643547759,0.9963233992960479,3459.0612375809856,0,-1
c,active_quadratic,affine,5.0,100,1.0,9057473,380,0.999999,0.764126022922135,3443.0527133600613,0,-1
c,active_quadratic,affine,5.0,100,1.0,9057473,381,0.999999,0.999999,3453.802110363906,0,-1
c,active_quadratic,affine,5.0,100,1.0,9057473,382,0.9145551984920085,0.999999,3442.3977284354805,0,-1
c,active_quadratic,affine,5.0,100,1.0,9057473,383,0.999999,0.9998899111256,3467.070030368033,0,-1
c,active_quadratic,affine,5.0,100,1.0,9057473,384,0.9646081008614056,0.999999,3465.2277304865643,0,-1
c,active_quadratic,affine,5.0,100,1.0,9057473,385,0.9999558307299201,0.999999,3462.5048814413253,0,-1
c,active_quadratic,affine,5.0,100,1.0,9057473,386,0.8573219516556868,0.999999,3440.911742522466,0,-1
c,active_quadratic,affine,5.0,100,1.0,9057473,387,-0.9891296401995116,0.999999,3475.1446604284165,1,298
c,active_quadratic,affine,5.0,100,1.0,9057473,388,0.999999,0.9998343690900631,3449.6913783693317,0,-1
c,active_quadratic,affine,5.0,100,1.0,9057473,389,-0.42057126471309114,0.999999,3466.2372288539896,1,292
c,active_quadratic,affine,5.0,100,1.0,9057473,390,0.9880422934056713,0.999999,3470.500733411781,0,-1
c,active_quadratic,affine,5.0,100,1.0,9057473,391,0.9988762572605134,0.999999,3480.2603232075003,0,-1
c,active_quadratic,affine,5.0,100,1.0,9057473,392,0.999729799210727,0.9975600006008712,3448.9449048325882,0,-1
c,active_quadratic,affine,5.0,100,1.0,9057473,393,0.999999,0.999999,3470.7051084780273,0,-1
c,active_quadratic,affine,5.0,100,1.0,9057473,394,0.9476334445813206,0.999999,3477.992631519905,0,-1
c,active_quadratic,affine,5.0,100,1.0,9057473,395,0.999999,0.999999,3471.882714660116,0,-1
c,active_quadratic,affine,5.0,100,1.0,9057473,396,0.999999,0.9809017152544791,3454.719040600477,0,-1
c,active_quadratic,affine,5.0,100,1.0,9057473,397,-0.9855243658875908,0.9776425462827191,3435.0881932403468,1,314
c,active_quadratic,affine,5.0,100,1.0,9057473,398,0.999999,0.999999,3430.988519005769,0,-1
c,active_quadratic,affine,5.0,100,1.0,9057473,399,0.9999312293423098,0.9992445482897702,3420.606133465849,0,-1
c,active_quadratic,affine,5.0,100,1.0,9057473,400,0.999999,0.9992281158736289,3461.774637555769,0,-1
c,active_quadratic,affine,5.0,100,1.0,9057473,401,0.9806780336999101,0.9738153443953174,3415.039201382815,0,-1
c,active_quadratic,affine,5.0,100,1.0,9057473,402,0.999999,0.999201793323588,3450.4288130492896,0,-1
c,active_quadratic,affine,5.0,100,1.0,9057473,403,0.999999,0.999999,3469.364443039744,0,-1
c,active_quadratic,affine,5.0,100,1.0,9057473,404,0.992202547684029,0.9885020452246348,3473.1891877761122,0,-1
c,active_quadratic,affine,5.0,100,1.0,9057473,405,0.9997618434328928,0.6690100770352202,3459.41885973892,0,-1
c,active_quadratic,affine,5.0,100,1.0,9057473,406,0.99975666163088,0.9328580700395925,3460.2246323484287,0,-1
c,active_quadratic,affine,5.0,100,1.0,9057473,407,0.997684310048417,0.999951021830795,3438.051997220814,0,-1
c,active_quadratic,affine,5.0,100,1.0,9057473,408,0.9918215707278939,0.999999,3449.4078030225164,0,-1
c,active_quadratic,affine,5.0,100,1.0,9057473,409,0.999999,0.9995054794647665,3463.5577615759516,0,-1
c,active_quadratic,affine,5.0,100,1.0,9057473,410,0.9999353676491036,0.9484494164877373,3457.6746151816305,0,-1
c,active_quadratic,affine,5.0,100,1.0,9057473,411,0.5897897986759286,0.9998211393943678,3471.0861342582916,0,-1
c,active_quadratic,affine,5.0,100,1.0,9057473,412,0.9793324705999997,0.9809076019969113,3441.399891360948,0,-1
c,active_quadratic,affine,5.0,100,1.0,9057473,413,0.9996425627014259,0.9964927531838484,3471.4266547491525,0,-1
c,active_quadratic,affine,5.0,100,1.0,9057473,414,0.9999862848834622,0.9559055637286845,3479.9752460437253,0,-1
c,active_quadratic,affine,5.0,100,1.0,9057473,415,0.999999,0.9514549563185888,3471.530143079997,0,-1
c,active_quadratic,affine,5.0,100,1.0,9057473,416,0.9990276879522091,0.9675715818868809,3460.0075414167,0,-1
c,active_quadratic,affine,5.0,100,1.0,9057473,417,0.999999,0.9876811002554664,3462.8204122983584,0,-1
c,active_quadratic,affine,5.0,100,1.0,9057473,418,0.999999,0.9998316188496482,3463.2235188250033,0,-1
c,active_quadratic,affine,5.0,100,1.0,9057473,419,0.9999926756172782,0.999999,3428.3023046371272,0,-1
c,active_quadratic,affine,5.0,100,1.0,9057473,420,0.999999,0.999999,3447.992786847258,0,-1
c,active_quadratic,affine,5.0,100,1.0,9057473,421,0.999999,0.999999,3442.5860922512547,0,-1
c,active_quadratic,affine,5.0,100,1.0,9057473,422,-0.9995420896421268,0.9999825040858301,3423.2392627357312,1,315
c,active_quadratic,affine,5.0,100,1.0,9057473,423,0.9958764492010774,0.9947516976578029,3468.6077282311494,0,-1
c,active_quadratic,affine,5.0,100,1.0,9057473,424,0.999999,0.999793751607377,3471.1689488407087,0,-1
c,active_quadratic,affine,5.0,100,1.0,9057473,425,-0.9995421223430286,-0.9991608119911445,0.0,1,338
c,active_quadratic,affine,5.0,100,1.0,9057473,426,0.999999,0.999911155947034,3461.5150045518153,0,-1
c,active_quadratic,affine,5.0,100,1.0,9057473,427,0.999999,0.999999,3459.5575688841036,0,-1
c,active_quadratic,affine,5.0,100,1.0,9057473,428,0.9998999366640537,0.999999,3474.075378040139,0,-1
c,active_quadratic,affine,5.0,100,1.0,9057473,429,0.9999614368817825,0.999999,3478.423506822919,0,-1
c,active_quadratic,affine,5.0,100,1.0,9057473,430,0.999999,0.9999690967806797,3470.3635494722525,0,-1
c,active_quadratic,affine,5.0,100,1.0,9057473,431,-0.9990443175001857,0.9998330310118307,3454.9625406458767,1,341
c,active_quadratic,affine,5.0,100,1.0,9057473,432,0.7972426287808156,0.9947945511434825,3481.3897357388223,0,-1
c,active_quadratic,affine,5.0,100,1.0,9057473,433,0.999999,0.9805912627802623,3455.480995419966,0,-1
c,active_quadratic,affine,5.0,100,1.0,9057473,434,0.999999,0.999999,3482.5630643310237,0,-1
c,active_quadratic,affine,5.0,100,1.0,9057473,435,-0.9897722382695732,0.9985329428724286,3463.8737054950716,1,283
c,active_quadratic,affine,5.0,100,1.0,9057473,436,0.999999,0.8975496571049685,3462.126613642887,0,-1
c,active_quadratic,affine,5.0,100,1.0,9057473,437,0.9993836121244767,0.999999,3471.959130868342,0,-1
c,active_quadratic,affine,5.0,100,1.0,9057473,438,0.999999,0.999999,3443.126663417857,0,-1
c,active_quadratic,affine,5.0,100,1.0,9057473,439,-0.9993010682709818,0.999999,3475.288733190981,1,285
c,active_quadratic,affine,5.0,100,1.0,9057473,440,0.999999,0.9763227959952325,3459.3832476020516,0,-1
c,active_quadratic,affine,5.0,100,1.0,9057473,441,-0.999298095145099,0.999999,3473.3784423778498,1,277
c,active_quadratic,affine,5.0,100,1.0,9057473,442,0.999999,0.999999,3461.477376216808,0,-1
c,active_quadratic,affine,5.0,100,1.0,9057473,443,0.9998884239841912,0.9990648882001834,3474.6678151453816,0,-1
c,active_quadratic,affine,5.0,100,1.0,9057473,444,0.999999,0.8592799511443467,3457.5612623425473,0,-1
c,active_quadratic,affine,5.0,100,1.0,9057473,445,0.999999,0.9988105986276257,3463.8794862290138,0,-1
c,active_quadratic,affine,5.0,100,1.0,9057473,446,0.9998734284820874,0.9998950389596486,3477.0352963270916,0,-1
c,active_quadratic,affine,5.0,100,1.0,9057473,447,0.9998350105545665,0.999999,3483.1695602243135,0,-1
c,active_quadratic,affine,5.0,100,1.0,9057473,448,-0.9972436193828966,0.999999,3469.024049964443,1,393
c,active_quadratic,affine,5.0,100,1.0,9057473,449,0.999999,0.999999,3460.4008005085325,0,-1
c,active_quadratic,affine,5.0,100,1.0,9057473,450,0.999999,0.9837025918360196,3462.6627211766304,0,-1
c,active_quadratic,affine,5.0,100,1.0,9057473,451,0.999999,0.9892401670747468,3483.8633634978805,0,-1
c,active_quadratic,affine,5.0,100,1.0,9057473,452,0.9982450565879746,0.9999300401649525,3471.8066903452673,0,-1
c,active_quadratic,affine,5.0,100,1.0,9057473,453,-0.999999,0.9996151721476324,3462.0928897251683,1,283
c,active_quadratic,affine,5.0,100,1.0,9057473,454,0.9999449738065768,0.9998683259780976,3438.2009434623433,0,-1
c,active_quadratic,affine,5.0,100,1.0,9057473,455,-0.9727786199663954,0.999999,3463.168794851904,1,275
c,active_quadratic,affine,5.0,100,1.0,9057473,456,0.9999884049443786,0.999999,3469.839790061158,0,-1
c,active_quadratic,affine,5.0,100,1.0,9057473,457,0.9999493559839865,0.9826347433511967,3478.20768040431,0,-1
c,active_quadratic,affine,5.0,100,1.0,9057473,458,0.9999191112983455,0.999999,3427.597905030105,0,-1
c,active_quadratic,affine,5.0,100,1.0,9057473,459,0.999999,0.999999,3471.2197410331705,0,-1
c,active_quadratic,affine,5.0,100,1.0,9057473,460,0.999999,0.999999,3448.444155795037,0,-1
c,active_quadratic,affine,5.0,100,1.0,9057473,461,0.9957237746512255,0.999999,3478.892018821072,0,-1
c,active_quadratic,affine,5.0,100,1.0,9057473,462,0.999999,0.9999578255961344,3454.423067660529,0,-1
c,active_quadratic,affine,5.0,100,1.0,9057473,463,0.9999637722869161,0.9997211831693704,3467.370674458121,0,-1
c,active_quadratic,affine,5.0,100,1.0,9057473,464,0.9765281327315289,0.9983200447014078,3436.7561518534535,0,-1
c,active_quadratic,affine,5.0,100,1.0,9057473,465,0.999999,0.9997417291746846,3422.9755287311236,0,-1
c,active_quadratic,affine,5.0,100,1.0,9057473,466,-0.99761091486672,0.999999,3179.2294358281024,1,276
c,active_quadratic,affine,5.0,100,1.0,9057473,467,0.9995519445874864,0.9946151496305223,3415.9474447853077,0,-1
c,active_quadratic,affine,5.0,100,1.0,9057473,468,0.918875329180144,0.99660928730919,3448.77350289973,0,-1
c,active_quadratic,affine,5.0,100,1.0,9057473,469,0.999999,0.999999,3476.048217754226,0,-1
c,active_quadratic,affine,5.0,100,1.0,9057473,470,0.9999780020687802,0.9804932579572844,3475.1377470635516,0,-1
c,active_quadratic,affine,5.0,100,1.0,9057473,471,0.999999,0.9997161924286949,3474.157198646004,0,-1
c,active_quadratic,affine,5.0,100,1.0,9057473,472,0.999999,0.999999,3477.3473150777327,0,-1
c,active_quadratic,affine,5.0,100,1.0,9057473,473,0.7879319027493237,0.9971574823119731,3463.2749626716254,0,-1
c,active_quadratic,affine,5.0,100,1.0,9057473,474,0.999999,0.9951207794542102,3481.7448311556445,0,-1
c,active_quadratic,affine,5.0,100,1.0,9057473,475,0.9800161009828674,0.999999,3478.1115874534303,0,-1
c,active_quadratic,affine,5.0,100,1.0,9057473,476,0.9999441270924531,0.999999,3410.5610406975493,0,-1
c,active_quadratic,affine,5.0,100,1.0,9057473,477,0.9295460475721721,0.8743474026777799,3439.2999872184873,0,-1
c,active_quadratic,affine,5.0,100,1.0,9057473,478,0.9982575495140679,0.999999,3472.4004193828923,0,-1
c,active_quadratic,affine,5.0,100,1.0,9057473,479,0.999999,0.9907099861082573,3461.2100433725886,0,-1
c,active_quadratic,affine,5.0,100,1.0,9057473,480,-0.999999,-0.999999,0.0,1,382
c,active_quadratic,affine,5.0,100,1.0,9057473,481,0.999999,0.999999,3455.159513454641,0,-1
c,active_quadratic,affine,5.0,100,1.0,9057473,482,0.999999,0.9101330508036617,3468.0860815658543,0,-1
c,active_quadratic,affine,5.0,100,1.0,9057473,483,0.999999,0.999999,3440.8130632036955,0,-1
c,active_quadratic,affine,5.0,100,1.0,9057473,484,-0.999999,0.9975262054046649,3449.247415747752,1,276
c,active_quadratic,affine,5.0,100,1.0,9057473,485,-0.9994133262160718,-0.9993034743001755,0.0,1,292
c,active_quadratic,affine,5.0,100,1.0,9057473,486,-0.9995583982364846,0.999999,3477.1871795581123,1,273
c,active_quadratic,affine,5.0,100,1.0,9057473,487,0.9997637742243933,0.9998084183976778,3478.1274640466495,0,-1
c,active_quadratic,affine,5.0,100,1.0,9057473,488,0.999999,0.999999,3469.8323018987194,0,-1
c,active_quadratic,affine,5.0,100,1.0,9057473,489,0.999999,0.9957092707245282,3468.376407966947,0,-1
c,active_quadratic,affine,5.0,100,1.0,9057473,490,0.9999148005957205,0.999999,3456.406518718752,0,-1
c,active_quadratic,affine,5.0,100,1.0,9057473,491,0.999938785413157,0.999999,3474.680107756304,0,-1
c,active_quadratic,affine,5.0,100,1.0,9057473,492,0.9076314103234222,0.999999,3469.375280544553,0,-1
c,active_quadratic,affine,5.0,100,1.0,9057473,493,0.999999,0.999999,3463.151251956905,0,-1
c,active_quadratic,affine,5.0,100,1.0,9057473,494,0.9999137861170929,0.999999,3468.247064647877,0,-1
c,active_quadratic,affine,5.0,100,1.0,9057473,495,0.9890066340204741,0.999999,3424.234136108218,0,-1
c,active_quadratic,affine,5.0,100,1.0,9057473,496,0.9999921516862668,0.999999,3435.3264217814403,0,-1
c,active_quadratic,affine,5.0,100,1.0,9057473,497,0.9999191213463962,0.999999,3457.1687432415088,0,-1
c,active_quadratic,affine,5.0,100,1.0,9057473,498,0.9991347013532418,0.999999,3402.9314239625055,0,-1
c,active_quadratic,affine,5.0,100,1.0,9057473,499,-0.9995828128994009,0.9972608634110196,3458.6443989235013,1,300
c,active_quadratic,affine,5.0,100,1.0,9057473,500,0.8848223506466312,0.999999,3482.277945749447,0,-1
c,active_quadratic,affine,5.0,100,1.0,9057473,501,0.9992048404007536,0.9997884384844493,3485.238215985589,0,-1
c,active_quadratic,affine,5.0,100,1.0,9057473,502,0.9998731156493186,0.9988680621062939,3467.148796595063,0,-1
c,active_quadratic,affine,5.0,100,1.0,9057473,503,0.9999238724223593,0.999999,3432.7738919060507,0,-1
c,active_quadratic,affine,5.0,100,1.0,9057473,504,0.988584395713029,0.999999,3443.3287702592606,0,-1
c,active_quadratic,affine,5.0,100,1.0,9057473,505,-0.9748978929328938,-0.9360796172913137,0.0,1,284
c,active_quadratic,affine,5.0,100,1.0,9057473,506,0.999999,0.9804850164169664,3427.6378280811236,0,-1
c,active_quadratic,affine,5.0,100,1.0,9057473,507,0.9985550034735903,0.999999,3454.4666193856488,0,-1
c,active_quadratic,affine,5.0,100,1.0,9057473,508,0.9999382078447284,0.553775967839952,3481.0720908195567,0,-1
c,active_quadratic,affine,5.0,100,1.0,9057473,509,0.802479636073876,0.9999227942356216,3441.9801266996415,0,-1
c,active_quadratic,affine,5.0,100,1.0,9057473,510,0.9504451694023289,0.9966702939039231,3485.4441189884997,0,-1
c,active_quadratic,affine,5.0,100,1.0,9057473,511,0.9987166401007196,0.999999,3467.6036772195416,0,-1
c,active_quadratic,affine,5.0,100,1.0,9057473,512,0.9998439843400018,0.9842149033085708,3468.325331447513,0,-1
c,active_quadratic,affine,5.0,100,1.0,9057473,513,0.9593117122864273,0.999999,3479.6165561572425,0,-1
c,active_quadratic,affine,5.0,100,1.0,9057473,514,0.999999,0.999999,3462.5997872574867,0,-1
c,active_quadratic,affine,5.0,100,1.0,9057473,515,0.999999,0.999999,3470.405934181204,0,-1
c,active_quadratic,affine,5.0,100,1.0,9057473,516,0.9971787771565601,0.999999,3476.1802424766474,0,-1
c,active_quadratic,affine,5.0,100,1.0,9057473,517,0.999999,0.999999,3443.3289215690324,0,-1
c,active_quadratic,affine,5.0,100,1.0,9057473,518,0.999999,0.9702423988676078,3452.2815026359553,0,-1
c,active_quadratic,affine,5.0,100,1.0,9057473,519,0.999999,0.999999,3465.8404356939573,0,-1
c,active_quadratic,affine,5.0,100,1.0,9057473,520,0.999999,0.9836967846463014,3455.5186630022818,0,-1
c,active_quadratic,affine,5.0,100,1.0,9057473,521,-0.9991995885494528,0.9680915465783573,3478.951101299189,1,272
c,active_quadratic,affine,5.0,100,1.0,9057473,522,0.9999260580865811,0.9900876945505453,3471.994046510923,0,-1
c,active_quadratic,affine,5.0,100,1.0,9057473,523,0.999929331514288,0.9997610643107897,3474.9544245230127,0,-1
c,active_quadratic,affine,5.0,100,1.0,9057473,524,0.9990771230189659,0.9998998106675692,3442.0887005396007,0,-1
c,active_quadratic,affine,5.0,100,1.0,9057473,525,0.9997456995638528,0.9914231265312422,3435.377817260353,0,-1
c,active_quadratic,affine,5.0,100,1.0,9057473,526,0.999999,0.999999,3458.0800502261486,0,-1
c,active_quadratic,affine,5.0,100,1.0,9057473,527,0.9999588675219389,0.999999,3421.85222105803,0,-1
c,active_quadratic,affine,5.0,100,1.0,9057473,528,0.9993899641948779,0.9996691798214536,3479.512334303734,0,-1
c,active_quadratic,affine,5.0,100,1.0,9057473,529,0.9993470581687613,0.9940889682923627,3459.461191754071,0,-1
c,active_quadratic,affine,5.0,100,1.0,9057473,530,0.9997111145626494,0.9991126341753689,3447.736518797771,0,-1
c,active_quadratic,affine,5.0,100,1.0,9057473,531,0.9998869670908245,0.9956721271473992,3448.090760728534,0,-1
c,active_quadratic,affine,5.0,100,1.0,9057473,532,0.999999,0.9998890511955222,3481.410928376665,0,-1
c,active_quadratic,affine,5.0,100,1.0,9057473,533,0.999999,0.9775219230990442,3466.532717598319,0,-1
c,active_quadratic,affine,5.0,100,1.0,9057473,534,0.9191286512696104,0.9999975111821129,3456.759441689343,0,-1
c,active_quadratic,affine,5.0,100,1.0,9057473,535,0.999999,0.999999,3475.354230689671,0,-1
c,active_quadratic,affine,5.0,100,1.0,9057473,536,0.9759654518328323,0.9999486008033001,3435.148165226598,0,-1
c,active_quadratic,affine,5.0,100,1.0,9057473,537,-0.999999,0.999999,3398.0670488294136,1,325
c,active_quadratic,affine,5.0,100,1.0,9057473,538,0.963119829128704,0.999999,3445.7027394643255,0,-1
c,active_quadratic,affine,5.0,100,1.0,9057473,539,0.999999,0.999999,3460.3995045764664,0,-1
c,active_quadratic,affine,5.0,100,1.0,9057473,540,0.9998697746883362,0.999671911844852,3467.9500803585574,0,-1
c,active_quadratic,affine,5.0,100,1.0,9057473,541,0.9999183667943808,0.999999,3436.432430902382,0,-1
c,active_quadratic,affine,5.0,100,1.0,9057473,542,0.999999,0.9954551555585154,3470.699449018977,0,-1
c,active_quadratic,affine,5.0,100,1.0,9057473,543,-0.9993612285394332,0.999999,3474.6931012318437,1,284
c,active_quadratic,affine,5.0,100,1.0,9057473,544,0.999999,0.999999,3474.5091228820697,0,-1
c,active_quadratic,affine,5.0,100,1.0,9057473,545,0.9999214956987614,0.999999,3452.069435503832,0,-1
c,active_quadratic,affine,5.0,100,1.0,9057473,546,0.9999917796376595,0.941894886735428,3466.557473143345,0,-1
c,active_quadratic,affine,5.0,100,1.0,9057473,547,0.992901734920822,0.9996003655972041,3439.028155111478,0,-1
c,active_quadratic,affine,5.0,100,1.0,9057473,548,-0.9977140724671745,-0.9909775907573306,0.0,1,287
c,active_quadratic,affine,5.0,100,1.0,9057473,549,0.999999,0.9999404055364832,3477.9395674613543,0,-1
c,active_quadratic,affine,5.0,100,1.0,9057473,550,0.976894111731339,0.9728628345507643,3459.7495308057696,0,-1
c,active_quadratic,affine,5.0,100,1.0,9057473,551,0.7371459669011157,0.999999,3465.780886534007,0,-1
c,active_quadratic,affine,5.0,100,1.0,9057473,552,0.999999,0.9998208101174548,3479.8209257075555,0,-1
c,active_quadratic,affine,5.0,100,1.0,9057473,553,0.999999,0.999999,3460.2104906310356,0,-1
c,active_quadratic,affine,5.0,100,1.0,9057473,554,-0.999999,-0.9977327926341331,0.0,1,270
c,active_quadratic,affine,5.0,100,1.0,9057473,555,0.827375343052145,0.9997136904899175,3483.76260635712,0,-1
c,active_quadratic,affine,5.0,100,1.0,9057473,556,0.947947754035338,0.8847375915408214,3449.8934578022804,0,-1
c,active_quadratic,affine,5.0,100,1.0,9057473,557,0.9999767347595669,0.999999,3458.192632888244,0,-1
c,active_quadratic,affine,5.0,100,1.0,9057473,558,-0.9958815438853663,0.9186051115894109,3437.7659180187816,1,288
c,active_quadratic,affine,5.0,100,1.0,9057473,559,0.9997779928094213,0.9999585881211821,3469.6740097380807,0,-1
c,active_quadratic,affine,5.0,100,1.0,9057473,560,0.5822712063801914,0.9984899415291271,3464.533764842188,0,-1
c,active_quadratic,affine,5.0,100,1.0,9057473,561,0.9998323100412153,0.999999,3459.7664248546503,0,-1
c,active_quadratic,affine,5.0,100,1.0,9057473,562,0.999999,0.9992748329953463,3467.508523665775,1,272
c,active_quadratic,affine,5.0,100,1.0,9057473,563,0.999999,0.9955160664894366,3467.754593673208,0,-1
c,active_quadratic,affine,5.0,100,1.0,9057473,564,0.9969045206558688,0.9999815171369338,3472.4480393725426,0,-1
c,active_quadratic,affine,5.0,100,1.0,9057473,565,0.999999,0.9999359276459873,3473.4650004695136,0,-1
c,active_quadratic,affine,5.0,100,1.0,9057473,566,0.9943323684454286,0.9730166185808043,3467.7880704569443,0,-1
c,active_quadratic,affine,5.0,100,1.0,9057473,567,0.882029004081064,0.999999,3424.9113762034785,0,-1
c,active_quadratic,affine,5.0,100,1.0,9057473,568,0.9996303359790369,0.9999386680108098,3471.310563084288,0,-1
c,active_quadratic,affine,5.0,100,1.0,9057473,569,0.9999407383564952,0.9917396735034149,3454.909352940212,0,-1
c,active_quadratic,affine,5.0,100,1.0,9057473,570,0.999999,0.999999,3463.3663930643793,0,-1
c,active_quadratic,affine,5.0,100,1.0,9057473,571,0.9994762464716173,0.9965714128169552,3480.7914462380186,0,-1
c,active_quadratic,affine,5.0,100,1.0,9057473,572,-0.9966402206349885,-0.999999,0.0,1,302
c,active_quadratic,affine,5.0,100,1.0,9057473,573,0.7249437892532928,0.9955973796335097,3470.677860847645,0,-1
c,active_quadratic,affine,5.0,100,1.0,9057473,574,0.9978876041234446,0.9998408849239355,3468.068633921025,0,-1
c,active_quadratic,affine,5.0,100,1.0,9057473,575,0.9999851824387747,0.999999,3466.9423299922996,0,-1
c,active_quadratic,affine,5.0,100,1.0,9057473,576,0.999999,0.9980777231051604,3472.9860359588815,0,-1
c,active_quadratic,affine,5.0,100,1.0,9057473,577,0.999999,0.9998829137585941,3423.099878771026,0,-1
c,active_quadratic,affine,5.0,100,1.0,9057473,578,0.9570722708222082,0.9997772565657252,3483.462747710241,0,-1
c,active_quadratic,affine,5.0,100,1.0,9057473,579,-0.9992616464567329,-0.9994335340229121,0.0,1,270
c,active_quadratic,affine,5.0,100,1.0,9057473,580,0.9988214885833664,0.9653867492287417,3474.109380701305,0,-1
c,active_quadratic,affine,5.0,100,1.0,9057473,581,-0.9951694304435202,0.9994576588350594,3484.332734235521,1,300
c,active_quadratic,affine,5.0,100,1.0,9057473,582,0.999999,0.9996748378375522,3480.432059478381,0,-1
c,active_quadratic,affine,5.0,100,1.0,9057473,583,0.999999,0.999999,3463.360781923156,0,-1
c,active_quadratic,affine,5.0,100,1.0,9057473,584,0.9882818206493927,0.9971987516643458,3474.856948010645,0,-1
c,active_quadratic,affine,5.0,100,1.0,9057473,585,-0.9991716954119746,-0.999999,0.0,1,325
c,active_quadratic,affine,5.0,100,1.0,9057473,586,0.9985913734400044,0.9998454064443926,3434.406731736025,0,-1
c,active_quadratic,affine,5.0,100,1.0,9057473,587,0.9982851160654878,0.9998262730522697,3464.315788104615,0,-1
c,active_quadratic,affine,5.0,100,1.0,9057473,588,0.999999,0.7105209758787018,3367.7188686313393,0,-1
c,active_quadratic,affine,5.0,100,1.0,9057473,589,-0.999999,-0.9993488179948641,0.0,1,367
c,active_quadratic,affine,5.0,100,1.0,9057473,590,0.9963178946450879,0.9955941100966464,3462.984053582836,0,-1
c,active_quadratic,affine,5.0,100,1.0,9057473,591,0.9836506838726246,0.999999,3474.924629101802,0,-1
c,active_quadratic,affine,5.0,100,1.0,9057473,592,0.999999,0.999999,3437.7500183041075,0,-1
c,active_quadratic,affine,5.0,100,1.0,9057473,593,0.999886054610721,0.999999,3448.848639649669,0,-1
c,active_quadratic,affine,5.0,100,1.0,9057473,594,0.9987643710310434,0.999986575392092,3470.6722814503614,0,-1
c,active_quadratic,affine,5.0,100,1.0,9057473,595,0.999999,0.999999,3454.026382616529,0,-1
c,active_quadratic,affine,5.0,100,1.0,9057473,596,0.999999,0.9995089418885562,3432.7995173139548,0,-1
c,active_quadratic,affine,5.0,100,1.0,9057473,597,0.999999,0.9886662889126016,3448.6020431189845,0,-1
c,active_quadratic,affine,5.0,100,1.0,9057473,598,0.8771630438822215,0.999999,3461.3919061545507,0,-1
c,active_quadratic,affine,5.0,100,1.0,9057473,599,0.999999,0.999999,3476.870831176177,0,-1
c,active_quadratic,affine,5.0,100,1.0,9057473,600,0.9998552873380391,0.9998080100252589,3481.508723389415,0,-1
c,active_quadratic,affine,5.0,100,1.0,9057473,601,0.9960874750991825,0.9998453263928382,3471.2643204748138,0,-1
c,active_quadratic,affine,5.0,100,1.0,9057473,602,0.9999716109263195,0.999961340450991,3480.256978656069,0,-1
c,active_quadratic,affine,5.0,100,1.0,9057473,603,0.9999390010578667,0.8677459539045146,3428.6389377518194,0,-1
c,active_quadratic,affine,5.0,100,1.0,9057473,604,0.999999,0.999999,3479.6780705358256,0,-1
c,active_quadratic,affine,5.0,100,1.0,9057473,605,-0.9835040899721641,0.999999,3445.843070675555,1,367
c,active_quadratic,affine,5.0,100,1.0,9057473,606,0.9988522651495972,0.999999,3463.469297468129,0,-1
c,active_quadratic,affine,5.0,100,1.0,9057473,607,0.999999,0.999999,3465.886163784189,0,-1
c,active_quadratic,affine,5.0,100,1.0,9057473,608,0.9995037370613463,0.9858235043870629,3446.512713988638,0,-1
c,active_quadratic,affine,5.0,100,1.0,9057473,609,0.9104712642269523,0.9998530979235881,3473.0171927763895,0,-1
c,active_quadratic,affine,5.0,100,1.0,9057473,610,0.9998472251651723,0.9998985425521885,3459.315646037101,0,-1
c,active_quadratic,affine,5.0,100,1.0,9057473,611,0.9940101095270235,0.999999,3446.231719020794,0,-1
c,active_quadratic,affine,5.0,100,1.0,9057473,612,-0.9929021868984206,0.9920406515834891,3459.534953864639,1,328
c,active_quadratic,affine,5.0,100,1.0,9057473,613,0.9114337888445548,0.9997305656535891,3439.6287922031997,0,-1
c,active_quadratic,affine,5.0,100,1.0,9057473,614,0.9256017107958727,0.9999796004766935,3460.7126964473764,0,-1
c,active_quadratic,affine,5.0,100,1.0,9057473,615,0.9993906101941867,0.999999,3473.4095385772034,0,-1
c,active_quadratic,affine,5.0,100,1.0,9057473,616,0.9977426679522543,0.9998543752238769,3465.0694267989834,0,-1
c,active_quadratic,affine,5.0,100,1.0,9057473,617,0.999999,0.9964648694787673,3458.065854275436,0,-1
c,active_quadratic,affine,5.0,100,1.0,9057473,618,0.999999,0.999999,3461.164655976032,0,-1
c,active_quadratic,affine,5.0,100,1.0,9057473,619,0.999999,0.999999,3447.1343965159326,0,-1
c,active_quadratic,affine,5.0,100,1.0,9057473,620,0.999851852510332,0.999999,3467.0123155724705,0,-1
c,active_quadratic,affine,5.0,100,1.0,9057473,621,-0.999999,0.9997113725500235,1742.2630483328946,1,318
c,active_quadratic,affine,5.0,100,1.0,9057473,622,0.999999,0.9958276028174518,3465.7892136443447,0,-1
c,active_quadratic,affine,5.0,100,1.0,9057473,623,0.9980976374478665,0.999999,3454.9320311460724,0,-1
c,active_quadratic,affine,5.0,100,1.0,9057473,624,0.9939365568212695,0.9993521803024648,3463.5327779525223,0,-1
c,active_quadratic,affine,5.0,100,1.0,9057473,625,0.9989930962885497,0.9963422244065778,3483.636656044648,0,-1
c,active_quadratic,affine,5.0,100,1.0,9057473,626,0.8290571334816256,0.9978467862396682,3456.3613812406434,0,-1
c,active_quadratic,affine,5.0,100,1.0,9057473,627,0.9245021076034288,0.999863892111121,3486.695831812504,0,-1
c,active_quadratic,affine,5.0,100,1.0,9057473,628,-0.999307159495838,0.999999,3469.94008787193,1,330
c,active_quadratic,affine,5.0,100,1.0,9057473,629,0.9999734519325463,0.9965543930435115,3476.5417561965833,0,-1
c,active_quadratic,affine,5.0,100,1.0,9057473,630,0.9999039293831761,0.997955733362636,3473.2295995120353,0,-1
c,active_quadratic,affine,5.0,100,1.0,9057473,631,0.999999,0.999999,3433.062077267922,0,-1
c,active_quadratic,affine,5.0,100,1.0,9057473,632,0.999999,0.9999884868657551,3449.338985673207,0,-1
c,active_quadratic,affine,5.0,100,1.0,9057473,633,0.999999,0.9967042046768929,3475.1529835464316,0,-1
c,active_quadratic,affine,5.0,100,1.0,9057473,634,0.999999,0.9981412153386173,3472.3881065396295,0,-1
c,active_quadratic,affine,5.0,100,1.0,9057473,635,0.999999,0.9919528072188263,3440.8733259974624,0,-1
c,active_quadratic,affine,5.0,100,1.0,9057473,636,0.9956512944658218,0.999999,3452.163155530357,0,-1
c,active_quadratic,affine,5.0,100,1.0,9057473,637,0.9999571246965113,0.9842442035192347,3484.2448984710836,0,-1
c,active_quadratic,affine,5.0,100,1.0,9057473,638,0.9999104332214318,0.999999,3458.2439818797748,0,-1
c,active_quadratic,affine,5.0,100,1.0,9057473,639,0.999999,0.9997459167877496,3461.553895539384,0,-1
c,active_quadratic,affine,5.0,100,1.0,9057473,640,0.9999777352236867,0.999999,3466.435334527236,0,-1
c,active_quadratic,affine,5.0,100,1.0,9057473,641,-0.9301054661098466,0.943055880262234,3438.209124460104,1,270
c,active_quadratic,affine,5.0,100,1.0,9057473,642,0.998376119307882,0.9999777949376965,3446.4433758288865,0,-1
c,active_quadratic,affine,5.0,100,1.0,9057473,643,-0.997068617188555,0.999999,3462.1603208688553,1,321
c,active_quadratic,affine,5.0,100,1.0,9057473,644,0.999852470487723,0.9964695651665988,3473.239595716375,0,-1
c,active_quadratic,affine,5.0,100,1.0,9057473,645,0.9998868540287236,0.999999,3479.1003495848186,0,-1
c,active_quadratic,affine,5.0,100,1.0,9057473,646,-0.6546171254754355,0.999999,3482.164976787872,1,267
c,active_quadratic,affine,5.0,100,1.0,9057473,647,-0.9916469808924043,0.9999485280803424,3476.2555823277626,1,279
c,active_quadratic,affine,5.0,100,1.0,9057473,648,0.999999,0.999999,3396.190563506657,0,-1
c,active_quadratic,affine,5.0,100,1.0,9057473,649,0.9962730404401267,0.9982272477777657,3458.74846759998,0,-1
c,active_quadratic,affine,5.0,100,1.0,9057473,650,0.8738931513020031,0.999999,3468.0001108765855,0,-1
c,active_quadratic,affine,5.0,100,1.0,9057473,651,0.999999,0.9775997064200815,3479.6818805853914,0,-1
c,active_quadratic,affine,5.0,100,1.0,9057473,652,0.9981839730487064,0.999999,3467.3463847702556,0,-1
c,active_quadratic,affine,5.0,100,1.0,9057473,653,0.9986222581261003,0.9820605016402186,3451.742873330198,0,-1
c,active_quadratic,affine,5.0,100,1.0,9057473,654,0.9999242184502445,0.99999525636667,3464.8983652666925,0,-1
c,active_quadratic,affine,5.0,100,1.0,9057473,655,-0.9999849999609952,0.9973227361406791,3407.936007501092,1,333
c,active_quadratic,affine,5.0,100,1.0,9057473,656,-0.999999,0.999999,3467.632813687827,1,328
c,active_quadratic,affine,5.0,100,1.0,9057473,657,0.9996955194025005,0.999999,3455.735791454617,0,-1
c,active_quadratic,affine,5.0,100,1.0,9057473,658,0.999999,0.9433648240271248,3428.4673269821014,0,-1
c,active_quadratic,affine,5.0,100,1.0,9057473,659,0.999999,0.9939888014319535,3469.9869843352317,0,-1
c,active_quadratic,affine,5.0,100,1.0,9057473,660,-0.9020692085727979,0.999895459984983,3475.8542825564978,1,286
c,active_quadratic,affine,5.0,100,1.0,9057473,661,0.987327247252238,0.9999661330703162,3474.5908485925993,0,-1
c,active_quadratic,affine,5.0,100,1.0,9057473,662,0.999999,0.9999817482967701,3471.587399483652,0,-1
c,active_quadratic,affine,5.0,100,1.0,9057473,663,0.9877417627376966,0.999999,3420.868519166349,0,-1
c,active_quadratic,affine,5.0,100,1.0,9057473,664,0.9438568025702757,0.999999,3468.1705167420164,0,-1
c,active_quadratic,affine,5.0,100,1.0,9057473,665,-0.999999,-0.9905793595009172,0.0,1,273
c,active_quadratic,affine,5.0,100,1.0,9057473,666,0.9986638991205236,0.9902177170660109,3439.3700420961354,0,-1
c,active_quadratic,affine,5.0,100,1.0,9057473,667,0.9990330850305481,0.9998300566724455,3481.3633669807245,0,-1
c,active_quadratic,affine,5.0,100,1.0,9057473,668,0.9998241942830601,0.999999,3462.848166970228,0,-1
c,active_quadratic,affine,5.0,100,1.0,9057473,669,0.9998356260445743,0.996749571830638,3463.992562454795,0,-1
c,active_quadratic,affine,5.0,100,1.0,9057473,670,0.999999,0.999999,3464.724202739275,0,-1
c,active_quadratic,affine,5.0,100,1.0,9057473,671,0.999999,0.999999,3482.1696578567903,0,-1
c,active_quadratic,affine,5.0,100,1.0,9057473,672,0.999999,0.8300325570533383,3459.0937365813115,0,-1
c,active_quadratic,affine,5.0,100,1.0,9057473,673,0.9995851805722327,0.999999,3443.0445803209454,0,-1
c,active_quadratic,affine,5.0,100,1.0,9057473,674,-0.9557295183094406,-0.999999,0.0,1,272
c,active_quadratic,affine,5.0,100,1.0,9057473,675,0.999968897992432,0.999999,3454.056850589721,0,-1
c,active_quadratic,affine,5.0,100,1.0,9057473,676,0.999999,0.9985918174717525,3460.183231044208,0,-1
c,active_quadratic,affine,5.0,100,1.0,9057473,677,0.9999860376042637,0.9999447140443665,3405.7615447911066,0,-1
c,active_quadratic,affine,5.0,100,1.0,9057473,678,0.9978032696979617,0.999999,3395.7401116537476,0,-1
c,active_quadratic,affine,5.0,100,1.0,9057473,679,0.999999,0.999999,3442.771729518151,0,-1
c,active_quadratic,affine,5.0,100,1.0,9057473,680,-0.999999,0.9998532838179264,3468.7289835459883,1,278
c,active_quadratic,affine,5.0,100,1.0,9057473,681,0.9978396323616835,0.999999,3455.1820364687746,0,-1
c,active_quadratic,affine,5.0,100,1.0,9057473,682,-0.9992423283192868,0.9999738113131121,3472.009482856871,1,373
c,active_quadratic,affine,5.0,100,1.0,9057473,683,0.9962031269287401,0.999999,3476.4063555769867,0,-1
c,active_quadratic,affine,5.0,100,1.0,9057473,684,0.9978728733320152,0.9872820797122278,3453.1163971048672,0,-1
c,active_quadratic,affine,5.0,100,1.0,9057473,685,-0.9907869301548964,0.9313521973051125,3441.4194069285245,1,281
c,active_quadratic,affine,5.0,100,1.0,9057473,686,0.8783854616860735,0.999999,3462.6564889318324,0,-1
c,active_quadratic,affine,5.0,100,1.0,9057473,687,-0.9612217059982905,-0.949123571327149,0.0,1,286
c,active_quadratic,affine,5.0,100,1.0,9057473,688,0.9992570385569614,0.9997793264117714,3371.2249851940096,0,-1
c,active_quadratic,affine,5.0,100,1.0,9057473,689,0.9980163526680759,0.999999,3460.028972387136,0,-1
c,active_quadratic,affine,5.0,100,1.0,9057473,690,-0.999999,0.999999,3456.641259961639,1,284
c,active_quadratic,affine,5.0,100,1.0,9057473,691,0.9900484367205314,0.9998362481190491,3461.9677027115886,0,-1
c,active_quadratic,affine,5.0,100,1.0,9057473,692,0.9920369530420398,0.9999000353703594,3428.8799669122263,0,-1
c,active_quadratic,affine,5.0,100,1.0,9057473,693,0.9970711362919946,0.9990914866760348,3467.710663905571,0,-1
c,active_quadratic,affine,5.0,100,1.0,9057473,694,0.999999,0.999999,3462.9508037470446,0,-1
c,active_quadratic,affine,5.0,100,1.0,9057473,695,0.999783635030973,0.999999,3433.7879287019346,0,-1
c,active_quadratic,affine,5.0,100,1.0,9057473,696,0.999999,0.999999,3452.5490612976564,0,-1
c,active_quadratic,affine,5.0,100,1.0,9057473,697,-0.9813834753434447,0.9994346971407077,3457.9011532783693,1,311
c,active_quadratic,affine,5.0,100,1.0,9057473,698,0.9991598339315665,0.999999,3475.9069887288206,0,-1
c,active_quadratic,affine,5.0,100,1.0,9057473,699,-0.9674058173220724,0.9997850515946283,3410.4561231575203,1,285
c,active_quadratic,affine,5.0,100,1.0,9057473,700,0.9998257826607186,0.99996835715357,3381.2299003497797,0,-1
c,active_quadratic,affine,5.0,100,1.0,9057473,701,0.999999,0.9993747783461284,3459.4729241166942,0,-1
c,active_quadratic,affine,5.0,100,1.0,9057473,702,-0.9945910084003485,0.9998419972993418,3452.9062308536327,1,290
c,active_quadratic,affine,5.0,100,1.0,9057473,703,0.9982528620277216,0.999999,3476.674673478177,0,-1
c,active_quadratic,affine,5.0,100,1.0,9057473,704,0.999999,0.9999563496966601,3481.8857642054872,0,-1
c,active_quadratic,affine,5.0,100,1.0,9057473,705,0.9475652929605712,0.9999239666648234,3476.38652223559,0,-1
c,active_quadratic,affine,5.0,100,1.0,9057473,706,0.9835595826305168,0.980812293159357,3459.113063622465,0,-1
c,active_quadratic,affine,5.0,100,1.0,9057473,707,0.999999,0.9997899584341519,3471.3482004975967,0,-1
c,active_quadratic,affine,5.0,100,1.0,9057473,708,0.7634857813576761,0.9998628589395185,3485.5220806514335,0,-1
c,active_quadratic,affine,5.0,100,1.0,9057473,709,0.9998451226230919,0.999999,3463.2362004503834,0,-1
c,active_quadratic,affine,5.0,100,1.0,9057473,710,0.6245713792908847,0.999999,3468.7616178312046,0,-1
c,active_quadratic,affine,5.0,100,1.0,9057473,711,0.9620630105051244,0.9999049354131601,3459.401569141944,0,-1
c,active_quadratic,affine,5.0,100,1.0,9057473,712,0.9997473990911399,0.9999487894041399,3461.7846272488373,0,-1
c,active_quadratic,affine,5.0,100,1.0,9057473,713,0.999999,0.999938782096129,3469.3976484215045,0,-1
c,active_quadratic,affine,5.0,100,1.0,9057473,714,-0.8342918823409697,0.9999150022186916,3470.4974855260516,1,283
c,active_quadratic,affine,5.0,100,1.0,9057473,715,0.998513749614733,0.999999,3456.351205209605,0,-1
c,active_quadratic,affine,5.0,100,1.0,9057473,716,0.9999719504133135,0.997762721330096,3455.968490477482,0,-1
c,active_quadratic,affine,5.0,100,1.0,9057473,717,0.9987105874189662,0.999999,3462.971355284945,0,-1
c,active_quadratic,affine,5.0,100,1.0,9057473,718,0.999999,0.975250593362616,3475.577007018086,0,-1
c,active_quadratic,affine,5.0,100,1.0,9057473,719,0.9998579682934428,0.954929452686078,3459.230337989392,0,-1
c,active_quadratic,affine,5.0,100,1.0,9057473,720,-0.9976674265786596,0.999999,3473.8322954394935,1,295
c,active_quadratic,affine,5.0,100,1.0,9057473,721,0.999999,0.999999,3474.7825416120777,0,-1
c,active_quadratic,affine,5.0,100,1.0,9057473,722,-0.9899180586847115,0.9999143233722049,3453.010101209456,1,293
c,active_quadratic,affine,5.0,100,1.0,9057473,723,0.999931195223915,0.9999855962282254,3482.214908884289,0,-1
c,active_quadratic,affine,5.0,100,1.0,9057473,724,0.9825690011786691,0.9986826213482923,3469.3510003877805,1,295
c,active_quadratic,affine,5.0,100,1.0,9057473,725,0.9997827047497158,0.9707090000085127,3475.5024967672844,0,-1
c,active_quadratic,affine,5.0,100,1.0,9057473,726,0.999999,0.9827048010063748,3477.157280454905,0,-1
c,active_quadratic,affine,5.0,100,1.0,9057473,727,-0.9992808074005848,0.9697573626112814,3449.820973614375,1,278
c,active_quadratic,affine,5.0,100,1.0,9057473,728,0.999999,0.9998073027563177,3452.3355117223846,0,-1
c,active_quadratic,affine,5.0,100,1.0,9057473,729,0.9997415803575262,0.999999,3468.483919302659,0,-1
c,active_quadratic,affine,5.0,100,1.0,9057473,730,-0.9592372222258313,0.9999253923194632,3456.4330551972967,1,350
c,active_quadratic,affine,5.0,100,1.0,9057473,731,0.999999,0.9998596109689648,3430.6314693487725,0,-1
c,active_quadratic,affine,5.0,100,1.0,9057473,732,-0.9990014263192849,0.999999,3452.99355861214,1,279
c,active_quadratic,affine,5.0,100,1.0,9057473,733,0.999999,0.9998759659905158,3470.188929367068,0,-1
c,active_quadratic,affine,5.0,100,1.0,9057473,734,0.9996471647161763,0.8813092789567651,3466.058351648113,0,-1
c,active_quadratic,affine,5.0,100,1.0,9057473,735,-0.999999,0.999999,3399.0983765228716,1,340
c,active_quadratic,affine,5.0,100,1.0,9057473,736,0.9969132420730166,0.999999,3468.1229122367445,0,-1
c,active_quadratic,affine,5.0,100,1.0,9057473,737,0.9988127159224589,0.999940419983576,3482.9952057658784,0,-1
c,active_quadratic,affine,5.0,100,1.0,9057473,738,-0.9993917122033648,0.9992199946864313,3458.1424147622065,1,285
c,active_quadratic,affine,5.0,100,1.0,9057473,739,0.9959641674319121,0.999999,3474.797576352088,0,-1
c,active_quadratic,affine,5.0,100,1.0,9057473,740,0.9999887717982683,0.5825107503630805,3379.415251764391,0,-1
c,active_quadratic,affine,5.0,100,1.0,9057473,741,0.9997989559553025,0.9998270409496665,3476.41874175731,0,-1
c,active_quadratic,affine,5.0,100,1.0,9057473,742,0.999999,0.999999,3469.0593888439676,0,-1
c,active_quadratic,affine,5.0,100,1.0,9057473,743,0.999999,0.999999,3476.414368262185,0,-1
c,active_quadratic,affine,5.0,100,1.0,9057473,744,0.999999,0.999999,3457.729013986955,0,-1
c,active_quadratic,affine,5.0,100,1.0,9057473,745,0.9999204892292947,0.9991896552515134,3458.650679669198,0,-1
c,active_quadratic,affine,5.0,100,1.0,9057473,746,-0.8612673625441072,0.9973443744650885,3470.9233773095416,1,323
c,active_quadratic,affine,5.0,100,1.0,9057473,747,0.9655654343104602,0.9993619526891299,3463.333852917545,0,-1
c,active_quadratic,affine,5.0,100,1.0,9057473,748,0.9719686382760654,0.9968943951128838,3456.439728963005,0,-1
c,active_quadratic,affine,5.0,100,1.0,9057473,749,-0.9993501544543044,-0.9584048565589156,0.0,1,290
c,active_quadratic,affine,5.0,100,1.0,9057473,750,-0.999999,0.999999,3477.001296163248,1,286
c,active_quadratic,affine,5.0,100,1.0,9057473,751,0.9999177905078931,0.999999,3480.227874935429,0,-1
c,active_quadratic,affine,5.0,100,1.0,9057473,752,0.999999,0.9662419258014978,3459.6381067870375,1,267
c,active_quadratic,affine,5.0,100,1.0,9057473,753,0.9960305963167793,0.999999,3459.1131945107577,0,-1
c,active_quadratic,affine,5.0,100,1.0,9057473,754,0.999999,0.9971142213838441,3461.4049521867328,0,-1
c,active_quadratic,affine,5.0,100,1.0,9057473,755,0.999999,0.999999,3464.799092898215,0,-1
c,active_quadratic,affine,5.0,100,1.0,9057473,756,0.999999,0.9999407631246935,3470.076879962671,0,-1
c,active_quadratic,affine,5.0,100,1.0,9057473,757,0.9981312250363371,0.999999,3487.089424822142,0,-1
c,active_quadratic,affine,5.0,100,1.0,9057473,758,0.9994553497007314,0.999999,3433.963156712571,0,-1
c,active_quadratic,affine,5.0,100,1.0,9057473,759,0.9988008695915858,0.9974920531474083,3478.7255852440403,0,-1
c,active_quadratic,affine,5.0,100,1.0,9057473,760,0.9150384756834826,0.9997282161592229,3484.2521312903136,0,-1
c,active_quadratic,affine,5.0,100,1.0,9057473,761,0.9995538380565955,0.999999,3418.547451990617,0,-1
c,active_quadratic,affine,5.0,100,1.0,9057473,762,0.999999,0.999999,3453.12434918646,0,-1
c,active_quadratic,affine,5.0,100,1.0,9057473,763,0.9019017116594117,0.9743423155277423,3480.755888702283,0,-1
c,active_quadratic,affine,5.0,100,1.0,9057473,764,-0.9941126373339015,0.9921347297526665,3424.54450363971,1,267
c,active_quadratic,affine,5.0,100,1.0,9057473,765,0.9998443854974387,0.999317372291226,3401.7598206555485,0,-1
c,active_quadratic,affine,5.0,100,1.0,9057473,766,0.9999727538269676,0.999999,3476.9315450733916,0,-1
c,active_quadratic,affine,5.0,100,1.0,9057473,767,0.9875372164307389,0.9997035955416387,3460.745910083975,0,-1
c,active_quadratic,affine,5.0,100,1.0,9057473,768,0.995547754233301,0.9997121991887584,3446.6105995232547,0,-1
c,active_quadratic,affine,5.0,100,1.0,9057473,769,0.9999336524826217,0.999999,3473.931426434408,0,-1
c,active_quadratic,affine,5.0,100,1.0,9057473,770,0.999999,0.999853587856839,3457.586421866158,0,-1
c,active_quadratic,affine,5.0,100,1.0,9057473,771,0.999999,0.999999,3471.863327993886,0,-1
c,active_quadratic,affine,5.0,100,1.0,9057473,772,0.999999,0.999999,3446.6174405404226,0,-1
c,active_quadratic,affine,5.0,100,1.0,9057473,773,0.999999,0.9946193662780087,3463.245730609789,0,-1
c,active_quadratic,affine,5.0,100,1.0,9057473,774,0.9997851523951975,0.9998728049573071,3475.0531784207424,0,-1
c,active_quadratic,affine,5.0,100,1.0,9057473,775,0.999999,0.9999244683284665,3476.6579539670047,0,-1
c,active_quadratic,affine,5.0,100,1.0,9057473,776,0.999999,0.999999,3458.916510608314,0,-1
c,active_quadratic,affine,5.0,100,1.0,9057473,777,-0.42638688511736944,-0.9964418971306745,0.0,1,333
c,active_quadratic,affine,5.0,100,1.0,9057473,778,0.999999,0.9979973118141331,3441.4204433212412,0,-1
c,active_quadratic,affine,5.0,100,1.0,9057473,779,0.999999,0.9478077837778413,3474.536274834504,0,-1
c,active_quadratic,affine,5.0,100,1.0,9057473,780,0.999999,0.9999680948510973,3453.97826367649,0,-1
c,active_quadratic,affine,5.0,100,1.0,9057473,781,-0.999999,0.999999,3483.054707850475,1,291
c,active_quadratic,affine,5.0,100,1.0,9057473,782,0.9996042905037379,0.998610846216301,3471.0868750745053,0,-1
c,active_quadratic,affine,5.0,100,1.0,9057473,783,0.999999,0.9999363444082237,3449.6458142776582,0,-1
c,active_quadratic,affine,5.0,100,1.0,9057473,784,-0.9976006413523336,-0.999999,0.0,1,307
c,active_quadratic,affine,5.0,100,1.0,9057473,785,0.999999,0.999999,3483.1018926743873,0,-1
c,active_quadratic,affine,5.0,100,1.0,9057473,786,0.9431313368107934,0.9900252898766022,3484.0697678100432,0,-1
c,active_quadratic,affine,5.0,100,1.0,9057473,787,0.999999,0.9943646454511883,3443.5587042518346,0,-1
c,active_quadratic,affine,5.0,100,1.0,9057473,788,0.999999,0.9990247003014782,3474.374954429782,0,-1
c,active_quadratic,affine,5.0,100,1.0,9057473,789,0.999999,0.9998622664131837,3469.2858653257017,0,-1
c,active_quadratic,affine,5.0,100,1.0,9057473,790,0.9805673604987846,0.999999,3470.414387323318,0,-1
c,active_quadratic,affine,5.0,100,1.0,9057473,791,0.999999,0.9971557766289033,3453.061338272475,0,-1
c,active_quadratic,affine,5.0,100,1.0,9057473,792,0.8728522503974363,0.999999,3468.3987932870837,0,-1
c,active_quadratic,affine,5.0,100,1.0,9057473,793,0.999587021313896,0.999999,3477.7503155285876,0,-1
c,active_quadratic,affine,5.0,100,1.0,9057473,794,0.9988665392910056,0.9995341999132438,3470.2031021936855,0,-1
c,active_quadratic,affine,5.0,100,1.0,9057473,795,0.9897749877134951,0.9713658462140945,3463.427446777577,0,-1
c,active_quadratic,affine,5.0,100,1.0,9057473,796,-0.9961140154147382,0.999999,3463.129043665996,1,374
c,active_quadratic,affine,5.0,100,1.0,9057473,797,0.999999,0.9162053521938299,3448.7281404903583,0,-1
c,active_quadratic,affine,5.0,100,1.0,9057473,798,0.999999,0.999999,3470.1313778587196,0,-1
c,active_quadratic,affine,5.0,100,1.0,9057473,799,0.999999,0.999999,3448.1195482840003,0,-1
c,active_quadratic,affine,5.0,100,1.0,9057473,800,0.999869226226708,0.21001826380386784,3460.3274300458856,0,-1
c,active_quadratic,affine,5.0,100,1.0,9057473,801,0.999999,0.9999174033818748,3462.8768553191126,0,-1
c,active_quadratic,affine,5.0,100,1.0,9057473,802,0.999999,0.9529866395271278,3448.618026076261,0,-1
c,active_quadratic,affine,5.0,100,1.0,9057473,803,0.999999,0.999999,3450.3182872396824,0,-1
c,active_quadratic,affine,5.0,100,1.0,9057473,804,-0.9981902425829969,0.9964282524227929,3438.5824002049962,1,378
c,active_quadratic,affine,5.0,100,1.0,9057473,805,0.999999,0.999999,3440.4173766531485,0,-1
c,active_quadratic,affine,5.0,100,1.0,9057473,806,0.999999,0.9998092110996826,3473.7956673436765,0,-1
c,active_quadratic,affine,5.0,100,1.0,9057473,807,0.999999,0.9975306019401997,3455.7655884169917,0,-1
c,active_quadratic,affine,5.0,100,1.0,9057473,808,0.999999,0.999999,3487.4442257562755,0,-1
c,active_quadratic,affine,5.0,100,1.0,9057473,809,0.9995371895007306,0.999999,3464.8527066801485,0,-1
c,active_quadratic,affine,5.0,100,1.0,9057473,810,0.999999,0.999999,3454.7110523199617,1,307
c,active_quadratic,affine,5.0,100,1.0,9057473,811,0.9962267066319083,0.999999,3413.4000152822164,0,-1
c,active_quadratic,affine,5.0,100,1.0,9057473,812,0.9063669854072213,0.999999,3453.3436438439626,0,-1
c,active_quadratic,affine,5.0,100,1.0,9057473,813,0.9998605954216115,0.999999,3444.6299057222177,0,-1
c,active_quadratic,affine,5.0,100,1.0,9057473,814,0.999999,0.9997748699042683,3471.6937566777183,0,-1
c,active_quadratic,affine,5.0,100,1.0,9057473,815,0.9999374532644855,0.8571955323680368,3467.0053349415552,0,-1
c,active_quadratic,affine,5.0,100,1.0,9057473,816,0.999999,0.9926201754866416,3464.485022506412,0,-1
c,active_quadratic,affine,5.0,100,1.0,9057473,817,0.999999,0.999999,3463.900742452472,0,-1
c,active_quadratic,affine,5.0,100,1.0,9057473,818,0.9971748885020747,0.9957764313826385,3361.6155700029344,0,-1
c,active_quadratic,affine,5.0,100,1.0,9057473,819,0.999999,0.999999,3435.8691458169515,1,276
c,active_quadratic,affine,5.0,100,1.0,9057473,820,0.999999,0.9997148814796714,3398.710357551079,0,-1
c,active_quadratic,affine,5.0,100,1.0,9057473,821,0.7612307608269278,0.992020623905479,3474.8166052379415,0,-1
c,active_quadratic,affine,5.0,100,1.0,9057473,822,0.999999,0.8913944338023472,3434.0702505641884,0,-1
c,active_quadratic,affine,5.0,100,1.0,9057473,823,0.999999,0.9999782337725845,3479.0418078542766,0,-1
c,active_quadratic,affine,5.0,100,1.0,9057473,824,0.9888452813022528,0.9997784030588345,3479.539635968515,0,-1
c,active_quadratic,affine,5.0,100,1.0,9057473,825,0.999999,0.9999301517982876,3449.813997633472,0,-1
c,active_quadratic,affine,5.0,100,1.0,9057473,826,0.999999,0.9998258649423959,3471.1920585687812,0,-1
c,active_quadratic,affine,5.0,100,1.0,9057473,827,0.9994245011234574,0.999999,3486.280219067612,0,-1
c,active_quadratic,affine,5.0,100,1.0,9057473,828,0.9972629038273667,0.999999,3417.7459834057436,0,-1
c,active_quadratic,affine,5.0,100,1.0,9057473,829,0.999999,0.8993128449348688,3469.5607529987938,0,-1
c,active_quadratic,affine,5.0,100,1.0,9057473,830,-0.9958897580907973,0.9661365249237461,3391.464287910866,1,285
c,active_quadratic,affine,5.0,100,1.0,9057473,831,0.999999,0.999999,3479.898623295263,0,-1
c,active_quadratic,affine,5.0,100,1.0,9057473,832,0.9998179669500106,0.9998845062166212,3476.2261865688,0,-1
c,active_quadratic,affine,5.0,100,1.0,9057473,833,0.999999,0.9948041432637807,3479.8562010522774,0,-1
c,active_quadratic,affine,5.0,100,1.0,9057473,834,-0.963646576255201,0.9947394475939845,3152.0352262327806,1,281
c,active_quadratic,affine,5.0,100,1.0,9057473,835,0.7958854973970857,0.999999,3466.077276731143,0,-1
c,active_quadratic,affine,5.0,100,1.0,9057473,836,0.999999,0.9999177760100675,3471.2477167075485,0,-1
c,active_quadratic,affine,5.0,100,1.0,9057473,837,-0.9933530630276757,0.999999,3468.360671889304,1,276
c,active_quadratic,affine,5.0,100,1.0,9057473,838,0.9999680585347095,0.9529701290701427,3429.8512623383085,0,-1
c,active_quadratic,affine,5.0,100,1.0,9057473,839,-0.6736480473538705,0.9996229504310755,3463.1711178601777,1,282
c,active_quadratic,affine,5.0,100,1.0,9057473,840,0.999999,0.999999,3476.1963473400297,0,-1
c,active_quadratic,affine,5.0,100,1.0,9057473,841,0.9943989183915057,0.9927983764381954,3469.571283938394,0,-1
c,active_quadratic,affine,5.0,100,1.0,9057473,842,0.999999,0.999999,3449.719987994158,0,-1
c,active_quadratic,affine,5.0,100,1.0,9057473,843,-0.9959373294746119,0.999999,3457.8268325626536,1,286
c,active_quadratic,affine,5.0,100,1.0,9057473,844,-0.9896864928866205,0.999999,3454.5734060417053,1,301
c,active_quadratic,affine,5.0,100,1.0,9057473,845,0.6414776637569455,0.9998081949625625,3464.2588268532427,0,-1
c,active_quadratic,affine,5.0,100,1.0,9057473,846,0.999999,0.9954973446461173,3466.7962710737856,0,-1
c,active_quadratic,affine,5.0,100,1.0,9057473,847,0.9999104969463944,0.999999,3456.9858908508068,0,-1
c,active_quadratic,affine,5.0,100,1.0,9057473,848,-0.999999,0.9992808020907001,3453.329167178716,1,264
c,active_quadratic,affine,5.0,100,1.0,9057473,849,0.9968661460735542,0.9814642193576997,3458.1431075991727,0,-1
c,active_quadratic,affine,5.0,100,1.0,9057473,850,0.9915016362810329,0.9987791386743633,3477.430037779396,0,-1
c,active_quadratic,affine,5.0,100,1.0,9057473,851,0.999999,0.999999,3465.9509245808267,0,-1
c,active_quadratic,affine,5.0,100,1.0,9057473,852,0.9212335741686845,0.9998142367620275,3468.4696676794797,0,-1
c,active_quadratic,affine,5.0,100,1.0,9057473,853,0.999999,0.9998999310434584,3464.785795979077,0,-1
c,active_quadratic,affine,5.0,100,1.0,9057473,854,-0.9994916927533282,0.999557285973056,3474.896681100346,1,291
c,active_quadratic,affine,5.0,100,1.0,9057473,855,-0.999999,0.999999,3466.457788001314,1,528
c,active_quadratic,affine,5.0,100,1.0,9057473,856,0.999999,0.9999926144829566,3454.26715367191,0,-1
c,active_quadratic,affine,5.0,100,1.0,9057473,857,-0.9938512913322677,0.999999,3476.767992825511,1,304
c,active_quadratic,affine,5.0,100,1.0,9057473,858,-0.9982231630971586,0.9606606535008393,3464.163110544363,1,272
c,active_quadratic,affine,5.0,100,1.0,9057473,859,0.9999865232413189,0.999999,3481.913746677457,0,-1
c,active_quadratic,affine,5.0,100,1.0,9057473,860,0.9999924389477549,0.9999865277687299,3448.4970649358884,0,-1
c,active_quadratic,affine,5.0,100,1.0,9057473,861,0.9992656740146832,0.9908188454853211,3459.9108656057983,0,-1
c,active_quadratic,affine,5.0,100,1.0,9057473,862,0.9998075215315972,0.999999,3444.654633727917,0,-1
c,active_quadratic,affine,5.0,100,1.0,9057473,863,0.999999,0.9999921309951989,3437.7139010958467,0,-1
c,active_quadratic,affine,5.0,100,1.0,9057473,864,0.9788827247565324,0.9892164122841827,3457.8635677356096,0,-1
c,active_quadratic,affine,5.0,100,1.0,9057473,865,0.999999,0.999999,3449.702945504724,0,-1
c,active_quadratic,affine,5.0,100,1.0,9057473,866,0.9998047349411399,0.999999,3438.3144420484423,0,-1
c,active_quadratic,affine,5.0,100,1.0,9057473,867,0.9996662479747932,0.999999,3456.565404101106,0,-1
c,active_quadratic,affine,5.0,100,1.0,9057473,868,-0.8680665690543222,0.836924028467943,3425.743267210708,1,284
c,active_quadratic,affine,5.0,100,1.0,9057473,869,0.9999107935732777,0.999999,3451.391108158041,0,-1
c,active_quadratic,affine,5.0,100,1.0,9057473,870,-0.9999784569225745,0.9985263473704292,3482.415479554042,1,301
c,active_quadratic,affine,5.0,100,1.0,9057473,871,0.999999,0.999999,3468.042179601046,0,-1
c,active_quadratic,affine,5.0,100,1.0,9057473,872,0.9457566793857995,0.7728013661137471,3441.5395995368576,0,-1
c,active_quadratic,affine,5.0,100,1.0,9057473,873,-0.9992253865910417,0.999999,3203.6293698593777,1,313
c,active_quadratic,affine,5.0,100,1.0,9057473,874,0.9998520028480052,0.9989602723775535,3446.4514512850747,0,-1
c,active_quadratic,affine,5.0,100,1.0,9057473,875,-0.9433639875764376,0.999999,3479.5689270038665,1,291
c,active_quadratic,affine,5.0,100,1.0,9057473,876,0.9979279634605775,0.9650688208636332,3469.091906163692,0,-1
c,active_quadratic,affine,5.0,100,1.0,9057473,877,0.999999,0.9991364672108224,3479.8745185799253,0,-1
c,active_quadratic,affine,5.0,100,1.0,9057473,878,0.9999285545334776,0.998060080396839,3447.574197114558,0,-1
c,active_quadratic,affine,5.0,100,1.0,9057473,879,0.9979782833120677,0.999999,3467.723929592742,0,-1
c,active_quadratic,affine,5.0,100,1.0,9057473,880,0.999999,0.999999,3483.457344151317,0,-1
c,active_quadratic,affine,5.0,100,1.0,9057473,881,0.999999,0.9908499547490077,3452.7189456691026,0,-1
c,active_quadratic,affine,5.0,100,1.0,9057473,882,0.999999,0.9982565109089949,3454.0592590546253,0,-1
c,active_quadratic,affine,5.0,100,1.0,9057473,883,0.9442469440440492,0.999999,3451.591584102062,0,-1
c,active_quadratic,affine,5.0,100,1.0,9057473,884,0.9999087000557484,0.9985144616225987,3443.9781429556224,0,-1
c,active_quadratic,affine,5.0,100,1.0,9057473,885,0.9985869080419469,0.999999,3455.1600655988896,0,-1
c,active_quadratic,affine,5.0,100,1.0,9057473,886,0.9991388311493524,0.9999429847365215,3474.0328922008234,0,-1
c,active_quadratic,affine,5.0,100,1.0,9057473,887,0.9993365164090836,0.9987041579558041,3427.694350199275,0,-1
c,active_quadratic,affine,5.0,100,1.0,9057473,888,0.9998255403775057,0.9996979599158492,3476.404426590612,0,-1
c,active_quadratic,affine,5.0,100,1.0,9057473,889,0.9959934264165495,0.9911426015135162,3465.2845229050263,0,-1
c,active_quadratic,affine,5.0,100,1.0,9057473,890,0.9998357125375277,0.8141489165366762,3466.876253794154,0,-1
c,active_quadratic,affine,5.0,100,1.0,9057473,891,0.7607369569883198,0.9996561167871181,3480.3324321893674,0,-1
c,active_quadratic,affine,5.0,100,1.0,9057473,892,0.999999,0.999999,3449.2217182908535,0,-1
c,active_quadratic,affine,5.0,100,1.0,9057473,893,0.999999,0.9930417492775941,3449.2463775572437,0,-1
c,active_quadratic,affine,5.0,100,1.0,9057473,894,0.9996037566799857,0.999999,3473.4575205977226,0,-1
c,active_quadratic,affine,5.0,100,1.0,9057473,895,0.915720211318041,0.9999223758855297,3416.6481009852823,0,-1
c,active_quadratic,affine,5.0,100,1.0,9057473,896,0.6160712098810539,0.9992694643792301,3481.3775267988053,0,-1
c,active_quadratic,affine,5.0,100,1.0,9057473,897,0.9985054946276507,0.983552838564199,3477.669104673441,0,-1
c,active_quadratic,affine,5.0,100,1.0,9057473,898,0.9907961388886162,0.9599569154300249,3447.2066253016615,0,-1
c,active_quadratic,affine,5.0,100,1.0,9057473,899,0.9966541860290545,0.9814912940984931,3454.5375271546595,0,-1
c,active_quadratic,affine,5.0,100,1.0,9057473,900,0.999999,0.999413364627747,3463.7370342531035,0,-1
c,active_quadratic,affine,5.0,100,1.0,9057473,901,0.977640786430647,0.8646684342489108,3456.7643733806103,0,-1
c,active_quadratic,affine,5.0,100,1.0,9057473,902,0.9126503738446249,0.999999,3472.180138491752,0,-1
c,active_quadratic,affine,5.0,100,1.0,9057473,903,0.9955265645858085,0.999999,3452.9715562238994,0,-1
c,active_quadratic,affine,5.0,100,1.0,9057473,904,0.9935731481298538,0.999999,3456.980435363686,0,-1
c,active_quadratic,affine,5.0,100,1.0,9057473,905,0.999999,0.9999732521018548,3467.1622232728264,0,-1
c,active_quadratic,affine,5.0,100,1.0,9057473,906,0.999999,0.999999,3485.0592962321257,0,-1
c,active_quadratic,affine,5.0,100,1.0,9057473,907,0.999999,0.8484866686161437,3466.1568865680647,0,-1
c,active_quadratic,affine,5.0,100,1.0,9057473,908,0.9999760215911866,0.9964282515122521,3480.236400885248,0,-1
c,active_quadratic,affine,5.0,100,1.0,9057473,909,0.9680480325606721,0.999999,3454.642055369709,0,-1
c,active_quadratic,affine,5.0,100,1.0,9057473,910,0.8149358526310203,0.999999,3460.747885510136,0,-1
c,active_quadratic,affine,5.0,100,1.0,9057473,911,0.999999,0.9998210025144201,3453.8999543927416,0,-1
c,active_quadratic,affine,5.0,100,1.0,9057473,912,0.8643826422457082,0.999999,3479.2284487498705,0,-1
c,active_quadratic,affine,5.0,100,1.0,9057473,913,0.999999,0.9996169173237214,3469.78656370688,0,-1
c,active_quadratic,affine,5.0,100,1.0,9057473,914,0.8952786951438896,0.834735723105428,3429.8505518890825,0,-1
c,active_quadratic,affine,5.0,100,1.0,9057473,915,0.999999,0.9999719417409747,3460.6590360205178,0,-1
c,active_quadratic,affine,5.0,100,1.0,9057473,916,-0.9294633286408761,0.999999,3455.0463246659288,1,286
c,active_quadratic,affine,5.0,100,1.0,9057473,917,-0.999999,0.9703407715468638,3470.4572367689884,1,294
c,active_quadratic,affine,5.0,100,1.0,9057473,918,0.999999,0.999999,3454.0699595580436,0,-1
c,active_quadratic,affine,5.0,100,1.0,9057473,919,-0.991413923487209,0.9838170386639679,3452.996954825886,1,274
c,active_quadratic,affine,5.0,100,1.0,9057473,920,0.9999301673833246,0.999999,3481.878470190168,0,-1
c,active_quadratic,affine,5.0,100,1.0,9057473,921,-0.9995772400126626,-0.999999,0.0,1,301
c,active_quadratic,affine,5.0,100,1.0,9057473,922,0.999999,0.999999,3473.3763093331772,0,-1
c,active_quadratic,affine,5.0,100,1.0,9057473,923,0.999999,0.949809439112105,3460.5315566270224,0,-1
c,active_quadratic,affine,5.0,100,1.0,9057473,924,0.9862596511147714,0.9902242630088792,3472.119980180105,0,-1
c,active_quadratic,affine,5.0,100,1.0,9057473,925,0.999999,0.9998001330232458,3473.798315288143,0,-1
c,active_quadratic,affine,5.0,100,1.0,9057473,926,0.9895495694672236,0.7867211690210749,3463.057300368913,0,-1
c,active_quadratic,affine,5.0,100,1.0,9057473,927,0.999999,0.9998479981488881,3454.953780792533,0,-1
c,active_quadratic,affine,5.0,100,1.0,9057473,928,0.999999,0.9998352885268168,3485.788980078288,0,-1
c,active_quadratic,affine,5.0,100,1.0,9057473,929,0.999999,0.9998059049639357,3478.342319889624,0,-1
c,active_quadratic,affine,5.0,100,1.0,9057473,930,0.999999,0.9990906484590384,3483.6665788517716,0,-1
c,active_quadratic,affine,5.0,100,1.0,9057473,931,0.9996656889181972,0.9997742904596648,3439.7355376321552,0,-1
c,active_quadratic,affine,5.0,100,1.0,9057473,932,0.7693798259512477,0.999999,3477.6436700304594,0,-1
c,active_quadratic,affine,5.0,100,1.0,9057473,933,-0.992131042225852,0.978696669059978,3454.414960305576,1,274
c,active_quadratic,affine,5.0,100,1.0,9057473,934,-0.9957929767216097,0.9989556967713531,3444.7670831800115,1,275
c,active_quadratic,affine,5.0,100,1.0,9057473,935,0.999999,0.9999516499390377,3453.9852134706503,0,-1
c,active_quadratic,affine,5.0,100,1.0,9057473,936,-0.9991688979886764,0.999999,3470.7284356659306,1,280
c,active_quadratic,affine,5.0,100,1.0,9057473,937,0.999999,0.9743214609421615,3475.3123573426806,0,-1
c,active_quadratic,affine,5.0,100,1.0,9057473,938,0.999999,0.5324207111980329,3444.455027902297,0,-1
c,active_quadratic,affine,5.0,100,1.0,9057473,939,0.9999929497323734,0.9997562125139338,3429.443219746155,0,-1
c,active_quadratic,affine,5.0,100,1.0,9057473,940,0.9999881269908544,0.9998635975564156,3425.3762107283733,0,-1
c,active_quadratic,affine,5.0,100,1.0,9057473,941,0.999999,0.9685444160258329,3473.1491607445323,0,-1
c,active_quadratic,affine,5.0,100,1.0,9057473,942,0.999999,0.8982990056877295,3444.8937781442164,0,-1
c,active_quadratic,affine,5.0,100,1.0,9057473,943,0.999999,0.9925725935413977,3461.86112258767,0,-1
c,active_quadratic,affine,5.0,100,1.0,9057473,944,0.999999,0.999770803907537,3412.300850747632,0,-1
c,active_quadratic,affine,5.0,100,1.0,9057473,945,0.999999,0.999999,3479.2434824885154,0,-1
c,active_quadratic,affine,5.0,100,1.0,9057473,946,0.9979609258831218,0.999999,3471.350758077313,0,-1
c,active_quadratic,affine,5.0,100,1.0,9057473,947,0.999999,0.988366216555485,3470.901113252155,0,-1
c,active_quadratic,affine,5.0,100,1.0,9057473,948,0.999999,0.9978864615447621,3461.00715073313,0,-1
c,active_quadratic,affine,5.0,100,1.0,9057473,949,0.9998556693400248,0.9788816902057066,3453.9417696145174,0,-1
c,active_quadratic,affine,5.0,100,1.0,9057473,950,0.9982464187279732,0.999999,3462.6133765314207,0,-1
c,active_quadratic,affine,5.0,100,1.0,9057473,951,-0.9836384573409608,0.9999816820389529,3440.6700002746807,1,279
c,active_quadratic,affine,5.0,100,1.0,9057473,952,0.9680190842659055,0.9997218813372802,3476.8580697205575,0,-1
c,active_quadratic,affine,5.0,100,1.0,9057473,953,-0.999999,0.8696538428943221,3437.9003685058906,1,274
c,active_quadratic,affine,5.0,100,1.0,9057473,954,0.9928185273685506,0.9998857510090245,3459.905814064995,0,-1
c,active_quadratic,affine,5.0,100,1.0,9057473,955,0.999999,0.9999929654833988,3468.519376953426,0,-1
c,active_quadratic,affine,5.0,100,1.0,9057473,956,0.999999,0.9979789272602011,3446.872395442636,0,-1
c,active_quadratic,affine,5.0,100,1.0,9057473,957,0.999999,0.999999,3467.6595349872778,0,-1
c,active_quadratic,affine,5.0,100,1.0,9057473,958,0.9999759598563832,0.999999,3350.9414882490623,0,-1
c,active_quadratic,affine,5.0,100,1.0,9057473,959,0.999999,0.999999,3458.758753857142,1,274
c,active_quadratic,affine,5.0,100,1.0,9057473,960,0.9999710141431659,0.999999,3445.3058603770182,0,-1
c,active_quadratic,affine,5.0,100,1.0,9057473,961,0.9999027716140866,0.9791605486859152,3460.383887757274,0,-1
c,active_quadratic,affine,5.0,100,1.0,9057473,962,0.999999,0.9865669713429928,3458.3712055369947,0,-1
c,active_quadratic,affine,5.0,100,1.0,9057473,963,0.999999,0.990640899680584,3458.995309871585,0,-1
c,active_quadratic,affine,5.0,100,1.0,9057473,964,0.999999,0.9917138127961188,3442.4729528026405,0,-1
c,active_quadratic,affine,5.0,100,1.0,9057473,965,0.999999,0.9998756646598526,3461.510076985643,0,-1
c,active_quadratic,affine,5.0,100,1.0,9057473,966,0.957087320465105,0.9931934902503724,3462.7887387912115,0,-1
c,active_quadratic,affine,5.0,100,1.0,9057473,967,0.9979272471005204,0.9999451437497253,3474.442766659036,0,-1
c,active_quadratic,affine,5.0,100,1.0,9057473,968,0.9256373521270187,0.999999,3484.918202454908,0,-1
c,active_quadratic,affine,5.0,100,1.0,9057473,969,0.9996461589534232,0.999999,3446.9922244373265,0,-1
c,active_quadratic,affine,5.0,100,1.0,9057473,970,0.9997341782044596,0.998658335289115,3435.419319401633,0,-1
c,active_quadratic,affine,5.0,100,1.0,9057473,971,0.9991862665851783,0.999999,3455.0997566593446,0,-1
c,active_quadratic,affine,5.0,100,1.0,9057473,972,0.999999,0.9999963126409561,3484.4316887059795,0,-1
c,active_quadratic,affine,5.0,100,1.0,9057473,973,0.999999,0.999999,3468.6470305035523,0,-1
c,active_quadratic,affine,5.0,100,1.0,9057473,974,-0.9404158339376462,0.999999,3464.6474289347043,1,267
c,active_quadratic,affine,5.0,100,1.0,9057473,975,0.999999,0.9674108674867533,3452.9380758106186,0,-1
c,active_quadratic,affine,5.0,100,1.0,9057473,976,0.9707630279386998,0.999999,3481.611588878054,0,-1
c,active_quadratic,affine,5.0,100,1.0,9057473,977,0.999999,0.8036352029421222,3471.9695346557914,0,-1
c,active_quadratic,affine,5.0,100,1.0,9057473,978,0.9997441950747561,0.9988595065918764,3462.760011031299,0,-1
c,active_quadratic,affine,5.0,100,1.0,9057473,979,0.999999,0.999999,3453.7301859310055,0,-1
c,active_quadratic,affine,5.0,100,1.0,9057473,980,0.9998369965434557,0.999999,3468.853938962262,0,-1
c,active_quadratic,affine,5.0,100,1.0,9057473,981,0.999999,0.999999,3477.4475084674195,0,-1
c,active_quadratic,affine,5.0,100,1.0,9057473,982,0.999999,0.999999,3473.853804918847,0,-1
c,active_quadratic,affine,5.0,100,1.0,9057473,983,-0.999999,0.999999,3482.5352871143855,1,316
c,active_quadratic,affine,5.0,100,1.0,9057473,984,0.999996888109794,0.9878410374037048,3485.704913725635,0,-1
c,active_quadratic,affine,5.0,100,1.0,9057473,985,0.999999,0.9981607409457504,3480.249968027615,0,-1
c,active_quadratic,affine,5.0,100,1.0,9057473,986,0.999999,0.999999,3483.703403529626,0,-1
c,active_quadratic,affine,5.0,100,1.0,9057473,987,0.9849221971491232,0.9993485503561652,3461.8299186099007,0,-1
c,active_quadratic,affine,5.0,100,1.0,9057473,988,0.9988187771100909,0.999999,3454.7412822976744,0,-1
c,active_quadratic,affine,5.0,100,1.0,9057473,989,0.999999,0.9999130416073202,3453.000284292214,0,-1
c,active_quadratic,affine,5.0,100,1.0,9057473,990,0.9998524620734279,0.9999530092467022,3472.1663355838814,0,-1
c,active_quadratic,affine,5.0,100,1.0,9057473,991,0.999999,0.85652082631301,3468.4737604582588,0,-1
c,active_quadratic,affine,5.0,100,1.0,9057473,992,0.999999,0.999999,3458.2751366420703,0,-1
c,active_quadratic,affine,5.0,100,1.0,9057473,993,0.999999,0.9998241459681888,3467.7460524944095,0,-1
c,active_quadratic,affine,5.0,100,1.0,9057473,994,0.9998702131596798,0.999999,3472.602396290333,0,-1
c,active_quadratic,affine,5.0,100,1.0,9057473,995,0.9999875948167082,0.999999,3484.177776385096,0,-1
c,active_quadratic,affine,5.0,100,1.0,9057473,996,0.9998522578961412,0.999999,3463.833350858483,0,-1
c,active_quadratic,affine,5.0,100,1.0,9057473,997,0.9992153209446227,0.999999,3471.8589624309743,0,-1
c,active_quadratic,affine,5.0,100,1.0,9057473,998,0.9960622925276174,0.999999,3468.260183547751,0,-1
c,active_quadratic,affine,5.0,100,1.0,9057473,999,0.9972311121564178,0.9917706059967526,3470.091271823708,0,-1
