part,condition,cons,J,mu,alpha,cell_seed,run,m_t50,final_m,final_W,collapsed,collapse_step
a,passive,affine,2.5,100,0.0,4057458,0,0.8437431139701783,0.999999,3451.5607509806864,1,331
a,passive,affine,2.5,100,0.0,4057458,1,0.9980640878900254,0.999999,3472.127946386671,0,-1
a,passive,affine,2.5,100,0.0,4057458,2,0.999999,0.999999,3467.2465389880263,0,-1
a,passive,affine,2.5,100,0.0,4057458,3,0.999999,0.999999,3472.5102170529935,0,-1
a,passive,affine,2.5,100,0.0,4057458,4,0.9954747805976827,0.999999,3478.7259572324883,0,-1
a,passive,affine,2.5,100,0.0,4057458,5,0.9550806688968351,0.998325155314438,3475.7408968798104,0,-1
a,passive,affine,2.5,100,0.0,4057458,6,0.966434102307624,0.9998999050288062,3433.3952352521355,0,-1
a,passive,affine,2.5,100,0.0,4057458,7,0.999999,0.9999280775929399,3472.9301469753423,1,355
a,passive,affine,2.5,100,0.0,4057458,8,0.8765431127768339,0.7114537865278902,3460.015028380224,0,-1
a,passive,affine,2.5,100,0.0,4057458,9,0.999999,0.9976227520039442,3464.248525112256,0,-1
a,passive,affine,2.5,100,0.0,4057458,10,0.999792585993695,0.9721124510852284,3474.2684561033643,0,-1
a,passive,affine,2.5,100,0.0,4057458,11,0.9879701860289999,0.999999,3471.066772327946,1,330
a,passive,affine,2.5,100,0.0,4057458,12,0.999999,0.914324959094693,3451.315762602658,0,-1
a,passive,affine,2.5,100,0.0,4057458,13,0.999999,0.9997052841559554,3471.1857620370006,0,-1
a,passive,affine,2.5,100,0.0,4057458,14,0.9965833673877299,0.999999,3454.206460546032,0,-1
a,passive,affine,2.5,100,0.0,4057458,15,0.9998380459359527,0.9934570781315182,3476.006987776779,0,-1
a,passive,affine,2.5,100,0.0,4057458,16,0.999999,0.999999,3467.1337569010916,0,-1
a,passive,affine,2.5,100,0.0,4057458,17,0.9999823547479444,0.9996368188318405,3478.9034313994753,0,-1
a,passive,affine,2.5,100,0.0,4057458,18,0.999999,0.999999,3471.495757693972,0,-1
a,passive,affine,2.5,100,0.0,4057458,19,0.999999,0.9994633303998935,3481.325813945359,0,-1
a,passive,affine,2.5,100,0.0,4057458,20,0.9887163194631788,0.9687768840521761,3459.831391963072,0,-1
a,passive,affine,2.5,100,0.0,4057458,21,0.9823419653816049,0.999999,3479.475997578015,0,-1
a,passive,affine,2.5,100,0.0,4057458,22,0.9848360334547686,0.9998749141766577,3457.1033126445495,0,-1
a,passive,affine,2.5,100,0.0,4057458,23,0.999999,0.999999,3463.2717081218707,0,-1
a,passive,affine,2.5,100,0.0,4057458,24,0.9996700439508858,0.9968547175734421,3410.690658548411,0,-1
a,passive,affine,2.5,100,0.0,4057458,25,0.9449080798678422,0.995388753714711,3456.594070406088,0,-1
a,passive,affine,2.5,100,0.0,4057458,26,-0.32282296232432073,0.999999,3473.2300280093336,1,457
a,passive,affine,2.5,100,0.0,4057458,27,0.9994205045236214,0.9931494347306522,3479.100757508209,0,-1
a,passive,affine,2.5,100,0.0,4057458,28,0.9974611666381611,0.9999048846940178,3482.9976235542067,0,-1
a,passive,affine,2.5,100,0.0,4057458,29,0.999999,0.9923242667045098,3472.131128111923,0,-1
a,passive,affine,2.5,100,0.0,4057458,30,0.9979024110483208,0.999999,3447.4573956174945,0,-1
a,passive,affine,2.5,100,0.0,4057458,31,0.999999,0.999999,3447.551178581166,0,-1
a,passive,affine,2.5,100,0.0,4057458,32,0.9984397388084527,0.9998599925033724,3469.5966000018143,0,-1
a,passive,affine,2.5,100,0.0,4057458,33,0.9955257605039447,0.999863902173287,3450.9976709050643,0,-1
a,passive,affine,2.5,100,0.0,4057458,34,0.9997973705086126,0.999999,3446.997102355866,0,-1
a,passive,affine,2.5,100,0.0,4057458,35,0.9994491592566662,0.999999,3470.2617332628092,0,-1
a,passive,affine,2.5,100,0.0,4057458,36,0.9322608376218132,0.9995965967573825,3452.8187302962733,0,-1
a,passive,affine,2.5,100,0.0,4057458,37,0.999999,0.999999,3466.5720480797645,0,-1
a,passive,affine,2.5,100,0.0,4057458,38,0.999999,0.9767340989653391,3477.2349299892962,0,-1
a,passive,affine,2.5,100,0.0,4057458,39,0.9902354355814224,0.999999,3475.468630105356,0,-1
a,passive,affine,2.5,100,0.0,4057458,40,0.996604142722131,0.999999,3462.3869975918087,0,-1
a,passive,affine,2.5,100,0.0,4057458,41,0.999999,0.9999674410908417,3474.7870949112444,0,-1
a,passive,affine,2.5,100,0.0,4057458,42,0.9998624583305952,0.9999728925832756,3418.7686489018615,0,-1
a,passive,affine,2.5,100,0.0,4057458,43,0.9999769065127235,0.999999,3469.4976862255385,0,-1
a,passive,affine,2.5,100,0.0,4057458,44,0.9999801678702859,0.9999673161973046,3447.2584723914506,0,-1
a,passive,affine,2.5,100,0.0,4057458,45,0.999999,0.999999,3453.737027410654,0,-1
a,passive,affine,2.5,100,0.0,4057458,46,0.9828304894003338,0.9289631262540934,3482.8898256176963,0,-1
a,passive,affine,2.5,100,0.0,4057458,47,0.999999,0.999999,3485.815012095932,0,-1
a,passive,affine,2.5,100,0.0,4057458,48,0.999999,0.9969439071141386,3464.7857389816772,0,-1
a,passive,affine,2.5,100,0.0,4057458,49,0.9891808177984749,0.9913437512331279,3470.1943821835457,0,-1
a,passive,affine,2.5,100,0.0,4057458,50,0.999999,0.9512119564462873,3479.428234300034,0,-1
a,passive,affine,2.5,100,0.0,4057458,51,0.984565922867859,0.999999,3455.123342503977,0,-1
a,passive,affine,2.5,100,0.0,4057458,52,0.999999,0.9990273768916406,3462.84594991501,0,-1
a,passive,affine,2.5,100,0.0,4057458,53,0.9975180406002124,0.9833916202185345,3446.040770135619,0,-1
a,passive,affine,2.5,100,0.0,4057458,54,0.9999954312097119,0.9984659155652998,3473.08082116119,0,-1
a,passive,affine,2.5,100,0.0,4057458,55,0.999999,0.9999046097117336,3429.726512007586,0,-1
a,passive,affine,2.5,100,0.0,4057458,56,0.8281848296943195,0.9999830065079808,3453.6689603499476,0,-1
a,passive,affine,2.5,100,0.0,4057458,57,0.999999,0.999999,3453.1097117784884,0,-1
a,passive,affine,2.5,100,0.0,4057458,58,0.999999,0.9997344763552481,3467.918623508777,0,-1
a,passive,affine,2.5,100,0.0,4057458,59,0.9979014495811777,0.9998060014229726,3472.609406472058,0,-1
a,passive,affine,2.5,100,0.0,4057458,60,0.9795156094151822,0.9967165071930866,3447.118281230654,0,-1
a,passive,affine,2.5,100,0.0,4057458,61,0.999999,0.9998637093831005,3477.658296770608,0,-1
a,passive,affine,2.5,100,0.0,4057458,62,0.9992085795224372,0.8359335204061588,3459.806681144809,0,-1
a,passive,affine,2.5,100,0.0,4057458,63,0.9992517856394091,0.999999,3474.0775019682424,0,-1
a,passive,affine,2.5,100,0.0,4057458,64,-0.7739477555291174,0.809978271145717,3463.9711923475706,1,313
a,passive,affine,2.5,100,0.0,4057458,65,0.999999,0.9658846362030122,3423.0543389980817,0,-1
a,passive,affine,2.5,100,0.0,4057458,66,0.97562782525128,0.9991077533106903,3477.6321085727936,0,-1
a,passive,affine,2.5,100,0.0,4057458,67,0.999999,0.999999,3428.8288404717987,0,-1
a,passive,affine,2.5,100,0.0,4057458,68,0.999999,0.999846282839568,3472.999766212512,0,-1
a,passive,affine,2.5,100,0.0,4057458,69,0.9998797699606902,0.9883459894319379,3477.916244475487,0,-1
a,passive,affine,2.5,100,0.0,4057458,70,0.9999288218813197,0.9992390157156901,3468.3931582585287,0,-1
a,passive,affine,2.5,100,0.0,4057458,71,0.9998527615835444,0.999999,3444.4306438641597,0,-1
a,passive,affine,2.5,100,0.0,4057458,72,0.999891751886483,0.999999,3469.417354565236,0,-1
a,passive,affine,2.5,100,0.0,4057458,73,0.9999193539063782,0.8392224882234116,3416.6695281101197,0,-1
a,passive,affine,2.5,100,0.0,4057458,74,0.963351430881968,0.99490163000239,3455.6838475811296,0,-1
a,passive,affine,2.5,100,0.0,4057458,75,0.9999822692325658,0.9036249884644274,3457.500090950876,0,-1
a,passive,affine,2.5,100,0.0,4057458,76,0.999999,0.999999,3477.1271702579897,0,-1
a,passive,affine,2.5,100,0.0,4057458,77,0.9909661839000997,0.9998786219606918,3461.09741997715,0,-1
a,passive,affine,2.5,100,0.0,4057458,78,0.999999,0.999999,3445.5838380129444,0,-1
a,passive,affine,2.5,100,0.0,4057458,79,0.8742985150677223,0.999999,3476.3703156352526,1,336
a,passive,affine,2.5,100,0.0,4057458,80,0.999999,0.9249208718224443,3456.458024999737,0,-1
a,passive,affine,2.5,100,0.0,4057458,81,0.9999761065544952,0.999999,3475.093552855254,0,-1
a,passive,affine,2.5,100,0.0,4057458,82,0.999999,0.9978245506286867,3451.638159548726,0,-1
a,passive,affine,2.5,100,0.0,4057458,83,0.9998873596672047,0.7459814652123374,3475.8619281242086,0,-1
a,passive,affine,2.5,100,0.0,4057458,84,0.8369456767892437,0.9252258635563855,3474.0763296856767,0,-1
a,passive,affine,2.5,100,0.0,4057458,85,0.9867709936282965,0.9998849083967734,3462.4568474044127,0,-1
a,passive,affine,2.5,100,0.0,4057458,86,0.9999674218452346,0.6687749648419415,3431.3726981659197,0,-1
a,passive,affine,2.5,100,0.0,4057458,87,0.999999,0.999999,3471.4545366949783,0,-1
a,passive,affine,2.5,100,0.0,4057458,88,0.9997742415533518,0.999999,3453.4040138773494,0,-1
a,passive,affine,2.5,100,0.0,4057458,89,0.999999,0.9997766054386553,3488.138186390704,0,-1
a,passive,affine,2.5,100,0.0,4057458,90,0.9991834720606817,0.999999,3464.971980865464,0,-1
a,passive,affine,2.5,100,0.0,4057458,91,0.999999,0.7153549399112795,3466.0846745226304,0,-1
a,passive,affine,2.5,100,0.0,4057458,92,-0.3514376735711072,0.9999276324040139,3478.705545361887,1,628
a,passive,affine,2.5,100,0.0,4057458,93,0.999999,0.992382230117541,3450.772199022894,0,-1
a,passive,affine,2.5,100,0.0,4057458,94,0.9896592692055207,0.999999,3461.0297289446917,0,-1
a,passive,affine,2.5,100,0.0,4057458,95,0.999999,0.9997566145880715,3472.570575221892,0,-1
a,passive,affine,2.5,100,0.0,4057458,96,0.9862608449152579,0.999999,3468.326815375319,0,-1
a,passive,affine,2.5,100,0.0,4057458,97,0.8632478110223546,0.999999,3445.26536911834,0,-1
a,passive,affine,2.5,100,0.0,4057458,98,0.999999,0.9982425196326998,3424.0894137561513,0,-1
a,passive,affine,2.5,100,0.0,4057458,99,0.999999,0.9507327789567825,3463.7835110396163,0,-1
a,passive,affine,2.5,100,0.0,4057458,100,0.9804587371871422,0.999999,3476.361867232284,0,-1
a,passive,affine,2.5,100,0.0,4057458,101,0.9996804877316443,0.9999051948595499,3460.111878566551,0,-1
a,passive,affine,2.5,100,0.0,4057458,102,0.999999,0.9694965621708607,3455.228051856914,0,-1
a,passive,affine,2.5,100,0.0,4057458,103,0.7990226130879041,0.9996344056893669,3468.7472120651787,0,-1
a,passive,affine,2.5,100,0.0,4057458,104,0.9998938522294164,0.9677377698589767,3451.594620746237,0,-1
a,passive,affine,2.5,100,0.0,4057458,105,0.999999,0.9998892561980156,3441.0951184349065,0,-1
a,passive,affine,2.5,100,0.0,4057458,106,0.9998647765620802,0.999999,3466.945396377067,0,-1
a,passive,affine,2.5,100,0.0,4057458,107,0.999999,0.999999,3483.439144671567,0,-1
a,passive,affine,2.5,100,0.0,4057458,108,0.999999,0.999999,3489.0923869826497,0,-1
a,passive,affine,2.5,100,0.0,4057458,109,0.999892054496772,0.9984383547702642,3462.141938840084,0,-1
a,passive,affine,2.5,100,0.0,4057458,110,0.999999,0.999999,3429.5118490840796,0,-1
a,passive,affine,2.5,100,0.0,4057458,111,0.999999,0.9805390099699506,3468.428497736697,0,-1
a,passive,affine,2.5,100,0.0,4057458,112,0.9860533412602094,0.9955860556534036,3486.7336266149428,0,-1
a,passive,affine,2.5,100,0.0,4057458,113,0.9999568578688622,0.8123415470535066,3461.6002844970344,0,-1
a,passive,affine,2.5,100,0.0,4057458,114,0.999999,0.999999,3448.7163694419555,0,-1
a,passive,affine,2.5,100,0.0,4057458,115,0.9986552069860152,0.999999,3472.025403728193,0,-1
a,passive,affine,2.5,100,0.0,4057458,116,0.9995910603522963,0.999999,3474.2378881691143,0,-1
a,passive,affine,2.5,100,0.0,4057458,117,0.7827762693446696,0.9976683263271157,3467.4159943074924,0,-1
a,passive,affine,2.5,100,0.0,4057458,118,0.999999,0.9999312444937882,3465.797401572192,0,-1
a,passive,affine,2.5,100,0.0,4057458,119,0.999999,0.9890890095943563,3470.2382836517886,0,-1
a,passive,affine,2.5,100,0.0,4057458,120,0.999999,0.999999,3472.222834625547,0,-1
a,passive,affine,2.5,100,0.0,4057458,121,0.999999,0.999999,3489.0233543896798,0,-1
a,passive,affine,2.5,100,0.0,4057458,122,0.6639615375554107,0.9977868960002176,3451.8692367502417,0,-1
a,passive,affine,2.5,100,0.0,4057458,123,0.9981184757100297,0.999999,3472.9278623941805,0,-1
a,passive,affine,2.5,100,0.0,4057458,124,0.999999,0.9845357777391317,3467.0888401545403,0,-1
a,passive,affine,2.5,100,0.0,4057458,125,0.996277878376902,0.999999,3436.749963055725,0,-1
a,passive,affine,2.5,100,0.0,4057458,126,0.8459210503244445,0.7284967711001983,3434.9972408869526,0,-1
a,passive,affine,2.5,100,0.0,4057458,127,0.999999,0.9997762783240721,3400.113762462767,0,-1
a,passive,affine,2.5,100,0.0,4057458,128,0.999999,0.999999,3476.281201616931,0,-1
a,passive,affine,2.5,100,0.0,4057458,129,0.4649052372457978,0.9727573866936106,3444.652149505763,0,-1
a,passive,affine,2.5,100,0.0,4057458,130,0.9925923931480474,0.9945728544237524,3474.391306820417,0,-1
a,passive,affine,2.5,100,0.0,4057458,131,0.9887634304510888,0.9994449036225572,3482.612572602036,0,-1
a,passive,affine,2.5,100,0.0,4057458,132,0.688305432074762,0.999999,3460.5556236322664,0,-1
a,passive,affine,2.5,100,0.0,4057458,133,0.999999,0.999999,3467.1460750340348,0,-1
a,passive,affine,2.5,100,0.0,4057458,134,0.9645341811903414,0.9999082830883907,3465.5838259829147,0,-1
a,passive,affine,2.5,100,0.0,4057458,135,0.7854048581250705,0.999999,3443.8976563400015,0,-1
a,passive,affine,2.5,100,0.0,4057458,136,0.9682299153681907,0.8644947240007914,3470.305184653955,0,-1
a,passive,affine,2.5,100,0.0,4057458,137,0.9998155299254593,0.9965993247502579,3460.2970560152485,0,-1
a,passive,affine,2.5,100,0.0,4057458,138,0.998760493762017,0.9828181840245432,3483.4939070241066,0,-1
a,passive,affine,2.5,100,0.0,4057458,139,0.999999,0.999999,3467.9193130812664,0,-1
a,passive,affine,2.5,100,0.0,4057458,140,0.999999,0.999999,3486.8778936557196,0,-1
a,passive,affine,2.5,100,0.0,4057458,141,-0.6945674176411889,0.9995672331541303,3445.3978842895235,1,455
a,passive,affine,2.5,100,0.0,4057458,142,0.9262241238587618,0.9986949829270545,3469.280458775865,0,-1
a,passive,affine,2.5,100,0.0,4057458,143,0.9973106693771416,0.999908419849723,3434.5238862887795,0,-1
a,passive,affine,2.5,100,0.0,4057458,144,0.9482036939518378,0.7680161327222783,3469.67355984439,0,-1
a,passive,affine,2.5,100,0.0,4057458,145,0.9997559351689207,0.9999277929753998,3457.3284820584995,0,-1
a,passive,affine,2.5,100,0.0,4057458,146,0.9990127430908049,0.999999,3456.840099760419,0,-1
a,passive,affine,2.5,100,0.0,4057458,147,0.996812935935558,0.999999,3418.766731481536,0,-1
a,passive,affine,2.5,100,0.0,4057458,148,0.999999,0.9951189809177798,3430.190161290614,0,-1
a,passive,affine,2.5,100,0.0,4057458,149,0.9854852956842132,0.9198723899957284,3461.0801895351697,0,-1
a,passive,affine,2.5,100,0.0,4057458,150,0.999999,0.9794719166730368,3473.5085875366594,0,-1
a,passive,affine,2.5,100,0.0,4057458,151,0.9999770671958269,0.9960804207743156,3463.970748712212,0,-1
a,passive,affine,2.5,100,0.0,4057458,152,0.999999,0.999999,3470.3070547429575,0,-1
a,passive,affine,2.5,100,0.0,4057458,153,0.999999,0.900945529819814,3455.515514473678,0,-1
a,passive,affine,2.5,100,0.0,4057458,154,0.9998592783331963,0.9950232798110066,3462.2512365775206,0,-1
a,passive,affine,2.5,100,0.0,4057458,155,0.999999,0.9999809674199588,3470.675619390263,1,346
a,passive,affine,2.5,100,0.0,4057458,156,0.999999,0.999772602457854,3438.0953489418457,0,-1
a,passive,affine,2.5,100,0.0,4057458,157,0.999999,0.999999,3480.8379119510905,0,-1
a,passive,affine,2.5,100,0.0,4057458,158,0.999999,0.7550737700427489,3467.6907802913975,0,-1
a,passive,affine,2.5,100,0.0,4057458,159,0.999999,0.9989130826278699,3466.3289425477965,0,-1
a,passive,affine,2.5,100,0.0,4057458,160,0.8543841723909544,0.9699710546750535,3470.7431715180387,0,-1
a,passive,affine,2.5,100,0.0,4057458,161,0.999999,0.9815067149087736,3465.5076468149573,0,-1
a,passive,affine,2.5,100,0.0,4057458,162,0.9998051396372236,0.999999,3465.7131722109134,0,-1
a,passive,affine,2.5,100,0.0,4057458,163,0.999999,0.9999945327198404,3482.9997956895595,0,-1
a,passive,affine,2.5,100,0.0,4057458,164,0.999999,0.9999980101844235,3471.3425534796274,0,-1
a,passive,affine,2.5,100,0.0,4057458,165,0.999999,0.999208108498611,3485.1547198280387,0,-1
a,passive,affine,2.5,100,0.0,4057458,166,0.999999,0.999999,3467.902052485963,0,-1
a,passive,affine,2.5,100,0.0,4057458,167,0.9751355593926917,0.9924521159797912,3454.0198238221774,0,-1
a,passive,affine,2.5,100,0.0,4057458,168,0.9999716288350974,0.999999,3459.3060846630633,0,-1
a,passive,affine,2.5,100,0.0,4057458,169,0.999999,0.955554541616707,3470.876149547307,0,-1
a,passive,affine,2.5,100,0.0,4057458,170,0.9999748269599434,0.9996459506689157,3456.0534659202685,0,-1
a,passive,affine,2.5,100,0.0,4057458,171,0.999999,0.9632876440110286,3469.2356810734254,0,-1
a,passive,affine,2.5,100,0.0,4057458,172,0.999999,0.999980914449325,3380.3517919564747,0,-1
a,passive,affine,2.5,100,0.0,4057458,173,0.9995863956223943,0.999999,3459.319398949096,0,-1
a,passive,affine,2.5,100,0.0,4057458,174,0.999999,0.8961230464580029,3465.8548434246018,0,-1
a,passive,affine,2.5,100,0.0,4057458,175,0.999999,0.9843411011684416,3440.083161318332,0,-1
a,passive,affine,2.5,100,0.0,4057458,176,0.9998049634277841,0.999999,3417.077332871299,0,-1
a,passive,affine,2.5,100,0.0,4057458,177,0.999999,0.9987951166533299,3483.5705808187854,0,-1
a,passive,affine,2.5,100,0.0,4057458,178,0.999999,0.8830753326417153,3469.1518880360004,0,-1
a,passive,affine,2.5,100,0.0,4057458,179,0.9974551803542677,0.999999,3471.1588318719205,0,-1
a,passive,affine,2.5,100,0.0,4057458,180,0.735045265376597,0.9998054987431625,3410.8952985342917,0,-1
a,passive,affine,2.5,100,0.0,4057458,181,0.999999,0.9979674860974462,3483.7200466283357,0,-1
a,passive,affine,2.5,100,0.0,4057458,182,0.999999,0.9970137497682036,3461.006428014384,0,-1
a,passive,affine,2.5,100,0.0,4057458,183,0.9998795319647332,0.9847501221576341,3480.038296978489,0,-1
a,passive,affine,2.5,100,0.0,4057458,184,0.9999750765349775,0.8778075379360348,3459.770995964802,1,340
a,passive,affine,2.5,100,0.0,4057458,185,0.8085831526745622,0.9998288201169604,3452.0630275436843,0,-1
a,passive,affine,2.5,100,0.0,4057458,186,0.9893106893582193,0.9707282015212177,3444.773691107469,0,-1
a,passive,affine,2.5,100,0.0,4057458,187,0.9738951830024843,0.999999,3454.097540536345,0,-1
a,passive,affine,2.5,100,0.0,4057458,188,0.999999,0.9999698088878723,3435.6579267000975,0,-1
a,passive,affine,2.5,100,0.0,4057458,189,0.9913025240583491,0.9689680222714268,3441.9740049872594,0,-1
a,passive,affine,2.5,100,0.0,4057458,190,0.9999786790376192,0.999999,3482.063427139242,0,-1
a,passive,affine,2.5,100,0.0,4057458,191,0.995070865162162,0.999999,3470.545059296389,0,-1
a,passive,affine,2.5,100,0.0,4057458,192,0.999999,0.9998698143120125,3449.07277107976,0,-1
a,passive,affine,2.5,100,0.0,4057458,193,0.999999,0.7850552572775128,3449.2352793215364,0,-1
a,passive,affine,2.5,100,0.0,4057458,194,0.9998910552740881,0.9998500150845033,3474.6083607648657,0,-1
a,passive,affine,2.5,100,0.0,4057458,195,0.9999349401287201,0.9537895845016384,3469.441551375802,0,-1
a,passive,affine,2.5,100,0.0,4057458,196,0.9996308432699282,0.9997124116364438,3461.4130794923617,0,-1
a,passive,affine,2.5,100,0.0,4057458,197,0.999999,0.998524771901961,3474.896780839102,0,-1
a,passive,affine,2.5,100,0.0,4057458,198,0.999999,0.999999,3444.292317396083,0,-1
a,passive,affine,2.5,100,0.0,4057458,199,0.999999,0.999999,3449.8438254992157,0,-1
a,passive,affine,2.5,100,0.0,4057458,200,0.999999,0.999999,3455.9167749829107,0,-1
a,passive,affine,2.5,100,0.0,4057458,201,0.9998818875920285,0.9995939099902797,3434.115657953163,0,-1
a,passive,affine,2.5,100,0.0,4057458,202,0.999999,0.9999366576334717,3431.1043928693407,0,-1
a,passive,affine,2.5,100,0.0,4057458,203,0.9989052096366319,0.9899864331131532,3449.762160705183,0,-1
a,passive,affine,2.5,100,0.0,4057458,204,0.9979767554935689,0.999999,3460.3076412927685,0,-1
a,passive,affine,2.5,100,0.0,4057458,205,0.9998847597762249,0.999999,3460.8244104989312,0,-1
a,passive,affine,2.5,100,0.0,4057458,206,0.999999,0.9998813953726056,3474.6792496357957,0,-1
a,passive,affine,2.5,100,0.0,4057458,207,0.999999,0.9998827554293589,3451.840898349479,0,-1
a,passive,affine,2.5,100,0.0,4057458,208,0.999999,0.9997824103460757,3467.1593688983403,0,-1
a,passive,affine,2.5,100,0.0,4057458,209,0.9997308289462015,0.9056693089877385,3481.2779782075486,0,-1
a,passive,affine,2.5,100,0.0,4057458,210,0.7066796318463651,0.999999,3478.112141530439,0,-1
a,passive,affine,2.5,100,0.0,4057458,211,0.999999,0.999999,3477.2664182550207,0,-1
a,passive,affine,2.5,100,0.0,4057458,212,0.9931998221237073,0.9739417751091869,3468.0400082037695,0,-1
a,passive,affine,2.5,100,0.0,4057458,213,0.999999,0.9705541758546861,3464.3449683082604,1,398
a,passive,affine,2.5,100,0.0,4057458,214,0.9850629670242187,0.9448576729868894,3453.5231775833677,0,-1
a,passive,affine,2.5,100,0.0,4057458,215,0.999999,0.999999,3466.2435516101455,0,-1
a,passive,affine,2.5,100,0.0,4057458,216,0.9922455370436538,0.999999,3461.951125488046,0,-1
a,passive,affine,2.5,100,0.0,4057458,217,0.999999,0.9953483176458586,3438.5825674990715,0,-1
a,passive,affine,2.5,100,0.0,4057458,218,0.999999,0.8338568175048411,3467.8868839107236,0,-1
a,passive,affine,2.5,100,0.0,4057458,219,0.999999,0.9998364480402689,3464.5281578118684,0,-1
a,passive,affine,2.5,100,0.0,4057458,220,0.9999333000736953,0.9964951648691504,3456.4726849106733,0,-1
a,passive,affine,2.5,100,0.0,4057458,221,0.9999879255538048,0.999999,3476.1791701354828,0,-1
a,passive,affine,2.5,100,0.0,4057458,222,0.9999894865943625,0.9713897926060109,3476.443454017879,0,-1
a,passive,affine,2.5,100,0.0,4057458,223,0.9924105465672277,0.999999,3478.946190784378,0,-1
a,passive,affine,2.5,100,0.0,4057458,224,0.999999,0.999999,3388.2506252318244,1,364
a,passive,affine,2.5,100,0.0,4057458,225,0.9998183641495518,0.999999,3466.602493124455,0,-1
a,passive,affine,2.5,100,0.0,4057458,226,0.999999,0.999999,3464.603935341761,0,-1
a,passive,affine,2.5,100,0.0,4057458,227,0.9999377204236097,0.9877438247694136,3457.1725056799773,0,-1
a,passive,affine,2.5,100,0.0,4057458,228,0.9994886416944123,0.999999,3467.233338243912,0,-1
a,passive,affine,2.5,100,0.0,4057458,229,0.9918008810222171,0.9997416706277834,3443.293173093393,0,-1
a,passive,affine,2.5,100,0.0,4057458,230,0.999999,0.999999,3457.322233285171,0,-1
a,passive,affine,2.5,100,0.0,4057458,231,0.9092300614387786,0.999999,3423.9991645690598,0,-1
a,passive,affine,2.5,100,0.0,4057458,232,0.9999501678822666,0.999757790225409,3457.5690764674014,0,-1
a,passive,affine,2.5,100,0.0,4057458,233,0.9983555105937991,0.9998902614423665,3477.5634083718137,0,-1
a,passive,affine,2.5,100,0.0,4057458,234,0.989538418267441,0.999999,3476.953315125985,0,-1
a,passive,affine,2.5,100,0.0,4057458,235,0.9780905055787693,0.999999,3462.399967969411,0,-1
a,passive,affine,2.5,100,0.0,4057458,236,0.9996438056968534,0.8240643235268922,3415.320004822013,1,351
a,passive,affine,2.5,100,0.0,4057458,237,0.9999736940977918,0.9997065159092857,3447.654409757447,0,-1
a,passive,affine,2.5,100,0.0,4057458,238,0.9998763210766608,0.9976520318827381,3415.0404574122863,0,-1
a,passive,affine,2.5,100,0.0,4057458,239,-0.9792608485029636,0.9990899879325068,3468.91743190337,1,369
a,passive,affine,2.5,100,0.0,4057458,240,0.9998147093167564,0.9998388858655423,3463.8012156055106,0,-1
a,passive,affine,2.5,100,0.0,4057458,241,0.9999334178446833,0.999999,3456.5088000300284,0,-1
a,passive,affine,2.5,100,0.0,4057458,242,0.999999,0.9909420122565269,3480.1629398936507,0,-1
a,passive,affine,2.5,100,0.0,4057458,243,0.999999,0.999999,3446.002694471914,0,-1
a,passive,affine,2.5,100,0.0,4057458,244,0.9996708058731886,0.9783556481948659,3463.0677253894182,0,-1
a,passive,affine,2.5,100,0.0,4057458,245,0.9999807010899718,0.999999,3479.266472319812,0,-1
a,passive,affine,2.5,100,0.0,4057458,246,0.9999537237317151,0.929039452140027,3464.6418535733665,0,-1
a,passive,affine,2.5,100,0.0,4057458,247,0.999999,0.999999,3460.312127690639,0,-1
a,passive,affine,2.5,100,0.0,4057458,248,0.9999206241591586,0.999999,3476.1833196771763,0,-1
a,passive,affine,2.5,100,0.0,4057458,249,0.999999,0.9999742390567159,3464.8567002138902,1,327
a,passive,affine,2.5,100,0.0,4057458,250,0.9997706257285862,0.999999,3478.204825987748,0,-1
a,passive,affine,2.5,100,0.0,4057458,251,0.9849105175732681,0.9999604401558311,3458.602368818485,0,-1
a,passive,affine,2.5,100,0.0,4057458,252,0.9774692061794057,0.999999,3462.1569920945144,0,-1
a,passive,affine,2.5,100,0.0,4057458,253,0.999999,0.9974831734283426,3446.621560222348,0,-1
a,passive,affine,2.5,100,0.0,4057458,254,0.9999612658118503,0.9997367297232181,3416.9862836967613,0,-1
a,passive,affine,2.5,100,0.0,4057458,255,0.999999,0.9891091760366163,3469.602844501002,0,-1
a,passive,affine,2.5,100,0.0,4057458,256,0.7523658423924758,0.9997212367270011,3457.792822373344,0,-1
a,passive,affine,2.5,100,0.0,4057458,257,0.9961816913299018,0.9999265350380567,3478.7854743903295,0,-1
a,passive,affine,2.5,100,0.0,4057458,258,0.9188184460140706,0.9998639579442242,3466.115430611952,1,306
a,passive,affine,2.5,100,0.0,4057458,259,0.999999,0.999923307620776,3444.109407584453,0,-1
a,passive,affine,2.5,100,0.0,4057458,260,0.999999,0.999999,3458.0481147582627,0,-1
a,passive,affine,2.5,100,0.0,4057458,261,0.9932193152150439,0.9969934493848753,3466.898140992948,0,-1
a,passive,affine,2.5,100,0.0,4057458,262,0.9697861759080137,0.9998577797406938,3466.0707700342555,0,-1
a,passive,affine,2.5,100,0.0,4057458,263,0.9609827882870782,0.999999,3479.83333331813,0,-1
a,passive,affine,2.5,100,0.0,4057458,264,0.999934697518482,0.999999,3476.1128664243524,0,-1
a,passive,affine,2.5,100,0.0,4057458,265,0.9980740990648467,0.9998725269411398,3453.8812262267047,0,-1
a,passive,affine,2.5,100,0.0,4057458,266,0.999999,0.9999954787142088,3477.7502161212788,0,-1
a,passive,affine,2.5,100,0.0,4057458,267,0.8265219447388732,0.9997937009133196,3467.8869881101937,1,365
a,passive,affine,2.5,100,0.0,4057458,268,0.9994277164024891,0.999999,3484.3702424722387,0,-1
a,passive,affine,2.5,100,0.0,4057458,269,0.9928925797805549,0.999999,3456.5227854954346,0,-1
a,passive,affine,2.5,100,0.0,4057458,270,0.9993159595199882,0.999999,3460.5037938500927,0,-1
a,passive,affine,2.5,100,0.0,4057458,271,0.999999,0.9998829094240873,3485.50944835185,0,-1
a,passive,affine,2.5,100,0.0,4057458,272,0.9998661961462072,0.999999,3476.2984112535014,0,-1
a,passive,affine,2.5,100,0.0,4057458,273,0.9999114176493158,0.9936330763121269,3474.163782108232,0,-1
a,passive,affine,2.5,100,0.0,4057458,274,0.9989751471267762,0.999999,3440.7405359098634,0,-1
a,passive,affine,2.5,100,0.0,4057458,275,0.9960355378269311,0.999999,3446.0068225640916,0,-1
a,passive,affine,2.5,100,0.0,4057458,276,0.999999,0.999931619636346,3459.714219261915,0,-1
a,passive,affine,2.5,100,0.0,4057458,277,0.9266375166718893,0.9800181253712903,3472.933387805848,0,-1
a,passive,affine,2.5,100,0.0,4057458,278,0.9948297776055899,0.999696442700597,3458.3794791160044,0,-1
a,passive,affine,2.5,100,0.0,4057458,279,0.9998567323103487,0.9999341510697272,3437.25583485797,0,-1
a,passive,affine,2.5,100,0.0,4057458,280,0.999999,0.9965357921039331,3472.626204264766,0,-1
a,passive,affine,2.5,100,0.0,4057458,281,0.999999,0.9745202101089036,3471.6994994780007,0,-1
a,passive,affine,2.5,100,0.0,4057458,282,0.9999530133817117,0.999999,3462.0760704867894,0,-1
a,passive,affine,2.5,100,0.0,4057458,283,0.99968847660925,0.7570762174933612,3459.7208927401407,1,274
a,passive,affine,2.5,100,0.0,4057458,284,0.8516569737627566,0.9785861535185806,3469.1671301331485,0,-1
a,passive,affine,2.5,100,0.0,4057458,285,0.7593418236669072,0.9401436251210651,3464.1869399830657,0,-1
a,passive,affine,2.5,100,0.0,4057458,286,0.9999353129325392,0.999999,3467.970579680721,0,-1
a,passive,affine,2.5,100,0.0,4057458,287,-0.9698267960486737,0.9998940864823773,3478.2796980022094,1,308
a,passive,affine,2.5,100,0.0,4057458,288,0.999999,0.999999,3484.881933916022,0,-1
a,passive,affine,2.5,100,0.0,4057458,289,0.9639869128832652,0.999999,3465.7568885518795,0,-1
a,passive,affine,2.5,100,0.0,4057458,290,0.9998723305123881,0.998990019648693,3450.644754828288,0,-1
a,passive,affine,2.5,100,0.0,4057458,291,0.9920165329188071,0.9934666829808083,3472.959029951214,0,-1
a,passive,affine,2.5,100,0.0,4057458,292,0.999999,0.9768791692776566,3475.100999938455,0,-1
a,passive,affine,2.5,100,0.0,4057458,293,0.9998447422653362,0.9999239692542065,3481.6152899422495,0,-1
a,passive,affine,2.5,100,0.0,4057458,294,0.9916481330740768,0.999999,3468.965512700737,0,-1
a,passive,affine,2.5,100,0.0,4057458,295,0.878669665462455,0.999999,3473.8928475525768,0,-1
a,passive,affine,2.5,100,0.0,4057458,296,0.9999091223802045,0.999999,3463.8079104441777,0,-1
a,passive,affine,2.5,100,0.0,4057458,297,0.9996320270159297,0.9999902750197368,3456.673313010639,0,-1
a,passive,affine,2.5,100,0.0,4057458,298,0.8412926384161891,0.9998223915776159,3461.292896122417,0,-1
a,passive,affine,2.5,100,0.0,4057458,299,0.998663008700876,0.9998326180927078,3461.104909537648,0,-1
a,passive,affine,2.5,100,0.0,4057458,300,0.9723007968066071,0.9225171078611635,3452.1212135451055,0,-1
a,passive,affine,2.5,100,0.0,4057458,301,0.999999,0.9998807508174232,3478.825404166814,0,-1
a,passive,affine,2.5,100,0.0,4057458,302,0.999999,0.9961763511547737,3467.2455072728967,0,-1
a,passive,affine,2.5,100,0.0,4057458,303,0.9990301534203295,0.9998145160697964,3472.255932921467,0,-1
a,passive,affine,2.5,100,0.0,4057458,304,0.999999,0.9998790123957974,3476.114214285539,0,-1
a,passive,affine,2.5,100,0.0,4057458,305,0.999999,0.999999,3454.1283057438395,0,-1
a,passive,affine,2.5,100,0.0,4057458,306,0.999999,0.99982139975571,3463.312293942053,0,-1
a,passive,affine,2.5,100,0.0,4057458,307,0.9423705096548277,0.999999,3458.5678924502795,0,-1
a,passive,affine,2.5,100,0.0,4057458,308,-0.9922224241730538,0.9856142476270475,3473.7395440502587,1,327
a,passive,affine,2.5,100,0.0,4057458,309,0.9997371185105606,0.9930628645369045,3455.2835755032543,0,-1
a,passive,affine,2.5,100,0.0,4057458,310,0.9927408945333474,0.9976045108383915,3479.2655593574514,0,-1
a,passive,affine,2.5,100,0.0,4057458,311,0.999999,0.999999,3435.047887270617,0,-1
a,passive,affine,2.5,100,0.0,4057458,312,0.9778652419053423,0.999999,3476.8625912307953,0,-1
a,passive,affine,2.5,100,0.0,4057458,313,0.9837234417933438,0.999999,3464.7300240275276,0,-1
a,passive,affine,2.5,100,0.0,4057458,314,0.9998778060285897,0.9910482404701771,3454.20931616218,1,369
a,passive,affine,2.5,100,0.0,4057458,315,-0.807464012481955,0.9996507033087626,3477.3011316768907,1,317
a,passive,affine,2.5,100,0.0,4057458,316,0.999999,0.999999,3473.5537676742942,0,-1
a,passive,affine,2.5,100,0.0,4057458,317,0.9994047104818996,0.999999,3486.5331510443207,0,-1
a,passive,affine,2.5,100,0.0,4057458,318,0.999999,0.999999,3475.8430055611175,0,-1
a,passive,affine,2.5,100,0.0,4057458,319,0.9999470515478857,0.9948460262158417,3362.499680147224,0,-1
a,passive,affine,2.5,100,0.0,4057458,320,0.9867047753146139,0.9993912222351712,3475.479040231528,0,-1
a,passive,affine,2.5,100,0.0,4057458,321,0.999999,0.999999,3472.78850488899,0,-1
a,passive,affine,2.5,100,0.0,4057458,322,0.9970443830499809,0.999999,3463.1043234552185,0,-1
a,passive,affine,2.5,100,0.0,4057458,323,0.9996426188991276,0.9994137796956002,3472.301051481713,0,-1
a,passive,affine,2.5,100,0.0,4057458,324,0.999999,0.9969125486048557,3476.373592338916,0,-1
a,passive,affine,2.5,100,0.0,4057458,325,0.999999,0.999999,3390.8530677984663,0,-1
a,passive,affine,2.5,100,0.0,4057458,326,0.999999,0.997240829468782,3459.8784265388276,0,-1
a,passive,affine,2.5,100,0.0,4057458,327,0.999999,0.991876464505068,3456.9684009980347,0,-1
a,passive,affine,2.5,100,0.0,4057458,328,0.9996852996914978,0.999999,3484.671236770862,0,-1
a,passive,affine,2.5,100,0.0,4057458,329,0.9997968013662221,0.984555696305898,3477.927899525255,0,-1
a,passive,affine,2.5,100,0.0,4057458,330,-0.93403447537246,0.999999,3455.1250838966625,1,316
a,passive,affine,2.5,100,0.0,4057458,331,0.9996176826944365,0.999999,3434.5819685320334,0,-1
a,passive,affine,2.5,100,0.0,4057458,332,0.9998504193930935,0.999999,3423.714752188941,0,-1
a,passive,affine,2.5,100,0.0,4057458,333,0.999999,0.999886149544079,3482.224080421189,0,-1
a,passive,affine,2.5,100,0.0,4057458,334,0.999999,0.9982449819650061,3425.3921096300733,0,-1
a,passive,affine,2.5,100,0.0,4057458,335,0.9431203160533487,0.999999,3468.8900600884676,1,378
a,passive,affine,2.5,100,0.0,4057458,336,0.9998551953260318,0.9823016020193412,3461.3320325157847,0,-1
a,passive,affine,2.5,100,0.0,4057458,337,0.999999,0.999999,3440.690932802679,0,-1
a,passive,affine,2.5,100,0.0,4057458,338,0.9997040213238326,0.9881610552504971,3464.03383747813,0,-1
a,passive,affine,2.5,100,0.0,4057458,339,0.999999,0.7779095894554442,3463.4320460333743,0,-1
a,passive,affine,2.5,100,0.0,4057458,340,0.9999893697004887,0.999999,3450.5738608107667,1,310
a,passive,affine,2.5,100,0.0,4057458,341,0.999999,0.999999,3472.7199492886757,0,-1
a,passive,affine,2.5,100,0.0,4057458,342,0.9999230350762944,0.9993334437529167,3477.112442402632,0,-1
a,passive,affine,2.5,100,0.0,4057458,343,0.9889608558862936,0.8319022641227837,3426.7631985236144,0,-1
a,passive,affine,2.5,100,0.0,4057458,344,0.9999505294809025,0.999999,3459.613128260438,0,-1
a,passive,affine,2.5,100,0.0,4057458,345,0.999999,0.999999,3485.976302584903,0,-1
a,passive,affine,2.5,100,0.0,4057458,346,0.9996993055437555,0.9893051051025531,3458.3445467709907,0,-1
a,passive,affine,2.5,100,0.0,4057458,347,0.999999,0.999999,3426.3249360035256,0,-1
a,passive,affine,2.5,100,0.0,4057458,348,0.9981611958557673,0.999999,3441.757084078106,0,-1
a,passive,affine,2.5,100,0.0,4057458,349,0.7816858516471019,0.9998566596426932,3468.214753209209,0,-1
a,passive,affine,2.5,100,0.0,4057458,350,0.999999,0.9998914667142884,3465.0108030206397,0,-1
a,passive,affine,2.5,100,0.0,4057458,351,0.9999044817029746,0.9998850208236746,3465.9245111763116,0,-1
a,passive,affine,2.5,100,0.0,4057458,352,0.9999090486726881,0.9999488604608658,3472.4592978501414,0,-1
a,passive,affine,2.5,100,0.0,4057458,353,0.9244839342185525,0.999999,3473.7152428732024,0,-1
a,passive,affine,2.5,100,0.0,4057458,354,0.9998543497310537,0.999999,3444.412068262764,0,-1
a,passive,affine,2.5,100,0.0,4057458,355,0.9471021608216497,0.999999,3402.2269900658484,0,-1
a,passive,affine,2.5,100,0.0,4057458,356,0.999999,0.9864462281292377,3475.332957622257,0,-1
a,passive,affine,2.5,100,0.0,4057458,357,0.999999,0.9998888015477204,3473.802244557835,0,-1
a,passive,affine,2.5,100,0.0,4057458,358,0.999999,0.9998965991439495,3479.2698332199125,0,-1
a,passive,affine,2.5,100,0.0,4057458,359,0.999999,0.999999,3476.104586822365,0,-1
a,passive,affine,2.5,100,0.0,4057458,360,0.9865391465525984,0.9997774079118431,3465.7330781106716,0,-1
a,passive,affine,2.5,100,0.0,4057458,361,0.999999,0.9998759415270154,3457.47932029989,0,-1
a,passive,affine,2.5,100,0.0,4057458,362,0.9998642645318164,0.9998879215889638,3464.188472318482,0,-1
a,passive,affine,2.5,100,0.0,4057458,363,0.8657388622082434,0.999999,3467.818006866074,0,-1
a,passive,affine,2.5,100,0.0,4057458,364,0.999999,0.999999,3476.6603839943928,0,-1
a,passive,affine,2.5,100,0.0,4057458,365,0.9873134517047975,0.9831095980286659,3479.9829018478845,0,-1
a,passive,affine,2.5,100,0.0,4057458,366,0.8210207710698799,0.999999,3470.064646110965,0,-1
a,passive,affine,2.5,100,0.0,4057458,367,0.9998653541105618,0.999999,3391.410229054555,0,-1
a,passive,affine,2.5,100,0.0,4057458,368,0.9381484433240124,0.999999,3453.977764380388,0,-1
a,passive,affine,2.5,100,0.0,4057458,369,0.999892357058032,0.9969792803401976,3468.7383305423796,0,-1
a,passive,affine,2.5,100,0.0,4057458,370,0.9999047703684082,0.9703611292262286,3456.3227862224617,0,-1
a,passive,affine,2.5,100,0.0,4057458,371,0.9933737911975534,0.9978696463064036,3475.0897020444136,0,-1
a,passive,affine,2.5,100,0.0,4057458,372,0.999999,0.9933788270943186,3478.2990693956963,0,-1
a,passive,affine,2.5,100,0.0,4057458,373,0.9999428983139916,0.999999,3471.7905912053557,0,-1
a,passive,affine,2.5,100,0.0,4057458,374,0.9963541121724196,0.9998280658905029,3459.9841201559448,0,-1
a,passive,affine,2.5,100,0.0,4057458,375,0.9984666091780213,0.9997471779026315,3461.8004074469977,0,-1
a,passive,affine,2.5,100,0.0,4057458,376,0.99987713458966,0.9996315441223161,3446.808501326185,0,-1
a,passive,affine,2.5,100,0.0,4057458,377,0.6703885466744934,0.999999,3420.641068828098,0,-1
a,passive,affine,2.5,100,0.0,4057458,378,0.8722421897404093,0.9999844920781648,3441.9810456641876,0,-1
a,passive,affine,2.5,100,0.0,4057458,379,0.999999,0.9998112009424458,3481.289593541123,0,-1
a,passive,affine,2.5,100,0.0,4057458,380,0.9919908658355785,0.9197167459298055,3424.6766855116466,1,381
a,passive,affine,2.5,100,0.0,4057458,381,0.9997547705015839,0.999999,3447.980617665089,0,-1
a,passive,affine,2.5,100,0.0,4057458,382,0.999999,0.9997285887221151,3474.6708249911976,0,-1
a,passive,affine,2.5,100,0.0,4057458,383,0.999999,0.999999,3455.5710283619073,0,-1
a,passive,affine,2.5,100,0.0,4057458,384,0.9997497155323052,0.999999,3446.640497949678,0,-1
a,passive,affine,2.5,100,0.0,4057458,385,0.999999,0.999999,3477.4067230672367,0,-1
a,passive,affine,2.5,100,0.0,4057458,386,0.9995753154766893,0.9796864925882872,3477.618667012914,0,-1
a,passive,affine,2.5,100,0.0,4057458,387,0.999999,0.9996922710212195,3474.8110541007104,0,-1
a,passive,affine,2.5,100,0.0,4057458,388,0.992623516884112,0.999999,3449.4189494854836,0,-1
a,passive,affine,2.5,100,0.0,4057458,389,0.9998487785995914,0.999999,3461.4684840717714,0,-1
a,passive,affine,2.5,100,0.0,4057458,390,0.999999,0.8963984953254959,3473.809342367613,0,-1
a,passive,affine,2.5,100,0.0,4057458,391,0.999999,0.999999,3480.8753637314976,0,-1
a,passive,affine,2.5,100,0.0,4057458,392,0.9980987599104152,0.9999677924070739,3480.7310461726056,0,-1
a,passive,affine,2.5,100,0.0,4057458,393,0.999999,0.999999,3471.8144287116465,0,-1
a,passive,affine,2.5,100,0.0,4057458,394,0.999999,0.999803074145426,3474.7023031554636,0,-1
a,passive,affine,2.5,100,0.0,4057458,395,0.24080407589151928,0.9987570539502136,3429.3828105262046,1,671
a,passive,affine,2.5,100,0.0,4057458,396,0.999999,0.9988880255030633,3450.7998634483733,0,-1
a,passive,affine,2.5,100,0.0,4057458,397,0.999999,0.9284114828057951,3466.411018558632,0,-1
a,passive,affine,2.5,100,0.0,4057458,398,0.995334143275211,0.9963346931173729,3470.8472052181937,0,-1
a,passive,affine,2.5,100,0.0,4057458,399,0.9994940984746882,0.9997876508961546,3454.4107878899804,0,-1
a,passive,affine,2.5,100,0.0,4057458,400,0.9999495983407004,0.999999,3470.286221780197,0,-1
a,passive,affine,2.5,100,0.0,4057458,401,0.999999,0.999999,3472.256983183088,0,-1
a,passive,affine,2.5,100,0.0,4057458,402,0.999999,0.999999,3480.1162389574456,0,-1
a,passive,affine,2.5,100,0.0,4057458,403,0.9995615699020927,0.9999150384874934,3465.633453895732,0,-1
a,passive,affine,2.5,100,0.0,4057458,404,0.999999,0.9952853510908372,3470.653891005486,0,-1
a,passive,affine,2.5,100,0.0,4057458,405,0.9998165759921543,0.999999,3480.603333063535,0,-1
a,passive,affine,2.5,100,0.0,4057458,406,0.9997602498122911,0.999999,3475.064717674602,0,-1
a,passive,affine,2.5,100,0.0,4057458,407,0.9119050669843224,0.999999,3463.5491992843326,0,-1
a,passive,affine,2.5,100,0.0,4057458,408,0.999999,0.9961241159208738,3470.17042276337,0,-1
a,passive,affine,2.5,100,0.0,4057458,409,0.999999,0.9938117727876488,3454.8722208316085,0,-1
a,passive,affine,2.5,100,0.0,4057458,410,0.999999,0.999999,3474.8344198553214,0,-1
a,passive,affine,2.5,100,0.0,4057458,411,0.8039194021878708,0.999999,3457.4881981933922,0,-1
a,passive,affine,2.5,100,0.0,4057458,412,0.999999,0.999999,3455.514725644983,0,-1
a,passive,affine,2.5,100,0.0,4057458,413,0.999999,0.9999444898132023,3461.3962465219797,0,-1
a,passive,affine,2.5,100,0.0,4057458,414,0.9584858944751764,0.999999,3457.9435650841874,0,-1
a,passive,affine,2.5,100,0.0,4057458,415,0.999999,0.862838792131024,3468.2428324879475,0,-1
a,passive,affine,2.5,100,0.0,4057458,416,0.9995876009428721,0.9943909481530807,3455.321459955335,1,497
a,passive,affine,2.5,100,0.0,4057458,417,0.972583444891888,0.999999,3466.581173096719,1,358
a,passive,affine,2.5,100,0.0,4057458,418,0.999999,0.999999,3460.4979079060618,0,-1
a,passive,affine,2.5,100,0.0,4057458,419,0.999999,0.999930054155337,3466.025971567481,0,-1
a,passive,affine,2.5,100,0.0,4057458,420,0.9973320583246615,0.9998470392353138,3448.591971221605,0,-1
a,passive,affine,2.5,100,0.0,4057458,421,0.9997647864163002,0.9767453619777849,3480.779570925006,0,-1
a,passive,affine,2.5,100,0.0,4057458,422,0.8754868228866819,0.9986519184049236,3467.027809752513,0,-1
a,passive,affine,2.5,100,0.0,4057458,423,0.9972341739448216,0.9325748483939271,3463.5089753050597,0,-1
a,passive,affine,2.5,100,0.0,4057458,424,0.999999,0.999999,3483.583062834497,0,-1
a,passive,affine,2.5,100,0.0,4057458,425,0.999999,0.999999,3459.3243444231357,0,-1
a,passive,affine,2.5,100,0.0,4057458,426,0.9998683435167639,0.999870762983661,3465.2797505542007,0,-1
a,passive,affine,2.5,100,0.0,4057458,427,0.999999,0.999999,3479.9085876321546,0,-1
a,passive,affine,2.5,100,0.0,4057458,428,0.9806045015444067,0.999999,3482.5843281454045,0,-1
a,passive,affine,2.5,100,0.0,4057458,429,0.9968665112065359,0.9920342292999951,3450.611203277952,0,-1
a,passive,affine,2.5,100,0.0,4057458,430,0.999999,0.999999,3475.687930820728,0,-1
a,passive,affine,2.5,100,0.0,4057458,431,0.9995516926846428,0.9983412221533566,3471.709372946151,0,-1
a,passive,affine,2.5,100,0.0,4057458,432,0.9365536038839294,0.999999,3483.157189828992,0,-1
a,passive,affine,2.5,100,0.0,4057458,433,0.999999,0.9971461240951092,3462.4029379527005,0,-1
a,passive,affine,2.5,100,0.0,4057458,434,0.9980030652976969,0.999999,3439.8023995071694,0,-1
a,passive,affine,2.5,100,0.0,4057458,435,0.9998340148221271,0.999999,3474.0858750294306,0,-1
a,passive,affine,2.5,100,0.0,4057458,436,0.999999,0.9962877421864308,3467.6470009568206,0,-1
a,passive,affine,2.5,100,0.0,4057458,437,0.999999,0.9978622026955717,3471.430882521943,0,-1
a,passive,affine,2.5,100,0.0,4057458,438,0.9998713274914856,0.999999,3440.5320058491584,0,-1
a,passive,affine,2.5,100,0.0,4057458,439,0.9998418426417974,0.9998374304819483,3462.3898153653295,0,-1
a,passive,affine,2.5,100,0.0,4057458,440,0.9996218260749968,0.9997522526752166,3483.0380990376225,0,-1
a,passive,affine,2.5,100,0.0,4057458,441,0.9999484799122802,0.9997851252692206,3413.0581978549985,0,-1
a,passive,affine,2.5,100,0.0,4057458,442,0.9997295845005507,0.999999,3481.2365530978,0,-1
a,passive,affine,2.5,100,0.0,4057458,443,0.999999,0.999999,3456.1006067721805,0,-1
a,passive,affine,2.5,100,0.0,4057458,444,0.7791989603009207,0.9789269998680709,3467.044184295982,0,-1
a,passive,affine,2.5,100,0.0,4057458,445,0.9356076939029107,0.999999,3481.2952331268766,0,-1
a,passive,affine,2.5,100,0.0,4057458,446,0.953354665009032,0.9646394903354141,3466.99717193119,0,-1
a,passive,affine,2.5,100,0.0,4057458,447,0.999999,0.999999,3465.220275579365,0,-1
a,passive,affine,2.5,100,0.0,4057458,448,0.999999,0.997704526231696,3474.2087482544352,0,-1
a,passive,affine,2.5,100,0.0,4057458,449,0.9998633334627284,0.9850371366191706,3447.401459130208,0,-1
a,passive,affine,2.5,100,0.0,4057458,450,0.999999,0.999999,3476.8515247717196,0,-1
a,passive,affine,2.5,100,0.0,4057458,451,0.999999,0.999999,3480.0394830734476,0,-1
a,passive,affine,2.5,100,0.0,4057458,452,0.999999,0.9996989307501479,3481.285603074824,0,-1
a,passive,affine,2.5,100,0.0,4057458,453,0.999999,0.8559317114256508,3448.5187097675453,0,-1
a,passive,affine,2.5,100,0.0,4057458,454,0.999999,0.999999,3477.098203748268,0,-1
a,passive,affine,2.5,100,0.0,4057458,455,0.999999,0.9999048806247474,3473.5477775335876,0,-1
a,passive,affine,2.5,100,0.0,4057458,456,0.999999,0.9967413308002664,3466.2472578802185,0,-1
a,passive,affine,2.5,100,0.0,4057458,457,0.999999,0.9997742070756162,3466.066065791279,0,-1
a,passive,affine,2.5,100,0.0,4057458,458,0.999999,0.999999,3478.052103990099,0,-1
a,passive,affine,2.5,100,0.0,4057458,459,0.9999913832939925,0.9997645696727648,3448.5635500825956,0,-1
a,passive,affine,2.5,100,0.0,4057458,460,0.8873653146814185,0.9999319794930607,3464.9567143267295,0,-1
a,passive,affine,2.5,100,0.0,4057458,461,0.999999,0.999999,3439.8526027281546,0,-1
a,passive,affine,2.5,100,0.0,4057458,462,0.4557273954645015,0.9983754825870463,3470.3710323295427,0,-1
a,passive,affine,2.5,100,0.0,4057458,463,0.999999,0.8125140350876197,3459.107163234921,0,-1
a,passive,affine,2.5,100,0.0,4057458,464,0.999999,0.999999,3468.0541868741593,0,-1
a,passive,affine,2.5,100,0.0,4057458,465,0.999999,0.9939434406703558,3444.995753528813,0,-1
a,passive,affine,2.5,100,0.0,4057458,466,0.9997372616605857,0.999999,3335.9946519295204,0,-1
a,passive,affine,2.5,100,0.0,4057458,467,0.999999,0.9943384076511403,3481.558907654336,0,-1
a,passive,affine,2.5,100,0.0,4057458,468,0.9995550683291778,0.999999,3458.254447691033,0,-1
a,passive,affine,2.5,100,0.0,4057458,469,0.8638994213807414,0.999999,3462.6807772601273,0,-1
a,passive,affine,2.5,100,0.0,4057458,470,0.8363141813039693,0.9998734076448167,3444.0208075387527,0,-1
a,passive,affine,2.5,100,0.0,4057458,471,0.999907931864372,0.9866725469087299,3483.085991405827,0,-1
a,passive,affine,2.5,100,0.0,4057458,472,0.9999107707720339,0.999999,3479.356011683559,0,-1
a,passive,affine,2.5,100,0.0,4057458,473,0.999999,0.999999,3457.9350482664813,0,-1
a,passive,affine,2.5,100,0.0,4057458,474,0.9997986572160815,0.33534738677833453,3453.913904103843,1,372
a,passive,affine,2.5,100,0.0,4057458,475,0.9997746029543312,0.9917064944483909,3475.337888216877,0,-1
a,passive,affine,2.5,100,0.0,4057458,476,0.6663938996469304,0.9998967820258722,3460.0767502633744,1,329
a,passive,affine,2.5,100,0.0,4057458,477,0.999999,0.999999,3456.2164847138756,0,-1
a,passive,affine,2.5,100,0.0,4057458,478,0.9996040506375931,0.999999,3448.494114435613,0,-1
a,passive,affine,2.5,100,0.0,4057458,479,0.6496367079808245,0.9878749314295329,3470.806892383289,0,-1
a,passive,affine,2.5,100,0.0,4057458,480,0.9840525777319622,0.999999,3460.853996640569,0,-1
a,passive,affine,2.5,100,0.0,4057458,481,0.9698171311994527,0.9999296875649094,3468.385707428772,1,318
a,passive,affine,2.5,100,0.0,4057458,482,0.999999,0.7932741825256161,3422.902334102209,0,-1
a,passive,affine,2.5,100,0.0,4057458,483,0.999731845132972,0.9986895634749399,3455.986385618206,0,-1
a,passive,affine,2.5,100,0.0,4057458,484,0.999999,0.8157107290244457,3400.120842160011,0,-1
a,passive,affine,2.5,100,0.0,4057458,485,0.999999,0.999999,3457.34963898802,0,-1
a,passive,affine,2.5,100,0.0,4057458,486,0.9998094116470577,0.9997483342794735,3468.261559407908,0,-1
a,passive,affine,2.5,100,0.0,4057458,487,0.9645105088679469,0.9737741747878489,3456.323711622728,0,-1
a,passive,affine,2.5,100,0.0,4057458,488,0.999999,0.996370013790535,3462.2949105939388,0,-1
a,passive,affine,2.5,100,0.0,4057458,489,-0.6093752416171562,0.999999,3454.701639681732,1,342
a,passive,affine,2.5,100,0.0,4057458,490,0.999999,0.9733523367210628,3470.971194793506,0,-1
a,passive,affine,2.5,100,0.0,4057458,491,0.9999934844580131,0.9383192344079223,3447.6097681856036,0,-1
a,passive,affine,2.5,100,0.0,4057458,492,0.9395909666796076,0.999999,3466.2421316169075,1,331
a,passive,affine,2.5,100,0.0,4057458,493,0.9913170223159191,0.999999,3470.1718909705814,0,-1
a,passive,affine,2.5,100,0.0,4057458,494,0.9970621290912214,0.8315791107142538,3476.0369268977597,0,-1
a,passive,affine,2.5,100,0.0,4057458,495,0.999999,0.9999851542116548,3441.1238609874554,0,-1
a,passive,affine,2.5,100,0.0,4057458,496,0.999999,0.9998248474154188,3457.9350448150344,0,-1
a,passive,affine,2.5,100,0.0,4057458,497,0.9988719296965068,0.999999,3463.9093984273236,0,-1
a,passive,affine,2.5,100,0.0,4057458,498,0.999999,0.9999341102929488,3477.3469496258053,0,-1
a,passive,affine,2.5,100,0.0,4057458,499,0.999999,0.9999554059777719,3393.5931065710934,0,-1
a,passive,affine,2.5,100,0.0,4057458,500,0.9999087577350912,0.9999031111993084,3455.8322396927288,0,-1
a,passive,affine,2.5,100,0.0,4057458,501,0.9948529784716519,0.999999,3445.382189025714,0,-1
a,passive,affine,2.5,100,0.0,4057458,502,0.997454473297671,0.7920862226630302,3457.1853399437778,0,-1
a,passive,affine,2.5,100,0.0,4057458,503,0.999999,0.999999,3478.3976113156664,0,-1
a,passive,affine,2.5,100,0.0,4057458,504,0.9781717000440927,0.998774947668254,3473.7307032885074,0,-1
a,passive,affine,2.5,100,0.0,4057458,505,0.999999,0.9999208054621567,3464.551171755529,0,-1
a,passive,affine,2.5,100,0.0,4057458,506,0.9569133943371386,0.999999,3472.1415710638075,0,-1
a,passive,affine,2.5,100,0.0,4057458,507,0.999999,0.9903098066070812,3443.3502087998017,0,-1
a,passive,affine,2.5,100,0.0,4057458,508,0.9966694342431929,0.9983353615666184,3466.932117461438,0,-1
a,passive,affine,2.5,100,0.0,4057458,509,0.999999,0.9918732115531838,3465.1228996155187,0,-1
a,passive,affine,2.5,100,0.0,4057458,510,0.999999,0.999999,3480.2558468118486,0,-1
a,passive,affine,2.5,100,0.0,4057458,511,0.999999,0.999999,3467.3083905768194,0,-1
a,passive,affine,2.5,100,0.0,4057458,512,0.9896937517671809,0.9981225726715718,3470.79758665578,0,-1
a,passive,affine,2.5,100,0.0,4057458,513,0.9996839754126854,0.9976441026563998,3449.4977451292407,0,-1
a,passive,affine,2.5,100,0.0,4057458,514,0.9997766330621582,0.9985639131405357,3472.728542087355,0,-1
a,passive,affine,2.5,100,0.0,4057458,515,0.9936589346989554,0.9961128605720135,3447.2654724937283,0,-1
a,passive,affine,2.5,100,0.0,4057458,516,0.999999,0.9924195589566291,3463.9571970485313,0,-1
a,passive,affine,2.5,100,0.0,4057458,517,0.999999,0.9981195152597488,3447.83047842302,0,-1
a,passive,affine,2.5,100,0.0,4057458,518,0.999999,0.999999,3442.902104314698,0,-1
a,passive,affine,2.5,100,0.0,4057458,519,0.980898344335681,0.9532643071300116,3474.2025938311594,0,-1
a,passive,affine,2.5,100,0.0,4057458,520,0.999999,0.999999,3469.3941653367992,0,-1
a,passive,affine,2.5,100,0.0,4057458,521,0.999999,0.9931844521973168,3466.244124140873,0,-1
a,passive,affine,2.5,100,0.0,4057458,522,0.9996958300887596,0.999999,3457.3868353304383,0,-1
a,passive,affine,2.5,100,0.0,4057458,523,0.9834428228599014,0.9998833575694132,3454.2722423450705,0,-1
a,passive,affine,2.5,100,0.0,4057458,524,0.999999,0.999999,3445.7310252663087,0,-1
a,passive,affine,2.5,100,0.0,4057458,525,0.39759897178610903,0.999999,3458.6491645168035,1,374
a,passive,affine,2.5,100,0.0,4057458,526,0.999999,0.9998079655542698,3456.5222350790596,0,-1
a,passive,affine,2.5,100,0.0,4057458,527,0.999999,0.9599429642746979,3462.2335105150387,0,-1
a,passive,affine,2.5,100,0.0,4057458,528,0.999999,0.9997550396898373,3468.1074753278062,0,-1
a,passive,affine,2.5,100,0.0,4057458,529,0.986527557816568,0.9999742380084887,3476.403705443201,0,-1
a,passive,affine,2.5,100,0.0,4057458,530,0.9827318149748254,0.9996734912281319,3480.2739118915338,0,-1
a,passive,affine,2.5,100,0.0,4057458,531,0.9738386935541631,0.9965138232681031,3437.0691331867793,0,-1
a,passive,affine,2.5,100,0.0,4057458,532,0.999999,0.9642014801714662,3467.080887438846,0,-1
a,passive,affine,2.5,100,0.0,4057458,533,0.9997909410344171,0.9999470281521876,3472.5161421173934,0,-1
a,passive,affine,2.5,100,0.0,4057458,534,0.9802869212879995,0.999999,3478.231657121081,0,-1
a,passive,affine,2.5,100,0.0,4057458,535,0.9981997665863109,0.9990405332273784,3458.4965067846124,0,-1
a,passive,affine,2.5,100,0.0,4057458,536,0.9520324779653184,0.9996497274221342,3468.9345931212556,0,-1
a,passive,affine,2.5,100,0.0,4057458,537,0.9916840190428622,0.9999925151140849,3456.315331842356,1,341
a,passive,affine,2.5,100,0.0,4057458,538,0.9916911363403972,0.9999409169316505,3474.7453955746773,0,-1
a,passive,affine,2.5,100,0.0,4057458,539,0.999999,0.999999,3464.682806173503,0,-1
a,passive,affine,2.5,100,0.0,4057458,540,0.9998682419513716,0.9904019006312038,3475.4762135086044,0,-1
a,passive,affine,2.5,100,0.0,4057458,541,0.999999,0.999445066200826,3465.143461137443,0,-1
a,passive,affine,2.5,100,0.0,4057458,542,0.9948317919848547,0.9802166765404974,3475.3067809474096,0,-1
a,passive,affine,2.5,100,0.0,4057458,543,0.999999,0.9996885867465839,3446.02686831574,0,-1
a,passive,affine,2.5,100,0.0,4057458,544,0.999999,0.999999,3480.1655260668063,0,-1
a,passive,affine,2.5,100,0.0,4057458,545,0.9986184355669331,0.9993957753589107,3476.347925460025,0,-1
a,passive,affine,2.5,100,0.0,4057458,546,0.999999,0.9882659782197205,3482.5992799350715,0,-1
a,passive,affine,2.5,100,0.0,4057458,547,0.9871355345058862,0.999999,3469.7609935646797,0,-1
a,passive,affine,2.5,100,0.0,4057458,548,0.999999,0.999999,3439.955176875282,0,-1
a,passive,affine,2.5,100,0.0,4057458,549,0.999999,0.995405628835366,3461.454372359442,1,325
a,passive,affine,2.5,100,0.0,4057458,550,0.9997859925855533,0.8907567485969102,3466.472303997653,0,-1
a,passive,affine,2.5,100,0.0,4057458,551,0.9387804951497744,0.999999,3461.454778206638,0,-1
a,passive,affine,2.5,100,0.0,4057458,552,0.999999,0.9898255911154524,3478.7425900071544,0,-1
a,passive,affine,2.5,100,0.0,4057458,553,0.9994208595593839,0.9999689005764524,3473.0251887239565,0,-1
a,passive,affine,2.5,100,0.0,4057458,554,0.999999,0.999999,3463.97344486701,0,-1
a,passive,affine,2.5,100,0.0,4057458,555,0.999999,0.999999,3455.4509567718633,0,-1
a,passive,affine,2.5,100,0.0,4057458,556,0.9976359703416984,0.999999,3435.768643485492,0,-1
a,passive,affine,2.5,100,0.0,4057458,557,0.9838694472380182,0.9997210992577001,3483.101589271936,0,-1
a,passive,affine,2.5,100,0.0,4057458,558,0.9973510982403944,0.9858116949475971,3458.7482916604035,0,-1
a,passive,affine,2.5,100,0.0,4057458,559,0.9666993482665629,0.9178960231065519,3444.94583385063,0,-1
a,passive,affine,2.5,100,0.0,4057458,560,0.999999,0.9877561112150675,3462.2119469622153,0,-1
a,passive,affine,2.5,100,0.0,4057458,561,0.999999,0.999999,3477.697855928691,0,-1
a,passive,affine,2.5,100,0.0,4057458,562,0.999768853763527,0.999999,3449.089068023828,1,314
a,passive,affine,2.5,100,0.0,4057458,563,0.9994063983955382,0.999999,3481.4302134859445,0,-1
a,passive,affine,2.5,100,0.0,4057458,564,0.999872041922859,0.999999,3475.7871313795276,0,-1
a,passive,affine,2.5,100,0.0,4057458,565,0.9999224603142597,0.9999508113050977,3463.505886018547,0,-1
a,passive,affine,2.5,100,0.0,4057458,566,0.9813354092891026,0.9999720683456774,3432.808561915806,0,-1
a,passive,affine,2.5,100,0.0,4057458,567,0.8686445474396354,0.999999,3461.3635160351546,0,-1
a,passive,affine,2.5,100,0.0,4057458,568,0.992839323079739,0.999999,3478.548325346898,0,-1
a,passive,affine,2.5,100,0.0,4057458,569,0.999999,0.9999535925087901,3467.6644450114686,0,-1
a,passive,affine,2.5,100,0.0,4057458,570,0.994765316212273,0.9998819867487339,3457.541709488615,0,-1
a,passive,affine,2.5,100,0.0,4057458,571,0.9943026668561715,0.9999299240136666,3469.3820659532785,0,-1
a,passive,affine,2.5,100,0.0,4057458,572,0.999999,0.9993452003930019,3470.9310071483405,0,-1
a,passive,affine,2.5,100,0.0,4057458,573,0.8968198880794777,0.999999,3439.8994313563244,0,-1
a,passive,affine,2.5,100,0.0,4057458,574,0.999999,0.999999,3444.521482996199,0,-1
a,passive,affine,2.5,100,0.0,4057458,575,0.999999,0.9908665358357863,3460.564900731254,0,-1
a,passive,affine,2.5,100,0.0,4057458,576,0.999999,0.9992426602979948,3424.310299513207,0,-1
a,passive,affine,2.5,100,0.0,4057458,577,0.999999,0.9751812126269502,3401.644492755575,0,-1
a,passive,affine,2.5,100,0.0,4057458,578,0.17968478558878023,0.757739474554422,3399.840467814752,0,-1
a,passive,affine,2.5,100,0.0,4057458,579,0.999999,0.9841197021594181,3477.480495608461,0,-1
a,passive,affine,2.5,100,0.0,4057458,580,0.999999,0.999999,3479.9621733494646,0,-1
a,passive,affine,2.5,100,0.0,4057458,581,0.999999,0.999999,3470.1846609892937,0,-1
a,passive,affine,2.5,100,0.0,4057458,582,0.999999,0.999999,3458.6236054105393,0,-1
a,passive,affine,2.5,100,0.0,4057458,583,0.9759868660983737,0.9999267970727593,3480.7657754485676,0,-1
a,passive,affine,2.5,100,0.0,4057458,584,0.999999,0.999999,3479.25969604537,0,-1
a,passive,affine,2.5,100,0.0,4057458,585,-0.9486391059477469,0.999999,3475.4925943171024,1,299
a,passive,affine,2.5,100,0.0,4057458,586,0.9999104464493812,0.999999,3482.4433205069913,0,-1
a,passive,affine,2.5,100,0.0,4057458,587,0.9602652585199108,0.9998711241739894,3461.4501078812045,0,-1
a,passive,affine,2.5,100,0.0,4057458,588,0.9983765690093689,0.999999,3470.674171412817,0,-1
a,passive,affine,2.5,100,0.0,4057458,589,0.9999531559307776,0.9920079232958279,3450.9836479001037,0,-1
a,passive,affine,2.5,100,0.0,4057458,590,0.9997988890099553,0.999999,3456.743070257234,0,-1
a,passive,affine,2.5,100,0.0,4057458,591,0.9946713542923558,0.9998998195868675,3485.318644532883,0,-1
a,passive,affine,2.5,100,0.0,4057458,592,0.9958057587002254,0.999873954757593,3462.390156075896,0,-1
a,passive,affine,2.5,100,0.0,4057458,593,0.9624453104591091,0.9978625000570687,3464.011643647471,0,-1
a,passive,affine,2.5,100,0.0,4057458,594,0.999999,0.999923326916609,3467.4644329458088,0,-1
a,passive,affine,2.5,100,0.0,4057458,595,0.9998739287022644,0.9998786423531726,3469.519858231772,0,-1
a,passive,affine,2.5,100,0.0,4057458,596,0.9442942780900266,0.9931047697325647,3471.3660547385794,0,-1
a,passive,affine,2.5,100,0.0,4057458,597,0.9949030288792923,0.9536494871917478,3475.368047716971,0,-1
a,passive,affine,2.5,100,0.0,4057458,598,0.999999,0.9969640412666579,3466.4407132585557,0,-1
a,passive,affine,2.5,100,0.0,4057458,599,0.9997959322594605,0.999999,3484.9680821997,0,-1
a,passive,affine,2.5,100,0.0,4057458,600,0.999999,0.987611635475611,3465.0484663450643,0,-1
a,passive,affine,2.5,100,0.0,4057458,601,0.9998394381607694,0.933714292658624,3443.4442332936515,0,-1
a,passive,affine,2.5,100,0.0,4057458,602,0.9998826707496383,0.9998708542163742,3467.0604702565124,0,-1
a,passive,affine,2.5,100,0.0,4057458,603,0.9995480775609615,0.999999,3478.4622614049663,0,-1
a,passive,affine,2.5,100,0.0,4057458,604,0.999999,0.999999,3470.729481766779,0,-1
a,passive,affine,2.5,100,0.0,4057458,605,0.999999,0.8764118693640073,3443.4261010745313,0,-1
a,passive,affine,2.5,100,0.0,4057458,606,0.9929742629603878,0.999999,3469.4063558111707,0,-1
a,passive,affine,2.5,100,0.0,4057458,607,0.9883351814356927,0.999999,3465.8046975688226,0,-1
a,passive,affine,2.5,100,0.0,4057458,608,0.999999,0.9986587480734924,3456.474496325836,0,-1
a,passive,affine,2.5,100,0.0,4057458,609,0.999999,0.9999338105442022,3462.6046433196498,0,-1
a,passive,affine,2.5,100,0.0,4057458,610,0.9936563014036657,0.9993382698675327,3483.896050308827,0,-1
a,passive,affine,2.5,100,0.0,4057458,611,0.999999,0.999999,3456.8864651859194,0,-1
a,passive,affine,2.5,100,0.0,4057458,612,0.9999193534965213,0.999999,3436.38495023489,0,-1
a,passive,affine,2.5,100,0.0,4057458,613,0.9872156444672628,0.999999,3485.0443390134146,0,-1
a,passive,affine,2.5,100,0.0,4057458,614,0.9994400765610061,0.9998080949350584,3450.95109029779,0,-1
a,passive,affine,2.5,100,0.0,4057458,615,0.9317887377610765,0.9998301220740269,3468.6613151867605,0,-1
a,passive,affine,2.5,100,0.0,4057458,616,0.999999,0.4582171924670883,3426.3567096464385,0,-1
a,passive,affine,2.5,100,0.0,4057458,617,0.999999,0.999999,3478.884003223367,0,-1
a,passive,affine,2.5,100,0.0,4057458,618,0.999999,0.7439210723345906,3473.072339389603,0,-1
a,passive,affine,2.5,100,0.0,4057458,619,0.9999795480200494,0.999999,3482.0338494547373,0,-1
a,passive,affine,2.5,100,0.0,4057458,620,0.9998306453947642,0.9908858487389249,3452.945131232623,0,-1
a,passive,affine,2.5,100,0.0,4057458,621,0.9759268153344408,0.999999,3479.693627738201,0,-1
a,passive,affine,2.5,100,0.0,4057458,622,0.999999,0.9888739929255409,3455.7037326882164,0,-1
a,passive,affine,2.5,100,0.0,4057458,623,0.9982691999655725,0.999999,3464.052690954128,0,-1
a,passive,affine,2.5,100,0.0,4057458,624,0.9854650939686228,0.9999381089698622,3460.1564643725737,0,-1
a,passive,affine,2.5,100,0.0,4057458,625,0.999999,0.999999,3473.853859872197,0,-1
a,passive,affine,2.5,100,0.0,4057458,626,0.999999,0.9900700875114165,3447.564789344137,0,-1
a,passive,affine,2.5,100,0.0,4057458,627,-0.32149730961432255,0.7821559958615492,3469.5567284465737,1,314
a,passive,affine,2.5,100,0.0,4057458,628,0.999741542943536,0.999999,3338.681378087448,0,-1
a,passive,affine,2.5,100,0.0,4057458,629,0.9999077724683648,0.9999605020236307,3472.5550075773012,0,-1
a,passive,affine,2.5,100,0.0,4057458,630,0.999999,0.9787056689915544,3457.2453979401544,0,-1
a,passive,affine,2.5,100,0.0,4057458,631,0.999999,0.999999,3452.445978833721,0,-1
a,passive,affine,2.5,100,0.0,4057458,632,0.9997516236066705,0.895503270478879,3481.0343608901826,0,-1
a,passive,affine,2.5,100,0.0,4057458,633,0.999999,0.4574547332428468,3470.9550340246346,0,-1
a,passive,affine,2.5,100,0.0,4057458,634,0.9444054529709264,0.9900205823683592,3428.241318882966,0,-1
a,passive,affine,2.5,100,0.0,4057458,635,0.9932970669609237,0.999999,3454.046480919714,0,-1
a,passive,affine,2.5,100,0.0,4057458,636,0.9586342282333822,0.999999,3463.309985315651,0,-1
a,passive,affine,2.5,100,0.0,4057458,637,0.997106714784703,0.999999,3461.4806542790625,0,-1
a,passive,affine,2.5,100,0.0,4057458,638,0.9995913240861594,0.9975962628430651,3465.412048946048,0,-1
a,passive,affine,2.5,100,0.0,4057458,639,0.9745188085504803,0.9997847043729647,3413.5023011770513,0,-1
a,passive,affine,2.5,100,0.0,4057458,640,0.999999,0.999999,3449.738159818364,0,-1
a,passive,affine,2.5,100,0.0,4057458,641,0.9989273763442671,0.999999,3480.0008756147517,0,-1
a,passive,affine,2.5,100,0.0,4057458,642,0.999999,0.9969788971992384,3472.960443090304,0,-1
a,passive,affine,2.5,100,0.0,4057458,643,0.9818918042430926,0.999999,3474.927872081936,0,-1
a,passive,affine,2.5,100,0.0,4057458,644,0.999999,0.9777875565094477,3456.813518306213,0,-1
a,passive,affine,2.5,100,0.0,4057458,645,0.999999,0.999999,3440.424279367535,0,-1
a,passive,affine,2.5,100,0.0,4057458,646,0.8714747449345103,0.999999,3467.9787018624365,0,-1
a,passive,affine,2.5,100,0.0,4057458,647,0.999999,0.993544793177126,3479.517009628692,0,-1
a,passive,affine,2.5,100,0.0,4057458,648,0.9999956948758851,0.999999,3472.5056472216615,0,-1
a,passive,affine,2.5,100,0.0,4057458,649,0.999999,0.999999,3476.340703635525,1,412
a,passive,affine,2.5,100,0.0,4057458,650,0.999999,0.9999383610865022,3471.8744390597562,0,-1
a,passive,affine,2.5,100,0.0,4057458,651,0.999999,0.999999,3470.149626538917,0,-1
a,passive,affine,2.5,100,0.0,4057458,652,0.9997769041973693,0.999999,3449.825892896087,0,-1
a,passive,affine,2.5,100,0.0,4057458,653,0.999999,0.999999,3471.4784178185005,1,291
a,passive,affine,2.5,100,0.0,4057458,654,0.999999,0.9987699863385925,3455.206404109903,0,-1
a,passive,affine,2.5,100,0.0,4057458,655,0.7358198290854687,0.9959302666601701,3463.83468686206,0,-1
a,passive,affine,2.5,100,0.0,4057458,656,0.999999,0.994313084877798,3485.617739453785,0,-1
a,passive,affine,2.5,100,0.0,4057458,657,0.9996959998933316,0.9876018302231037,3396.2238187793246,0,-1
a,passive,affine,2.5,100,0.0,4057458,658,0.9211966663480825,0.999691698833367,3449.1574902210514,0,-1
a,passive,affine,2.5,100,0.0,4057458,659,0.999999,0.9997330468098239,3471.0096078679185,0,-1
a,passive,affine,2.5,100,0.0,4057458,660,0.999999,0.9999418556488445,3434.919442591083,0,-1
a,passive,affine,2.5,100,0.0,4057458,661,0.9999035395169299,0.9922331303795113,3455.8384030317416,0,-1
a,passive,affine,2.5,100,0.0,4057458,662,0.9997883261038821,0.9770303718978901,3477.7398606470015,0,-1
a,passive,affine,2.5,100,0.0,4057458,663,0.999999,0.99987849189156,3446.6054226848464,0,-1
a,passive,affine,2.5,100,0.0,4057458,664,0.9863791803349767,0.999999,3470.93344545124,0,-1
a,passive,affine,2.5,100,0.0,4057458,665,0.999999,0.999999,3452.230697277385,0,-1
a,passive,affine,2.5,100,0.0,4057458,666,0.9998933498105597,0.9992768165611794,3470.3843360253654,0,-1
a,passive,affine,2.5,100,0.0,4057458,667,0.9997421125146599,0.9998090097492844,3466.4950033407454,0,-1
a,passive,affine,2.5,100,0.0,4057458,668,0.9998725200490692,0.999999,3471.70086784023,0,-1
a,passive,affine,2.5,100,0.0,4057458,669,0.9997372541464198,0.9995390085427986,3458.2635769783165,0,-1
a,passive,affine,2.5,100,0.0,4057458,670,0.8980751041043233,0.999999,3462.2701865303907,0,-1
a,passive,affine,2.5,100,0.0,4057458,671,0.7411039001193033,0.999999,3469.374165891198,0,-1
a,passive,affine,2.5,100,0.0,4057458,672,0.999999,0.999999,3459.436573482285,0,-1
a,passive,affine,2.5,100,0.0,4057458,673,0.999999,0.9997746625791624,3449.368526387605,0,-1
a,passive,affine,2.5,100,0.0,4057458,674,0.999999,0.999999,3433.0469925224534,0,-1
a,passive,affine,2.5,100,0.0,4057458,675,0.999999,0.999999,3477.104474230783,0,-1
a,passive,affine,2.5,100,0.0,4057458,676,0.9980967660149629,0.9627768103291691,3442.95091953837,1,377
a,passive,affine,2.5,100,0.0,4057458,677,0.9999331325993585,0.9890267117006974,3465.7006078863865,0,-1
a,passive,affine,2.5,100,0.0,4057458,678,0.999999,0.999999,3449.7586635795074,0,-1
a,passive,affine,2.5,100,0.0,4057458,679,0.999999,0.999999,3474.964148408597,0,-1
a,passive,affine,2.5,100,0.0,4057458,680,0.9997279176194411,0.9773676365160884,3475.5684789803845,0,-1
a,passive,affine,2.5,100,0.0,4057458,681,0.999999,0.999786753450567,3466.834102737604,0,-1
a,passive,affine,2.5,100,0.0,4057458,682,0.999999,0.9999834096245406,3478.4129305623537,0,-1
a,passive,affine,2.5,100,0.0,4057458,683,0.9855156177991177,0.9993260563804839,3428.1403720843605,0,-1
a,passive,affine,2.5,100,0.0,4057458,684,0.9980364301943958,0.999999,3447.437948127519,0,-1
a,passive,affine,2.5,100,0.0,4057458,685,0.999999,0.999999,3471.4469671793977,0,-1
a,passive,affine,2.5,100,0.0,4057458,686,0.9997887358769199,0.9813533988737642,3469.8468400528445,0,-1
a,passive,affine,2.5,100,0.0,4057458,687,0.999999,0.9988950032230401,3434.042661838789,0,-1
a,passive,affine,2.5,100,0.0,4057458,688,0.999427391426431,0.999982006448109,3468.8130384407236,0,-1
a,passive,affine,2.5,100,0.0,4057458,689,0.8203388536636695,0.999999,3440.1483714932538,0,-1
a,passive,affine,2.5,100,0.0,4057458,690,0.9999232020745781,0.9608938411362571,3460.882355673546,0,-1
a,passive,affine,2.5,100,0.0,4057458,691,0.9353378728379599,0.9999348037083706,3470.878881252477,0,-1
a,passive,affine,2.5,100,0.0,4057458,692,0.999999,0.9998322320842589,3440.9776144598895,0,-1
a,passive,affine,2.5,100,0.0,4057458,693,0.9959520989599616,0.999999,3475.7902909643885,0,-1
a,passive,affine,2.5,100,0.0,4057458,694,0.9985499497999705,0.999999,3468.1755951725136,0,-1
a,passive,affine,2.5,100,0.0,4057458,695,0.999999,0.9999316110773286,3459.5457352743624,0,-1
a,passive,affine,2.5,100,0.0,4057458,696,0.999999,0.9811482453242804,3433.6318081244135,0,-1
a,passive,affine,2.5,100,0.0,4057458,697,0.9998351558028088,0.999999,3482.1925461294504,0,-1
a,passive,affine,2.5,100,0.0,4057458,698,0.999999,0.999999,3447.300730422344,0,-1
a,passive,affine,2.5,100,0.0,4057458,699,0.9740760167656874,0.999999,3471.509611451379,0,-1
a,passive,affine,2.5,100,0.0,4057458,700,0.9999735930374337,0.9872518703751342,3448.4367473751404,0,-1
a,passive,affine,2.5,100,0.0,4057458,701,0.999999,0.9981356265277325,3455.42826729649,0,-1
a,passive,affine,2.5,100,0.0,4057458,702,0.9997215651814048,0.999999,3466.225781572564,0,-1
a,passive,affine,2.5,100,0.0,4057458,703,0.9999268469435022,0.9998013412555748,3466.3502152223587,0,-1
a,passive,affine,2.5,100,0.0,4057458,704,0.999953642317387,0.999999,3463.9121307836954,0,-1
a,passive,affine,2.5,100,0.0,4057458,705,0.999902002957097,0.9004697529507504,3428.4373117879713,0,-1
a,passive,affine,2.5,100,0.0,4057458,706,0.9959553312271838,0.999897063888797,3469.4835836483508,0,-1
a,passive,affine,2.5,100,0.0,4057458,707,0.4423611889780922,0.9998939254194897,3461.195294906828,1,343
a,passive,affine,2.5,100,0.0,4057458,708,0.999999,0.999999,3441.691519478486,0,-1
a,passive,affine,2.5,100,0.0,4057458,709,0.9988990877859687,0.9995972128266462,3448.1639452354266,0,-1
a,passive,affine,2.5,100,0.0,4057458,710,0.9999058429091292,0.9938193535012052,3477.4355093537706,0,-1
a,passive,affine,2.5,100,0.0,4057458,711,0.9990974288001213,0.9881683634907115,3466.485317959277,0,-1
a,passive,affine,2.5,100,0.0,4057458,712,0.9999780212691083,0.999999,3472.8799214356436,0,-1
a,passive,affine,2.5,100,0.0,4057458,713,0.999999,0.9985523185687493,3436.2124635602822,0,-1
a,passive,affine,2.5,100,0.0,4057458,714,0.9836757191349349,0.9999876728090773,3469.591605915512,0,-1
a,passive,affine,2.5,100,0.0,4057458,715,0.976034159181789,0.9929415280039078,3478.982039469168,0,-1
a,passive,affine,2.5,100,0.0,4057458,716,0.999999,0.999999,3469.2120234492213,0,-1
a,passive,affine,2.5,100,0.0,4057458,717,0.9999145813095248,0.999999,3483.2105866265574,0,-1
a,passive,affine,2.5,100,0.0,4057458,718,0.999999,0.9954772169425207,3466.2580970317968,0,-1
a,passive,affine,2.5,100,0.0,4057458,719,0.999999,0.9965379248668106,3455.500539849291,0,-1
a,passive,affine,2.5,100,0.0,4057458,720,0.9992759562454306,0.999999,3467.1428898360623,0,-1
a,passive,affine,2.5,100,0.0,4057458,721,0.999999,0.9435198829668017,3467.926865488662,0,-1
a,passive,affine,2.5,100,0.0,4057458,722,0.999999,0.998355718230695,3470.310042973056,0,-1
a,passive,affine,2.5,100,0.0,4057458,723,0.999999,0.999999,3447.3862629039854,0,-1
a,passive,affine,2.5,100,0.0,4057458,724,0.999999,0.9999974290492591,3463.572979297596,0,-1
a,passive,affine,2.5,100,0.0,4057458,725,0.9999273191322774,0.999999,3454.2270826582917,0,-1
a,passive,affine,2.5,100,0.0,4057458,726,0.999190473352112,0.999999,3470.5974549505213,0,-1
a,passive,affine,2.5,100,0.0,4057458,727,0.9999090738493864,0.6589237232208173,3454.9276843475295,0,-1
a,passive,affine,2.5,100,0.0,4057458,728,0.9571965282563852,0.998932904278813,3462.7498129875667,0,-1
a,passive,affine,2.5,100,0.0,4057458,729,0.999999,0.9763975384954686,3455.5974643205095,0,-1
a,passive,affine,2.5,100,0.0,4057458,730,0.9989601871325194,0.999999,3478.8243172156904,0,-1
a,passive,affine,2.5,100,0.0,4057458,731,0.9733266619018561,0.999999,3458.138775723546,0,-1
a,passive,affine,2.5,100,0.0,4057458,732,0.999999,0.999999,3460.9996405160655,0,-1
a,passive,affine,2.5,100,0.0,4057458,733,0.999896996311142,0.999999,3481.6335892459915,0,-1
a,passive,affine,2.5,100,0.0,4057458,734,-0.07340523142958538,0.9998819374487848,3453.3633912581863,0,-1
a,passive,affine,2.5,100,0.0,4057458,735,0.999999,0.999999,3464.6224425674477,0,-1
a,passive,affine,2.5,100,0.0,4057458,736,0.9996997270200837,0.8926246311360365,3472.9032979951257,0,-1
a,passive,affine,2.5,100,0.0,4057458,737,0.999999,0.999999,3486.394565351287,0,-1
a,passive,affine,2.5,100,0.0,4057458,738,0.9636568569221857,0.9766869300013096,3387.3610288385225,0,-1
a,passive,affine,2.5,100,0.0,4057458,739,0.9998364435267103,0.9998980194943472,3465.1705888601427,0,-1
a,passive,affine,2.5,100,0.0,4057458,740,0.999999,0.9995842136986356,3469.17688218607,0,-1
a,passive,affine,2.5,100,0.0,4057458,741,0.9999268026459737,0.999999,3464.4132766002062,0,-1
a,passive,affine,2.5,100,0.0,4057458,742,0.9124301450612811,0.9997694601004175,3452.7051446797113,0,-1
a,passive,affine,2.5,100,0.0,4057458,743,0.999999,0.999999,3465.5280697766802,0,-1
a,passive,affine,2.5,100,0.0,4057458,744,0.9968638346546923,0.999999,3457.877102085076,0,-1
a,passive,affine,2.5,100,0.0,4057458,745,0.999999,0.97878587259728,3460.7177369567453,0,-1
a,passive,affine,2.5,100,0.0,4057458,746,0.999999,0.999999,3469.282710957445,0,-1
a,passive,affine,2.5,100,0.0,4057458,747,0.999999,0.9985204440407967,3470.267991601742,0,-1
a,passive,affine,2.5,100,0.0,4057458,748,0.999999,0.9986030575094426,3461.7063247516057,0,-1
a,passive,affine,2.5,100,0.0,4057458,749,0.999999,0.9204489079282421,3475.0152169792905,0,-1
a,passive,affine,2.5,100,0.0,4057458,750,0.9999023542768174,0.9907581481355867,3474.805910130449,0,-1
a,passive,affine,2.5,100,0.0,4057458,751,0.763262678233123,0.999999,3463.2580103192645,0,-1
a,passive,affine,2.5,100,0.0,4057458,752,0.9948367230630365,0.999999,3457.9349807401395,0,-1
a,passive,affine,2.5,100,0.0,4057458,753,0.9997905651308802,0.999999,3455.1974534592205,0,-1
a,passive,affine,2.5,100,0.0,4057458,754,0.9999164095981631,0.9999400889349056,3459.7484162854917,0,-1
a,passive,affine,2.5,100,0.0,4057458,755,0.999999,0.9996951718995496,3471.6089032088867,0,-1
a,passive,affine,2.5,100,0.0,4057458,756,0.999999,0.999999,3481.3038390998518,0,-1
a,passive,affine,2.5,100,0.0,4057458,757,0.999999,0.999999,3474.0935715814812,0,-1
a,passive,affine,2.5,100,0.0,4057458,758,0.999999,0.9917404790269693,3441.684196308595,0,-1
a,passive,affine,2.5,100,0.0,4057458,759,0.9856510892420749,0.9714064919753187,3454.2214880903907,0,-1
a,passive,affine,2.5,100,0.0,4057458,760,0.5296632706168191,0.999862517585872,3458.632257750961,0,-1
a,passive,affine,2.5,100,0.0,4057458,761,0.9799956167311855,0.9369692001930315,3426.7975509350745,0,-1
a,passive,affine,2.5,100,0.0,4057458,762,0.999999,0.999999,3453.617657686484,0,-1
a,passive,affine,2.5,100,0.0,4057458,763,0.9982382233382376,0.9736463703766649,3462.653551532461,0,-1
a,passive,affine,2.5,100,0.0,4057458,764,0.9998954812774744,0.9997661247846147,3453.4353771176143,0,-1
a,passive,affine,2.5,100,0.0,4057458,765,0.9979018444826806,0.999999,3422.5848701203786,1,348
a,passive,affine,2.5,100,0.0,4057458,766,0.9999658372439022,0.9998448900242551,3477.253058574604,0,-1
a,passive,affine,2.5,100,0.0,4057458,767,0.999999,0.999997629568141,3477.100794579305,0,-1
a,passive,affine,2.5,100,0.0,4057458,768,0.999999,0.990772221415961,3481.380263014668,0,-1
a,passive,affine,2.5,100,0.0,4057458,769,0.999766568666581,0.999999,3456.62474466036,0,-1
a,passive,affine,2.5,100,0.0,4057458,770,0.999999,0.9999503256918109,3449.7843478471223,0,-1
a,passive,affine,2.5,100,0.0,4057458,771,0.999999,0.9999692656231643,3463.4771961562865,0,-1
a,passive,affine,2.5,100,0.0,4057458,772,0.9997340513038191,0.9960334853507617,3454.806495556159,0,-1
a,passive,affine,2.5,100,0.0,4057458,773,0.999999,0.9939156794491764,3445.852206256902,0,-1
a,passive,affine,2.5,100,0.0,4057458,774,0.9974931761591975,0.9985630243121767,3437.1583976907796,0,-1
a,passive,affine,2.5,100,0.0,4057458,775,0.9999292936812538,0.999999,3462.3976079731215,0,-1
a,passive,affine,2.5,100,0.0,4057458,776,0.9997618594561226,0.999999,3465.881711691607,0,-1
a,passive,affine,2.5,100,0.0,4057458,777,0.9159968802820713,0.9999704847945161,3466.319054931413,0,-1
a,passive,affine,2.5,100,0.0,4057458,778,0.9967121006998403,0.999999,3474.4309044453325,0,-1
a,passive,affine,2.5,100,0.0,4057458,779,0.9729889841947247,0.999999,3483.7170130320683,0,-1
a,passive,affine,2.5,100,0.0,4057458,780,0.9701414189824765,0.999999,3470.086535836531,0,-1
a,passive,affine,2.5,100,0.0,4057458,781,0.584082540820294,0.999999,3441.971161001787,0,-1
a,passive,affine,2.5,100,0.0,4057458,782,0.9999591832881753,0.9999662196771519,3477.2531920115866,0,-1
a,passive,affine,2.5,100,0.0,4057458,783,0.9977592527614977,0.999999,3445.605171804745,0,-1
a,passive,affine,2.5,100,0.0,4057458,784,0.9998129188985811,0.999999,3424.3422783186975,0,-1
a,passive,affine,2.5,100,0.0,4057458,785,0.8786615110839683,0.999999,3454.6162500236137,0,-1
a,passive,affine,2.5,100,0.0,4057458,786,0.999999,0.9738434895463031,3426.2245210162423,0,-1
a,passive,affine,2.5,100,0.0,4057458,787,0.999999,0.9963308723722567,3471.449340536906,0,-1
a,passive,affine,2.5,100,0.0,4057458,788,0.9926130976856772,0.999999,3465.931218266042,0,-1
a,passive,affine,2.5,100,0.0,4057458,789,0.9988279501805138,0.9986118481875461,3454.8425990037217,0,-1
a,passive,affine,2.5,100,0.0,4057458,790,0.999999,0.999999,3479.1002596669596,0,-1
a,passive,affine,2.5,100,0.0,4057458,791,0.9981161690331283,0.9999444461541196,3487.974509541126,0,-1
a,passive,affine,2.5,100,0.0,4057458,792,0.9904315066155664,0.9999849757842063,3449.802585220056,0,-1
a,passive,affine,2.5,100,0.0,4057458,793,0.999999,0.999999,3463.131670182577,0,-1
a,passive,affine,2.5,100,0.0,4057458,794,0.9997249917297425,0.9501367347337335,3462.0528050093935,0,-1
a,passive,affine,2.5,100,0.0,4057458,795,0.999999,0.21240374765459424,3452.9936511509754,0,-1
a,passive,affine,2.5,100,0.0,4057458,796,0.8074935006498367,0.999999,3480.124216991012,1,837
a,passive,affine,2.5,100,0.0,4057458,797,0.9997766743063051,0.999261948640842,3476.3137334567314,0,-1
a,passive,affine,2.5,100,0.0,4057458,798,0.9999967242200539,0.999999,3469.90344628717,0,-1
a,passive,affine,2.5,100,0.0,4057458,799,0.9998056835489197,0.999999,3459.558416192595,0,-1
a,passive,affine,2.5,100,0.0,4057458,800,0.999999,0.9982772409585848,3458.373852083576,0,-1
a,passive,affine,2.5,100,0.0,4057458,801,0.9989556230755797,0.9901977583951027,3414.0148358576594,0,-1
a,passive,affine,2.5,100,0.0,4057458,802,0.999999,0.9995103747317172,3443.050397521917,0,-1
a,passive,affine,2.5,100,0.0,4057458,803,0.999999,0.9915966794753253,3446.9096692328385,0,-1
a,passive,affine,2.5,100,0.0,4057458,804,0.999999,0.9932275729294047,3468.8868376756086,0,-1
a,passive,affine,2.5,100,0.0,4057458,805,0.9931719582669007,0.999999,3459.5099561654533,0,-1
a,passive,affine,2.5,100,0.0,4057458,806,0.9972762208633104,0.9993911799601662,3457.9549891089623,0,-1
a,passive,affine,2.5,100,0.0,4057458,807,0.9978182041237117,0.999999,3471.6927643488693,0,-1
a,passive,affine,2.5,100,0.0,4057458,808,0.999999,0.7280824467287861,3459.0170527065648,1,385
a,passive,affine,2.5,100,0.0,4057458,809,0.9999030872866419,0.999999,3460.700652993181,0,-1
a,passive,affine,2.5,100,0.0,4057458,810,0.999763948479286,0.999999,3453.937302710904,0,-1
a,passive,affine,2.5,100,0.0,4057458,811,0.999999,0.999999,3467.1799087193326,0,-1
a,passive,affine,2.5,100,0.0,4057458,812,0.999999,0.97086338947575,3453.1349449060504,0,-1
a,passive,affine,2.5,100,0.0,4057458,813,0.4477628393058704,0.999999,3464.4463105410073,0,-1
a,passive,affine,2.5,100,0.0,4057458,814,0.9999303813339782,0.9990435153818636,3466.5732223853233,0,-1
a,passive,affine,2.5,100,0.0,4057458,815,0.9999278719851006,0.9172008504073785,3472.343413344304,0,-1
a,passive,affine,2.5,100,0.0,4057458,816,0.9521046727514317,0.999999,3454.624511036759,0,-1
a,passive,affine,2.5,100,0.0,4057458,817,0.9902884826000006,0.6592002434553141,3462.143347801727,0,-1
a,passive,affine,2.5,100,0.0,4057458,818,0.999999,0.999999,3422.1375960889873,0,-1
a,passive,affine,2.5,100,0.0,4057458,819,0.999999,0.7408947320844447,3457.6937748108458,1,325
a,passive,affine,2.5,100,0.0,4057458,820,0.9941018937299442,0.9955950050994873,3427.786342922439,0,-1
a,passive,affine,2.5,100,0.0,4057458,821,0.9961729652973692,0.999999,3458.71340693481,0,-1
a,passive,affine,2.5,100,0.0,4057458,822,0.999999,0.9998873434809136,3462.1281523658135,0,-1
a,passive,affine,2.5,100,0.0,4057458,823,0.9996966990711522,0.999999,3479.0831343458153,0,-1
a,passive,affine,2.5,100,0.0,4057458,824,0.999999,0.999999,3445.7221535266935,0,-1
a,passive,affine,2.5,100,0.0,4057458,825,0.9810381038996517,0.9987238282394103,3477.9552909654785,0,-1
a,passive,affine,2.5,100,0.0,4057458,826,0.999999,0.999999,3471.770763330225,0,-1
a,passive,affine,2.5,100,0.0,4057458,827,0.999999,0.9998223626095595,3458.8947679323383,0,-1
a,passive,affine,2.5,100,0.0,4057458,828,0.999999,0.9636319471794067,3476.9389520033124,0,-1
a,passive,affine,2.5,100,0.0,4057458,829,0.999999,0.999999,3436.9381316672157,0,-1
a,passive,affine,2.5,100,0.0,4057458,830,0.9913862615168012,0.9998392989290154,3470.361904665079,0,-1
a,passive,affine,2.5,100,0.0,4057458,831,0.9996696584089735,0.999999,3462.971383077105,0,-1
a,passive,affine,2.5,100,0.0,4057458,832,0.9904755405211069,0.9999987497353021,3367.384609469038,0,-1
a,passive,affine,2.5,100,0.0,4057458,833,0.9991144036202596,0.999999,3470.9677266639283,0,-1
a,passive,affine,2.5,100,0.0,4057458,834,0.8099829768985778,0.9900146561097659,3474.311481402601,0,-1
a,passive,affine,2.5,100,0.0,4057458,835,0.9998945645821716,0.999999,3476.076695183104,0,-1
a,passive,affine,2.5,100,0.0,4057458,836,0.999999,0.9973545425218049,3472.196539105905,0,-1
a,passive,affine,2.5,100,0.0,4057458,837,0.8975551793376662,0.9959262121975311,3463.9336250674264,0,-1
a,passive,affine,2.5,100,0.0,4057458,838,0.8632310417044861,0.48497083457963613,3357.1982495203274,0,-1
a,passive,affine,2.5,100,0.0,4057458,839,0.999999,0.9945872605424443,3393.242252170323,0,-1
a,passive,affine,2.5,100,0.0,4057458,840,0.999999,0.999999,3482.822243791862,0,-1
a,passive,affine,2.5,100,0.0,4057458,841,0.9948303586064791,0.999999,3483.1271559484244,0,-1
a,passive,affine,2.5,100,0.0,4057458,842,-0.44798650402000323,0.9994922472004832,3470.2046490950215,1,296
a,passive,affine,2.5,100,0.0,4057458,843,0.999999,0.999999,3473.7859695270545,0,-1
a,passive,affine,2.5,100,0.0,4057458,844,0.9998587328068579,0.9855037698440032,3447.8524601894264,0,-1
a,passive,affine,2.5,100,0.0,4057458,845,0.8818743080250419,0.999999,3477.3868432792056,0,-1
a,passive,affine,2.5,100,0.0,4057458,846,0.999999,0.999999,3456.2178600336474,0,-1
a,passive,affine,2.5,100,0.0,4057458,847,0.9994200530139231,0.999999,3477.8949263619265,1,298
a,passive,affine,2.5,100,0.0,4057458,848,0.999999,0.999861404292779,3445.029601137701,0,-1
a,passive,affine,2.5,100,0.0,4057458,849,0.9992352573230252,0.999999,3462.92554027792,0,-1
a,passive,affine,2.5,100,0.0,4057458,850,0.999999,0.999999,3446.669939277604,1,330
a,passive,affine,2.5,100,0.0,4057458,851,0.9979203793848445,0.9999053569245616,3459.803301732507,0,-1
a,passive,affine,2.5,100,0.0,4057458,852,0.4950337597303579,0.9698477364338786,3431.721421178542,0,-1
a,passive,affine,2.5,100,0.0,4057458,853,0.9213560330488586,0.9995702426211965,3475.1117610234305,0,-1
a,passive,affine,2.5,100,0.0,4057458,854,0.999999,0.9997622420831531,3478.6614752218575,0,-1
a,passive,affine,2.5,100,0.0,4057458,855,0.9954068034475401,0.9997382833233163,3463.910726202517,0,-1
a,passive,affine,2.5,100,0.0,4057458,856,0.9642295902108575,0.8732134215362133,3465.5873537258635,0,-1
a,passive,affine,2.5,100,0.0,4057458,857,-0.6609763555363588,0.9671550151376798,3465.6992941217063,1,327
a,passive,affine,2.5,100,0.0,4057458,858,0.9833938385574081,0.999999,3470.7378537067657,0,-1
a,passive,affine,2.5,100,0.0,4057458,859,0.9997176712403132,0.999999,3426.755908113578,0,-1
a,passive,affine,2.5,100,0.0,4057458,860,0.9911575146546684,0.999999,3446.942179741891,0,-1
a,passive,affine,2.5,100,0.0,4057458,861,0.999999,0.9543509596734365,3443.5296870709353,0,-1
a,passive,affine,2.5,100,0.0,4057458,862,0.999999,0.9892763554033812,3461.1412926706125,0,-1
a,passive,affine,2.5,100,0.0,4057458,863,0.999999,0.9999625685324978,3463.182193904769,0,-1
a,passive,affine,2.5,100,0.0,4057458,864,0.9998469364562771,0.999999,3459.571444508098,0,-1
a,passive,affine,2.5,100,0.0,4057458,865,0.9923136386381984,0.999678501083859,3456.545598961428,0,-1
a,passive,affine,2.5,100,0.0,4057458,866,0.9999717243110572,0.999999,3465.166777575643,0,-1
a,passive,affine,2.5,100,0.0,4057458,867,0.9999357041623408,0.999999,3470.084927944354,0,-1
a,passive,affine,2.5,100,0.0,4057458,868,0.9998957970963399,0.9947052410813565,3465.9628338824373,0,-1
a,passive,affine,2.5,100,0.0,4057458,869,0.9952315562784427,0.9999573044124228,3460.7805243998473,0,-1
a,passive,affine,2.5,100,0.0,4057458,870,0.999999,0.999999,3464.4260747536464,0,-1
a,passive,affine,2.5,100,0.0,4057458,871,0.9987411640904162,0.999999,3466.0119363647564,0,-1
a,passive,affine,2.5,100,0.0,4057458,872,0.999999,0.999999,3464.3934625767174,0,-1
a,passive,affine,2.5,100,0.0,4057458,873,0.999999,0.9953240651452304,3458.321668889265,0,-1
a,passive,affine,2.5,100,0.0,4057458,874,0.999999,0.9994532149220785,3464.228160791418,0,-1
a,passive,affine,2.5,100,0.0,4057458,875,0.9371813236573514,0.9984328680180884,3460.296514310366,0,-1
a,passive,affine,2.5,100,0.0,4057458,876,0.999999,0.999999,3477.421277854031,0,-1
a,passive,affine,2.5,100,0.0,4057458,877,0.9999747429773492,0.999999,3460.3647142727664,0,-1
a,passive,affine,2.5,100,0.0,4057458,878,0.999999,0.9998904734773011,3423.4279244538448,0,-1
a,passive,affine,2.5,100,0.0,4057458,879,0.999999,0.999999,3480.0842142412394,0,-1
a,passive,affine,2.5,100,0.0,4057458,880,0.999999,0.9998757799441723,3478.2515721230293,0,-1
a,passive,affine,2.5,100,0.0,4057458,881,0.999086118247761,0.9999543568229394,3460.777481630679,0,-1
a,passive,affine,2.5,100,0.0,4057458,882,0.999999,0.9993725512830184,3467.6874760068254,0,-1
a,passive,affine,2.5,100,0.0,4057458,883,0.9565742732967414,0.999999,3466.611385154002,0,-1
a,passive,affine,2.5,100,0.0,4057458,884,0.6239446809694016,0.5679223452929913,3414.7533156677127,0,-1
a,passive,affine,2.5,100,0.0,4057458,885,0.9933875254271725,0.9998488987033399,3454.7428311035733,0,-1
a,passive,affine,2.5,100,0.0,4057458,886,0.9999955407590301,0.999999,3480.4819827998945,0,-1
a,passive,affine,2.5,100,0.0,4057458,887,0.760145573838083,0.9258391562144428,3430.639608798674,0,-1
a,passive,affine,2.5,100,0.0,4057458,888,0.989166751865223,0.9937084004850876,3451.277996132751,0,-1
a,passive,affine,2.5,100,0.0,4057458,889,0.9881635108811333,0.999999,3476.314609914455,0,-1
a,passive,affine,2.5,100,0.0,4057458,890,0.999999,0.9883652250279802,3456.982137699344,0,-1
a,passive,affine,2.5,100,0.0,4057458,891,0.9138429125622938,0.9986149261623165,3467.014780294768,1,312
a,passive,affine,2.5,100,0.0,4057458,892,0.999999,0.9930842172355094,3441.8650649804244,0,-1
a,passive,affine,2.5,100,0.0,4057458,893,0.9988530126649838,0.999999,3444.075902582664,0,-1
a,passive,affine,2.5,100,0.0,4057458,894,0.633848312296059,0.999940150308319,3476.104667463158,0,-1
a,passive,affine,2.5,100,0.0,4057458,895,0.9992948949534461,0.9957370592034581,3486.524114004258,0,-1
a,passive,affine,2.5,100,0.0,4057458,896,0.999999,0.999999,3465.036673350942,0,-1
a,passive,affine,2.5,100,0.0,4057458,897,0.999999,0.999999,3462.9046037557832,0,-1
a,passive,affine,2.5,100,0.0,4057458,898,0.999999,0.9997414268921748,3459.5899316036894,0,-1
a,passive,affine,2.5,100,0.0,4057458,899,0.9997231038743186,0.999999,3475.2117576531004,0,-1
a,passive,affine,2.5,100,0.0,4057458,900,0.990916403553115,0.9994625840295324,3484.2651861595336,0,-1
a,passive,affine,2.5,100,0.0,4057458,901,0.999999,0.9998816582810593,3435.8298497881588,0,-1
a,passive,affine,2.5,100,0.0,4057458,902,0.8862417625203342,0.9965501215246937,3430.017328383671,0,-1
a,passive,affine,2.5,100,0.0,4057458,903,0.999999,0.9997386294596329,3468.9415854878716,0,-1
a,passive,affine,2.5,100,0.0,4057458,904,0.9956683988096275,0.9999654656623957,3446.567842145906,0,-1
a,passive,affine,2.5,100,0.0,4057458,905,0.9999279555347372,0.999999,3457.6932749685957,0,-1
a,passive,affine,2.5,100,0.0,4057458,906,0.9999103472382063,0.999999,3463.3766328527327,0,-1
a,passive,affine,2.5,100,0.0,4057458,907,0.9999457059455577,0.999999,3416.9881854096607,0,-1
a,passive,affine,2.5,100,0.0,4057458,908,0.9999553054163266,0.999999,3474.099628548364,0,-1
a,passive,affine,2.5,100,0.0,4057458,909,0.999999,0.999999,3475.764503205641,0,-1
a,passive,affine,2.5,100,0.0,4057458,910,0.9990131678155655,0.999999,3471.7623894530143,0,-1
a,passive,affine,2.5,100,0.0,4057458,911,0.9999353217425684,0.9997453918424689,3454.285490772751,0,-1
a,passive,affine,2.5,100,0.0,4057458,912,0.999999,0.9481313118204735,3476.760909790836,0,-1
a,passive,affine,2.5,100,0.0,4057458,913,0.9915427239031249,0.9996785306279407,3481.4593323495737,0,-1
a,passive,affine,2.5,100,0.0,4057458,914,0.5276463547158918,0.999999,3474.7324031017124,0,-1
a,passive,affine,2.5,100,0.0,4057458,915,0.999999,0.8185680687384036,3416.864626399324,0,-1
a,passive,affine,2.5,100,0.0,4057458,916,0.999999,0.9865404659678123,3472.885421104242,0,-1
a,passive,affine,2.5,100,0.0,4057458,917,0.9992625145153523,0.999999,3473.81444499233,0,-1
a,passive,affine,2.5,100,0.0,4057458,918,0.9985617552038196,0.8578819866572513,3453.478652913573,0,-1
a,passive,affine,2.5,100,0.0,4057458,919,0.9997736390707597,0.999999,3467.1575131056475,0,-1
a,passive,affine,2.5,100,0.0,4057458,920,0.9985653303703866,0.999999,3471.2112665854297,0,-1
a,passive,affine,2.5,100,0.0,4057458,921,0.9911606902737918,0.9998027027681695,3445.418415918002,0,-1
a,passive,affine,2.5,100,0.0,4057458,922,0.999999,0.999834086282332,3470.7313136280513,0,-1
a,passive,affine,2.5,100,0.0,4057458,923,0.999999,0.9994649900299264,3474.7005270229306,0,-1
a,passive,affine,2.5,100,0.0,4057458,924,0.9972724528669599,0.999999,3476.7495564260516,0,-1
a,passive,affine,2.5,100,0.0,4057458,925,0.9998239266878965,0.9988068525013996,3476.6118926368604,1,308
a,passive,affine,2.5,100,0.0,4057458,926,0.9998719580961725,0.999999,3452.137126359064,0,-1
a,passive,affine,2.5,100,0.0,4057458,927,0.9981858980441971,0.999999,3479.2109581142545,0,-1
a,passive,affine,2.5,100,0.0,4057458,928,0.999999,0.999999,3478.15984098165,0,-1
a,passive,affine,2.5,100,0.0,4057458,929,0.999956894159279,0.997789774105747,3468.796923352032,0,-1
a,passive,affine,2.5,100,0.0,4057458,930,0.999999,0.9989402253901595,3460.3856644018547,0,-1
a,passive,affine,2.5,100,0.0,4057458,931,0.9971449317638225,0.999999,3454.0879805023637,0,-1
a,passive,affine,2.5,100,0.0,4057458,932,0.999999,0.999999,3449.129674173505,0,-1
a,passive,affine,2.5,100,0.0,4057458,933,0.9997783195517234,0.999999,3479.324523998284,0,-1
a,passive,affine,2.5,100,0.0,4057458,934,0.999999,0.9998984640955734,3482.643082816153,0,-1
a,passive,affine,2.5,100,0.0,4057458,935,0.9999158157232716,0.999792324735909,3481.2688239671097,0,-1
a,passive,affine,2.5,100,0.0,4057458,936,0.9941208072306326,0.9988861115067683,3462.1813595356975,0,-1
a,passive,affine,2.5,100,0.0,4057458,937,0.999999,0.999999,3474.2421322109585,0,-1
a,passive,affine,2.5,100,0.0,4057458,938,0.929907810758535,0.9998568502270059,3450.6191901479483,0,-1
a,passive,affine,2.5,100,0.0,4057458,939,0.9994268619113369,0.9823023150146162,3433.946557736678,1,288
a,passive,affine,2.5,100,0.0,4057458,940,0.999999,0.999999,3386.229312437954,0,-1
a,passive,affine,2.5,100,0.0,4057458,941,0.999999,0.999999,3454.0849659171304,0,-1
a,passive,affine,2.5,100,0.0,4057458,942,0.9580900019114579,0.9085458254578505,3471.3931143650148,0,-1
a,passive,affine,2.5,100,0.0,4057458,943,0.8550280971920591,0.999999,3481.980182915312,0,-1
a,passive,affine,2.5,100,0.0,4057458,944,0.999999,0.9962945338751497,3462.55286344678,0,-1
a,passive,affine,2.5,100,0.0,4057458,945,0.999999,0.999999,3432.4256684112493,0,-1
a,passive,affine,2.5,100,0.0,4057458,946,0.9906361946897053,0.9930535933545792,3451.6330176736656,0,-1
a,passive,affine,2.5,100,0.0,4057458,947,0.9331567687146086,0.9998335393331222,3453.8558212913676,0,-1
a,passive,affine,2.5,100,0.0,4057458,948,0.9948427351415187,0.999999,3469.2442887990646,0,-1
a,passive,affine,2.5,100,0.0,4057458,949,0.9677722717405067,0.9991352792382733,3452.4180394231703,0,-1
a,passive,affine,2.5,100,0.0,4057458,950,0.999999,0.9993828976157217,3452.0385121661016,1,484
a,passive,affine,2.5,100,0.0,4057458,951,0.9530734582966163,0.9946991213235193,3486.7854277991146,0,-1
a,passive,affine,2.5,100,0.0,4057458,952,0.9999771884530843,0.999999,3469.490001272646,0,-1
a,passive,affine,2.5,100,0.0,4057458,953,0.9997697992933386,0.9911985853400317,3470.3614027620533,0,-1
a,passive,affine,2.5,100,0.0,4057458,954,0.9992442603476888,0.999999,3410.681420124809,1,275
a,passive,affine,2.5,100,0.0,4057458,955,0.999893077939127,0.999999,3468.8755551398294,0,-1
a,passive,affine,2.5,100,0.0,4057458,956,0.976932733294744,0.999999,3470.645903014559,0,-1
a,passive,affine,2.5,100,0.0,4057458,957,0.9983917760097943,0.999999,3452.9819388095743,1,398
a,passive,affine,2.5,100,0.0,4057458,958,0.9481015697491126,0.999930384675394,3444.458052320069,0,-1
a,passive,affine,2.5,100,0.0,4057458,959,0.999999,0.999999,3471.1917515365044,0,-1
a,passive,affine,2.5,100,0.0,4057458,960,0.999999,0.999999,3462.145500619775,0,-1
a,passive,affine,2.5,100,0.0,4057458,961,0.9984886854212427,0.999999,3467.9873088446234,0,-1
a,passive,affine,2.5,100,0.0,4057458,962,0.9996891490310916,0.9785501093739816,3473.45283271898,0,-1
a,passive,affine,2.5,100,0.0,4057458,963,0.9360151145120801,0.8647932187800161,3447.298962505103,1,425
a,passive,affine,2.5,100,0.0,4057458,964,0.9783744540309516,0.999999,3457.5363474064984,0,-1
a,passive,affine,2.5,100,0.0,4057458,965,0.999999,0.9997452267432485,3457.0693057066555,0,-1
a,passive,affine,2.5,100,0.0,4057458,966,0.999978779638716,0.999999,3461.453621941913,0,-1
a,passive,affine,2.5,100,0.0,4057458,967,0.9998719296195332,0.9997201953805632,3463.2384251301187,0,-1
a,passive,affine,2.5,100,0.0,4057458,968,0.999999,0.999999,3459.703055128068,0,-1
a,passive,affine,2.5,100,0.0,4057458,969,0.999999,0.999999,3474.651904936111,0,-1
a,passive,affine,2.5,100,0.0,4057458,970,0.9998803929186774,0.8616123763427644,3440.223283734262,0,-1
a,passive,affine,2.5,100,0.0,4057458,971,0.999999,0.999999,3454.1467711284095,0,-1
a,passive,affine,2.5,100,0.0,4057458,972,0.999999,0.999999,3475.6243420904852,0,-1
a,passive,affine,2.5,100,0.0,4057458,973,0.9991594050450248,0.999999,3460.067647428083,0,-1
a,passive,affine,2.5,100,0.0,4057458,974,0.999999,0.9970139360552489,3474.5253695349193,0,-1
a,passive,affine,2.5,100,0.0,4057458,975,0.999999,0.999727243453771,3443.100515624524,0,-1
a,passive,affine,2.5,100,0.0,4057458,976,0.9962027548683589,0.9891189461721012,3464.3436052755155,0,-1
a,passive,affine,2.5,100,0.0,4057458,977,0.997484550184535,0.9999321329934746,3418.40982656441,0,-1
a,passive,affine,2.5,100,0.0,4057458,978,0.999999,0.9997502216749301,3446.1497636767526,0,-1
a,passive,affine,2.5,100,0.0,4057458,979,0.9978626765060009,0.9981340635168819,3450.5287960834767,0,-1
a,passive,affine,2.5,100,0.0,4057458,980,0.998054770336004,0.999999,3472.8934799576386,0,-1
a,passive,affine,2.5,100,0.0,4057458,981,0.999999,0.999999,3470.262735696864,0,-1
a,passive,affine,2.5,100,0.0,4057458,982,0.9998239369725177,0.9997118320390221,3445.731715712568,0,-1
a,passive,affine,2.5,100,0.0,4057458,983,0.999999,0.999999,3448.608429652868,0,-1
a,passive,affine,2.5,100,0.0,4057458,984,0.9991238632383626,0.999999,3437.7920688403774,0,-1
a,passive,affine,2.5,100,0.0,4057458,985,0.9990398592429218,0.9951240328261576,3459.2026602260166,1,412
a,passive,affine,2.5,100,0.0,4057458,986,0.999712251861979,0.999999,3466.8114704991967,0,-1
a,passive,affine,2.5,100,0.0,4057458,987,0.9958733247055949,0.7141817726379571,3469.021066347614,0,-1
a,passive,affine,2.5,100,0.0,4057458,988,0.999999,0.999999,3481.4672557561566,1,303
a,passive,affine,2.5,100,0.0,4057458,989,0.999999,0.999999,3435.401966195354,0,-1
a,passive,affine,2.5,100,0.0,4057458,990,0.999999,0.999999,3480.1702446344,0,-1
a,passive,affine,2.5,100,0.0,4057458,991,0.9946540312389477,0.999999,3461.347452510644,0,-1
a,passive,affine,2.5,100,0.0,4057458,992,0.9998335406954142,0.9918021026866937,3412.465282733009,0,-1
a,passive,affine,2.5,100,0.0,4057458,993,0.999999,0.999999,3475.8379979560023,0,-1
a,passive,affine,2.5,100,0.0,4057458,994,0.999999,0.7608065653627442,3477.5514156216827,0,-1
a,passive,affine,2.5,100,0.0,4057458,995,0.9997747009897787,0.999999,3469.6411278503497,0,-1
a,passive,affine,2.5,100,0.0,4057458,996,0.9989097727241797,0.9690272977096717,3460.7673369784416,0,-1
a,passive,affine,2.5,100,0.0,4057458,997,0.9952465106083838,0.9984955936687416,3479.084295973119,0,-1
a,passive,affine,2.5,100,0.0,4057458,998,0.9997755857261308,0.999999,3486.963508041903,0,-1
a,passive,affine,2.5,100,0.0,4057458,999,0.9980292605153787,0.999999,3465.1151966481575,0,-1
a,passive,affine,3.0,100,0.0,5057461,0,0.9939209447278824,0.9873886602117179,3471.679204366689,0,-1
a,passive,affine,3.0,100,0.0,5057461,1,0.9998924186983003,0.999999,3466.713356437526,0,-1
a,passive,affine,3.0,100,0.0,5057461,2,0.9897479307305089,0.999999,3459.3675225169613,0,-1
a,passive,affine,3.0,100,0.0,5057461,3,0.9990386218142422,0.9995036198281266,3453.1112094773016,0,-1
a,passive,affine,3.0,100,0.0,5057461,4,0.9908866987921748,0.999999,3456.3631901036174,0,-1
a,passive,affine,3.0,100,0.0,5057461,5,0.9712725832692248,0.999999,3474.964681550306,0,-1
a,passive,affine,3.0,100,0.0,5057461,6,0.999999,0.9986764709373601,3476.227922394681,0,-1
a,passive,affine,3.0,100,0.0,5057461,7,0.999999,0.9999959039807237,3479.989409282603,0,-1
a,passive,affine,3.0,100,0.0,5057461,8,0.9936858798683116,0.999999,3448.897171090164,0,-1
a,passive,affine,3.0,100,0.0,5057461,9,0.999999,0.8956054924392102,3476.335854715986,0,-1
a,passive,affine,3.0,100,0.0,5057461,10,0.9998291792211054,0.9997964859595058,3469.9084987060937,0,-1
a,passive,affine,3.0,100,0.0,5057461,11,-0.9018822494104145,0.999999,3443.2395844662024,1,333
a,passive,affine,3.0,100,0.0,5057461,12,0.999999,0.9996683411460668,3478.864702599792,0,-1
a,passive,affine,3.0,100,0.0,5057461,13,0.999999,0.9992379262327578,3439.3687583656188,0,-1
a,passive,affine,3.0,100,0.0,5057461,14,0.999999,0.99987813170803,3475.1916645588735,0,-1
a,passive,affine,3.0,100,0.0,5057461,15,0.999999,0.9986467649781695,3477.472278386015,0,-1
a,passive,affine,3.0,100,0.0,5057461,16,0.9831070608029898,0.999999,3473.3354213507505,0,-1
a,passive,affine,3.0,100,0.0,5057461,17,0.9747438418843869,0.9007575462946854,3452.856399781478,1,293
a,passive,affine,3.0,100,0.0,5057461,18,0.9937958863840586,0.9990087808590642,3478.159035373488,0,-1
a,passive,affine,3.0,100,0.0,5057461,19,0.5439089897578844,0.999999,3444.2764626934554,0,-1
a,passive,affine,3.0,100,0.0,5057461,20,-0.605624805482364,0.999999,3438.824667681663,1,341
a,passive,affine,3.0,100,0.0,5057461,21,0.999999,0.995206047610849,3452.542813400305,0,-1
a,passive,affine,3.0,100,0.0,5057461,22,0.999999,0.9931692093653166,3472.725443241854,0,-1
a,passive,affine,3.0,100,0.0,5057461,23,0.9981631723987953,0.9985663509981545,3457.3805493537334,0,-1
a,passive,affine,3.0,100,0.0,5057461,24,0.997504815373425,0.9998995049455616,3462.225477535163,0,-1
a,passive,affine,3.0,100,0.0,5057461,25,0.999999,0.9999229378538936,3483.7514562218403,0,-1
a,passive,affine,3.0,100,0.0,5057461,26,0.999999,0.999999,3461.0308159562783,0,-1
a,passive,affine,3.0,100,0.0,5057461,27,0.9372686845222642,0.999999,3461.4346119300853,0,-1
a,passive,affine,3.0,100,0.0,5057461,28,0.9999125816843283,0.9880738703214457,3464.7664762141776,0,-1
a,passive,affine,3.0,100,0.0,5057461,29,-0.8107036963556651,0.999999,3446.803887272885,1,411
a,passive,affine,3.0,100,0.0,5057461,30,0.999999,0.9715326027964064,3473.2349088679334,0,-1
a,passive,affine,3.0,100,0.0,5057461,31,0.999999,0.999999,3465.6452454197474,0,-1
a,passive,affine,3.0,100,0.0,5057461,32,0.999999,0.999999,3474.1638681639615,0,-1
a,passive,affine,3.0,100,0.0,5057461,33,0.999999,0.9997799573487537,3444.447761338365,0,-1
a,passive,affine,3.0,100,0.0,5057461,34,0.999999,0.9837084266527533,3458.7819456766883,0,-1
a,passive,affine,3.0,100,0.0,5057461,35,0.999999,0.999999,3470.552927113914,0,-1
a,passive,affine,3.0,100,0.0,5057461,36,0.9968844272389439,0.999999,3476.3383272422548,0,-1
a,passive,affine,3.0,100,0.0,5057461,37,0.9999415183062423,0.999999,3484.474844900726,1,290
a,passive,affine,3.0,100,0.0,5057461,38,0.9975016448954727,0.9999179080838247,3443.8254206948154,0,-1
a,passive,affine,3.0,100,0.0,5057461,39,-0.9653760621004966,0.9626768467505898,3475.316691224644,1,321
a,passive,affine,3.0,100,0.0,5057461,40,0.9664647919933325,0.999999,3452.8262577471432,0,-1
a,passive,affine,3.0,100,0.0,5057461,41,0.999999,0.999999,3431.281008003203,0,-1
a,passive,affine,3.0,100,0.0,5057461,42,0.8550482426721326,0.9961543780697326,3462.933621910528,0,-1
a,passive,affine,3.0,100,0.0,5057461,43,0.9997239010975603,0.991097448630657,3459.7216386920386,0,-1
a,passive,affine,3.0,100,0.0,5057461,44,0.9998124540285901,0.999879334937867,3462.653203143811,0,-1
a,passive,affine,3.0,100,0.0,5057461,45,0.999318214203725,0.9998361211921083,3459.950845183686,0,-1
a,passive,affine,3.0,100,0.0,5057461,46,0.9680861211351283,0.999999,3473.274856213007,0,-1
a,passive,affine,3.0,100,0.0,5057461,47,-0.24490248001103176,0.999999,3447.44691159457,1,309
a,passive,affine,3.0,100,0.0,5057461,48,0.9540131449382319,0.9960075932249223,3448.889492907358,0,-1
a,passive,affine,3.0,100,0.0,5057461,49,0.999999,0.999999,3429.0573507001986,0,-1
a,passive,affine,3.0,100,0.0,5057461,50,-0.1215403899125155,0.999999,3475.2447976071267,1,275
a,passive,affine,3.0,100,0.0,5057461,51,-0.2825574509688591,0.999999,3466.2365459854836,1,317
a,passive,affine,3.0,100,0.0,5057461,52,0.999999,0.999999,3476.617196394798,0,-1
a,passive,affine,3.0,100,0.0,5057461,53,0.999999,0.9998051107780588,3473.951179363199,0,-1
a,passive,affine,3.0,100,0.0,5057461,54,0.999999,0.9921898340996831,3461.9130802399204,0,-1
a,passive,affine,3.0,100,0.0,5057461,55,0.999999,0.9807364405211328,3479.920709175335,0,-1
a,passive,affine,3.0,100,0.0,5057461,56,0.999999,0.9358698917401961,3473.1386868015343,0,-1
a,passive,affine,3.0,100,0.0,5057461,57,0.9998428264449344,0.9985448321309415,3473.411316095068,0,-1
a,passive,affine,3.0,100,0.0,5057461,58,0.999930253504185,0.9999878229045914,3473.9175705063963,0,-1
a,passive,affine,3.0,100,0.0,5057461,59,0.9942084716465736,0.9961352281995766,3458.0708176791118,0,-1
a,passive,affine,3.0,100,0.0,5057461,60,0.9998262607323242,0.9991018092299478,3423.3078530931098,0,-1
a,passive,affine,3.0,100,0.0,5057461,61,0.999999,0.9118895948692406,3465.2961499673247,0,-1
a,passive,affine,3.0,100,0.0,5057461,62,0.993363122386492,0.9751164926112256,3461.0014221760903,0,-1
a,passive,affine,3.0,100,0.0,5057461,63,0.999999,0.8393989195891481,3446.5335692547724,0,-1
a,passive,affine,3.0,100,0.0,5057461,64,0.9958027962809737,0.983618598682333,3459.398379818493,0,-1
a,passive,affine,3.0,100,0.0,5057461,65,0.9996809783666134,0.990415554723111,3441.2281950887336,0,-1
a,passive,affine,3.0,100,0.0,5057461,66,0.999999,0.9997307353984571,3472.2928699312406,0,-1
a,passive,affine,3.0,100,0.0,5057461,67,0.9756147906665772,0.999999,3459.4108268431805,0,-1
a,passive,affine,3.0,100,0.0,5057461,68,0.9903569791835807,0.9999450172393897,3470.490088384313,0,-1
a,passive,affine,3.0,100,0.0,5057461,69,0.9992631251681111,0.9998930130818963,3431.731225711648,0,-1
a,passive,affine,3.0,100,0.0,5057461,70,0.999999,0.9922552410811288,3457.5435829606217,0,-1
a,passive,affine,3.0,100,0.0,5057461,71,0.7865189168585487,0.9998880906603484,3480.8508366956153,0,-1
a,passive,affine,3.0,100,0.0,5057461,72,0.9745224245243971,0.999999,3463.407557068223,0,-1
a,passive,affine,3.0,100,0.0,5057461,73,0.9999357897710511,0.999999,3472.9109436279123,0,-1
a,passive,affine,3.0,100,0.0,5057461,74,0.9997123275987041,0.9858839001706342,3467.4952655162374,0,-1
a,passive,affine,3.0,100,0.0,5057461,75,0.999809105295452,0.9998817249669452,3476.5463652054573,0,-1
a,passive,affine,3.0,100,0.0,5057461,76,0.9996891847505487,0.999999,3458.9903897813488,0,-1
a,passive,affine,3.0,100,0.0,5057461,77,0.999999,0.999999,3463.1410755292945,0,-1
a,passive,affine,3.0,100,0.0,5057461,78,0.9957470759050993,0.999999,3468.0718866749603,0,-1
a,passive,affine,3.0,100,0.0,5057461,79,0.9318530377232043,0.999896632603338,3474.8374061328695,0,-1
a,passive,affine,3.0,100,0.0,5057461,80,0.999999,0.9999967554999452,3449.1480817886427,0,-1
a,passive,affine,3.0,100,0.0,5057461,81,0.9840100197898966,0.9997439529991905,3483.38402396332,0,-1
a,passive,affine,3.0,100,0.0,5057461,82,0.999999,0.8039989019406911,3478.0887072539813,0,-1
a,passive,affine,3.0,100,0.0,5057461,83,0.9999059186395277,0.999999,3453.7313218082986,0,-1
a,passive,affine,3.0,100,0.0,5057461,84,0.9999360088897085,0.999999,3451.4859593417027,0,-1
a,passive,affine,3.0,100,0.0,5057461,85,0.7495218563175207,0.9996872583102019,3460.9279563220125,0,-1
a,passive,affine,3.0,100,0.0,5057461,86,0.999999,0.978172377894555,3468.1025082266187,0,-1
a,passive,affine,3.0,100,0.0,5057461,87,0.9999518120800267,0.9997904123797837,3478.5330763288907,0,-1
a,passive,affine,3.0,100,0.0,5057461,88,0.9951991386548982,0.9292285496939311,3477.1847204878613,0,-1
a,passive,affine,3.0,100,0.0,5057461,89,0.999714449363063,0.9989350168968619,3480.232139779833,0,-1
a,passive,affine,3.0,100,0.0,5057461,90,0.999999,0.999999,3456.0826532108426,0,-1
a,passive,affine,3.0,100,0.0,5057461,91,0.9762445674290053,0.8345072844835879,3474.9213203320173,0,-1
a,passive,affine,3.0,100,0.0,5057461,92,0.999999,0.9185825848074585,3448.928062479308,0,-1
a,passive,affine,3.0,100,0.0,5057461,93,0.9571920199971607,0.9968517200606533,3484.8551541083616,0,-1
a,passive,affine,3.0,100,0.0,5057461,94,0.9952874862880938,0.9984242525812369,3462.4761687013597,1,341
a,passive,affine,3.0,100,0.0,5057461,95,0.9789795663886346,0.9998971936700094,3464.675301363482,0,-1
a,passive,affine,3.0,100,0.0,5057461,96,0.999999,0.9974863476742607,3452.8718080424374,0,-1
a,passive,affine,3.0,100,0.0,5057461,97,0.9719224851986965,0.998313765212191,3454.375298969436,0,-1
a,passive,affine,3.0,100,0.0,5057461,98,0.969532683971662,0.999999,3480.0351440796708,0,-1
a,passive,affine,3.0,100,0.0,5057461,99,0.9994568372499613,0.997897430150225,3436.12321975502,0,-1
a,passive,affine,3.0,100,0.0,5057461,100,0.9991283741331777,0.9999700140895322,3474.9052996582445,0,-1
a,passive,affine,3.0,100,0.0,5057461,101,0.999999,0.999999,3401.999858631476,0,-1
a,passive,affine,3.0,100,0.0,5057461,102,0.999999,0.9998140300169329,3482.7331789023665,0,-1
a,passive,affine,3.0,100,0.0,5057461,103,0.6957446121879654,0.999738926382727,3465.385174208971,0,-1
a,passive,affine,3.0,100,0.0,5057461,104,0.9810149409881568,0.999999,3481.650069318516,0,-1
a,passive,affine,3.0,100,0.0,5057461,105,0.999999,0.9998461079291641,3477.273693844524,0,-1
a,passive,affine,3.0,100,0.0,5057461,106,0.9997755535312667,0.999999,3472.1155431450625,0,-1
a,passive,affine,3.0,100,0.0,5057461,107,0.9995423338687386,0.886232886261273,3475.775944238848,0,-1
a,passive,affine,3.0,100,0.0,5057461,108,0.9999449769066034,0.999999,3451.7514900918513,0,-1
a,passive,affine,3.0,100,0.0,5057461,109,0.999999,0.999851554088499,3484.098414727629,0,-1
a,passive,affine,3.0,100,0.0,5057461,110,0.9572703904119667,0.999999,3474.759376140277,0,-1
a,passive,affine,3.0,100,0.0,5057461,111,0.999999,0.999999,3475.568631817119,0,-1
a,passive,affine,3.0,100,0.0,5057461,112,0.999999,0.9999380889996639,3460.9934410098695,0,-1
a,passive,affine,3.0,100,0.0,5057461,113,0.999999,0.9998268958603823,3470.7477858651773,0,-1
a,passive,affine,3.0,100,0.0,5057461,114,0.9983825208913654,0.999781801299723,3471.796492900308,0,-1
a,passive,affine,3.0,100,0.0,5057461,115,0.999999,0.9854477483528082,3467.868433316649,0,-1
a,passive,affine,3.0,100,0.0,5057461,116,0.8824128299181163,0.9827915746446262,3461.2625011820837,0,-1
a,passive,affine,3.0,100,0.0,5057461,117,0.999999,0.9939091207596912,3460.31992584391,0,-1
a,passive,affine,3.0,100,0.0,5057461,118,0.9740026965448751,0.9976394380400254,3479.3140835795593,0,-1
a,passive,affine,3.0,100,0.0,5057461,119,0.9873606598488193,0.999999,3480.161680960023,0,-1
a,passive,affine,3.0,100,0.0,5057461,120,0.999963742225055,0.9936601133418217,3455.608384355811,0,-1
a,passive,affine,3.0,100,0.0,5057461,121,0.999999,0.9998719237388753,3463.1608168732514,0,-1
a,passive,affine,3.0,100,0.0,5057461,122,0.999999,0.999999,3459.6043327795323,0,-1
a,passive,affine,3.0,100,0.0,5057461,123,-0.9953253275563917,0.9958723867505205,3473.142285333611,1,282
a,passive,affine,3.0,100,0.0,5057461,124,0.9998721891213666,0.9785364397468571,3447.33244184691,0,-1
a,passive,affine,3.0,100,0.0,5057461,125,0.9996597017988711,0.999999,3450.160442851828,0,-1
a,passive,affine,3.0,100,0.0,5057461,126,0.999999,0.9941369921037736,3469.339768062426,0,-1
a,passive,affine,3.0,100,0.0,5057461,127,0.8337642075780887,0.999999,3470.2044115497883,0,-1
a,passive,affine,3.0,100,0.0,5057461,128,0.978502233896731,0.999999,3438.8307938361168,0,-1
a,passive,affine,3.0,100,0.0,5057461,129,0.999999,0.9974359612788711,3468.373357541695,0,-1
a,passive,affine,3.0,100,0.0,5057461,130,0.999999,0.9998623807316815,3452.5542752407705,0,-1
a,passive,affine,3.0,100,0.0,5057461,131,0.999999,0.999999,3475.7061578237235,0,-1
a,passive,affine,3.0,100,0.0,5057461,132,0.999999,0.9934713066628763,3468.6852329704043,0,-1
a,passive,affine,3.0,100,0.0,5057461,133,-0.924990477319751,0.9986506099952959,3425.5813922691955,1,347
a,passive,affine,3.0,100,0.0,5057461,134,0.999999,0.999999,3439.7780988337427,0,-1
a,passive,affine,3.0,100,0.0,5057461,135,0.999999,0.999999,3468.447591214217,0,-1
a,passive,affine,3.0,100,0.0,5057461,136,0.9999423265925251,0.999999,3471.4436023513776,0,-1
a,passive,affine,3.0,100,0.0,5057461,137,0.999999,0.999999,3465.265087272427,0,-1
a,passive,affine,3.0,100,0.0,5057461,138,0.9901890094429106,0.999999,3479.7800024529834,0,-1
a,passive,affine,3.0,100,0.0,5057461,139,0.999921078703631,0.9999158028016981,3443.712853466811,0,-1
a,passive,affine,3.0,100,0.0,5057461,140,0.9839163148767955,0.999999,3460.2990069242505,0,-1
a,passive,affine,3.0,100,0.0,5057461,141,0.999999,0.9565076546664918,3455.767688307414,0,-1
a,passive,affine,3.0,100,0.0,5057461,142,0.999999,0.9998053269577358,3482.6359136114097,0,-1
a,passive,affine,3.0,100,0.0,5057461,143,0.999999,0.999999,3462.0942063071716,0,-1
a,passive,affine,3.0,100,0.0,5057461,144,0.9892812050671814,0.9106939235324676,3398.3559162936967,0,-1
a,passive,affine,3.0,100,0.0,5057461,145,0.999999,0.9998907913282563,3476.828024470502,0,-1
a,passive,affine,3.0,100,0.0,5057461,146,0.999999,0.9999123511496006,3442.7436242123454,0,-1
a,passive,affine,3.0,100,0.0,5057461,147,0.999999,0.9865090464884697,3461.6347279138126,0,-1
a,passive,affine,3.0,100,0.0,5057461,148,0.999999,0.999999,3449.136300832575,0,-1
a,passive,affine,3.0,100,0.0,5057461,149,-0.9881500527449371,0.9999600704028061,3473.9119295943756,1,371
a,passive,affine,3.0,100,0.0,5057461,150,0.9968406307397725,0.996295954324344,3473.79239603295,0,-1
a,passive,affine,3.0,100,0.0,5057461,151,0.9998589965424518,0.999999,3477.5661303467973,0,-1
a,passive,affine,3.0,100,0.0,5057461,152,0.9987770816164371,0.9996911068246223,3464.941301137409,0,-1
a,passive,affine,3.0,100,0.0,5057461,153,0.9999906501150166,0.9998893094708906,3461.079962030944,0,-1
a,passive,affine,3.0,100,0.0,5057461,154,0.9977939994168762,0.9998241687916443,3478.229837443325,1,371
a,passive,affine,3.0,100,0.0,5057461,155,0.9999256577944211,0.9996926773458544,3464.1230712178444,0,-1
a,passive,affine,3.0,100,0.0,5057461,156,0.9998060032896763,0.999999,3460.865009770872,0,-1
a,passive,affine,3.0,100,0.0,5057461,157,0.999999,0.999988519530722,3469.134318767745,0,-1
a,passive,affine,3.0,100,0.0,5057461,158,-0.9485689313396307,0.999999,3457.908640960836,1,301
a,passive,affine,3.0,100,0.0,5057461,159,0.9981733309739246,0.9974279137775731,3471.9128450438407,0,-1
a,passive,affine,3.0,100,0.0,5057461,160,0.9998909138580823,0.999999,3463.979444424999,0,-1
a,passive,affine,3.0,100,0.0,5057461,161,0.999999,0.9999010967491847,3453.18991621443,0,-1
a,passive,affine,3.0,100,0.0,5057461,162,0.999999,0.999999,3410.44369860555,0,-1
a,passive,affine,3.0,100,0.0,5057461,163,0.9997608995779483,0.8992152023515878,3456.1737841814474,0,-1
a,passive,affine,3.0,100,0.0,5057461,164,-0.9057782108097036,0.999999,3438.82209400577,1,332
a,passive,affine,3.0,100,0.0,5057461,165,0.999972990063216,0.999999,3480.1616361512747,0,-1
a,passive,affine,3.0,100,0.0,5057461,166,0.999999,0.9844676317451613,3474.78206902364,0,-1
a,passive,affine,3.0,100,0.0,5057461,167,0.999999,0.9987027077216789,3440.38763979733,0,-1
a,passive,affine,3.0,100,0.0,5057461,168,0.999999,0.999999,3443.1610163062833,0,-1
a,passive,affine,3.0,100,0.0,5057461,169,0.9972508285183304,0.999999,3453.452787795269,0,-1
a,passive,affine,3.0,100,0.0,5057461,170,0.999999,0.9299097935172047,3452.395497345043,0,-1
a,passive,affine,3.0,100,0.0,5057461,171,-0.6403740976172528,0.9998709345599563,3451.3569404124996,1,279
a,passive,affine,3.0,100,0.0,5057461,172,0.999999,0.9905451502708968,3480.1887148579126,0,-1
a,passive,affine,3.0,100,0.0,5057461,173,0.8150006998546068,0.9999143254885915,3477.5575266603496,0,-1
a,passive,affine,3.0,100,0.0,5057461,174,0.999999,0.999999,3472.0361675356553,0,-1
a,passive,affine,3.0,100,0.0,5057461,175,0.8891745365470537,0.9979127177784562,3479.977611581436,0,-1
a,passive,affine,3.0,100,0.0,5057461,176,0.999999,0.9885730570832223,3296.434940429581,0,-1
a,passive,affine,3.0,100,0.0,5057461,177,0.999999,0.9999067734309831,3444.477715729767,0,-1
a,passive,affine,3.0,100,0.0,5057461,178,0.999999,0.999999,3432.9481009753436,0,-1
a,passive,affine,3.0,100,0.0,5057461,179,0.9599384790484589,0.9992785561458521,3456.985385154571,0,-1
a,passive,affine,3.0,100,0.0,5057461,180,0.9999860130170646,0.999999,3457.7930918926604,0,-1
a,passive,affine,3.0,100,0.0,5057461,181,0.999999,0.9998809870743398,3443.1395332377756,0,-1
a,passive,affine,3.0,100,0.0,5057461,182,0.9894825458835252,0.999999,3470.633273990753,0,-1
a,passive,affine,3.0,100,0.0,5057461,183,0.999999,0.9997874615721591,3472.836702199101,0,-1
a,passive,affine,3.0,100,0.0,5057461,184,0.7837945892089364,0.999999,3464.7441525550107,0,-1
a,passive,affine,3.0,100,0.0,5057461,185,0.999999,0.999999,3478.932540799532,0,-1
a,passive,affine,3.0,100,0.0,5057461,186,0.999999,0.9999928623762597,3425.4064413745155,0,-1
a,passive,affine,3.0,100,0.0,5057461,187,0.9987544732785355,0.999976842570326,3479.4778752252314,0,-1
a,passive,affine,3.0,100,0.0,5057461,188,0.9999035478704199,0.9826720837039478,3474.412808056276,0,-1
a,passive,affine,3.0,100,0.0,5057461,189,0.9932482649734766,0.999934056944143,3471.732224586443,0,-1
a,passive,affine,3.0,100,0.0,5057461,190,0.9999497487328123,0.9998488884222394,3478.3184445930965,0,-1
a,passive,affine,3.0,100,0.0,5057461,191,0.9735992129902982,0.9987433369424444,3469.35248918034,0,-1
a,passive,affine,3.0,100,0.0,5057461,192,0.999999,0.9998801046659685,3461.5342089928167,0,-1
a,passive,affine,3.0,100,0.0,5057461,193,0.9997509881171633,0.9999610969356069,3460.7830088691867,0,-1
a,passive,affine,3.0,100,0.0,5057461,194,0.9998088630842389,0.9999680588237997,3475.719719495332,0,-1
a,passive,affine,3.0,100,0.0,5057461,195,0.999999,0.999999,3454.7841288357426,0,-1
a,passive,affine,3.0,100,0.0,5057461,196,0.9990299241681322,0.9982538040998061,3481.6341002260197,0,-1
a,passive,affine,3.0,100,0.0,5057461,197,0.9998809911487601,0.9561569657178265,3476.3379691968685,0,-1
a,passive,affine,3.0,100,0.0,5057461,198,0.999803276004331,0.9997813432037223,3478.0103584007275,0,-1
a,passive,affine,3.0,100,0.0,5057461,199,0.999999,0.999999,3455.7473871436555,0,-1
a,passive,affine,3.0,100,0.0,5057461,200,0.999999,0.9997659745809999,3471.1155894535345,1,272
a,passive,affine,3.0,100,0.0,5057461,201,0.9879372977335372,0.8554750525751248,3453.8973832259353,0,-1
a,passive,affine,3.0,100,0.0,5057461,202,0.999802420714798,0.9580008750563279,3452.4791906697915,0,-1
a,passive,affine,3.0,100,0.0,5057461,203,0.999999,0.9932298683761988,3460.6340130355925,0,-1
a,passive,affine,3.0,100,0.0,5057461,204,0.9990872583342669,0.9998298686996969,3451.405926790289,1,272
a,passive,affine,3.0,100,0.0,5057461,205,0.9997858086548553,0.9964794065966319,3478.763712758829,0,-1
a,passive,affine,3.0,100,0.0,5057461,206,0.9553103415838915,0.9999294945416818,3469.048869506301,0,-1
a,passive,affine,3.0,100,0.0,5057461,207,0.999999,0.999999,3466.9577314513954,0,-1
a,passive,affine,3.0,100,0.0,5057461,208,0.9975887823481572,0.9999255255207542,3470.3373590199362,0,-1
a,passive,affine,3.0,100,0.0,5057461,209,0.9906623013167799,0.9998752003434684,3458.8579308245626,0,-1
a,passive,affine,3.0,100,0.0,5057461,210,0.9936916224641572,0.9691974631823672,3472.584677363792,1,331
a,passive,affine,3.0,100,0.0,5057461,211,0.999999,0.9996329542953944,3483.109128784917,0,-1
a,passive,affine,3.0,100,0.0,5057461,212,0.999999,0.9999100591934036,3484.668261349815,0,-1
a,passive,affine,3.0,100,0.0,5057461,213,0.9940482736193438,0.999999,3448.0690525073537,0,-1
a,passive,affine,3.0,100,0.0,5057461,214,0.999999,0.999999,3480.3100167430835,0,-1
a,passive,affine,3.0,100,0.0,5057461,215,0.9999178725202851,0.999999,3478.831067736366,0,-1
a,passive,affine,3.0,100,0.0,5057461,216,0.9999979539497535,0.9998251291785858,3453.5848824014333,0,-1
a,passive,affine,3.0,100,0.0,5057461,217,0.95973658446597,0.999999,3485.603236198671,0,-1
a,passive,affine,3.0,100,0.0,5057461,218,0.999999,0.9999451232248994,3471.3649785265316,1,280
a,passive,affine,3.0,100,0.0,5057461,219,0.7714332282615304,0.999999,3465.3343605679165,1,283
a,passive,affine,3.0,100,0.0,5057461,220,0.9995989031060958,0.9895389014670853,3464.896437616726,0,-1
a,passive,affine,3.0,100,0.0,5057461,221,0.9942508789554455,0.999999,3461.251311201775,0,-1
a,passive,affine,3.0,100,0.0,5057461,222,0.999999,0.999999,3440.9822851856356,0,-1
a,passive,affine,3.0,100,0.0,5057461,223,0.999999,0.999999,3471.869653278478,0,-1
a,passive,affine,3.0,100,0.0,5057461,224,0.9999124108718391,0.9473211702662215,3446.7027548953456,0,-1
a,passive,affine,3.0,100,0.0,5057461,225,0.999999,0.9974961227758657,3466.4646584701954,0,-1
a,passive,affine,3.0,100,0.0,5057461,226,0.9781357734266082,0.999999,3448.1025772744097,0,-1
a,passive,affine,3.0,100,0.0,5057461,227,0.5601577210985946,0.9237391784564556,3477.7741595740677,1,357
a,passive,affine,3.0,100,0.0,5057461,228,0.973971051927948,0.9998708563994643,3452.2468490436013,0,-1
a,passive,affine,3.0,100,0.0,5057461,229,0.9998179298941334,0.999999,3465.8576072526257,0,-1
a,passive,affine,3.0,100,0.0,5057461,230,0.9990807656552579,0.999999,3452.5646827016362,0,-1
a,passive,affine,3.0,100,0.0,5057461,231,0.9992302496317756,0.8453830739277838,3469.182237344743,0,-1
a,passive,affine,3.0,100,0.0,5057461,232,0.9998556332100226,0.998742306165785,3474.469558759839,0,-1
a,passive,affine,3.0,100,0.0,5057461,233,0.999999,0.9995576242040303,3455.7706058938265,0,-1
a,passive,affine,3.0,100,0.0,5057461,234,0.974758441317875,0.9997815734836186,3463.6796877811676,0,-1
a,passive,affine,3.0,100,0.0,5057461,235,0.9999757927123991,0.9991144214704688,3478.060483144619,0,-1
a,passive,affine,3.0,100,0.0,5057461,236,0.999999,0.9996935953047962,3469.445506792401,0,-1
a,passive,affine,3.0,100,0.0,5057461,237,0.999999,0.999999,3464.237001495511,0,-1
a,passive,affine,3.0,100,0.0,5057461,238,0.9405477396735167,0.999999,3425.41138457781,0,-1
a,passive,affine,3.0,100,0.0,5057461,239,0.999856777439227,0.9985610084364523,3455.6019038423246,0,-1
a,passive,affine,3.0,100,0.0,5057461,240,0.999999,0.999999,3469.41646624393,0,-1
a,passive,affine,3.0,100,0.0,5057461,241,0.999999,0.9978970851641799,3473.9738164703763,0,-1
a,passive,affine,3.0,100,0.0,5057461,242,0.9998569822989769,0.9925665517038329,3460.421483243028,0,-1
a,passive,affine,3.0,100,0.0,5057461,243,0.999999,0.9984632011277166,3469.9026529288035,0,-1
a,passive,affine,3.0,100,0.0,5057461,244,0.9997825570755532,0.9999396611546594,3470.4603362725334,0,-1
a,passive,affine,3.0,100,0.0,5057461,245,0.9998079015935318,0.999999,3469.3190950128856,0,-1
a,passive,affine,3.0,100,0.0,5057461,246,0.9717528486150673,0.9750267019918132,3479.5327568744847,0,-1
a,passive,affine,3.0,100,0.0,5057461,247,0.999999,0.9999357510030884,3443.7085797819896,0,-1
a,passive,affine,3.0,100,0.0,5057461,248,0.999588919560055,0.9995478369599634,3472.3934376576253,0,-1
a,passive,affine,3.0,100,0.0,5057461,249,0.96210262112926,0.9984380710975721,3453.487839420285,0,-1
a,passive,affine,3.0,100,0.0,5057461,250,-0.9953073170994349,0.9999266869890078,3469.5785560295926,1,338
a,passive,affine,3.0,100,0.0,5057461,251,0.9951100997297526,0.9999590801495032,3369.0733218953587,0,-1
a,passive,affine,3.0,100,0.0,5057461,252,0.999999,0.999999,3443.76342019102,0,-1
a,passive,affine,3.0,100,0.0,5057461,253,0.9943231581853773,0.9997333709559771,3469.365039958839,0,-1
a,passive,affine,3.0,100,0.0,5057461,254,-0.880785459562093,0.9959105379209593,3481.7508670569478,1,310
a,passive,affine,3.0,100,0.0,5057461,255,0.9999742849211041,0.999999,3465.5635918219564,0,-1
a,passive,affine,3.0,100,0.0,5057461,256,0.9977118213307352,0.994546572925157,3437.7898259198346,0,-1
a,passive,affine,3.0,100,0.0,5057461,257,0.9998636924449155,0.999999,3471.9017460811906,1,333
a,passive,affine,3.0,100,0.0,5057461,258,0.999999,0.9999553876767856,3455.050263629373,0,-1
a,passive,affine,3.0,100,0.0,5057461,259,0.9999111388093311,0.9998332001617469,3467.502861616372,0,-1
a,passive,affine,3.0,100,0.0,5057461,260,0.9999739578681579,0.9910590386327156,3480.004096950905,0,-1
a,passive,affine,3.0,100,0.0,5057461,261,0.999999,0.9323486809179982,3428.8155435123253,0,-1
a,passive,affine,3.0,100,0.0,5057461,262,0.999915173859076,0.999999,3483.2290869441554,0,-1
a,passive,affine,3.0,100,0.0,5057461,263,0.999999,0.9748180794052338,3401.3659067929207,0,-1
a,passive,affine,3.0,100,0.0,5057461,264,0.9999147644964096,0.9455331970625416,3453.5172490145505,0,-1
a,passive,affine,3.0,100,0.0,5057461,265,0.999999,0.999999,3437.8589411485177,0,-1
a,passive,affine,3.0,100,0.0,5057461,266,0.9947425978753943,0.999999,3457.3017461947134,0,-1
a,passive,affine,3.0,100,0.0,5057461,267,0.9861399705694348,0.999999,3474.684291830192,0,-1
a,passive,affine,3.0,100,0.0,5057461,268,0.8272836075070902,0.9999653798733624,3471.62366971632,0,-1
a,passive,affine,3.0,100,0.0,5057461,269,0.9857229855842552,0.972394897991009,3462.1640270636844,0,-1
a,passive,affine,3.0,100,0.0,5057461,270,0.9985238604412724,0.9901446846197806,3445.0190418888214,0,-1
a,passive,affine,3.0,100,0.0,5057461,271,0.999999,0.9778353588006523,3416.662488756972,0,-1
a,passive,affine,3.0,100,0.0,5057461,272,0.9082581855680183,0.9998833504831282,3460.2477673507287,1,284
a,passive,affine,3.0,100,0.0,5057461,273,0.999999,0.999999,3471.071813665563,0,-1
a,passive,affine,3.0,100,0.0,5057461,274,0.999999,0.5976738771163522,3448.126066807381,0,-1
a,passive,affine,3.0,100,0.0,5057461,275,0.9999412499436253,0.9998905160473442,3472.569920049807,0,-1
a,passive,affine,3.0,100,0.0,5057461,276,0.999999,0.999999,3461.0242476591716,0,-1
a,passive,affine,3.0,100,0.0,5057461,277,0.999999,0.999999,3476.56679120397,0,-1
a,passive,affine,3.0,100,0.0,5057461,278,0.9757607887459029,0.9930300632810252,3449.671577522116,0,-1
a,passive,affine,3.0,100,0.0,5057461,279,0.999999,0.999999,3445.621085803498,0,-1
a,passive,affine,3.0,100,0.0,5057461,280,0.7240590862821618,0.9991685307719622,3407.171132787392,0,-1
a,passive,affine,3.0,100,0.0,5057461,281,0.9917671282831867,0.9795727519714663,3462.4538496669106,0,-1
a,passive,affine,3.0,100,0.0,5057461,282,0.9949499553904229,0.9999074046671564,3479.2565258368863,0,-1
a,passive,affine,3.0,100,0.0,5057461,283,0.9998167791349387,0.999999,3476.8913116717517,0,-1
a,passive,affine,3.0,100,0.0,5057461,284,0.9999528492408597,0.999999,3480.166378152825,0,-1
a,passive,affine,3.0,100,0.0,5057461,285,0.999999,0.9625870626723453,3476.1514344695506,0,-1
a,passive,affine,3.0,100,0.0,5057461,286,0.9962939341349087,0.9999249774972463,3488.0890935085563,0,-1
a,passive,affine,3.0,100,0.0,5057461,287,0.9929779239968745,0.9809436561705075,3465.0884016765986,0,-1
a,passive,affine,3.0,100,0.0,5057461,288,0.9974261204162237,0.8569889984142113,3456.2427179719352,0,-1
a,passive,affine,3.0,100,0.0,5057461,289,0.999999,0.9998843529367551,3476.5848565241417,0,-1
a,passive,affine,3.0,100,0.0,5057461,290,0.9998401708640801,0.9992227937702693,3469.3307429310635,0,-1
a,passive,affine,3.0,100,0.0,5057461,291,0.999999,0.8079815207605188,3422.0477658602686,0,-1
a,passive,affine,3.0,100,0.0,5057461,292,0.9495304961995554,0.9878632406969772,3469.2174265432654,0,-1
a,passive,affine,3.0,100,0.0,5057461,293,-0.9844275691232701,0.999999,3461.0872583787004,1,354
a,passive,affine,3.0,100,0.0,5057461,294,0.999999,0.9989618259536672,3425.1588369053184,0,-1
a,passive,affine,3.0,100,0.0,5057461,295,0.999999,0.9934072692111645,3481.66144873061,0,-1
a,passive,affine,3.0,100,0.0,5057461,296,0.9999060581386994,0.999999,3449.754436706008,0,-1
a,passive,affine,3.0,100,0.0,5057461,297,0.9999989887693774,0.999999,3443.227327922685,0,-1
a,passive,affine,3.0,100,0.0,5057461,298,0.999993093809706,0.999999,3466.062853753857,0,-1
a,passive,affine,3.0,100,0.0,5057461,299,0.9950115923971798,0.9963147796758144,3439.391514322391,0,-1
a,passive,affine,3.0,100,0.0,5057461,300,0.999999,0.999999,3482.848103392107,0,-1
a,passive,affine,3.0,100,0.0,5057461,301,0.9998201537718747,0.7854284076386028,3477.931907216998,0,-1
a,passive,affine,3.0,100,0.0,5057461,302,0.9955390022319465,0.999999,3463.3254700311327,0,-1
a,passive,affine,3.0,100,0.0,5057461,303,0.999605845189931,0.6099157545545053,3443.293742531355,0,-1
a,passive,affine,3.0,100,0.0,5057461,304,0.9953994257755088,0.999999,3475.4582857863384,0,-1
a,passive,affine,3.0,100,0.0,5057461,305,0.999999,0.999699557663873,3473.1856379494466,0,-1
a,passive,affine,3.0,100,0.0,5057461,306,0.999999,0.9997713549967797,3451.0820196757923,0,-1
a,passive,affine,3.0,100,0.0,5057461,307,0.9407293278231105,0.9977652094181285,3454.423838761345,0,-1
a,passive,affine,3.0,100,0.0,5057461,308,0.999999,0.9997650614469104,3469.39295248386,0,-1
a,passive,affine,3.0,100,0.0,5057461,309,0.9990174421069848,0.999999,3436.012635676425,0,-1
a,passive,affine,3.0,100,0.0,5057461,310,0.999999,0.999999,3464.2458541524043,0,-1
a,passive,affine,3.0,100,0.0,5057461,311,0.999999,0.9893826907464985,3415.765670497728,0,-1
a,passive,affine,3.0,100,0.0,5057461,312,0.999999,0.9998398027340799,3474.4139049196674,0,-1
a,passive,affine,3.0,100,0.0,5057461,313,0.9999464560764473,0.999999,3467.231614773053,0,-1
a,passive,affine,3.0,100,0.0,5057461,314,0.999999,0.9995830911653,3473.619910450811,0,-1
a,passive,affine,3.0,100,0.0,5057461,315,0.8331980187516229,0.999999,3468.2176806464377,1,384
a,passive,affine,3.0,100,0.0,5057461,316,0.9998753259158065,0.9992201872927192,3458.889075507441,0,-1
a,passive,affine,3.0,100,0.0,5057461,317,0.999999,0.999999,3465.807398008663,0,-1
a,passive,affine,3.0,100,0.0,5057461,318,0.9998226724047568,0.9987436250598399,3465.3346590959595,0,-1
a,passive,affine,3.0,100,0.0,5057461,319,0.9984089393923905,0.9929090460617664,3435.5833309815357,1,298
a,passive,affine,3.0,100,0.0,5057461,320,0.999999,0.999999,3388.9950927890545,0,-1
a,passive,affine,3.0,100,0.0,5057461,321,0.9959253661545963,0.999999,3480.673911342344,0,-1
a,passive,affine,3.0,100,0.0,5057461,322,0.999999,0.999999,3455.623589653465,1,292
a,passive,affine,3.0,100,0.0,5057461,323,0.9919755212545823,0.9980681909988502,3452.627803707889,0,-1
a,passive,affine,3.0,100,0.0,5057461,324,0.9457777990269621,0.999999,3477.1988431025607,1,292
a,passive,affine,3.0,100,0.0,5057461,325,0.9986374286347162,0.9803965111531927,3464.6187767532247,0,-1
a,passive,affine,3.0,100,0.0,5057461,326,0.9999828256867243,0.999999,3462.672763409922,0,-1
a,passive,affine,3.0,100,0.0,5057461,327,0.9997122644293857,0.9986304481137698,3482.9166813592537,0,-1
a,passive,affine,3.0,100,0.0,5057461,328,0.999999,0.999999,3440.588925828756,0,-1
a,passive,affine,3.0,100,0.0,5057461,329,0.8611601113263962,0.9997640986960741,3462.4177054927923,0,-1
a,passive,affine,3.0,100,0.0,5057461,330,0.9997269032268703,0.999999,3464.4157873164286,0,-1
a,passive,affine,3.0,100,0.0,5057461,331,0.9984838418492664,0.999752398367921,3472.1243429774872,0,-1
a,passive,affine,3.0,100,0.0,5057461,332,0.9781721865559226,0.9970498099960099,3485.9458513256536,0,-1
a,passive,affine,3.0,100,0.0,5057461,333,0.9875945646479589,0.9949064510810895,3447.542592564436,0,-1
a,passive,affine,3.0,100,0.0,5057461,334,0.9985676564347171,0.9999870757224331,3457.2654527748373,0,-1
a,passive,affine,3.0,100,0.0,5057461,335,0.999999,0.999999,3476.3675362364233,0,-1
a,passive,affine,3.0,100,0.0,5057461,336,0.975056879323251,0.8705825802324187,3460.6768704402202,0,-1
a,passive,affine,3.0,100,0.0,5057461,337,0.9999987767197782,0.999999,3478.9407925940714,0,-1
a,passive,affine,3.0,100,0.0,5057461,338,0.999999,0.9326664178979598,3456.9771790474483,0,-1
a,passive,affine,3.0,100,0.0,5057461,339,0.999999,0.999999,3473.2131503353344,0,-1
a,passive,affine,3.0,100,0.0,5057461,340,0.9997825900883952,0.999999,3449.7459219986627,0,-1
a,passive,affine,3.0,100,0.0,5057461,341,0.9919536545939396,0.9768530806193096,3453.5874599609438,0,-1
a,passive,affine,3.0,100,0.0,5057461,342,0.9997344000921532,0.999999,3472.51691636463,0,-1
a,passive,affine,3.0,100,0.0,5057461,343,0.9652257849084493,0.9999737491783544,3464.3409022396986,0,-1
a,passive,affine,3.0,100,0.0,5057461,344,0.999999,0.9914806313977158,3447.4471165293403,0,-1
a,passive,affine,3.0,100,0.0,5057461,345,0.9986334893643598,0.9947099177793285,3452.5439124252384,0,-1
a,passive,affine,3.0,100,0.0,5057461,346,0.9957214159886241,0.999999,3459.409123032128,0,-1
a,passive,affine,3.0,100,0.0,5057461,347,0.999999,0.999999,3419.1563764682273,0,-1
a,passive,affine,3.0,100,0.0,5057461,348,0.9999724537377105,0.9977567349605498,3476.500145640831,0,-1
a,passive,affine,3.0,100,0.0,5057461,349,0.9998366359011592,0.9933512849202097,3463.503991199044,1,299
a,passive,affine,3.0,100,0.0,5057461,350,0.999999,0.99654958383847,3473.6476391440387,0,-1
a,passive,affine,3.0,100,0.0,5057461,351,0.8698616581120346,0.8710129388005003,3429.6567737739947,0,-1
a,passive,affine,3.0,100,0.0,5057461,352,0.9307758431065297,0.9359203453604014,3450.5775102973466,1,355
a,passive,affine,3.0,100,0.0,5057461,353,0.999999,0.999999,3473.315058734785,0,-1
a,passive,affine,3.0,100,0.0,5057461,354,0.999999,0.9999145086593989,3477.9460491086015,0,-1
a,passive,affine,3.0,100,0.0,5057461,355,0.999999,0.999999,3447.2675942622427,0,-1
a,passive,affine,3.0,100,0.0,5057461,356,0.984506520620906,0.999999,3450.3412288905456,0,-1
a,passive,affine,3.0,100,0.0,5057461,357,0.9990126484290527,0.999999,3465.349840453407,0,-1
a,passive,affine,3.0,100,0.0,5057461,358,0.9929057367066035,0.9800182917630745,3458.985945279722,0,-1
a,passive,affine,3.0,100,0.0,5057461,359,0.8003949399612033,0.9995265412858226,3458.560819840914,0,-1
a,passive,affine,3.0,100,0.0,5057461,360,0.999999,0.9999575547297122,3483.964958496983,0,-1
a,passive,affine,3.0,100,0.0,5057461,361,0.999999,0.99991363336975,3476.2683908338454,0,-1
a,passive,affine,3.0,100,0.0,5057461,362,-0.8410187836306108,0.9959116628019483,3476.199598858371,1,321
a,passive,affine,3.0,100,0.0,5057461,363,-0.937898224743797,0.8431511858476793,3412.753508960262,1,316
a,passive,affine,3.0,100,0.0,5057461,364,0.9997736428056755,0.9986942793312867,3469.9712199940595,0,-1
a,passive,affine,3.0,100,0.0,5057461,365,0.9249090864767668,0.9991349016040936,3438.7628457522796,1,307
a,passive,affine,3.0,100,0.0,5057461,366,0.9999592182875714,0.9949755484238505,3471.104659345364,0,-1
a,passive,affine,3.0,100,0.0,5057461,367,0.9970782787647736,0.999999,3468.4387318100357,0,-1
a,passive,affine,3.0,100,0.0,5057461,368,0.9998216831157725,0.999999,3459.2961371079814,0,-1
a,passive,affine,3.0,100,0.0,5057461,369,0.999999,0.999999,3464.2643040873127,0,-1
a,passive,affine,3.0,100,0.0,5057461,370,0.999999,0.9911370203426063,3480.082908438277,0,-1
a,passive,affine,3.0,100,0.0,5057461,371,0.9979451230212755,0.999999,3462.463835120701,0,-1
a,passive,affine,3.0,100,0.0,5057461,372,-0.9951614999864712,0.995988668505429,3430.8857723944375,1,279
a,passive,affine,3.0,100,0.0,5057461,373,0.9985495856025423,0.9999069125205448,3473.905134522558,0,-1
a,passive,affine,3.0,100,0.0,5057461,374,0.9965585865352337,0.999999,3449.103820438169,0,-1
a,passive,affine,3.0,100,0.0,5057461,375,0.999999,0.999999,3459.0934446335355,0,-1
a,passive,affine,3.0,100,0.0,5057461,376,0.999999,0.9981331370555541,3477.1141867670426,0,-1
a,passive,affine,3.0,100,0.0,5057461,377,0.999999,0.999999,3457.5674114048047,0,-1
a,passive,affine,3.0,100,0.0,5057461,378,0.9923520448822749,0.999999,3435.812837676399,0,-1
a,passive,affine,3.0,100,0.0,5057461,379,0.999999,0.9997447803587451,3455.4372952809968,0,-1
a,passive,affine,3.0,100,0.0,5057461,380,-0.8719447131070318,0.999839974371861,3467.1652421704835,1,284
a,passive,affine,3.0,100,0.0,5057461,381,0.9979965458879803,0.999999,3480.450158184374,0,-1
a,passive,affine,3.0,100,0.0,5057461,382,0.999999,0.9936740953849814,3463.4776703863445,0,-1
a,passive,affine,3.0,100,0.0,5057461,383,0.999999,0.997467789117895,3461.9528249968726,0,-1
a,passive,affine,3.0,100,0.0,5057461,384,0.999999,0.999999,3454.3537323492333,0,-1
a,passive,affine,3.0,100,0.0,5057461,385,0.999872900446188,0.999999,3485.7786430570277,0,-1
a,passive,affine,3.0,100,0.0,5057461,386,0.999999,0.9289025972882988,3473.4066645768507,0,-1
a,passive,affine,3.0,100,0.0,5057461,387,0.999999,0.999999,3466.256325407479,0,-1
a,passive,affine,3.0,100,0.0,5057461,388,0.9998185266154951,0.999999,3462.995116179649,0,-1
a,passive,affine,3.0,100,0.0,5057461,389,0.9862808375595327,0.9997766984832108,3467.222317161933,0,-1
a,passive,affine,3.0,100,0.0,5057461,390,0.9998854638632279,0.5755167928457053,3436.614194884022,0,-1
a,passive,affine,3.0,100,0.0,5057461,391,0.9998716992516998,0.9998570197570651,3478.624816996769,0,-1
a,passive,affine,3.0,100,0.0,5057461,392,0.9999640688153231,0.999999,3470.476956014727,0,-1
a,passive,affine,3.0,100,0.0,5057461,393,0.9962808287993318,0.999999,3429.200856448902,0,-1
a,passive,affine,3.0,100,0.0,5057461,394,0.999999,0.999999,3489.4925983949856,0,-1
a,passive,affine,3.0,100,0.0,5057461,395,0.999999,0.999999,3463.7230716127992,0,-1
a,passive,affine,3.0,100,0.0,5057461,396,0.9954538196741973,0.999999,3442.0408966974487,0,-1
a,passive,affine,3.0,100,0.0,5057461,397,0.9983514141363382,0.999999,3447.5265971927806,0,-1
a,passive,affine,3.0,100,0.0,5057461,398,0.994513140313826,0.999999,3444.5389377854144,0,-1
a,passive,affine,3.0,100,0.0,5057461,399,0.9734182691489041,0.999999,3481.8566625088924,0,-1
a,passive,affine,3.0,100,0.0,5057461,400,-0.8942006818067003,0.999999,3463.965566844557,1,449
a,passive,affine,3.0,100,0.0,5057461,401,0.999999,0.9536643933025233,3460.301105659062,0,-1
a,passive,affine,3.0,100,0.0,5057461,402,0.999999,0.9995656190689702,3440.023087453836,0,-1
a,passive,affine,3.0,100,0.0,5057461,403,-0.9943611443929417,0.999999,3469.3920494315034,1,287
a,passive,affine,3.0,100,0.0,5057461,404,0.9896729702869069,0.999999,3463.417126053362,0,-1
a,passive,affine,3.0,100,0.0,5057461,405,0.9997160978750529,0.999999,3444.038487268043,0,-1
a,passive,affine,3.0,100,0.0,5057461,406,0.999999,0.9907712119179894,3465.226348520947,0,-1
a,passive,affine,3.0,100,0.0,5057461,407,0.9999123766318336,0.9998619403660786,3460.793569183277,0,-1
a,passive,affine,3.0,100,0.0,5057461,408,0.999999,0.9632816776081572,3430.501687710425,0,-1
a,passive,affine,3.0,100,0.0,5057461,409,0.9256248983567459,0.999999,3478.8500699928936,0,-1
a,passive,affine,3.0,100,0.0,5057461,410,0.9975664649700672,0.8620030616460147,3484.8387359306885,1,325
a,passive,affine,3.0,100,0.0,5057461,411,0.999999,0.999999,3466.9450029408454,0,-1
a,passive,affine,3.0,100,0.0,5057461,412,0.999999,0.999999,3455.59993638382,0,-1
a,passive,affine,3.0,100,0.0,5057461,413,0.999999,0.9926700245245162,3474.001649162865,0,-1
a,passive,affine,3.0,100,0.0,5057461,414,0.9776178283975058,0.9981638483536691,3453.5696531660815,0,-1
a,passive,affine,3.0,100,0.0,5057461,415,0.999999,0.9612532287327014,3451.3704279250724,0,-1
a,passive,affine,3.0,100,0.0,5057461,416,0.999999,0.9958904880798316,3428.766018653676,0,-1
a,passive,affine,3.0,100,0.0,5057461,417,0.9975415779611764,0.999999,3469.1636411563813,1,525
a,passive,affine,3.0,100,0.0,5057461,418,0.999999,0.9999061407160958,3473.6701076609575,0,-1
a,passive,affine,3.0,100,0.0,5057461,419,0.999999,0.9915392246857472,3452.578721910066,0,-1
a,passive,affine,3.0,100,0.0,5057461,420,0.9999688815389316,0.9505316263563701,3452.8338317986863,0,-1
a,passive,affine,3.0,100,0.0,5057461,421,0.9999264799004252,0.9825479928457957,3449.2355493849595,0,-1
a,passive,affine,3.0,100,0.0,5057461,422,0.999999,0.9999179546421716,3453.3642161950424,0,-1
a,passive,affine,3.0,100,0.0,5057461,423,-0.6961772847789908,0.9979557371197719,3434.10178991541,1,534
a,passive,affine,3.0,100,0.0,5057461,424,0.999999,0.999999,3473.2572951920483,0,-1
a,passive,affine,3.0,100,0.0,5057461,425,0.9572349476660152,0.9915535488868485,3467.594872470628,1,280
a,passive,affine,3.0,100,0.0,5057461,426,0.999999,0.9999305184236952,3458.5915485086684,0,-1
a,passive,affine,3.0,100,0.0,5057461,427,0.999578359446167,0.999999,3474.3819206759204,0,-1
a,passive,affine,3.0,100,0.0,5057461,428,0.9998627123368709,0.999999,3468.465690831759,0,-1
a,passive,affine,3.0,100,0.0,5057461,429,0.999999,0.999999,3468.004334614187,0,-1
a,passive,affine,3.0,100,0.0,5057461,430,0.98696549871144,0.9998838301298539,3465.0210407685445,0,-1
a,passive,affine,3.0,100,0.0,5057461,431,0.9975764515951488,0.9997598274208956,3468.2697148821544,0,-1
a,passive,affine,3.0,100,0.0,5057461,432,0.9999654116721117,0.999999,3462.7130870369765,0,-1
a,passive,affine,3.0,100,0.0,5057461,433,0.999999,0.999999,3459.960549841239,1,306
a,passive,affine,3.0,100,0.0,5057461,434,0.9658057256126409,0.9997204659083019,3480.2352445657857,0,-1
a,passive,affine,3.0,100,0.0,5057461,435,0.9986353611031785,0.999999,3441.578646723709,0,-1
a,passive,affine,3.0,100,0.0,5057461,436,0.989266870532152,0.999999,3451.371988513611,0,-1
a,passive,affine,3.0,100,0.0,5057461,437,0.99974520863555,0.9058058347332476,3426.3660831921343,0,-1
a,passive,affine,3.0,100,0.0,5057461,438,0.9630662393968289,0.999999,3464.462253068215,1,273
a,passive,affine,3.0,100,0.0,5057461,439,0.999999,0.999999,3465.9508580396564,1,326
a,passive,affine,3.0,100,0.0,5057461,440,-0.9952759833816361,0.999999,3468.7912042424073,1,310
a,passive,affine,3.0,100,0.0,5057461,441,0.9999569584908028,0.999999,3424.4207036105067,0,-1
a,passive,affine,3.0,100,0.0,5057461,442,0.9997489186547108,0.9997979332831962,3471.437408888127,0,-1
a,passive,affine,3.0,100,0.0,5057461,443,0.8550673790633456,0.9998094587333658,3483.9061741083633,0,-1
a,passive,affine,3.0,100,0.0,5057461,444,0.999999,0.8357213217968579,3419.581841969603,0,-1
a,passive,affine,3.0,100,0.0,5057461,445,0.9999325537112068,0.9947991745308861,3420.8942035480254,0,-1
a,passive,affine,3.0,100,0.0,5057461,446,0.9998473203779684,0.9372170020042955,3431.2216539635933,0,-1
a,passive,affine,3.0,100,0.0,5057461,447,0.9735400201032451,0.999999,3459.2938719396025,0,-1
a,passive,affine,3.0,100,0.0,5057461,448,0.9944043791006987,0.99999173859694,3467.8978768345382,0,-1
a,passive,affine,3.0,100,0.0,5057461,449,0.999666511090782,0.999999,3462.0503960631618,0,-1
a,passive,affine,3.0,100,0.0,5057461,450,0.9998987125996094,0.9982465654353927,3462.133767720279,0,-1
a,passive,affine,3.0,100,0.0,5057461,451,0.9986012989008073,0.9998975105197261,3452.4843275944736,0,-1
a,passive,affine,3.0,100,0.0,5057461,452,-0.9637961095911314,0.793848994347031,3440.3538732208353,1,284
a,passive,affine,3.0,100,0.0,5057461,453,0.9992680016388346,0.8356642358651778,3462.7593090576024,0,-1
a,passive,affine,3.0,100,0.0,5057461,454,0.9999202788809776,0.999999,3471.897873652184,0,-1
a,passive,affine,3.0,100,0.0,5057461,455,0.999999,0.9625038461127853,3470.942220372105,0,-1
a,passive,affine,3.0,100,0.0,5057461,456,0.951838588747953,0.999999,3408.465565937723,0,-1
a,passive,affine,3.0,100,0.0,5057461,457,0.999999,0.999999,3459.721443878558,0,-1
a,passive,affine,3.0,100,0.0,5057461,458,0.999999,0.999999,3482.531572395484,0,-1
a,passive,affine,3.0,100,0.0,5057461,459,-0.5997567340644208,0.9997719569459381,3471.4963290890278,1,376
a,passive,affine,3.0,100,0.0,5057461,460,0.999999,0.976489002649024,3467.868956832939,0,-1
a,passive,affine,3.0,100,0.0,5057461,461,0.9999941792241274,0.999999,3452.735640571436,0,-1
a,passive,affine,3.0,100,0.0,5057461,462,0.9999751451028176,0.999999,3373.0892049773074,0,-1
a,passive,affine,3.0,100,0.0,5057461,463,0.9996177906820661,0.7052517266939975,3438.783038350254,0,-1
a,passive,affine,3.0,100,0.0,5057461,464,0.999999,0.9186890279154236,3467.658380810579,0,-1
a,passive,affine,3.0,100,0.0,5057461,465,0.999999,0.7536078296165248,3428.1357668344644,0,-1
a,passive,affine,3.0,100,0.0,5057461,466,0.999999,0.9597002991433515,3481.8968885156814,0,-1
a,passive,affine,3.0,100,0.0,5057461,467,0.9995566963049288,0.9998101759161955,3464.1478721177377,0,-1
a,passive,affine,3.0,100,0.0,5057461,468,0.999999,0.999999,3469.44856572732,0,-1
a,passive,affine,3.0,100,0.0,5057461,469,0.9987344674719427,0.9998247440813187,3447.975884477708,0,-1
a,passive,affine,3.0,100,0.0,5057461,470,0.999999,0.999999,3454.879741430502,1,283
a,passive,affine,3.0,100,0.0,5057461,471,0.9998402619086147,0.8275413678864773,3472.2140220695237,0,-1
a,passive,affine,3.0,100,0.0,5057461,472,0.999999,0.999974971404739,3443.2561085486027,0,-1
a,passive,affine,3.0,100,0.0,5057461,473,0.997043043848288,0.9997758121211565,3465.656414514696,0,-1
a,passive,affine,3.0,100,0.0,5057461,474,0.9891758636444551,0.999999,3469.7876955076645,0,-1
a,passive,affine,3.0,100,0.0,5057461,475,0.999999,0.999999,3478.3739334122783,0,-1
a,passive,affine,3.0,100,0.0,5057461,476,0.9960911384301372,0.999999,3477.3867841866363,0,-1
a,passive,affine,3.0,100,0.0,5057461,477,0.9976861439498255,0.999999,3469.107552034999,1,334
a,passive,affine,3.0,100,0.0,5057461,478,0.999999,0.9856636400100366,3485.8001419270813,0,-1
a,passive,affine,3.0,100,0.0,5057461,479,0.999999,0.9998679852212062,3431.678446252209,0,-1
a,passive,affine,3.0,100,0.0,5057461,480,0.9998880771234703,0.999999,3473.6107817941916,0,-1
a,passive,affine,3.0,100,0.0,5057461,481,0.999999,0.999999,3475.1705903509505,0,-1
a,passive,affine,3.0,100,0.0,5057461,482,0.999999,0.999999,3426.427234930923,0,-1
a,passive,affine,3.0,100,0.0,5057461,483,-0.9179620665125636,0.999734794973336,3477.663948269816,1,303
a,passive,affine,3.0,100,0.0,5057461,484,0.9998881848411745,0.999999,3455.3426285400424,0,-1
a,passive,affine,3.0,100,0.0,5057461,485,0.9998773860809668,0.999999,3441.099300107942,0,-1
a,passive,affine,3.0,100,0.0,5057461,486,-0.9280553953276593,0.900328892298895,3469.4799120796747,1,303
a,passive,affine,3.0,100,0.0,5057461,487,0.999999,0.999999,3484.177589135595,0,-1
a,passive,affine,3.0,100,0.0,5057461,488,0.999999,0.999999,3467.8410133224484,0,-1
a,passive,affine,3.0,100,0.0,5057461,489,0.9994184282456886,0.9996033478758235,3451.5893479417864,0,-1
a,passive,affine,3.0,100,0.0,5057461,490,0.9981589400132581,0.999332224304742,3467.383346769808,0,-1
a,passive,affine,3.0,100,0.0,5057461,491,0.9998952535821061,0.9997516707192775,3478.0583436158595,0,-1
a,passive,affine,3.0,100,0.0,5057461,492,0.9862646552084132,0.999999,3449.8684190103295,0,-1
a,passive,affine,3.0,100,0.0,5057461,493,0.9989738145623959,0.9912461626615728,3460.529175374196,0,-1
a,passive,affine,3.0,100,0.0,5057461,494,0.9985071066901048,0.9905872508406827,3446.872464301414,0,-1
a,passive,affine,3.0,100,0.0,5057461,495,0.999999,0.999999,3470.3231533241546,0,-1
a,passive,affine,3.0,100,0.0,5057461,496,0.9999110071328978,0.7624246823002842,3426.1908417934546,0,-1
a,passive,affine,3.0,100,0.0,5057461,497,0.9997458742420953,0.999999,3466.740825383063,0,-1
a,passive,affine,3.0,100,0.0,5057461,498,-0.8753704309915613,0.999999,3476.3900832197965,1,499
a,passive,affine,3.0,100,0.0,5057461,499,0.8870145197511355,0.9986565350158149,3457.331867419474,0,-1
a,passive,affine,3.0,100,0.0,5057461,500,0.9998691085247148,0.9998795989740942,3478.3659930044637,0,-1
a,passive,affine,3.0,100,0.0,5057461,501,0.9932720510904302,0.9774922473209202,3475.8050386800805,0,-1
a,passive,affine,3.0,100,0.0,5057461,502,0.5702241779990459,0.999999,3465.0404231309676,0,-1
a,passive,affine,3.0,100,0.0,5057461,503,0.999999,0.999999,3470.1675194179575,0,-1
a,passive,affine,3.0,100,0.0,5057461,504,0.9999821885247138,0.999999,3444.8942807325766,1,278
a,passive,affine,3.0,100,0.0,5057461,505,-0.9080895526412209,0.999999,3458.508561771128,1,278
a,passive,affine,3.0,100,0.0,5057461,506,0.9946384908258177,0.999999,3464.735991215334,0,-1
a,passive,affine,3.0,100,0.0,5057461,507,0.999999,0.9996113877958589,3460.0783454186517,0,-1
a,passive,affine,3.0,100,0.0,5057461,508,0.999999,0.999999,3486.686744346953,0,-1
a,passive,affine,3.0,100,0.0,5057461,509,0.999999,0.999999,3466.3302692858424,0,-1
a,passive,affine,3.0,100,0.0,5057461,510,0.999999,0.999999,3470.545062587857,0,-1
a,passive,affine,3.0,100,0.0,5057461,511,0.9958832743481915,0.999999,3474.387898587786,1,557
a,passive,affine,3.0,100,0.0,5057461,512,-0.999999,0.9990743312669654,3465.260108119773,1,416
a,passive,affine,3.0,100,0.0,5057461,513,0.9972175785020513,0.999999,3480.9912034919903,0,-1
a,passive,affine,3.0,100,0.0,5057461,514,0.990057936936382,0.9344318465698589,3470.729724489979,0,-1
a,passive,affine,3.0,100,0.0,5057461,515,0.9997892435084784,0.9999429966527709,3476.4847313684813,0,-1
a,passive,affine,3.0,100,0.0,5057461,516,0.9995260144234336,0.999999,3483.06663030143,0,-1
a,passive,affine,3.0,100,0.0,5057461,517,0.8535859179961961,0.9972234344408973,3459.179805789814,0,-1
a,passive,affine,3.0,100,0.0,5057461,518,0.14970312824467247,0.999999,3450.0978898293447,1,315
a,passive,affine,3.0,100,0.0,5057461,519,0.9967008206601029,0.7664628410136007,3437.3480989499626,0,-1
a,passive,affine,3.0,100,0.0,5057461,520,0.999999,0.998378977766858,3420.9450449976694,0,-1
a,passive,affine,3.0,100,0.0,5057461,521,0.999999,0.999999,3469.9945436223056,0,-1
a,passive,affine,3.0,100,0.0,5057461,522,0.9999669868257607,0.9976985537916201,3454.010862342132,0,-1
a,passive,affine,3.0,100,0.0,5057461,523,0.8840451489611834,0.999962548443701,3463.359945175712,1,315
a,passive,affine,3.0,100,0.0,5057461,524,0.999999,0.999934633123012,3457.543009625056,0,-1
a,passive,affine,3.0,100,0.0,5057461,525,0.9998078418644569,0.9929639775956682,3456.602865371999,0,-1
a,passive,affine,3.0,100,0.0,5057461,526,0.9890578439796379,0.9998562636544981,3452.6515422005486,0,-1
a,passive,affine,3.0,100,0.0,5057461,527,0.9989191861577096,0.999999,3446.09897586075,0,-1
a,passive,affine,3.0,100,0.0,5057461,528,-0.706849360247289,0.9962106550005528,3464.1838472364984,1,307
a,passive,affine,3.0,100,0.0,5057461,529,0.9996518004167458,0.9398523310333505,3437.318104875987,0,-1
a,passive,affine,3.0,100,0.0,5057461,530,0.9998564044056778,0.999999,3477.844363117395,0,-1
a,passive,affine,3.0,100,0.0,5057461,531,0.9882064422154797,0.9998347850440418,3442.241943941459,0,-1
a,passive,affine,3.0,100,0.0,5057461,532,0.999999,0.9932790643773345,3462.6630809585936,0,-1
a,passive,affine,3.0,100,0.0,5057461,533,0.9178639666085899,0.9967739715114736,3479.8902897104595,0,-1
a,passive,affine,3.0,100,0.0,5057461,534,-0.9834089543629286,0.9994191992822021,3467.886351267216,1,291
a,passive,affine,3.0,100,0.0,5057461,535,0.9978328515559411,0.947787262144867,3473.6636420313794,0,-1
a,passive,affine,3.0,100,0.0,5057461,536,0.9999725369854011,0.9928495308641627,3420.096418019498,0,-1
a,passive,affine,3.0,100,0.0,5057461,537,0.9998845683636035,0.9552690593240801,3449.663376027012,0,-1
a,passive,affine,3.0,100,0.0,5057461,538,0.999975927028715,0.999999,3452.255262942674,0,-1
a,passive,affine,3.0,100,0.0,5057461,539,0.9995141219353313,0.999999,3467.949156145668,0,-1
a,passive,affine,3.0,100,0.0,5057461,540,0.9934779164695862,0.999999,3479.9749873511937,0,-1
a,passive,affine,3.0,100,0.0,5057461,541,0.972477705612262,0.999999,3461.122505519449,0,-1
a,passive,affine,3.0,100,0.0,5057461,542,0.9997976668347125,0.999921910434745,3469.603643909045,0,-1
a,passive,affine,3.0,100,0.0,5057461,543,0.959630456581662,0.982311739802297,3476.5131179242803,0,-1
a,passive,affine,3.0,100,0.0,5057461,544,0.9998840932116929,0.999999,3472.8752658107605,1,295
a,passive,affine,3.0,100,0.0,5057461,545,0.9999615874944681,0.8875539086206928,3478.0534730508734,0,-1
a,passive,affine,3.0,100,0.0,5057461,546,0.9999804424767433,0.9997860728097542,3470.306667753806,0,-1
a,passive,affine,3.0,100,0.0,5057461,547,0.999999,0.9984931115149919,3418.5055174611784,0,-1
a,passive,affine,3.0,100,0.0,5057461,548,0.999999,0.9984936910440798,3476.108093175068,0,-1
a,passive,affine,3.0,100,0.0,5057461,549,0.9999680880395878,0.999999,3469.510443245275,0,-1
a,passive,affine,3.0,100,0.0,5057461,550,0.999999,0.999999,3451.136477255551,0,-1
a,passive,affine,3.0,100,0.0,5057461,551,0.999999,0.9980220789715099,3490.420397064691,0,-1
a,passive,affine,3.0,100,0.0,5057461,552,0.9999625993858298,0.999999,3457.4786371188675,0,-1
a,passive,affine,3.0,100,0.0,5057461,553,0.999999,0.9996108510971793,3454.3774694458452,0,-1
a,passive,affine,3.0,100,0.0,5057461,554,-0.9549215326596323,0.9960283159342235,3481.8951242549288,1,295
a,passive,affine,3.0,100,0.0,5057461,555,0.9998278609950678,0.9999245126072533,3457.6039028910636,0,-1
a,passive,affine,3.0,100,0.0,5057461,556,0.999999,0.9985619835431898,3389.733844095635,0,-1
a,passive,affine,3.0,100,0.0,5057461,557,0.999999,0.999999,3461.6010453871995,0,-1
a,passive,affine,3.0,100,0.0,5057461,558,0.9998457915997263,0.9843051720556752,3480.0618102052604,0,-1
a,passive,affine,3.0,100,0.0,5057461,559,0.9826603241412096,0.9999693092975642,3426.8363895716548,0,-1
a,passive,affine,3.0,100,0.0,5057461,560,0.9997277498138482,0.999999,3468.4763495034254,0,-1
a,passive,affine,3.0,100,0.0,5057461,561,0.9990619507916921,0.999999,3466.720856842672,0,-1
a,passive,affine,3.0,100,0.0,5057461,562,0.9944519613679382,0.999999,3470.4151221009483,0,-1
a,passive,affine,3.0,100,0.0,5057461,563,0.999999,0.9976313717860384,3436.3942223059025,0,-1
a,passive,affine,3.0,100,0.0,5057461,564,0.999999,0.999999,3466.73889087586,0,-1
a,passive,affine,3.0,100,0.0,5057461,565,0.999999,0.9845568258661025,3426.541934196532,0,-1
a,passive,affine,3.0,100,0.0,5057461,566,0.8011858767138892,0.999999,3478.3617958359223,0,-1
a,passive,affine,3.0,100,0.0,5057461,567,0.9992806611974763,0.9999627537313052,3390.676536878017,0,-1
a,passive,affine,3.0,100,0.0,5057461,568,0.999999,0.9974810909096937,3468.439865245636,0,-1
a,passive,affine,3.0,100,0.0,5057461,569,0.999999,0.999999,3458.342783145274,0,-1
a,passive,affine,3.0,100,0.0,5057461,570,0.999999,0.9997806787321238,3477.9338744898064,0,-1
a,passive,affine,3.0,100,0.0,5057461,571,0.9695619823180407,0.9998842525652235,3468.7306904002344,1,394
a,passive,affine,3.0,100,0.0,5057461,572,0.999999,0.999999,3455.111455887444,1,293
a,passive,affine,3.0,100,0.0,5057461,573,0.9832626279026516,0.999999,3479.9815939491427,0,-1
a,passive,affine,3.0,100,0.0,5057461,574,0.9995022243445675,0.999999,3453.7940938915567,0,-1
a,passive,affine,3.0,100,0.0,5057461,575,0.9886631449282836,0.999999,3449.6439456381677,0,-1
a,passive,affine,3.0,100,0.0,5057461,576,0.999999,0.9998873227945134,3477.6473954614817,0,-1
a,passive,affine,3.0,100,0.0,5057461,577,0.9997572114854559,0.999999,3469.4662080979665,0,-1
a,passive,affine,3.0,100,0.0,5057461,578,0.9987930658926305,0.999999,3460.6344855528796,0,-1
a,passive,affine,3.0,100,0.0,5057461,579,0.9999247554457579,0.9730131154044501,3473.639517479041,0,-1
a,passive,affine,3.0,100,0.0,5057461,580,0.999999,0.999999,3461.171684706265,0,-1
a,passive,affine,3.0,100,0.0,5057461,581,0.999999,0.999999,3445.116316506108,0,-1
a,passive,affine,3.0,100,0.0,5057461,582,0.9999509806512783,0.999999,3466.6465171850955,0,-1
a,passive,affine,3.0,100,0.0,5057461,583,0.9998562658370205,0.999999,3469.2524929554925,0,-1
a,passive,affine,3.0,100,0.0,5057461,584,0.9456893781395864,0.999999,3455.102694104776,0,-1
a,passive,affine,3.0,100,0.0,5057461,585,0.999999,0.99998355531069,3476.691516572973,0,-1
a,passive,affine,3.0,100,0.0,5057461,586,0.9782113018106121,0.999999,3465.7350183650587,0,-1
a,passive,affine,3.0,100,0.0,5057461,587,0.9999800845760207,0.9519795356288944,3427.8869813983265,0,-1
a,passive,affine,3.0,100,0.0,5057461,588,0.9612331463937215,0.802702196696007,3462.7006498762967,0,-1
a,passive,affine,3.0,100,0.0,5057461,589,0.9999148498373608,0.9683366300585208,3465.6499037640133,0,-1
a,passive,affine,3.0,100,0.0,5057461,590,0.998383303101025,0.9292821894690702,3457.7774612963776,0,-1
a,passive,affine,3.0,100,0.0,5057461,591,0.999999,0.9980272042251023,3444.3506021924427,0,-1
a,passive,affine,3.0,100,0.0,5057461,592,0.999999,0.9983022383066018,3473.515677993183,0,-1
a,passive,affine,3.0,100,0.0,5057461,593,0.9372809341038304,0.9659447948426606,3472.4849302760376,0,-1
a,passive,affine,3.0,100,0.0,5057461,594,0.999999,0.999999,3477.8212179868324,0,-1
a,passive,affine,3.0,100,0.0,5057461,595,0.9996706864792748,0.999770010499981,3462.9142013523415,0,-1
a,passive,affine,3.0,100,0.0,5057461,596,0.9994396340191722,0.849029377783765,3451.596060602751,0,-1
a,passive,affine,3.0,100,0.0,5057461,597,0.9916758639805064,0.999999,3481.0881599128384,0,-1
a,passive,affine,3.0,100,0.0,5057461,598,0.9998183428795394,0.999999,3459.1495422924495,0,-1
a,passive,affine,3.0,100,0.0,5057461,599,0.7131459245057437,0.9999795467425283,3454.1121006136123,0,-1
a,passive,affine,3.0,100,0.0,5057461,600,-0.6941200118772078,0.999999,3402.288548618878,1,361
a,passive,affine,3.0,100,0.0,5057461,601,0.999999,0.9987090187662999,3436.6070455303793,0,-1
a,passive,affine,3.0,100,0.0,5057461,602,0.9213994079676617,0.9996677157206332,3480.7342192785563,0,-1
a,passive,affine,3.0,100,0.0,5057461,603,0.9999948705488875,0.999999,3483.7554245874594,0,-1
a,passive,affine,3.0,100,0.0,5057461,604,0.9998348943616618,0.9998012783432535,3470.517682379149,0,-1
a,passive,affine,3.0,100,0.0,5057461,605,0.9950182700997215,0.9975014096332262,3468.6342520281437,0,-1
a,passive,affine,3.0,100,0.0,5057461,606,0.9973478279534991,0.9987223709255756,3456.501624371553,0,-1
a,passive,affine,3.0,100,0.0,5057461,607,0.9973448232273171,0.9999674143657981,3486.369360084455,1,334
a,passive,affine,3.0,100,0.0,5057461,608,0.999999,0.999999,3395.4769003718934,0,-1
a,passive,affine,3.0,100,0.0,5057461,609,0.999999,0.999999,3470.013324183443,0,-1
a,passive,affine,3.0,100,0.0,5057461,610,0.9999234399541347,0.9908043935823362,3475.557475705484,0,-1
a,passive,affine,3.0,100,0.0,5057461,611,0.9758071643113841,0.7502123480949894,3465.320283899339,0,-1
a,passive,affine,3.0,100,0.0,5057461,612,0.9992579042632437,0.9019303907482044,3453.236381026888,0,-1
a,passive,affine,3.0,100,0.0,5057461,613,0.999999,0.9977011165321098,3464.1443563552198,0,-1
a,passive,affine,3.0,100,0.0,5057461,614,0.999999,0.9999948140680128,3473.3009229077074,0,-1
a,passive,affine,3.0,100,0.0,5057461,615,0.9999841626399791,0.9999871778641456,3457.1315787899716,0,-1
a,passive,affine,3.0,100,0.0,5057461,616,0.9854168330191116,0.9999302777875505,3449.7146125150025,0,-1
a,passive,affine,3.0,100,0.0,5057461,617,0.999999,0.997152166208296,3480.857835341074,0,-1
a,passive,affine,3.0,100,0.0,5057461,618,0.9997708828077877,0.999999,3480.9089399829268,0,-1
a,passive,affine,3.0,100,0.0,5057461,619,0.9854821749603241,0.9998583251830362,3473.0493287196746,0,-1
a,passive,affine,3.0,100,0.0,5057461,620,-0.7588888455145909,0.999999,3471.499955577356,1,472
a,passive,affine,3.0,100,0.0,5057461,621,0.9667569166823731,0.999999,3447.587879558287,0,-1
a,passive,affine,3.0,100,0.0,5057461,622,0.9013733439803906,0.9994908326438141,3461.618621187565,0,-1
a,passive,affine,3.0,100,0.0,5057461,623,0.999999,0.958801817069168,3449.3802946294727,0,-1
a,passive,affine,3.0,100,0.0,5057461,624,0.9996592750664844,0.999999,3475.5041015888282,0,-1
a,passive,affine,3.0,100,0.0,5057461,625,0.9928468113689541,0.9997864058454029,3476.5879147103487,0,-1
a,passive,affine,3.0,100,0.0,5057461,626,0.999999,0.9192467603372516,3469.7391628659975,0,-1
a,passive,affine,3.0,100,0.0,5057461,627,0.715045373254714,0.9937184607923094,3469.058533461268,1,280
a,passive,affine,3.0,100,0.0,5057461,628,0.9999773072739072,0.999999,3386.342812106174,0,-1
a,passive,affine,3.0,100,0.0,5057461,629,0.999999,0.9974239575065429,3446.6844845812034,0,-1
a,passive,affine,3.0,100,0.0,5057461,630,0.999999,0.9994900362952686,3469.31662461159,0,-1
a,passive,affine,3.0,100,0.0,5057461,631,0.9999368873095891,0.9998677775116817,3473.8053772981084,0,-1
a,passive,affine,3.0,100,0.0,5057461,632,0.9062468266222111,0.999999,3480.751987077983,0,-1
a,passive,affine,3.0,100,0.0,5057461,633,0.999999,0.9981730763246385,3474.5132599239823,0,-1
a,passive,affine,3.0,100,0.0,5057461,634,0.999999,0.9997546198113809,3469.5712090026545,0,-1
a,passive,affine,3.0,100,0.0,5057461,635,0.7911182361941961,0.9653554682241327,3463.0101668767124,1,378
a,passive,affine,3.0,100,0.0,5057461,636,0.9969298289970574,0.9918975559053492,3461.917885640695,0,-1
a,passive,affine,3.0,100,0.0,5057461,637,0.999999,0.9996282378859855,3466.874755104411,0,-1
a,passive,affine,3.0,100,0.0,5057461,638,0.999999,0.999999,3449.594930802588,0,-1
a,passive,affine,3.0,100,0.0,5057461,639,0.999999,0.999999,3460.0363879986126,1,298
a,passive,affine,3.0,100,0.0,5057461,640,0.999999,0.999999,3462.908196302212,0,-1
a,passive,affine,3.0,100,0.0,5057461,641,0.9999849830173173,0.999999,3461.221286995,0,-1
a,passive,affine,3.0,100,0.0,5057461,642,0.9998539864939682,0.9947225613240394,3463.493427873642,0,-1
a,passive,affine,3.0,100,0.0,5057461,643,-0.6136091608989745,0.9973877441778364,3473.341908809721,1,276
a,passive,affine,3.0,100,0.0,5057461,644,0.8045960705454023,0.999999,3452.8618085782273,0,-1
a,passive,affine,3.0,100,0.0,5057461,645,0.9687705078279647,0.9999966499687033,3473.3499213687173,0,-1
a,passive,affine,3.0,100,0.0,5057461,646,0.999999,0.999999,3479.8874652946024,0,-1
a,passive,affine,3.0,100,0.0,5057461,647,0.999999,0.9965664893234101,3470.3417156163905,0,-1
a,passive,affine,3.0,100,0.0,5057461,648,0.9999880003807508,0.999999,3444.6773397602688,0,-1
a,passive,affine,3.0,100,0.0,5057461,649,0.999999,0.999999,3467.20663319112,0,-1
a,passive,affine,3.0,100,0.0,5057461,650,0.9995305660227556,0.999999,3474.993318097887,1,397
a,passive,affine,3.0,100,0.0,5057461,651,0.999844848971783,0.999999,3482.8397787051845,0,-1
a,passive,affine,3.0,100,0.0,5057461,652,0.9996536005275687,0.999999,3458.576978144122,0,-1
a,passive,affine,3.0,100,0.0,5057461,653,0.999999,0.9961079959867093,3459.4042811173604,0,-1
a,passive,affine,3.0,100,0.0,5057461,654,0.992647614302871,0.9999556349892741,3450.054945794876,0,-1
a,passive,affine,3.0,100,0.0,5057461,655,0.999999,0.9996952072627389,3463.335491887163,0,-1
a,passive,affine,3.0,100,0.0,5057461,656,0.999999,0.9928414167389195,3445.1142566714,0,-1
a,passive,affine,3.0,100,0.0,5057461,657,0.9996450191240283,0.9999132426327454,3443.999282232428,0,-1
a,passive,affine,3.0,100,0.0,5057461,658,0.9997917265325876,0.999999,3440.992747808868,0,-1
a,passive,affine,3.0,100,0.0,5057461,659,0.9996901408222609,0.999999,3462.05239080083,0,-1
a,passive,affine,3.0,100,0.0,5057461,660,0.999999,0.999999,3468.4630132847037,0,-1
a,passive,affine,3.0,100,0.0,5057461,661,0.996761803896826,0.99973896229132,3488.9038647164134,0,-1
a,passive,affine,3.0,100,0.0,5057461,662,0.999999,0.9999598254109371,3486.599368585792,0,-1
a,passive,affine,3.0,100,0.0,5057461,663,0.9774629334890975,0.999999,3464.4050540804205,0,-1
a,passive,affine,3.0,100,0.0,5057461,664,0.9724127403905679,0.8643879658121215,3433.0172014170703,1,306
a,passive,affine,3.0,100,0.0,5057461,665,0.9999125375066037,0.999999,3443.8807513560305,0,-1
a,passive,affine,3.0,100,0.0,5057461,666,-0.9886925204862417,0.9832829136077771,3480.2827038951177,1,573
a,passive,affine,3.0,100,0.0,5057461,667,0.999999,0.9675578460493943,3444.202202057422,0,-1
a,passive,affine,3.0,100,0.0,5057461,668,0.9991273536306564,0.6687682974645801,3472.2308953099773,0,-1
a,passive,affine,3.0,100,0.0,5057461,669,0.999999,0.9960935923542791,3463.5231065542994,0,-1
a,passive,affine,3.0,100,0.0,5057461,670,0.999999,0.9664354099307071,3469.1634100895426,0,-1
a,passive,affine,3.0,100,0.0,5057461,671,0.999999,0.999999,3422.3425240204533,0,-1
a,passive,affine,3.0,100,0.0,5057461,672,0.999999,0.9869793520845285,3476.7072487828236,0,-1
a,passive,affine,3.0,100,0.0,5057461,673,0.999999,0.999999,3475.409956834862,0,-1
a,passive,affine,3.0,100,0.0,5057461,674,0.999999,0.9996464487717303,3457.4518127363795,0,-1
a,passive,affine,3.0,100,0.0,5057461,675,0.9808393389054025,0.999999,3450.616645266926,1,333
a,passive,affine,3.0,100,0.0,5057461,676,0.9863337450298235,0.999999,3467.8351648684707,0,-1
a,passive,affine,3.0,100,0.0,5057461,677,0.9999166538301018,0.9978647301796604,3427.786161087387,0,-1
a,passive,affine,3.0,100,0.0,5057461,678,0.9357183413184659,0.999937178872267,3403.4905278814144,0,-1
a,passive,affine,3.0,100,0.0,5057461,679,0.9999615408775268,0.9998639061967848,3480.2882579907678,0,-1
a,passive,affine,3.0,100,0.0,5057461,680,0.9993377591431406,0.999999,3437.7092880468654,0,-1
a,passive,affine,3.0,100,0.0,5057461,681,0.999656021526473,0.9992604392853659,3459.7242020490967,0,-1
a,passive,affine,3.0,100,0.0,5057461,682,0.7843221659349503,0.999999,3464.812243293096,1,309
a,passive,affine,3.0,100,0.0,5057461,683,0.999824999474471,0.9312051276786368,3452.1424727653675,0,-1
a,passive,affine,3.0,100,0.0,5057461,684,0.9965103366161434,0.8270233608749054,3457.7568979753987,1,324
a,passive,affine,3.0,100,0.0,5057461,685,0.999999,0.9995047160848476,3459.1410572809395,0,-1
a,passive,affine,3.0,100,0.0,5057461,686,0.9766849763475336,0.999999,3443.038739188489,0,-1
a,passive,affine,3.0,100,0.0,5057461,687,0.9957154655115359,0.9962277098951976,3470.2530966086138,0,-1
a,passive,affine,3.0,100,0.0,5057461,688,0.999999,0.999999,3460.2283432819986,0,-1
a,passive,affine,3.0,100,0.0,5057461,689,0.9078605321176664,0.9738625432432373,3468.3424381829263,0,-1
a,passive,affine,3.0,100,0.0,5057461,690,0.9544095761790947,0.999999,3475.9209133929157,0,-1
a,passive,affine,3.0,100,0.0,5057461,691,0.9999111970443936,0.999999,3480.8489629297005,0,-1
a,passive,affine,3.0,100,0.0,5057461,692,0.999999,0.9988567622335757,3462.8464661908783,0,-1
a,passive,affine,3.0,100,0.0,5057461,693,0.999999,0.9722870366475,3444.2325419751164,0,-1
a,passive,affine,3.0,100,0.0,5057461,694,0.9686719804239707,0.999999,3472.533915292331,0,-1
a,passive,affine,3.0,100,0.0,5057461,695,0.999999,0.999999,3467.608383823879,0,-1
a,passive,affine,3.0,100,0.0,5057461,696,0.7312834760296653,0.999999,3471.101288532655,1,289
a,passive,affine,3.0,100,0.0,5057461,697,0.9964438178982283,0.999999,3477.1229058518165,0,-1
a,passive,affine,3.0,100,0.0,5057461,698,0.999999,0.9999276190476009,3463.9189150213956,0,-1
a,passive,affine,3.0,100,0.0,5057461,699,0.999999,0.9989245985979475,3462.2900122252768,0,-1
a,passive,affine,3.0,100,0.0,5057461,700,0.9999416181302421,0.999999,3481.0999862023446,0,-1
a,passive,affine,3.0,100,0.0,5057461,701,-0.9876671702718725,0.9947134672488078,3468.1639604704337,1,287
a,passive,affine,3.0,100,0.0,5057461,702,0.999999,0.9999653471607801,3421.2940171393075,0,-1
a,passive,affine,3.0,100,0.0,5057461,703,0.999999,0.9999613354813742,3409.1240028537613,0,-1
a,passive,affine,3.0,100,0.0,5057461,704,0.9882304870451792,0.9973467755471471,3464.8199701130357,1,312
a,passive,affine,3.0,100,0.0,5057461,705,0.999999,0.9973406238815564,3457.5417546472286,0,-1
a,passive,affine,3.0,100,0.0,5057461,706,0.9930535886216229,0.999999,3476.049502530234,1,359
a,passive,affine,3.0,100,0.0,5057461,707,0.9998652245113945,0.999999,3451.59016818752,0,-1
a,passive,affine,3.0,100,0.0,5057461,708,0.9421605482542783,0.9998509103603825,3477.4923779916708,0,-1
a,passive,affine,3.0,100,0.0,5057461,709,0.999857423849452,0.999999,3452.675005818281,0,-1
a,passive,affine,3.0,100,0.0,5057461,710,0.999999,0.994793443161187,3402.426402014215,0,-1
a,passive,affine,3.0,100,0.0,5057461,711,0.9967613243184806,0.9776339134242612,3460.5554017340273,0,-1
a,passive,affine,3.0,100,0.0,5057461,712,0.999999,0.999999,3480.9523209756453,0,-1
a,passive,affine,3.0,100,0.0,5057461,713,0.9997047595481259,0.9988309892567899,3445.8764120836486,0,-1
a,passive,affine,3.0,100,0.0,5057461,714,0.9983657370680179,0.999999,3483.978353107415,0,-1
a,passive,affine,3.0,100,0.0,5057461,715,0.999999,0.8566461450535906,3409.917007096307,0,-1
a,passive,affine,3.0,100,0.0,5057461,716,0.9132923526506003,0.9998481790749557,3463.380192250119,0,-1
a,passive,affine,3.0,100,0.0,5057461,717,0.9999398242792834,0.9997710947730034,3476.148603383524,0,-1
a,passive,affine,3.0,100,0.0,5057461,718,0.999999,0.9967387612299461,3467.720726229167,0,-1
a,passive,affine,3.0,100,0.0,5057461,719,0.9995165218966627,0.999999,3432.8661861085056,0,-1
a,passive,affine,3.0,100,0.0,5057461,720,0.999999,0.999999,3447.8210486406497,0,-1
a,passive,affine,3.0,100,0.0,5057461,721,0.999999,0.9999876618282919,3480.4102801489603,0,-1
a,passive,affine,3.0,100,0.0,5057461,722,0.9998930167756248,0.9997557289773125,3475.3399772594403,0,-1
a,passive,affine,3.0,100,0.0,5057461,723,0.9997685709375294,0.999999,3471.8566624882124,0,-1
a,passive,affine,3.0,100,0.0,5057461,724,0.999999,0.999999,3422.905277397237,0,-1
a,passive,affine,3.0,100,0.0,5057461,725,0.999999,0.999999,3359.1334590868237,0,-1
a,passive,affine,3.0,100,0.0,5057461,726,0.999895110755134,0.999999,3467.7845125342565,0,-1
a,passive,affine,3.0,100,0.0,5057461,727,0.999999,0.999999,3478.645260388279,0,-1
a,passive,affine,3.0,100,0.0,5057461,728,0.9985867941130943,0.999999,3454.3653490932056,0,-1
a,passive,affine,3.0,100,0.0,5057461,729,0.999999,0.9955408873597507,3466.2163201233625,0,-1
a,passive,affine,3.0,100,0.0,5057461,730,0.998181448104889,0.9675365776843607,3456.4046054668443,0,-1
a,passive,affine,3.0,100,0.0,5057461,731,0.9999642316068585,0.9814579534337984,3460.9893109121745,0,-1
a,passive,affine,3.0,100,0.0,5057461,732,0.9996965473443018,0.9788580023169862,3479.0991789557306,0,-1
a,passive,affine,3.0,100,0.0,5057461,733,0.999999,0.9997820516565773,3485.7822127838053,0,-1
a,passive,affine,3.0,100,0.0,5057461,734,0.999999,0.999999,3440.3748455864015,0,-1
a,passive,affine,3.0,100,0.0,5057461,735,0.9999674365336124,0.999999,3477.3553874426066,0,-1
a,passive,affine,3.0,100,0.0,5057461,736,0.9997777513807777,0.999999,3483.4869102540233,1,468
a,passive,affine,3.0,100,0.0,5057461,737,0.999999,0.999999,3461.910136908546,0,-1
a,passive,affine,3.0,100,0.0,5057461,738,0.9998121575933102,0.999999,3466.6406725334227,0,-1
a,passive,affine,3.0,100,0.0,5057461,739,0.8745433154105398,0.9998546764505406,3478.665335077902,0,-1
a,passive,affine,3.0,100,0.0,5057461,740,0.9367272579778566,0.9999829706343717,3476.259429513304,0,-1
a,passive,affine,3.0,100,0.0,5057461,741,0.999999,0.6161760513405427,3437.4416525178685,0,-1
a,passive,affine,3.0,100,0.0,5057461,742,0.999999,0.999999,3441.5525457989947,0,-1
a,passive,affine,3.0,100,0.0,5057461,743,0.999999,0.999999,3460.931499047925,0,-1
a,passive,affine,3.0,100,0.0,5057461,744,0.9999202010170766,0.9998360767398059,3469.046116787869,0,-1
a,passive,affine,3.0,100,0.0,5057461,745,0.9955488259962839,0.9998277784071135,3481.665037726536,1,334
a,passive,affine,3.0,100,0.0,5057461,746,0.9551247016146032,0.9990573727768283,3464.769793783327,0,-1
a,passive,affine,3.0,100,0.0,5057461,747,0.9959315751138094,0.999999,3462.2923802200003,1,286
a,passive,affine,3.0,100,0.0,5057461,748,0.999999,0.9868935756151449,3435.671545677635,0,-1
a,passive,affine,3.0,100,0.0,5057461,749,0.999999,0.999999,3483.6536939359644,0,-1
a,passive,affine,3.0,100,0.0,5057461,750,0.9999444725417915,0.9505603457840137,3445.269280702653,0,-1
a,passive,affine,3.0,100,0.0,5057461,751,0.9998514378171162,0.999999,3461.4868383182143,0,-1
a,passive,affine,3.0,100,0.0,5057461,752,0.9999868212608486,0.999999,3464.732589745897,0,-1
a,passive,affine,3.0,100,0.0,5057461,753,0.999999,0.9999654693479418,3434.313080508567,0,-1
a,passive,affine,3.0,100,0.0,5057461,754,0.9977204740386585,0.9384807944572631,3452.7853337943534,0,-1
a,passive,affine,3.0,100,0.0,5057461,755,0.9999130261188953,0.9998015649463061,3457.9414513795173,0,-1
a,passive,affine,3.0,100,0.0,5057461,756,0.999999,0.8735412163665993,3457.017872404328,0,-1
a,passive,affine,3.0,100,0.0,5057461,757,0.9968876270331875,0.9800137677676545,3441.82011792578,0,-1
a,passive,affine,3.0,100,0.0,5057461,758,0.9550579667359876,0.999999,3446.676650081954,0,-1
a,passive,affine,3.0,100,0.0,5057461,759,0.99784865220873,0.9999910563382888,3464.0607172233244,0,-1
a,passive,affine,3.0,100,0.0,5057461,760,0.999999,0.9989617967235518,3471.871427082295,0,-1
a,passive,affine,3.0,100,0.0,5057461,761,0.9999526013611666,0.999999,3460.837291561286,0,-1
a,passive,affine,3.0,100,0.0,5057461,762,0.999999,0.999999,3434.7422849212467,0,-1
a,passive,affine,3.0,100,0.0,5057461,763,0.9722106224740005,0.9999060555538877,3467.803676233506,0,-1
a,passive,affine,3.0,100,0.0,5057461,764,0.999999,0.9745595495565424,3474.268685138643,0,-1
a,passive,affine,3.0,100,0.0,5057461,765,0.9962345195868783,0.999999,3456.9666018065127,0,-1
a,passive,affine,3.0,100,0.0,5057461,766,0.999999,0.9998177656042024,3434.6536300423913,0,-1
a,passive,affine,3.0,100,0.0,5057461,767,0.999999,0.9976478059282293,3466.3323665420226,0,-1
a,passive,affine,3.0,100,0.0,5057461,768,0.9999817703993545,0.9999861169229349,3475.765168289332,0,-1
a,passive,affine,3.0,100,0.0,5057461,769,0.9875633012131967,0.9999169372027864,3465.3321363675723,0,-1
a,passive,affine,3.0,100,0.0,5057461,770,0.7559640017335285,0.9998767949489819,3471.048969828526,0,-1
a,passive,affine,3.0,100,0.0,5057461,771,0.9999270373966811,0.999999,3482.7495941021525,0,-1
a,passive,affine,3.0,100,0.0,5057461,772,0.9986403139143388,0.9828772327978441,3480.3576710692396,0,-1
a,passive,affine,3.0,100,0.0,5057461,773,0.9999340442340745,0.999999,3468.8297892546098,0,-1
a,passive,affine,3.0,100,0.0,5057461,774,0.9997400327394553,0.9994944734632552,3456.1642711769277,0,-1
a,passive,affine,3.0,100,0.0,5057461,775,0.999999,0.999999,3474.0475645646993,0,-1
a,passive,affine,3.0,100,0.0,5057461,776,0.999999,0.9773895632666437,3414.742862611246,0,-1
a,passive,affine,3.0,100,0.0,5057461,777,-0.999999,0.999999,3460.9170293426723,1,301
a,passive,affine,3.0,100,0.0,5057461,778,0.9999434155184306,0.9915268694204162,3461.689235161439,0,-1
a,passive,affine,3.0,100,0.0,5057461,779,0.9998017238808641,0.999999,3481.513671750561,0,-1
a,passive,affine,3.0,100,0.0,5057461,780,0.9999722934184367,0.9999719803672535,3451.357093734949,0,-1
a,passive,affine,3.0,100,0.0,5057461,781,0.999999,0.999999,3454.3601534284307,0,-1
a,passive,affine,3.0,100,0.0,5057461,782,0.9896933183131965,0.9944691675190064,3475.941114222888,0,-1
a,passive,affine,3.0,100,0.0,5057461,783,0.9999052576954366,0.999999,3478.068051254435,0,-1
a,passive,affine,3.0,100,0.0,5057461,784,0.999999,0.9997665743737999,3470.982554251813,0,-1
a,passive,affine,3.0,100,0.0,5057461,785,0.9999224999729724,0.9657824581769594,3468.4254708844605,0,-1
a,passive,affine,3.0,100,0.0,5057461,786,0.999999,0.9998357953620195,3395.821771477568,0,-1
a,passive,affine,3.0,100,0.0,5057461,787,0.9916717840526615,0.9998748447113389,3461.261178273748,0,-1
a,passive,affine,3.0,100,0.0,5057461,788,0.9467310612195681,0.999999,3464.950114307288,1,283
a,passive,affine,3.0,100,0.0,5057461,789,0.9991174909594019,0.9998618998022,3427.803957213211,0,-1
a,passive,affine,3.0,100,0.0,5057461,790,0.9957111327277672,0.999999,3458.6705137394965,0,-1
a,passive,affine,3.0,100,0.0,5057461,791,0.987885022766451,0.999999,3463.743418050003,0,-1
a,passive,affine,3.0,100,0.0,5057461,792,0.999999,0.999999,3469.1124092199857,0,-1
a,passive,affine,3.0,100,0.0,5057461,793,0.9717257831535684,0.999999,3465.6336868298363,0,-1
a,passive,affine,3.0,100,0.0,5057461,794,0.999999,0.999396028324839,3459.8495434134275,0,-1
a,passive,affine,3.0,100,0.0,5057461,795,-0.9469722473418001,0.999999,3469.984550258192,1,308
a,passive,affine,3.0,100,0.0,5057461,796,0.311996980663071,0.999999,3476.0961892196538,0,-1
a,passive,affine,3.0,100,0.0,5057461,797,0.999999,0.9989030774183096,3477.4519523008707,0,-1
a,passive,affine,3.0,100,0.0,5057461,798,0.999999,0.999999,3462.318416924343,0,-1
a,passive,affine,3.0,100,0.0,5057461,799,0.9919934403381782,0.999932368289787,3474.5885176550305,0,-1
a,passive,affine,3.0,100,0.0,5057461,800,0.9877810643076034,0.9932966499886259,3445.5593404432993,0,-1
a,passive,affine,3.0,100,0.0,5057461,801,0.999999,0.9990155229340894,3438.890793351495,0,-1
a,passive,affine,3.0,100,0.0,5057461,802,0.9988865491053617,0.9914917390526081,3468.0584491122995,1,289
a,passive,affine,3.0,100,0.0,5057461,803,0.9885361051391465,0.9687905642596688,3443.8283546600105,0,-1
a,passive,affine,3.0,100,0.0,5057461,804,0.999999,0.9988817350452606,3484.008148327628,0,-1
a,passive,affine,3.0,100,0.0,5057461,805,0.42345712377427047,0.9999681666537863,3462.6346534023,1,300
a,passive,affine,3.0,100,0.0,5057461,806,0.9998354373665818,0.999999,3461.257698481281,0,-1
a,passive,affine,3.0,100,0.0,5057461,807,0.9895577115736334,0.9947522489528607,3444.846292960066,0,-1
a,passive,affine,3.0,100,0.0,5057461,808,0.9999930732273761,0.999999,3469.1847971653942,0,-1
a,passive,affine,3.0,100,0.0,5057461,809,0.7703772823693478,0.9999361906345224,3471.2285922698898,0,-1
a,passive,affine,3.0,100,0.0,5057461,810,0.9998241625079657,0.999999,3430.533869591122,0,-1
a,passive,affine,3.0,100,0.0,5057461,811,0.999999,0.999845774662372,3478.700425623563,0,-1
a,passive,affine,3.0,100,0.0,5057461,812,0.999999,0.999999,3487.1009155588276,0,-1
a,passive,affine,3.0,100,0.0,5057461,813,0.9913998041947276,0.940495645891575,3469.973421514793,0,-1
a,passive,affine,3.0,100,0.0,5057461,814,0.9944728972493762,0.8961280367360082,3473.8975539222915,0,-1
a,passive,affine,3.0,100,0.0,5057461,815,0.999999,0.9999769594271943,3462.5192741641927,0,-1
a,passive,affine,3.0,100,0.0,5057461,816,0.999999,0.992886562399134,3402.554851306881,0,-1
a,passive,affine,3.0,100,0.0,5057461,817,0.8081989636986295,0.7655669774869793,3460.4195398305137,0,-1
a,passive,affine,3.0,100,0.0,5057461,818,0.9990153676391088,0.9983373625407309,3477.7146242024714,0,-1
a,passive,affine,3.0,100,0.0,5057461,819,0.999999,0.999999,3465.459636098964,0,-1
a,passive,affine,3.0,100,0.0,5057461,820,-0.9334920917177996,0.9998206059799769,3456.769868046348,1,487
a,passive,affine,3.0,100,0.0,5057461,821,0.9991620983154971,0.9978184771675476,3457.956822411353,0,-1
a,passive,affine,3.0,100,0.0,5057461,822,0.9997998305772725,0.9939988761091294,3381.744777836141,0,-1
a,passive,affine,3.0,100,0.0,5057461,823,0.9999760629398364,0.9997102962719092,3470.273774367908,0,-1
a,passive,affine,3.0,100,0.0,5057461,824,0.9709881682029341,0.9999297754323647,3469.403464822135,0,-1
a,passive,affine,3.0,100,0.0,5057461,825,0.999999,0.9981667559066382,3453.3684491053828,0,-1
a,passive,affine,3.0,100,0.0,5057461,826,0.8236178678728711,0.9716092165279014,3461.473040063351,0,-1
a,passive,affine,3.0,100,0.0,5057461,827,0.999999,0.999999,3448.8043290895553,0,-1
a,passive,affine,3.0,100,0.0,5057461,828,0.999999,0.999999,3475.6359464329084,0,-1
a,passive,affine,3.0,100,0.0,5057461,829,0.9992003955571699,0.999999,3457.7564547607094,0,-1
a,passive,affine,3.0,100,0.0,5057461,830,0.999999,0.9499217693318305,3457.1344969343522,0,-1
a,passive,affine,3.0,100,0.0,5057461,831,0.9998532888343391,0.9997878306575606,3453.865455548158,0,-1
a,passive,affine,3.0,100,0.0,5057461,832,0.9999057602780624,0.9783251465807611,3448.2118408700676,0,-1
a,passive,affine,3.0,100,0.0,5057461,833,0.999999,0.9998996477655767,3463.7530118410614,0,-1
a,passive,affine,3.0,100,0.0,5057461,834,0.999999,0.999999,3468.247412556609,0,-1
a,passive,affine,3.0,100,0.0,5057461,835,0.999999,0.999999,3474.118280133424,0,-1
a,passive,affine,3.0,100,0.0,5057461,836,0.9859049704061126,0.9999947405531241,3450.8671337274445,1,279
a,passive,affine,3.0,100,0.0,5057461,837,0.9979436644165666,0.8881342607360585,3464.826989498509,0,-1
a,passive,affine,3.0,100,0.0,5057461,838,-0.9840490046218868,0.9382790951358468,3465.9318326495763,1,423
a,passive,affine,3.0,100,0.0,5057461,839,0.9808156317206708,0.999999,3476.0427006102445,0,-1
a,passive,affine,3.0,100,0.0,5057461,840,0.9995461523999163,0.9999056648724561,3477.6114924781677,0,-1
a,passive,affine,3.0,100,0.0,5057461,841,0.999999,0.9998462009608543,3466.8423287455566,0,-1
a,passive,affine,3.0,100,0.0,5057461,842,-0.9254775872347746,0.9499630343619984,3455.1325685028346,1,297
a,passive,affine,3.0,100,0.0,5057461,843,0.999999,0.9998093473344967,3447.8263836505234,0,-1
a,passive,affine,3.0,100,0.0,5057461,844,0.9590957962605333,0.6427485706712597,3477.097087162376,1,376
a,passive,affine,3.0,100,0.0,5057461,845,0.999999,0.999999,3482.49081238994,0,-1
a,passive,affine,3.0,100,0.0,5057461,846,0.8981106564480272,0.999999,3480.689847199913,0,-1
a,passive,affine,3.0,100,0.0,5057461,847,0.9989573065919588,0.9990278847063773,3483.1523742552636,0,-1
a,passive,affine,3.0,100,0.0,5057461,848,0.999999,0.9999617263716187,3463.7307695212444,0,-1
a,passive,affine,3.0,100,0.0,5057461,849,0.9999631499209132,0.9915285609937327,3466.7268363131548,0,-1
a,passive,affine,3.0,100,0.0,5057461,850,0.999999,0.9998882573693731,3460.428684432836,0,-1
a,passive,affine,3.0,100,0.0,5057461,851,0.9976915898237524,0.9784790999145287,3471.6916797488598,0,-1
a,passive,affine,3.0,100,0.0,5057461,852,0.9999540649038103,0.999999,3454.686434201728,0,-1
a,passive,affine,3.0,100,0.0,5057461,853,0.9675909399563195,0.999999,3458.5269028309135,0,-1
a,passive,affine,3.0,100,0.0,5057461,854,0.999999,0.999999,3467.238157833956,0,-1
a,passive,affine,3.0,100,0.0,5057461,855,0.999999,0.999999,3445.0827077654326,0,-1
a,passive,affine,3.0,100,0.0,5057461,856,0.999999,0.9983826455665836,3482.1648462875664,1,301
a,passive,affine,3.0,100,0.0,5057461,857,0.999999,0.9846354385096451,3478.287254010674,0,-1
a,passive,affine,3.0,100,0.0,5057461,858,0.999999,0.999999,3375.195018149349,0,-1
a,passive,affine,3.0,100,0.0,5057461,859,0.9993889953855926,0.999999,3456.772299064691,0,-1
a,passive,affine,3.0,100,0.0,5057461,860,0.8760571010175402,0.8500084885861174,3454.8997719162644,0,-1
a,passive,affine,3.0,100,0.0,5057461,861,0.997544269822605,0.9998789125429168,3468.3028820767586,0,-1
a,passive,affine,3.0,100,0.0,5057461,862,0.9998408495526718,0.999999,3461.0337971969566,0,-1
a,passive,affine,3.0,100,0.0,5057461,863,0.9974506028852174,0.999999,3458.1440355758205,0,-1
a,passive,affine,3.0,100,0.0,5057461,864,0.9996227142546127,0.9998874896432682,3462.34719678558,0,-1
a,passive,affine,3.0,100,0.0,5057461,865,0.999999,0.999999,3475.7880320926906,0,-1
a,passive,affine,3.0,100,0.0,5057461,866,-0.8716417881535923,0.9919103590480988,3446.924429912862,1,313
a,passive,affine,3.0,100,0.0,5057461,867,0.9945797470179777,0.999999,3465.541399801538,0,-1
a,passive,affine,3.0,100,0.0,5057461,868,0.9957677274774781,0.999999,3439.4405030233543,0,-1
a,passive,affine,3.0,100,0.0,5057461,869,0.9955050755967003,0.9999318682440487,3455.5629600016537,0,-1
a,passive,affine,3.0,100,0.0,5057461,870,0.9068941601723917,0.999999,3449.5489351999468,0,-1
a,passive,affine,3.0,100,0.0,5057461,871,0.9976924591298783,0.9997571201389286,3454.102704096601,0,-1
a,passive,affine,3.0,100,0.0,5057461,872,0.9454530284818731,0.9863280254733431,3437.5587788044654,0,-1
a,passive,affine,3.0,100,0.0,5057461,873,0.9966745567065647,0.999999,3444.0756751516956,0,-1
a,passive,affine,3.0,100,0.0,5057461,874,0.941154035432747,0.999999,3467.4459276413704,0,-1
a,passive,affine,3.0,100,0.0,5057461,875,0.9976091751084621,0.999581791221674,3432.4768698080316,0,-1
a,passive,affine,3.0,100,0.0,5057461,876,0.999999,0.999999,3479.488242555745,0,-1
a,passive,affine,3.0,100,0.0,5057461,877,0.998017051966534,0.9999847715660338,3479.1233521565237,0,-1
a,passive,affine,3.0,100,0.0,5057461,878,0.999999,0.9953981007536753,3399.8081785915815,0,-1
a,passive,affine,3.0,100,0.0,5057461,879,0.9999530172112312,0.9998538580773708,3469.202181098634,0,-1
a,passive,affine,3.0,100,0.0,5057461,880,0.973361760153765,0.999999,3445.9274426849724,0,-1
a,passive,affine,3.0,100,0.0,5057461,881,0.9903685841616499,0.996877557549386,3468.9974416201762,0,-1
a,passive,affine,3.0,100,0.0,5057461,882,0.9801907118036333,0.999999,3463.3063345605196,0,-1
a,passive,affine,3.0,100,0.0,5057461,883,0.9283756976880494,0.9632866764355615,3466.0937357383596,0,-1
a,passive,affine,3.0,100,0.0,5057461,884,0.9995183287484545,0.999999,3478.3913335245397,0,-1
a,passive,affine,3.0,100,0.0,5057461,885,0.9999492044209906,0.999999,3443.345894174913,0,-1
a,passive,affine,3.0,100,0.0,5057461,886,0.999999,0.958368609310198,3422.4268047841106,0,-1
a,passive,affine,3.0,100,0.0,5057461,887,0.9924748323989581,0.9999987756655807,3411.1460763224377,0,-1
a,passive,affine,3.0,100,0.0,5057461,888,0.999999,0.999999,3469.201695256785,0,-1
a,passive,affine,3.0,100,0.0,5057461,889,0.8196698898998582,0.999999,3465.9003211968957,1,307
a,passive,affine,3.0,100,0.0,5057461,890,0.9991335860196857,0.999999,3441.1376247320745,0,-1
a,passive,affine,3.0,100,0.0,5057461,891,0.997774816487248,0.999999,3472.1101856716764,0,-1
a,passive,affine,3.0,100,0.0,5057461,892,0.9995951320640499,0.998606647193358,3463.127273911151,0,-1
a,passive,affine,3.0,100,0.0,5057461,893,0.9732333512214424,0.9978327096065897,3471.310820368351,0,-1
a,passive,affine,3.0,100,0.0,5057461,894,0.999999,0.9998441756524347,3472.8691580464174,0,-1
a,passive,affine,3.0,100,0.0,5057461,895,0.999999,0.999999,3484.289907749631,0,-1
a,passive,affine,3.0,100,0.0,5057461,896,-0.9897677069170241,0.9881938949585249,3456.4175966736093,1,303
a,passive,affine,3.0,100,0.0,5057461,897,0.9999415856219452,0.999999,3455.985167454313,0,-1
a,passive,affine,3.0,100,0.0,5057461,898,0.9998707870544321,0.9998231892259962,3470.2038173707897,0,-1
a,passive,affine,3.0,100,0.0,5057461,899,0.9991645961939062,0.9160123909293902,3442.903968199301,0,-1
a,passive,affine,3.0,100,0.0,5057461,900,0.999999,0.999999,3473.537816503421,0,-1
a,passive,affine,3.0,100,0.0,5057461,901,0.999999,0.9774840205885303,3483.188014623679,0,-1
a,passive,affine,3.0,100,0.0,5057461,902,0.988664106274665,0.9997638370374348,3461.7929261612826,0,-1
a,passive,affine,3.0,100,0.0,5057461,903,0.9996373038356959,0.9997252329643082,3484.8554651434492,0,-1
a,passive,affine,3.0,100,0.0,5057461,904,0.9998310419344338,0.999999,3457.3611011318653,0,-1
a,passive,affine,3.0,100,0.0,5057461,905,0.9997599922523769,0.999999,3467.9758308509336,0,-1
a,passive,affine,3.0,100,0.0,5057461,906,0.9064162494019186,0.999999,3462.9133236231437,0,-1
a,passive,affine,3.0,100,0.0,5057461,907,0.9834289807979585,0.988803149369324,3396.6313452017534,0,-1
a,passive,affine,3.0,100,0.0,5057461,908,0.999792086669567,0.999999,3476.490581544667,0,-1
a,passive,affine,3.0,100,0.0,5057461,909,0.9999238633040629,0.999999,3452.9179651726226,0,-1
a,passive,affine,3.0,100,0.0,5057461,910,0.9992406272137774,0.9999299880606641,3477.2781563359863,0,-1
a,passive,affine,3.0,100,0.0,5057461,911,0.9923024131937791,0.9999877036990238,3478.4587921653215,0,-1
a,passive,affine,3.0,100,0.0,5057461,912,0.9999343691113516,0.8200032889594991,3453.4577535427034,0,-1
a,passive,affine,3.0,100,0.0,5057461,913,0.9998193088316917,0.995087230442718,3394.682018870579,0,-1
a,passive,affine,3.0,100,0.0,5057461,914,0.9969102170555824,0.9959654381367904,3471.4441964150146,1,272
a,passive,affine,3.0,100,0.0,5057461,915,0.999999,0.999999,3428.3109401266065,0,-1
a,passive,affine,3.0,100,0.0,5057461,916,0.999999,0.9481685507950405,3437.7007584526636,0,-1
a,passive,affine,3.0,100,0.0,5057461,917,0.9999173890535024,0.999999,3479.013541093955,0,-1
a,passive,affine,3.0,100,0.0,5057461,918,0.9998899921531919,0.999999,3469.866312171925,0,-1
a,passive,affine,3.0,100,0.0,5057461,919,0.9992339907708578,0.9998430858735774,3469.758133937083,0,-1
a,passive,affine,3.0,100,0.0,5057461,920,-0.999999,0.999999,3445.7667737714946,1,548
a,passive,affine,3.0,100,0.0,5057461,921,0.999999,0.9896371402902461,3435.9187905517333,0,-1
a,passive,affine,3.0,100,0.0,5057461,922,0.9999498537866669,0.999999,3480.3072346758745,1,317
a,passive,affine,3.0,100,0.0,5057461,923,0.9998818696786791,0.999999,3477.2176812952007,0,-1
a,passive,affine,3.0,100,0.0,5057461,924,0.999999,0.999999,3462.5012612587725,0,-1
a,passive,affine,3.0,100,0.0,5057461,925,0.9878799982471534,0.9986388481599734,3463.1131207378958,0,-1
a,passive,affine,3.0,100,0.0,5057461,926,0.999999,0.9998445696119443,3421.504947742334,0,-1
a,passive,affine,3.0,100,0.0,5057461,927,0.9888727433514339,0.9940941470127383,3480.178217492321,0,-1
a,passive,affine,3.0,100,0.0,5057461,928,0.999999,0.9998773459145158,3457.0842425293667,0,-1
a,passive,affine,3.0,100,0.0,5057461,929,0.999999,0.7831262312705999,3466.4681347332266,0,-1
a,passive,affine,3.0,100,0.0,5057461,930,0.9561217961767169,0.999919652917626,3474.022729961902,1,287
a,passive,affine,3.0,100,0.0,5057461,931,0.9999496692857993,0.999999,3455.3183363806565,0,-1
a,passive,affine,3.0,100,0.0,5057461,932,0.9998998190612954,0.9991475004162182,3467.018978313826,0,-1
a,passive,affine,3.0,100,0.0,5057461,933,0.9982830675847713,0.9610194056524191,3472.8111623536993,0,-1
a,passive,affine,3.0,100,0.0,5057461,934,0.993763144727675,0.9754991845338157,3471.442278073916,0,-1
a,passive,affine,3.0,100,0.0,5057461,935,0.9975064167431718,0.9626904607651365,3474.789426398466,0,-1
a,passive,affine,3.0,100,0.0,5057461,936,0.999999,0.9992334144184076,3460.882110145739,0,-1
a,passive,affine,3.0,100,0.0,5057461,937,0.970421603490343,0.9999593168557265,3471.543985171753,0,-1
a,passive,affine,3.0,100,0.0,5057461,938,0.999999,0.9998416349004788,3484.45724231767,0,-1
a,passive,affine,3.0,100,0.0,5057461,939,0.9997587002917467,0.9997075687220822,3466.7059638077403,0,-1
a,passive,affine,3.0,100,0.0,5057461,940,0.999999,0.9998541499551958,3483.0888908790985,0,-1
a,passive,affine,3.0,100,0.0,5057461,941,0.999999,0.999836682726073,3480.624245031817,0,-1
a,passive,affine,3.0,100,0.0,5057461,942,0.999999,0.999999,3479.8136357343406,0,-1
a,passive,affine,3.0,100,0.0,5057461,943,0.9998577247188333,0.9923296348273588,3460.064289852807,0,-1
a,passive,affine,3.0,100,0.0,5057461,944,0.9896171381328728,0.9999376371418724,3476.4782524496195,0,-1
a,passive,affine,3.0,100,0.0,5057461,945,0.999999,0.9918526100054722,3477.928019930173,0,-1
a,passive,affine,3.0,100,0.0,5057461,946,0.999999,0.999999,3457.9165201451347,0,-1
a,passive,affine,3.0,100,0.0,5057461,947,0.9993533167262595,0.999999,3467.5944331739424,0,-1
a,passive,affine,3.0,100,0.0,5057461,948,-0.27957841322463145,0.999999,3449.517901551323,1,398
a,passive,affine,3.0,100,0.0,5057461,949,0.9994519267719111,0.9997708957515488,3473.7995596273863,0,-1
a,passive,affine,3.0,100,0.0,5057461,950,0.9742084356275595,0.999999,3444.829515269527,0,-1
a,passive,affine,3.0,100,0.0,5057461,951,0.999999,0.999999,3481.759310957671,0,-1
a,passive,affine,3.0,100,0.0,5057461,952,0.9998809532760828,0.999999,3464.0079011885596,0,-1
a,passive,affine,3.0,100,0.0,5057461,953,0.9967181972816738,0.9928925295081431,3480.0326288018923,0,-1
a,passive,affine,3.0,100,0.0,5057461,954,0.9999469430638955,0.999999,3473.5316475757895,0,-1
a,passive,affine,3.0,100,0.0,5057461,955,0.9868711715153631,0.9981607740311456,3452.080693890836,0,-1
a,passive,affine,3.0,100,0.0,5057461,956,0.8601486632493763,0.999999,3478.7044181279143,0,-1
a,passive,affine,3.0,100,0.0,5057461,957,0.999999,0.9480943244019955,3474.8928897270443,0,-1
a,passive,affine,3.0,100,0.0,5057461,958,0.999999,0.9999637731814002,3470.809544110275,0,-1
a,passive,affine,3.0,100,0.0,5057461,959,0.9999719076033021,0.999999,3456.9832637642885,0,-1
a,passive,affine,3.0,100,0.0,5057461,960,0.999999,0.999999,3474.9104844561352,0,-1
a,passive,affine,3.0,100,0.0,5057461,961,0.9994172351439398,0.999825664004021,3475.414990796596,1,336
a,passive,affine,3.0,100,0.0,5057461,962,0.9976486815634252,0.9998317376344622,3445.8690975169357,0,-1
a,passive,affine,3.0,100,0.0,5057461,963,0.9918646376017831,0.9999936266239129,3476.2869975023636,1,320
a,passive,affine,3.0,100,0.0,5057461,964,0.9930160466430773,0.9989568303242516,3461.7090452577345,0,-1
a,passive,affine,3.0,100,0.0,5057461,965,0.2873894556691004,0.9999397533292149,3462.7051603552104,0,-1
a,passive,affine,3.0,100,0.0,5057461,966,0.8987093703590862,0.9997316715434974,3401.7692064902694,0,-1
a,passive,affine,3.0,100,0.0,5057461,967,0.999999,0.999999,3467.694883355016,0,-1
a,passive,affine,3.0,100,0.0,5057461,968,0.999999,0.9991086096681219,3475.55899922175,1,467
a,passive,affine,3.0,100,0.0,5057461,969,0.999999,0.9978996976141348,3482.0793051791397,0,-1
a,passive,affine,3.0,100,0.0,5057461,970,0.9998918066556238,0.999999,3463.3151858461265,0,-1
a,passive,affine,3.0,100,0.0,5057461,971,0.9355175561518595,0.999999,3445.533265015077,0,-1
a,passive,affine,3.0,100,0.0,5057461,972,0.9992961149727241,0.9989541041270518,3443.3448640510765,0,-1
a,passive,affine,3.0,100,0.0,5057461,973,0.9998127246396645,0.999999,3479.7674266456793,1,371
a,passive,affine,3.0,100,0.0,5057461,974,0.999999,0.999999,3462.2695407994793,0,-1
a,passive,affine,3.0,100,0.0,5057461,975,0.9998262128534013,0.999999,3445.5919796980183,0,-1
a,passive,affine,3.0,100,0.0,5057461,976,0.9998044325888945,0.9999895994360707,3474.0419297561,0,-1
a,passive,affine,3.0,100,0.0,5057461,977,0.999999,0.9999925824277753,3463.555151086165,0,-1
a,passive,affine,3.0,100,0.0,5057461,978,0.999999,0.9954460553902458,3482.8914558960864,0,-1
a,passive,affine,3.0,100,0.0,5057461,979,0.999965981017688,0.999999,3450.457074458656,0,-1
a,passive,affine,3.0,100,0.0,5057461,980,0.99581790775257,0.999999,3473.293675055786,0,-1
a,passive,affine,3.0,100,0.0,5057461,981,0.999999,0.999999,3474.2204383206467,0,-1
a,passive,affine,3.0,100,0.0,5057461,982,0.999999,0.994007756100992,3473.8943221733944,0,-1
a,passive,affine,3.0,100,0.0,5057461,983,0.999999,0.9918373762943139,3466.0271138811813,0,-1
a,passive,affine,3.0,100,0.0,5057461,984,0.9835330217988001,0.9255163530256851,3450.4055130823185,0,-1
a,passive,affine,3.0,100,0.0,5057461,985,0.99696215468755,0.999999,3472.2037670945906,0,-1
a,passive,affine,3.0,100,0.0,5057461,986,0.999999,0.9898177124724074,3472.451543262196,0,-1
a,passive,affine,3.0,100,0.0,5057461,987,0.999999,0.9743483386984038,3468.1674132039593,0,-1
a,passive,affine,3.0,100,0.0,5057461,988,0.999999,0.9994819852321492,3406.0925067029393,0,-1
a,passive,affine,3.0,100,0.0,5057461,989,0.7934262931595976,0.9999164923882864,3463.99010670175,0,-1
a,passive,affine,3.0,100,0.0,5057461,990,0.9942186366337439,0.999999,3437.7396238874376,0,-1
a,passive,affine,3.0,100,0.0,5057461,991,0.9896015721270106,0.9998994674535779,3461.709201193204,1,289
a,passive,affine,3.0,100,0.0,5057461,992,0.999999,0.999999,3473.775899114259,0,-1
a,passive,affine,3.0,100,0.0,5057461,993,0.9270619898372031,0.9774333288053338,3450.395537814696,0,-1
a,passive,affine,3.0,100,0.0,5057461,994,0.999999,0.9989532916641859,3470.8088019961374,0,-1
a,passive,affine,3.0,100,0.0,5057461,995,0.9788631643749107,0.9999311277959224,3471.723973310025,0,-1
a,passive,affine,3.0,100,0.0,5057461,996,0.999999,0.9994869231839069,3469.204033670673,0,-1
a,passive,affine,3.0,100,0.0,5057461,997,0.999845682594504,0.9995539657621604,3489.169476013023,0,-1
a,passive,affine,3.0,100,0.0,5057461,998,0.999999,0.999999,3468.9224195024035,0,-1
a,passive,affine,3.0,100,0.0,5057461,999,0.999999,0.999999,3423.6567934436225,1,344
a,passive,affine,3.5,100,0.0,6057464,0,-0.863138517566917,0.9998242276268142,3460.8982263932126,1,322
a,passive,affine,3.5,100,0.0,6057464,1,0.9977906031038588,0.999999,3460.728959622323,0,-1
a,passive,affine,3.5,100,0.0,6057464,2,0.999999,0.999999,3449.859749930103,0,-1
a,passive,affine,3.5,100,0.0,6057464,3,0.999999,0.999999,3469.9911785233926,0,-1
a,passive,affine,3.5,100,0.0,6057464,4,-0.3646811762656901,0.9981713989959426,3472.231478025745,1,377
a,passive,affine,3.5,100,0.0,6057464,5,-0.93631617633216,0.9908395021337703,3459.4476474950206,1,302
a,passive,affine,3.5,100,0.0,6057464,6,0.9998646492465292,0.999999,3485.142259237918,0,-1
a,passive,affine,3.5,100,0.0,6057464,7,0.996777449325427,0.9991602349475226,3483.984975356303,0,-1
a,passive,affine,3.5,100,0.0,6057464,8,0.9995575635345287,0.999999,3443.475179516609,0,-1
a,passive,affine,3.5,100,0.0,6057464,9,0.9999091456455701,0.9817205207128183,3455.9170653801148,0,-1
a,passive,affine,3.5,100,0.0,6057464,10,0.9958055946865079,0.9999501921622863,3472.2495250468533,0,-1
a,passive,affine,3.5,100,0.0,6057464,11,0.9838504038794329,0.9997559737882727,3463.506663890581,0,-1
a,passive,affine,3.5,100,0.0,6057464,12,0.999999,0.999999,3433.1782010162456,0,-1
a,passive,affine,3.5,100,0.0,6057464,13,-0.9723499073023661,0.9697826246052221,3419.8625961681773,1,295
a,passive,affine,3.5,100,0.0,6057464,14,0.9873428476518561,0.999999,3469.014437970749,1,292
a,passive,affine,3.5,100,0.0,6057464,15,0.999999,0.9998122484316401,3458.930229292627,0,-1
a,passive,affine,3.5,100,0.0,6057464,16,0.999999,0.9950661379830942,3473.729604994753,0,-1
a,passive,affine,3.5,100,0.0,6057464,17,0.999999,0.999999,3463.947135587628,0,-1
a,passive,affine,3.5,100,0.0,6057464,18,0.9980226087616185,0.999999,3476.559190039574,0,-1
a,passive,affine,3.5,100,0.0,6057464,19,-0.999999,0.8271441106131545,3408.7661051064224,1,303
a,passive,affine,3.5,100,0.0,6057464,20,0.9798715398031125,0.9621608268522448,3457.3006131538828,0,-1
a,passive,affine,3.5,100,0.0,6057464,21,0.9770940632798731,0.917588016239703,3456.0979069439895,1,273
a,passive,affine,3.5,100,0.0,6057464,22,0.999999,0.9999054970132288,3465.915146426209,0,-1
a,passive,affine,3.5,100,0.0,6057464,23,0.9653010511373932,0.9998877384571826,3460.956681578906,0,-1
a,passive,affine,3.5,100,0.0,6057464,24,0.999999,0.9775051555182873,3463.6680036563675,0,-1
a,passive,affine,3.5,100,0.0,6057464,25,0.999999,0.9997772560014205,3478.7494803019554,0,-1
a,passive,affine,3.5,100,0.0,6057464,26,0.999999,0.9997848851566041,3475.7186317183973,0,-1
a,passive,affine,3.5,100,0.0,6057464,27,0.999999,0.9443927290457872,3476.4029257423604,0,-1
a,passive,affine,3.5,100,0.0,6057464,28,0.999999,0.9552971148789048,3470.295397311167,0,-1
a,passive,affine,3.5,100,0.0,6057464,29,0.999999,0.997697228254209,3485.521530076247,0,-1
a,passive,affine,3.5,100,0.0,6057464,30,0.999999,0.9680019295305069,3454.2590984901176,0,-1
a,passive,affine,3.5,100,0.0,6057464,31,0.9998397176552166,0.9995523486885154,3459.2270204627557,0,-1
a,passive,affine,3.5,100,0.0,6057464,32,0.999999,0.999996092517863,3460.9264886906926,1,302
a,passive,affine,3.5,100,0.0,6057464,33,0.9968399082814465,0.9849651477733923,3458.297822033062,0,-1
a,passive,affine,3.5,100,0.0,6057464,34,0.9733512920766683,0.9999575522179711,3457.663626946567,0,-1
a,passive,affine,3.5,100,0.0,6057464,35,0.999999,0.999999,3488.1034993256185,0,-1
a,passive,affine,3.5,100,0.0,6057464,36,0.999999,0.999999,3477.4720305192805,0,-1
a,passive,affine,3.5,100,0.0,6057464,37,0.999999,0.9997175358287951,3464.376565102033,0,-1
a,passive,affine,3.5,100,0.0,6057464,38,0.48463688782556386,0.9999897239726919,3476.144313425551,0,-1
a,passive,affine,3.5,100,0.0,6057464,39,0.999999,0.999999,3472.135878922723,0,-1
a,passive,affine,3.5,100,0.0,6057464,40,0.999999,0.9996822529813179,3440.8268833064935,0,-1
a,passive,affine,3.5,100,0.0,6057464,41,0.6689227637830069,0.999999,3463.7271112453723,0,-1
a,passive,affine,3.5,100,0.0,6057464,42,-0.9773617760826199,0.9996771134669613,3463.3868068968286,1,314
a,passive,affine,3.5,100,0.0,6057464,43,0.9995553094913237,0.9963129030174327,3433.8174519643985,1,309
a,passive,affine,3.5,100,0.0,6057464,44,0.999999,0.9970169152741111,3458.692927813881,0,-1
a,passive,affine,3.5,100,0.0,6057464,45,0.9919283895203884,0.8675082696068039,3411.2002150905646,0,-1
a,passive,affine,3.5,100,0.0,6057464,46,0.9553354060021779,0.9998121270913982,3448.5820651643276,0,-1
a,passive,affine,3.5,100,0.0,6057464,47,0.952290856066883,0.9997744335551079,3468.7791275571535,0,-1
a,passive,affine,3.5,100,0.0,6057464,48,-0.9972719855334945,0.999999,3462.5810089226197,1,294
a,passive,affine,3.5,100,0.0,6057464,49,0.9999345267866709,0.9999081751521658,3482.520183010048,0,-1
a,passive,affine,3.5,100,0.0,6057464,50,0.999999,0.999999,3464.3137482934667,0,-1
a,passive,affine,3.5,100,0.0,6057464,51,0.9739488554235003,0.9999010250661586,3407.2740845069493,1,280
a,passive,affine,3.5,100,0.0,6057464,52,0.999999,0.9984545012820883,3479.190488503626,0,-1
a,passive,affine,3.5,100,0.0,6057464,53,0.999999,0.9709972329417381,3476.1939215357465,0,-1
a,passive,affine,3.5,100,0.0,6057464,54,-0.8839737718895398,0.9977903115135579,3467.8795117433247,1,290
a,passive,affine,3.5,100,0.0,6057464,55,0.999999,0.9908535008616384,3468.354465196144,0,-1
a,passive,affine,3.5,100,0.0,6057464,56,0.999999,0.999999,3436.926425293117,0,-1
a,passive,affine,3.5,100,0.0,6057464,57,0.9971170829786109,0.999999,3458.9775957739816,1,304
a,passive,affine,3.5,100,0.0,6057464,58,0.999999,0.9110637663374344,3475.258558041891,0,-1
a,passive,affine,3.5,100,0.0,6057464,59,0.8621790665033419,0.999999,3483.305472400934,0,-1
a,passive,affine,3.5,100,0.0,6057464,60,0.999999,0.999999,3467.3703711664,0,-1
a,passive,affine,3.5,100,0.0,6057464,61,-0.9147902998626376,0.999999,3458.042458469005,1,454
a,passive,affine,3.5,100,0.0,6057464,62,-0.7838416202856361,0.999879087215363,3424.333093552116,1,301
a,passive,affine,3.5,100,0.0,6057464,63,0.996880606076255,0.999999,3484.651889623245,0,-1
a,passive,affine,3.5,100,0.0,6057464,64,0.9268407015142517,0.999999,3424.6133523969447,0,-1
a,passive,affine,3.5,100,0.0,6057464,65,0.999999,0.9999834651640895,3478.9545073637855,0,-1
a,passive,affine,3.5,100,0.0,6057464,66,0.999999,0.9998843923663558,3444.6383175487063,0,-1
a,passive,affine,3.5,100,0.0,6057464,67,0.36155852241018793,0.9971104110609311,3447.1108706349673,1,332
a,passive,affine,3.5,100,0.0,6057464,68,0.9999663956714806,0.999999,3482.711564560616,0,-1
a,passive,affine,3.5,100,0.0,6057464,69,0.9996370154568573,0.999999,3474.226406387036,0,-1
a,passive,affine,3.5,100,0.0,6057464,70,0.999999,0.9131330905318649,3470.9945229057425,0,-1
a,passive,affine,3.5,100,0.0,6057464,71,0.999999,0.999999,3407.8874168966413,0,-1
a,passive,affine,3.5,100,0.0,6057464,72,0.9999883791839952,0.9862436681994236,3468.2137890453214,0,-1
a,passive,affine,3.5,100,0.0,6057464,73,0.9949597992898365,0.999999,3482.450784168858,0,-1
a,passive,affine,3.5,100,0.0,6057464,74,-0.9877125303089378,0.9920024556248536,3392.1944319073277,1,307
a,passive,affine,3.5,100,0.0,6057464,75,0.9546558868669349,0.999999,3463.71280110494,0,-1
a,passive,affine,3.5,100,0.0,6057464,76,-0.9606003007239582,0.9990041916621958,3463.5116894049033,1,324
a,passive,affine,3.5,100,0.0,6057464,77,0.7001190689229627,0.99964729416298,3473.212776611466,0,-1
a,passive,affine,3.5,100,0.0,6057464,78,0.999781928382649,0.9986466373216646,3471.8314326968357,1,309
a,passive,affine,3.5,100,0.0,6057464,79,0.9986903693500865,0.999999,3470.563692397837,0,-1
a,passive,affine,3.5,100,0.0,6057464,80,-0.9897031192801476,0.9983935590786857,3454.37142671662,1,337
a,passive,affine,3.5,100,0.0,6057464,81,0.999999,0.9648116449052236,3458.811703292643,0,-1
a,passive,affine,3.5,100,0.0,6057464,82,0.9980470812117136,0.999999,3456.8110416120467,0,-1
a,passive,affine,3.5,100,0.0,6057464,83,0.999999,0.9834978191780166,3424.171777260875,0,-1
a,passive,affine,3.5,100,0.0,6057464,84,0.9966570958335099,0.9998276186593987,3478.0053677529763,0,-1
a,passive,affine,3.5,100,0.0,6057464,85,0.999999,0.9999040283276784,3433.6436722239696,0,-1
a,passive,affine,3.5,100,0.0,6057464,86,0.9947571200102903,0.999999,3479.153591240257,0,-1
a,passive,affine,3.5,100,0.0,6057464,87,0.999999,0.999999,3437.4980103608655,0,-1
a,passive,affine,3.5,100,0.0,6057464,88,0.9953842089802754,0.999999,3469.4017825960864,0,-1
a,passive,affine,3.5,100,0.0,6057464,89,0.9985614836887496,0.999999,3465.201604384159,1,289
a,passive,affine,3.5,100,0.0,6057464,90,0.9999944701866371,0.999999,3449.829672776189,0,-1
a,passive,affine,3.5,100,0.0,6057464,91,0.999999,0.999999,3434.846695069772,0,-1
a,passive,affine,3.5,100,0.0,6057464,92,0.9954503159412837,0.9997242260404376,3472.5369252019314,0,-1
a,passive,affine,3.5,100,0.0,6057464,93,0.999999,0.9999303367381128,3471.9456706893934,0,-1
a,passive,affine,3.5,100,0.0,6057464,94,0.9430493452659668,0.999999,3463.5538450866006,0,-1
a,passive,affine,3.5,100,0.0,6057464,95,0.9998527501445054,0.9980224618990166,3454.359979731004,0,-1
a,passive,affine,3.5,100,0.0,6057464,96,0.9999281086787822,0.9493284623450949,3483.8280264676646,0,-1
a,passive,affine,3.5,100,0.0,6057464,97,0.999999,0.9973836921416356,3479.449094533316,1,286
a,passive,affine,3.5,100,0.0,6057464,98,0.9965688328761764,0.9985464421330608,3477.1980626898876,0,-1
a,passive,affine,3.5,100,0.0,6057464,99,0.999999,0.999566570102837,3385.45026605345,0,-1
a,passive,affine,3.5,100,0.0,6057464,100,0.9988474579855753,0.999999,3481.8789090886794,0,-1
a,passive,affine,3.5,100,0.0,6057464,101,0.9996901803624473,0.999999,3480.1745991302105,0,-1
a,passive,affine,3.5,100,0.0,6057464,102,0.9999807531176992,0.9999425782870078,3472.234542645762,0,-1
a,passive,affine,3.5,100,0.0,6057464,103,0.9982161184699457,0.9992912011746908,3454.02884487534,0,-1
a,passive,affine,3.5,100,0.0,6057464,104,0.9999948703500491,0.999999,3470.991743831214,1,325
a,passive,affine,3.5,100,0.0,6057464,105,0.999999,0.9904955722386498,3455.099153897792,0,-1
a,passive,affine,3.5,100,0.0,6057464,106,0.999999,0.999999,3476.887498476599,0,-1
a,passive,affine,3.5,100,0.0,6057464,107,0.9999335691029199,0.9999050718175115,3442.049093097251,0,-1
a,passive,affine,3.5,100,0.0,6057464,108,0.9370223587267814,0.9609147197734689,3478.6327818698514,0,-1
a,passive,affine,3.5,100,0.0,6057464,109,0.999999,0.9999531944579082,3448.710928251338,0,-1
a,passive,affine,3.5,100,0.0,6057464,110,0.8207791092640472,0.9944979040657512,3460.2028062492554,0,-1
a,passive,affine,3.5,100,0.0,6057464,111,0.9999710223076232,0.999999,3483.3617906093405,0,-1
a,passive,affine,3.5,100,0.0,6057464,112,-0.999296179933904,0.9958693271766289,3436.218239379439,1,309
a,passive,affine,3.5,100,0.0,6057464,113,0.9998645406755969,0.999999,3465.466122562173,0,-1
a,passive,affine,3.5,100,0.0,6057464,114,0.9998127776697466,0.9999076389573557,3474.364630463522,0,-1
a,passive,affine,3.5,100,0.0,6057464,115,-0.9142508345437821,0.999999,3470.4044611850386,1,268
a,passive,affine,3.5,100,0.0,6057464,116,-0.999999,0.999999,3462.5990256161963,1,288
a,passive,affine,3.5,100,0.0,6057464,117,0.999999,0.9999640021160875,3454.19282001884,0,-1
a,passive,affine,3.5,100,0.0,6057464,118,0.999999,0.9964351256692046,3470.7072418385283,0,-1
a,passive,affine,3.5,100,0.0,6057464,119,-0.9929140811003335,0.999999,3474.732721971958,1,318
a,passive,affine,3.5,100,0.0,6057464,120,-0.8776476825413126,0.9998056000647401,3391.601096024498,1,320
a,passive,affine,3.5,100,0.0,6057464,121,0.9995583135595423,0.8963826127375725,3449.5706764597303,0,-1
a,passive,affine,3.5,100,0.0,6057464,122,0.999999,0.999999,3459.630276901596,0,-1
a,passive,affine,3.5,100,0.0,6057464,123,0.9993018298586951,0.9990739523163301,3467.5037426891427,0,-1
a,passive,affine,3.5,100,0.0,6057464,124,0.999999,0.999999,3473.664969980548,0,-1
a,passive,affine,3.5,100,0.0,6057464,125,0.9999434956809894,0.6694203699393947,3447.2972916685176,0,-1
a,passive,affine,3.5,100,0.0,6057464,126,0.999999,0.999999,3476.5740944909253,1,319
a,passive,affine,3.5,100,0.0,6057464,127,0.999999,0.999999,3468.584362520511,0,-1
a,passive,affine,3.5,100,0.0,6057464,128,0.999999,0.9795213710427707,3480.487888236419,0,-1
a,passive,affine,3.5,100,0.0,6057464,129,0.9994661724105675,0.9999298781417907,3404.71412860264,0,-1
a,passive,affine,3.5,100,0.0,6057464,130,-0.9939754241299931,0.999999,3447.6821830735093,1,312
a,passive,affine,3.5,100,0.0,6057464,131,0.999999,0.9999692065078256,3467.0092501828167,0,-1
a,passive,affine,3.5,100,0.0,6057464,132,0.999999,0.9893980923899048,3471.673309000718,0,-1
a,passive,affine,3.5,100,0.0,6057464,133,0.9126666127564907,0.9999134177635666,3419.552622526105,0,-1
a,passive,affine,3.5,100,0.0,6057464,134,0.999779191272554,0.9959226176039424,3470.387717139204,0,-1
a,passive,affine,3.5,100,0.0,6057464,135,0.999999,0.9757952920984423,3454.431015568451,1,279
a,passive,affine,3.5,100,0.0,6057464,136,0.9999698319759324,0.999999,3473.8032122202517,0,-1
a,passive,affine,3.5,100,0.0,6057464,137,0.999999,0.999999,3362.3830564147484,0,-1
a,passive,affine,3.5,100,0.0,6057464,138,0.999999,0.999999,3464.4177894545796,0,-1
a,passive,affine,3.5,100,0.0,6057464,139,0.9999494660046091,0.999999,3467.595405088164,0,-1
a,passive,affine,3.5,100,0.0,6057464,140,-0.7809670362134247,0.999999,3448.8052466677573,1,291
a,passive,affine,3.5,100,0.0,6057464,141,0.9842203001449552,0.999999,3478.1001242174784,0,-1
a,passive,affine,3.5,100,0.0,6057464,142,0.9963337226875879,0.9997490470367213,3478.1308461911085,0,-1
a,passive,affine,3.5,100,0.0,6057464,143,0.993681408809231,0.999999,3438.5260400927828,0,-1
a,passive,affine,3.5,100,0.0,6057464,144,-0.9972670406374378,0.8444995680762655,3473.550497967125,1,310
a,passive,affine,3.5,100,0.0,6057464,145,0.9998797672933044,0.9981640979792226,3439.2470648275553,0,-1
a,passive,affine,3.5,100,0.0,6057464,146,0.9999383856351158,0.999999,3472.9979435565883,0,-1
a,passive,affine,3.5,100,0.0,6057464,147,0.9949126297489477,0.999999,3469.997084508605,0,-1
a,passive,affine,3.5,100,0.0,6057464,148,0.999999,0.999999,3478.1603392266284,0,-1
a,passive,affine,3.5,100,0.0,6057464,149,0.9999216808640531,0.999306807718992,3477.37124615011,0,-1
a,passive,affine,3.5,100,0.0,6057464,150,-0.8230564651317762,0.9414327191149341,3461.506614311527,1,313
a,passive,affine,3.5,100,0.0,6057464,151,0.9963005012779298,0.999999,3409.405424492839,0,-1
a,passive,affine,3.5,100,0.0,6057464,152,0.999999,0.999999,3459.6616292831854,0,-1
a,passive,affine,3.5,100,0.0,6057464,153,0.9696043858094199,0.9611226984427208,3463.4328877624534,0,-1
a,passive,affine,3.5,100,0.0,6057464,154,-0.9141184696098531,0.9999853963947158,3449.8556313352865,1,328
a,passive,affine,3.5,100,0.0,6057464,155,0.999999,0.9998822687662111,3484.519849315507,0,-1
a,passive,affine,3.5,100,0.0,6057464,156,0.9999669694821972,0.9965768930760333,3484.86488015809,0,-1
a,passive,affine,3.5,100,0.0,6057464,157,0.9514841383553323,0.9999835133842433,3471.3482880372503,0,-1
a,passive,affine,3.5,100,0.0,6057464,158,0.7664780225846005,0.999999,3440.3727310258287,0,-1
a,passive,affine,3.5,100,0.0,6057464,159,0.999999,0.999999,3417.6950594368973,0,-1
a,passive,affine,3.5,100,0.0,6057464,160,0.999999,0.999999,3457.8119804988833,0,-1
a,passive,affine,3.5,100,0.0,6057464,161,-0.9971442420768732,0.5266204816569228,3411.2136773198513,1,332
a,passive,affine,3.5,100,0.0,6057464,162,0.999999,0.9998778044673707,3466.3429555178627,0,-1
a,passive,affine,3.5,100,0.0,6057464,163,0.9854139912428996,0.999999,3423.1941568993666,0,-1
a,passive,affine,3.5,100,0.0,6057464,164,0.9999448781123492,0.9999127243877001,3480.8358257823293,0,-1
a,passive,affine,3.5,100,0.0,6057464,165,0.999999,0.9998481373726908,3485.078046715386,0,-1
a,passive,affine,3.5,100,0.0,6057464,166,0.9994909454706088,0.999999,3471.0698939418535,0,-1
a,passive,affine,3.5,100,0.0,6057464,167,0.6701874521576516,0.999999,3468.5925356523617,0,-1
a,passive,affine,3.5,100,0.0,6057464,168,0.9998691342592383,0.9693466390956268,3468.8559481943416,0,-1
a,passive,affine,3.5,100,0.0,6057464,169,0.999999,0.9875377947464191,3468.4016620663124,0,-1
a,passive,affine,3.5,100,0.0,6057464,170,0.9989408783339635,0.9889528627576856,3469.9596307556963,0,-1
a,passive,affine,3.5,100,0.0,6057464,171,0.999999,0.9997278625065352,3443.3519408123416,0,-1
a,passive,affine,3.5,100,0.0,6057464,172,0.999999,0.5027378002566127,3442.2846302953876,1,306
a,passive,affine,3.5,100,0.0,6057464,173,0.9999440226979417,0.9945260380629973,3466.345645319523,0,-1
a,passive,affine,3.5,100,0.0,6057464,174,0.999999,0.999999,3402.8947631489314,0,-1
a,passive,affine,3.5,100,0.0,6057464,175,0.8497529116979503,0.999957392971963,3454.376782020794,0,-1
a,passive,affine,3.5,100,0.0,6057464,176,0.999999,0.9999137800269055,3475.2280847736192,0,-1
a,passive,affine,3.5,100,0.0,6057464,177,-0.9508557257364694,0.9999459150975347,3448.706217624711,1,298
a,passive,affine,3.5,100,0.0,6057464,178,0.999999,0.999999,3475.2118393504566,0,-1
a,passive,affine,3.5,100,0.0,6057464,179,0.9999739321233817,0.9998803971212604,3475.248225491338,0,-1
a,passive,affine,3.5,100,0.0,6057464,180,0.999999,0.9911865987737356,3482.9369761494477,0,-1
a,passive,affine,3.5,100,0.0,6057464,181,0.999999,0.6453349280608929,3455.041828993186,0,-1
a,passive,affine,3.5,100,0.0,6057464,182,0.999999,0.9871871546752233,3424.950677682653,0,-1
a,passive,affine,3.5,100,0.0,6057464,183,0.9813771341180414,0.9403802809747742,3470.4315221111724,1,334
a,passive,affine,3.5,100,0.0,6057464,184,0.9686583397571399,0.7528200657132592,3474.0487747075704,0,-1
a,passive,affine,3.5,100,0.0,6057464,185,-0.9263340309354786,0.9982976047876424,3466.2434401373457,1,321
a,passive,affine,3.5,100,0.0,6057464,186,0.9699794961364095,0.999999,3402.1347180972525,0,-1
a,passive,affine,3.5,100,0.0,6057464,187,0.9778383722273729,0.999999,3472.3378544062753,0,-1
a,passive,affine,3.5,100,0.0,6057464,188,0.999999,0.6021930131412003,3439.4311791319083,0,-1
a,passive,affine,3.5,100,0.0,6057464,189,0.9997648503845431,0.999999,3478.970234818429,0,-1
a,passive,affine,3.5,100,0.0,6057464,190,0.999999,0.999999,3454.6773248127724,0,-1
a,passive,affine,3.5,100,0.0,6057464,191,0.9856656589982429,0.9998421186024669,3425.8468942769,0,-1
a,passive,affine,3.5,100,0.0,6057464,192,0.9967855384548727,0.9986142540850869,3483.6786220334902,0,-1
a,passive,affine,3.5,100,0.0,6057464,193,0.999999,0.999722862697677,3472.010579461834,0,-1
a,passive,affine,3.5,100,0.0,6057464,194,0.9986485304582261,0.999999,3448.999921199751,0,-1
a,passive,affine,3.5,100,0.0,6057464,195,0.9998944482851383,0.9828799512266392,3463.658880235884,0,-1
a,passive,affine,3.5,100,0.0,6057464,196,-0.8538029982657589,0.999999,3472.531040680649,1,364
a,passive,affine,3.5,100,0.0,6057464,197,0.999999,0.995811382500373,3477.731325970182,0,-1
a,passive,affine,3.5,100,0.0,6057464,198,0.999999,0.999999,3462.8819481516207,0,-1
a,passive,affine,3.5,100,0.0,6057464,199,0.9996054574200544,0.9997027530509258,3461.0300472472177,0,-1
a,passive,affine,3.5,100,0.0,6057464,200,0.9999644327508648,0.999999,3439.404230424912,0,-1
a,passive,affine,3.5,100,0.0,6057464,201,0.999999,0.9999387892670437,3474.8704136477113,0,-1
a,passive,affine,3.5,100,0.0,6057464,202,0.999999,0.9986943071161921,3458.188230087479,0,-1
a,passive,affine,3.5,100,0.0,6057464,203,0.999999,0.9999817292968424,3451.0017617429908,0,-1
a,passive,affine,3.5,100,0.0,6057464,204,0.999999,0.7913463537443929,3468.6236054487986,0,-1
a,passive,affine,3.5,100,0.0,6057464,205,-0.999999,0.999999,3425.557214848097,1,288
a,passive,affine,3.5,100,0.0,6057464,206,0.999999,0.9999895053333836,3423.6264700810884,0,-1
a,passive,affine,3.5,100,0.0,6057464,207,0.9999116420059294,0.9998250515355916,3446.2985505418983,0,-1
a,passive,affine,3.5,100,0.0,6057464,208,-0.9810059662544317,0.9997216622076708,3461.052121163718,1,287
a,passive,affine,3.5,100,0.0,6057464,209,0.9085029234496451,0.9766160139618795,3463.3459320254833,0,-1
a,passive,affine,3.5,100,0.0,6057464,210,0.7882985027287284,0.999999,3474.737750836493,0,-1
a,passive,affine,3.5,100,0.0,6057464,211,0.999999,0.9815579680919088,3472.714397497139,0,-1
a,passive,affine,3.5,100,0.0,6057464,212,0.903280254854486,0.999999,3447.021233069814,0,-1
a,passive,affine,3.5,100,0.0,6057464,213,0.9986854090139502,0.999999,3444.515978509142,0,-1
a,passive,affine,3.5,100,0.0,6057464,214,-0.9898740225065175,0.9990336763244534,3442.1467460423723,1,284
a,passive,affine,3.5,100,0.0,6057464,215,0.9848559176062707,0.9999445779568427,3480.590513324879,0,-1
a,passive,affine,3.5,100,0.0,6057464,216,0.999999,0.999999,3480.0892108647695,0,-1
a,passive,affine,3.5,100,0.0,6057464,217,-0.9498771703895267,0.999999,3467.16881325698,1,389
a,passive,affine,3.5,100,0.0,6057464,218,0.999999,0.999999,3381.5642004063175,0,-1
a,passive,affine,3.5,100,0.0,6057464,219,-0.9590968601603392,0.9996757815163183,3467.5970138326425,1,278
a,passive,affine,3.5,100,0.0,6057464,220,0.999999,0.9994236842122666,3456.906453158756,0,-1
a,passive,affine,3.5,100,0.0,6057464,221,0.999999,0.9998989071550068,3472.7716829190676,0,-1
a,passive,affine,3.5,100,0.0,6057464,222,0.3668195389326706,0.6342167920631162,3467.2831809012437,1,299
a,passive,affine,3.5,100,0.0,6057464,223,0.9996676475177828,0.9998877087299872,3467.7650060446476,0,-1
a,passive,affine,3.5,100,0.0,6057464,224,0.999999,0.9999051878573604,3477.6433915008074,0,-1
a,passive,affine,3.5,100,0.0,6057464,225,0.9943065843839463,0.999999,3457.786522966833,0,-1
a,passive,affine,3.5,100,0.0,6057464,226,0.8643137947277245,0.9999190688201908,3421.6593461270636,1,345
a,passive,affine,3.5,100,0.0,6057464,227,0.9951367734894917,0.999999,3396.008986322975,0,-1
a,passive,affine,3.5,100,0.0,6057464,228,0.998742461751971,0.9975139149355984,3445.0610643450386,0,-1
a,passive,affine,3.5,100,0.0,6057464,229,0.9999357549116747,0.9996581429143311,3361.284681845991,0,-1
a,passive,affine,3.5,100,0.0,6057464,230,0.9988439265699643,0.9997556850778738,3468.392464517166,0,-1
a,passive,affine,3.5,100,0.0,6057464,231,-0.9991563039828495,0.9998842087030463,3450.711701686252,1,272
a,passive,affine,3.5,100,0.0,6057464,232,0.999999,0.999999,3471.626244020062,0,-1
a,passive,affine,3.5,100,0.0,6057464,233,-0.9011413096155233,0.999999,3478.4314008434458,1,302
a,passive,affine,3.5,100,0.0,6057464,234,0.9999118800520534,0.9999391396380118,3437.575915385338,0,-1
a,passive,affine,3.5,100,0.0,6057464,235,0.999999,0.9930567282693383,3469.6421990714475,0,-1
a,passive,affine,3.5,100,0.0,6057464,236,0.999999,0.999999,3450.3559211414386,0,-1
a,passive,affine,3.5,100,0.0,6057464,237,-0.9837897778690906,0.9912939580229176,3451.749166454058,1,279
a,passive,affine,3.5,100,0.0,6057464,238,0.9998157462011539,0.9998898735230483,3465.162977594898,0,-1
a,passive,affine,3.5,100,0.0,6057464,239,0.999809132503837,0.999999,3472.6516589427692,1,307
a,passive,affine,3.5,100,0.0,6057464,240,0.9999624419991812,0.9998013454222471,3464.0872505165935,0,-1
a,passive,affine,3.5,100,0.0,6057464,241,-0.9992279789476739,0.999999,3464.6868951131937,1,307
a,passive,affine,3.5,100,0.0,6057464,242,0.999999,0.999999,3458.4161066789297,0,-1
a,passive,affine,3.5,100,0.0,6057464,243,0.999999,0.9998524916785198,3478.105061761619,0,-1
a,passive,affine,3.5,100,0.0,6057464,244,0.9942293382635734,0.999999,3466.737326933961,0,-1
a,passive,affine,3.5,100,0.0,6057464,245,0.999999,0.7781489982543475,3451.5831994109567,0,-1
a,passive,affine,3.5,100,0.0,6057464,246,0.9998767140340474,0.9998089272501317,3481.5196375746873,0,-1
a,passive,affine,3.5,100,0.0,6057464,247,0.999999,0.999999,3441.2887027247675,0,-1
a,passive,affine,3.5,100,0.0,6057464,248,0.999999,0.9987950007636416,3459.198529840413,0,-1
a,passive,affine,3.5,100,0.0,6057464,249,0.999999,0.999999,3476.755595840221,0,-1
a,passive,affine,3.5,100,0.0,6057464,250,0.9987748695311855,0.999999,3441.1141471517753,0,-1
a,passive,affine,3.5,100,0.0,6057464,251,0.9946875586906904,0.999874854025875,3470.2654377111876,0,-1
a,passive,affine,3.5,100,0.0,6057464,252,0.9963126078715816,0.9933742059342022,3460.8501917255476,0,-1
a,passive,affine,3.5,100,0.0,6057464,253,0.999999,0.9999069550170963,3454.2383915061873,0,-1
a,passive,affine,3.5,100,0.0,6057464,254,0.9997457150844783,0.9720799054331228,3477.9238764602915,0,-1
a,passive,affine,3.5,100,0.0,6057464,255,0.9983560347811301,0.999999,3483.3224487013435,0,-1
a,passive,affine,3.5,100,0.0,6057464,256,0.999999,0.999999,3478.4418718624565,0,-1
a,passive,affine,3.5,100,0.0,6057464,257,-0.9973677583025478,0.999999,3441.098756850572,1,295
a,passive,affine,3.5,100,0.0,6057464,258,0.999999,0.9989367785467372,3481.472588859639,0,-1
a,passive,affine,3.5,100,0.0,6057464,259,0.999999,0.999999,3465.8172778598178,0,-1
a,passive,affine,3.5,100,0.0,6057464,260,0.999999,0.9953251922546906,3471.5150310415274,0,-1
a,passive,affine,3.5,100,0.0,6057464,261,0.9998431975368753,0.999999,3446.905000780702,0,-1
a,passive,affine,3.5,100,0.0,6057464,262,0.999999,0.999999,3481.4107361483775,0,-1
a,passive,affine,3.5,100,0.0,6057464,263,0.999999,0.9966487379287557,3458.026633095257,0,-1
a,passive,affine,3.5,100,0.0,6057464,264,0.9999936227686975,0.999999,3470.0852012872124,0,-1
a,passive,affine,3.5,100,0.0,6057464,265,0.999999,0.9600612723376148,3473.257775421561,0,-1
a,passive,affine,3.5,100,0.0,6057464,266,0.999999,0.9993695351470271,3472.7216211875025,0,-1
a,passive,affine,3.5,100,0.0,6057464,267,0.9997691111341919,0.999999,3482.036114559022,0,-1
a,passive,affine,3.5,100,0.0,6057464,268,-0.915176250446791,0.999999,3424.230828664187,1,270
a,passive,affine,3.5,100,0.0,6057464,269,0.9996301345741962,0.999999,3443.8689694207205,0,-1
a,passive,affine,3.5,100,0.0,6057464,270,0.9994392931668604,0.999999,3470.0949589420525,1,367
a,passive,affine,3.5,100,0.0,6057464,271,0.9998611169189124,0.9706301571656221,3471.6355290512956,0,-1
a,passive,affine,3.5,100,0.0,6057464,272,0.9965150131161317,0.9619088597273586,3468.3126083250822,0,-1
a,passive,affine,3.5,100,0.0,6057464,273,0.9996263042594556,0.999999,3454.2921610906114,0,-1
a,passive,affine,3.5,100,0.0,6057464,274,0.9958998165974399,0.336194120172822,3418.4038190815254,0,-1
a,passive,affine,3.5,100,0.0,6057464,275,0.999999,0.9966859905755496,3462.996919528059,0,-1
a,passive,affine,3.5,100,0.0,6057464,276,0.999727968746542,0.9999088452272925,3476.0013448374502,0,-1
a,passive,affine,3.5,100,0.0,6057464,277,0.999999,0.9975607449352356,3477.91565844876,0,-1
a,passive,affine,3.5,100,0.0,6057464,278,-0.9694669001157846,0.9018328341980443,3473.2194466140663,1,358
a,passive,affine,3.5,100,0.0,6057464,279,0.9999589480019049,0.9999719269348032,3466.464065455271,0,-1
a,passive,affine,3.5,100,0.0,6057464,280,0.999999,0.999999,3475.6517674685288,0,-1
a,passive,affine,3.5,100,0.0,6057464,281,0.9239963669326341,0.999999,3481.692073001656,0,-1
a,passive,affine,3.5,100,0.0,6057464,282,0.999999,0.9997765355202609,3466.227536555914,0,-1
a,passive,affine,3.5,100,0.0,6057464,283,0.993440605314098,0.999999,3478.304628609313,0,-1
a,passive,affine,3.5,100,0.0,6057464,284,0.999999,0.999999,3450.4868819225735,0,-1
a,passive,affine,3.5,100,0.0,6057464,285,0.9995825389330564,0.9999521667454818,3477.352771385073,0,-1
a,passive,affine,3.5,100,0.0,6057464,286,0.9999475006024844,0.999999,3472.64150810204,0,-1
a,passive,affine,3.5,100,0.0,6057464,287,-0.14814436139788062,0.9999535374458198,3484.2139169088387,1,282
a,passive,affine,3.5,100,0.0,6057464,288,0.999999,0.999999,3452.780985321275,0,-1
a,passive,affine,3.5,100,0.0,6057464,289,0.9999129097538645,0.999999,3471.4601660740746,0,-1
a,passive,affine,3.5,100,0.0,6057464,290,0.999999,0.8052306199660143,3476.1979420008333,0,-1
a,passive,affine,3.5,100,0.0,6057464,291,0.999999,0.9562524014398005,3472.550211576513,0,-1
a,passive,affine,3.5,100,0.0,6057464,292,0.9990645510083488,0.999999,3432.256850353858,0,-1
a,passive,affine,3.5,100,0.0,6057464,293,0.999999,0.9999058941534694,3469.154466149163,0,-1
a,passive,affine,3.5,100,0.0,6057464,294,0.8722652066590775,0.9953181912792101,3459.027290412915,0,-1
a,passive,affine,3.5,100,0.0,6057464,295,-0.9482404975151897,0.9999681454958979,3484.4629550009877,1,342
a,passive,affine,3.5,100,0.0,6057464,296,0.999999,0.998150413470045,3471.0401939060143,0,-1
a,passive,affine,3.5,100,0.0,6057464,297,0.999999,0.9998660578782499,3477.3053582767857,0,-1
a,passive,affine,3.5,100,0.0,6057464,298,0.999999,0.999999,3479.614520966894,0,-1
a,passive,affine,3.5,100,0.0,6057464,299,0.9975936899442265,0.9180753986664133,3478.924291569307,0,-1
a,passive,affine,3.5,100,0.0,6057464,300,0.999999,0.9994073215495601,3455.075440278983,0,-1
a,passive,affine,3.5,100,0.0,6057464,301,0.999999,0.9996357711410043,3478.0780122713404,0,-1
a,passive,affine,3.5,100,0.0,6057464,302,-0.9970560159782078,0.9950828547520566,3456.8913485055014,1,304
a,passive,affine,3.5,100,0.0,6057464,303,0.979139084746829,0.999999,3467.0550287265173,0,-1
a,passive,affine,3.5,100,0.0,6057464,304,0.999999,0.999999,3454.7818714396335,0,-1
a,passive,affine,3.5,100,0.0,6057464,305,0.9997639671169363,0.999999,3474.137804471575,0,-1
a,passive,affine,3.5,100,0.0,6057464,306,0.999999,0.9996871688190538,3471.2760582768337,0,-1
a,passive,affine,3.5,100,0.0,6057464,307,0.9974214479931964,0.9999288641759883,3465.694056074583,0,-1
a,passive,affine,3.5,100,0.0,6057464,308,0.9979971124257795,0.993706117392182,3455.591597251228,0,-1
a,passive,affine,3.5,100,0.0,6057464,309,0.999999,0.999999,3476.9861051788293,0,-1
a,passive,affine,3.5,100,0.0,6057464,310,-0.9973810244879061,0.999999,3458.112000470567,1,289
a,passive,affine,3.5,100,0.0,6057464,311,-0.6604747379370398,0.9968962483843672,3473.6906488441286,1,290
a,passive,affine,3.5,100,0.0,6057464,312,0.999999,0.999999,3459.9441641065414,0,-1
a,passive,affine,3.5,100,0.0,6057464,313,0.999234889182872,0.9955464683447945,3469.4458419438943,0,-1
a,passive,affine,3.5,100,0.0,6057464,314,0.9971431877160056,0.8996312330383008,3440.034879780846,0,-1
a,passive,affine,3.5,100,0.0,6057464,315,0.9999810760141803,0.999999,3464.760918050642,0,-1
a,passive,affine,3.5,100,0.0,6057464,316,-0.999999,0.9648619805551739,3484.424720424808,1,410
a,passive,affine,3.5,100,0.0,6057464,317,0.9785791052887745,0.9997922406585031,3478.63548531691,0,-1
a,passive,affine,3.5,100,0.0,6057464,318,0.999999,0.999999,3459.07318033199,0,-1
a,passive,affine,3.5,100,0.0,6057464,319,0.9943078787347616,0.9959678406833826,3459.808591830978,0,-1
a,passive,affine,3.5,100,0.0,6057464,320,0.8187696107688536,0.9998487543413456,3474.4417732701804,0,-1
a,passive,affine,3.5,100,0.0,6057464,321,0.9966470797200611,0.999999,3481.9154686413935,0,-1
a,passive,affine,3.5,100,0.0,6057464,322,0.9999112963998581,0.9998315385704782,3455.9604045120745,1,269
a,passive,affine,3.5,100,0.0,6057464,323,0.9676385277686994,0.9931790450059051,3472.544356612172,1,338
a,passive,affine,3.5,100,0.0,6057464,324,0.999999,0.999999,3474.162034532189,0,-1
a,passive,affine,3.5,100,0.0,6057464,325,0.9997116304561968,0.999999,3474.686368088246,0,-1
a,passive,affine,3.5,100,0.0,6057464,326,0.999999,0.999999,3470.6156373018734,0,-1
a,passive,affine,3.5,100,0.0,6057464,327,0.999999,0.999999,3456.5641008332263,0,-1
a,passive,affine,3.5,100,0.0,6057464,328,-0.9562508680593086,0.9999331166469757,3469.259201674655,1,291
a,passive,affine,3.5,100,0.0,6057464,329,0.999999,0.999999,3468.9728248569913,0,-1
a,passive,affine,3.5,100,0.0,6057464,330,0.9983018430811841,0.999999,3466.4311897104644,0,-1
a,passive,affine,3.5,100,0.0,6057464,331,0.999997190292494,0.9991004901027156,3461.6646049557403,0,-1
a,passive,affine,3.5,100,0.0,6057464,332,0.9996762472422517,0.8290915453452986,3434.1632171296633,0,-1
a,passive,affine,3.5,100,0.0,6057464,333,-0.982816619080975,0.999999,3479.104078821211,1,540
a,passive,affine,3.5,100,0.0,6057464,334,0.8861257495302667,0.999999,3445.9151968612573,0,-1
a,passive,affine,3.5,100,0.0,6057464,335,0.999999,0.99994315877855,3473.92684127449,0,-1
a,passive,affine,3.5,100,0.0,6057464,336,0.9960322907083878,0.9984083488352631,3452.202823090598,0,-1
a,passive,affine,3.5,100,0.0,6057464,337,0.999999,0.999999,3416.378353970512,0,-1
a,passive,affine,3.5,100,0.0,6057464,338,0.999999,0.9999956564487853,3463.7287417546045,0,-1
a,passive,affine,3.5,100,0.0,6057464,339,0.999877271591141,0.999999,3461.1665568521285,0,-1
a,passive,affine,3.5,100,0.0,6057464,340,-0.7519547608820318,0.9974421050886785,3468.0954900054912,1,371
a,passive,affine,3.5,100,0.0,6057464,341,0.9993786405326184,0.9964729265209519,3466.9523187564237,0,-1
a,passive,affine,3.5,100,0.0,6057464,342,0.999999,0.999999,3476.669553938752,0,-1
a,passive,affine,3.5,100,0.0,6057464,343,0.999999,0.9998055703735318,3477.674947438532,1,326
a,passive,affine,3.5,100,0.0,6057464,344,0.9945990945700218,0.9998445368211564,3472.9694614373525,0,-1
a,passive,affine,3.5,100,0.0,6057464,345,0.9952906982510213,0.7795075427479686,3463.972251795297,0,-1
a,passive,affine,3.5,100,0.0,6057464,346,-0.9969136392623331,0.999999,3484.4548642803097,1,358
a,passive,affine,3.5,100,0.0,6057464,347,0.999999,0.999999,3459.6265635602194,0,-1
a,passive,affine,3.5,100,0.0,6057464,348,0.9989105677930589,0.9960313147286477,3473.301190302318,0,-1
a,passive,affine,3.5,100,0.0,6057464,349,0.999999,0.9986419021935531,3471.1949932109123,0,-1
a,passive,affine,3.5,100,0.0,6057464,350,0.999999,0.9997246985174262,3480.7902944290418,0,-1
a,passive,affine,3.5,100,0.0,6057464,351,0.999999,0.9976617301062017,3479.622976199459,1,298
a,passive,affine,3.5,100,0.0,6057464,352,0.9997137912262639,0.999858013587318,3479.064502943929,0,-1
a,passive,affine,3.5,100,0.0,6057464,353,0.9999967415535089,0.9918042831267009,3409.8644545329316,0,-1
a,passive,affine,3.5,100,0.0,6057464,354,-0.9950447941190462,0.9999195730488802,3477.1279984977846,1,298
a,passive,affine,3.5,100,0.0,6057464,355,0.999999,0.999999,3464.6636014326855,0,-1
a,passive,affine,3.5,100,0.0,6057464,356,0.999999,0.9949522465579775,3432.7365094237466,0,-1
a,passive,affine,3.5,100,0.0,6057464,357,-0.9696848534704855,0.9984915321277306,3474.0935020324728,1,347
a,passive,affine,3.5,100,0.0,6057464,358,0.9998257074571509,0.9994460475826193,3461.7940547183334,0,-1
a,passive,affine,3.5,100,0.0,6057464,359,0.999999,0.999999,3480.332264872694,0,-1
a,passive,affine,3.5,100,0.0,6057464,360,0.9998133462396253,0.9912236508518772,3438.5002820937475,0,-1
a,passive,affine,3.5,100,0.0,6057464,361,0.8908442714910667,0.9823463294717593,3438.4521481528946,0,-1
a,passive,affine,3.5,100,0.0,6057464,362,0.999999,0.9543165524519883,3455.8286834827572,0,-1
a,passive,affine,3.5,100,0.0,6057464,363,0.9896131611872041,0.999999,3478.6636632063605,0,-1
a,passive,affine,3.5,100,0.0,6057464,364,0.9970393125515342,0.999999,3432.6272839973794,0,-1
a,passive,affine,3.5,100,0.0,6057464,365,0.999999,0.999999,3463.023881431731,1,399
a,passive,affine,3.5,100,0.0,6057464,366,0.9577003206390027,0.8355907101394977,3478.334409223532,0,-1
a,passive,affine,3.5,100,0.0,6057464,367,0.9965166411678799,0.9998843377712425,3470.053765103166,0,-1
a,passive,affine,3.5,100,0.0,6057464,368,0.999999,0.999999,3457.1039363546793,0,-1
a,passive,affine,3.5,100,0.0,6057464,369,0.999999,0.9999796136620275,3479.634416347021,0,-1
a,passive,affine,3.5,100,0.0,6057464,370,0.8162345441763685,0.9948948032192405,3472.75058670005,0,-1
a,passive,affine,3.5,100,0.0,6057464,371,0.999999,0.9908696021527051,3453.9551540528805,0,-1
a,passive,affine,3.5,100,0.0,6057464,372,0.9998760024463376,0.9980840938169656,3455.7937431748765,0,-1
a,passive,affine,3.5,100,0.0,6057464,373,0.999999,0.999999,3427.467627800086,0,-1
a,passive,affine,3.5,100,0.0,6057464,374,-0.9837250124355565,0.9997309913505746,3436.3738164769748,1,302
a,passive,affine,3.5,100,0.0,6057464,375,0.9995687866217946,0.9855617181251447,3465.120870602029,0,-1
a,passive,affine,3.5,100,0.0,6057464,376,0.999999,0.9677857631317863,3433.127552044787,0,-1
a,passive,affine,3.5,100,0.0,6057464,377,-0.937795639690016,0.999999,3457.96139044621,1,441
a,passive,affine,3.5,100,0.0,6057464,378,0.9829248780416375,0.999999,3479.060534933258,0,-1
a,passive,affine,3.5,100,0.0,6057464,379,0.999999,0.999999,3467.965105958142,0,-1
a,passive,affine,3.5,100,0.0,6057464,380,-0.9126198626195607,0.999999,3454.089346768986,1,303
a,passive,affine,3.5,100,0.0,6057464,381,-0.9975349743127032,0.999999,3457.675799736776,1,344
a,passive,affine,3.5,100,0.0,6057464,382,0.999999,0.999999,3450.0674216967604,0,-1
a,passive,affine,3.5,100,0.0,6057464,383,0.9156026101247217,0.999999,3474.604492102425,0,-1
a,passive,affine,3.5,100,0.0,6057464,384,0.9044258062798511,0.999999,3430.6667970706762,1,336
a,passive,affine,3.5,100,0.0,6057464,385,-0.8349026467982298,0.881359285412796,3479.819448246713,1,362
a,passive,affine,3.5,100,0.0,6057464,386,0.9961502327137446,0.9982732830686356,3397.854655135943,0,-1
a,passive,affine,3.5,100,0.0,6057464,387,0.999999,0.865340740757788,3451.0211676495037,0,-1
a,passive,affine,3.5,100,0.0,6057464,388,0.9817442093372797,0.9775563579078903,3457.218070318361,0,-1
a,passive,affine,3.5,100,0.0,6057464,389,0.9996280860240886,0.9980095501096053,3477.3566450672965,0,-1
a,passive,affine,3.5,100,0.0,6057464,390,-0.9925297067619965,0.7499572735177822,3462.278116605966,1,318
a,passive,affine,3.5,100,0.0,6057464,391,0.9998911009596942,0.999999,3463.8614083573952,0,-1
a,passive,affine,3.5,100,0.0,6057464,392,0.9909283162542825,0.9998372734699311,3453.8677804534236,1,299
a,passive,affine,3.5,100,0.0,6057464,393,0.9998143044866696,0.999738866624486,3479.077497721409,0,-1
a,passive,affine,3.5,100,0.0,6057464,394,0.999999,0.9999165676914255,3449.6687625518753,0,-1
a,passive,affine,3.5,100,0.0,6057464,395,0.8446504471527003,0.9538042233219802,3433.9480033893838,0,-1
a,passive,affine,3.5,100,0.0,6057464,396,0.996516854372127,0.999999,3485.050002597145,0,-1
a,passive,affine,3.5,100,0.0,6057464,397,0.999999,0.9943344170140028,3477.0597442948274,0,-1
a,passive,affine,3.5,100,0.0,6057464,398,0.9963565367371162,0.999999,3455.256702320434,0,-1
a,passive,affine,3.5,100,0.0,6057464,399,-0.8742383314967296,0.999999,3461.450173084374,1,302
a,passive,affine,3.5,100,0.0,6057464,400,0.9753970610095833,0.999999,3465.686710449684,0,-1
a,passive,affine,3.5,100,0.0,6057464,401,0.9997682209912294,0.9999229560368217,3471.1632115999296,0,-1
a,passive,affine,3.5,100,0.0,6057464,402,0.9998577258125336,0.999999,3480.157945768678,0,-1
a,passive,affine,3.5,100,0.0,6057464,403,0.999999,0.9977193073030013,3471.311913264512,0,-1
a,passive,affine,3.5,100,0.0,6057464,404,0.999999,0.9941159149955722,3463.6884753098357,0,-1
a,passive,affine,3.5,100,0.0,6057464,405,0.9992930215395008,0.9988540417062234,3463.5026740547664,0,-1
a,passive,affine,3.5,100,0.0,6057464,406,0.9807842451052208,0.999999,3484.23338503905,0,-1
a,passive,affine,3.5,100,0.0,6057464,407,0.999999,0.999999,3381.702029218526,0,-1
a,passive,affine,3.5,100,0.0,6057464,408,0.999999,0.999999,3466.484496242058,0,-1
a,passive,affine,3.5,100,0.0,6057464,409,0.9993818252004941,0.999999,3477.6531679528603,0,-1
a,passive,affine,3.5,100,0.0,6057464,410,0.9998909530945518,0.9770464815710653,3436.1827876702314,0,-1
a,passive,affine,3.5,100,0.0,6057464,411,0.999999,0.9999876944159073,3438.23044656668,1,283
a,passive,affine,3.5,100,0.0,6057464,412,0.999999,0.9981074686686399,3469.7264760117328,0,-1
a,passive,affine,3.5,100,0.0,6057464,413,-0.999999,0.999999,3473.2303641576486,1,670
a,passive,affine,3.5,100,0.0,6057464,414,0.99992889863427,0.999999,3360.1571984003517,0,-1
a,passive,affine,3.5,100,0.0,6057464,415,-0.999999,0.999517990429055,3475.308125312411,1,392
a,passive,affine,3.5,100,0.0,6057464,416,0.999999,0.9999552535694892,3469.796828474347,0,-1
a,passive,affine,3.5,100,0.0,6057464,417,0.999999,0.999999,3462.177388234719,0,-1
a,passive,affine,3.5,100,0.0,6057464,418,0.9999816984774009,0.999999,3462.980998914376,0,-1
a,passive,affine,3.5,100,0.0,6057464,419,0.999999,0.9755295042672923,3467.4215671318434,0,-1
a,passive,affine,3.5,100,0.0,6057464,420,0.999999,0.999999,3466.1248117522227,0,-1
a,passive,affine,3.5,100,0.0,6057464,421,0.999999,0.9939180458374619,3451.8674498807795,1,327
a,passive,affine,3.5,100,0.0,6057464,422,0.999999,0.9830484836324878,3471.1001639996252,0,-1
a,passive,affine,3.5,100,0.0,6057464,423,0.9998318429566772,0.9899105531023465,3449.9970860517,0,-1
a,passive,affine,3.5,100,0.0,6057464,424,-0.9970289357253236,0.9999156143662199,3450.3062174911743,1,331
a,passive,affine,3.5,100,0.0,6057464,425,0.999999,0.9999481810760301,3485.191624028246,0,-1
a,passive,affine,3.5,100,0.0,6057464,426,0.999999,0.9999284042760151,3442.8943632821856,0,-1
a,passive,affine,3.5,100,0.0,6057464,427,0.9623039226588633,0.999999,3455.317101380027,0,-1
a,passive,affine,3.5,100,0.0,6057464,428,-0.9860286084693883,0.999999,3468.632772895462,1,292
a,passive,affine,3.5,100,0.0,6057464,429,0.999999,0.9997533080327835,3475.024725495425,0,-1
a,passive,affine,3.5,100,0.0,6057464,430,0.999999,0.9669407555001049,3450.348063736825,0,-1
a,passive,affine,3.5,100,0.0,6057464,431,0.999999,0.998472377059903,3475.370799665583,0,-1
a,passive,affine,3.5,100,0.0,6057464,432,0.9998273542735957,0.9919124565307645,3477.719104197249,0,-1
a,passive,affine,3.5,100,0.0,6057464,433,0.9998949892760337,0.9999553732108054,3473.4500435050986,0,-1
a,passive,affine,3.5,100,0.0,6057464,434,-0.5923262837737318,0.999999,3430.852396549925,1,299
a,passive,affine,3.5,100,0.0,6057464,435,0.9998229698773659,0.999999,3451.032314298518,0,-1
a,passive,affine,3.5,100,0.0,6057464,436,0.920087338092694,0.9982787812759296,3453.083067465399,1,306
a,passive,affine,3.5,100,0.0,6057464,437,0.9994162660896803,0.999999,3473.987401510715,0,-1
a,passive,affine,3.5,100,0.0,6057464,438,0.999999,0.999999,3440.3144416924047,0,-1
a,passive,affine,3.5,100,0.0,6057464,439,0.999999,0.999999,3452.886322886629,0,-1
a,passive,affine,3.5,100,0.0,6057464,440,-0.9973265706651614,0.999999,3459.563910316536,1,298
a,passive,affine,3.5,100,0.0,6057464,441,0.9881417628910938,0.9993992058123787,3472.7206047488085,0,-1
a,passive,affine,3.5,100,0.0,6057464,442,0.999882034474437,0.9966481468293273,3458.5143332416465,0,-1
a,passive,affine,3.5,100,0.0,6057464,443,0.9999557301583014,0.9999858417696738,3457.272967634768,0,-1
a,passive,affine,3.5,100,0.0,6057464,444,0.9998711756495188,0.9972764421460306,3453.7912667385967,1,295
a,passive,affine,3.5,100,0.0,6057464,445,0.999999,0.9999798046410089,3443.382449749253,0,-1
a,passive,affine,3.5,100,0.0,6057464,446,-0.9989588925166151,0.9999366738582921,3456.352305456376,1,498
a,passive,affine,3.5,100,0.0,6057464,447,0.9969599906146688,0.9997930896675947,3461.0904132295764,0,-1
a,passive,affine,3.5,100,0.0,6057464,448,0.999999,0.9998812931624782,3478.388502326879,0,-1
a,passive,affine,3.5,100,0.0,6057464,449,0.9958760029877594,0.999999,3473.848289560499,0,-1
a,passive,affine,3.5,100,0.0,6057464,450,0.9997579639595191,0.9986100201860761,3447.4854121386647,0,-1
a,passive,affine,3.5,100,0.0,6057464,451,0.9998456170735412,0.9998386740831506,3458.3989068892442,0,-1
a,passive,affine,3.5,100,0.0,6057464,452,-0.945985143178306,0.9999736474270089,3465.738890138287,1,291
a,passive,affine,3.5,100,0.0,6057464,453,0.999999,0.9856242511868151,3470.0394188031914,0,-1
a,passive,affine,3.5,100,0.0,6057464,454,0.999999,0.9999330539662928,3460.998564960998,0,-1
a,passive,affine,3.5,100,0.0,6057464,455,0.9995611667592169,0.9998255989714369,3477.188767704221,0,-1
a,passive,affine,3.5,100,0.0,6057464,456,-0.9993870548598501,0.9999354417407103,3458.8518023283696,1,496
a,passive,affine,3.5,100,0.0,6057464,457,0.999999,0.9499194315407267,3472.64074941354,0,-1
a,passive,affine,3.5,100,0.0,6057464,458,0.9734569089820602,0.9999518473716005,3457.1917766054726,0,-1
a,passive,affine,3.5,100,0.0,6057464,459,0.999999,0.999999,3484.1828351273043,0,-1
a,passive,affine,3.5,100,0.0,6057464,460,0.999999,0.9927541076133015,3468.2582928154266,0,-1
a,passive,affine,3.5,100,0.0,6057464,461,0.93184240805942,0.9972965406221651,3486.258570866844,0,-1
a,passive,affine,3.5,100,0.0,6057464,462,0.999999,0.9998686464394091,3467.077070774301,0,-1
a,passive,affine,3.5,100,0.0,6057464,463,0.869928113086819,0.9999472817766961,3474.3566645353458,0,-1
a,passive,affine,3.5,100,0.0,6057464,464,0.999999,0.921816312451258,3465.8833962266376,0,-1
a,passive,affine,3.5,100,0.0,6057464,465,0.856430273859744,0.999999,3430.5423691650185,0,-1
a,passive,affine,3.5,100,0.0,6057464,466,0.9878005565493263,0.9987208969688359,3432.537623376831,0,-1
a,passive,affine,3.5,100,0.0,6057464,467,-0.9792716746696387,0.999999,3439.3902232100977,1,279
a,passive,affine,3.5,100,0.0,6057464,468,0.999999,0.9998902845355792,3452.8565173603,0,-1
a,passive,affine,3.5,100,0.0,6057464,469,0.999999,0.9999229029208004,3482.142178064092,0,-1
a,passive,affine,3.5,100,0.0,6057464,470,0.999819903824528,0.9998370698916171,3485.014743145712,0,-1
a,passive,affine,3.5,100,0.0,6057464,471,-0.9954373916708665,0.9999246860303084,3460.0683293766506,1,297
a,passive,affine,3.5,100,0.0,6057464,472,0.9998243255659144,0.999999,3457.4090828138064,0,-1
a,passive,affine,3.5,100,0.0,6057464,473,0.9992893701609208,0.999999,3458.682522942935,0,-1
a,passive,affine,3.5,100,0.0,6057464,474,0.9999280033120622,0.999999,3469.0075441973277,0,-1
a,passive,affine,3.5,100,0.0,6057464,475,0.9993095294725894,0.9938545013595191,3435.3217663891564,0,-1
a,passive,affine,3.5,100,0.0,6057464,476,0.973045810313502,0.9988540043494608,3478.1059723905105,0,-1
a,passive,affine,3.5,100,0.0,6057464,477,0.999999,0.9215675075947616,3460.9948561767274,0,-1
a,passive,affine,3.5,100,0.0,6057464,478,0.999991800443045,0.999999,3467.9752912602803,0,-1
a,passive,affine,3.5,100,0.0,6057464,479,0.9734847344675167,0.9999482692667921,3456.7578835668446,0,-1
a,passive,affine,3.5,100,0.0,6057464,480,-0.9772901598718692,0.8382828633266063,3465.1363999832333,1,309
a,passive,affine,3.5,100,0.0,6057464,481,0.9998919641403825,0.9666772728860566,3445.6556543125635,0,-1
a,passive,affine,3.5,100,0.0,6057464,482,0.999999,0.999999,3464.4671802195994,0,-1
a,passive,affine,3.5,100,0.0,6057464,483,0.9530738750270579,0.999999,3463.2602105125643,0,-1
a,passive,affine,3.5,100,0.0,6057464,484,-0.9916189372959074,0.9971970773231454,3448.887802706081,1,321
a,passive,affine,3.5,100,0.0,6057464,485,0.999999,0.999999,3465.389399851035,0,-1
a,passive,affine,3.5,100,0.0,6057464,486,0.9999942806551017,0.9999329924861705,3410.485589925137,0,-1
a,passive,affine,3.5,100,0.0,6057464,487,0.999999,0.9971725303455162,3468.6162816449523,0,-1
a,passive,affine,3.5,100,0.0,6057464,488,0.9993936545093154,0.99845585675184,3445.8074322722136,0,-1
a,passive,affine,3.5,100,0.0,6057464,489,0.999960089110872,0.9108914098360165,3455.454085020065,0,-1
a,passive,affine,3.5,100,0.0,6057464,490,0.999999,0.9689160664416324,3448.5806194122806,0,-1
a,passive,affine,3.5,100,0.0,6057464,491,0.9987947554401574,0.999999,3466.1285396797152,0,-1
a,passive,affine,3.5,100,0.0,6057464,492,0.9749157848346198,0.9999565863168233,3463.9077630296674,0,-1
a,passive,affine,3.5,100,0.0,6057464,493,0.999999,0.9890463459127223,3479.081004496077,0,-1
a,passive,affine,3.5,100,0.0,6057464,494,0.9589815252628677,0.9951220539952023,3483.1049612685156,0,-1
a,passive,affine,3.5,100,0.0,6057464,495,0.999999,0.999999,3482.771729215683,0,-1
a,passive,affine,3.5,100,0.0,6057464,496,0.9668357961392763,0.999999,3469.1147072082754,0,-1
a,passive,affine,3.5,100,0.0,6057464,497,0.9987835052453099,0.9995278591739706,3465.981965444489,0,-1
a,passive,affine,3.5,100,0.0,6057464,498,0.999999,0.9999950884025448,3467.5532924004283,0,-1
a,passive,affine,3.5,100,0.0,6057464,499,0.9975712312984336,0.9956231835005734,3475.0154655192373,0,-1
a,passive,affine,3.5,100,0.0,6057464,500,0.9998233626995665,0.9849804293647283,3458.890050342012,0,-1
a,passive,affine,3.5,100,0.0,6057464,501,0.9360828600013797,0.9980633491690846,3468.6076177087625,1,293
a,passive,affine,3.5,100,0.0,6057464,502,0.9813711392275287,0.9840608876645794,3439.142333401579,0,-1
a,passive,affine,3.5,100,0.0,6057464,503,0.8584425862822745,0.9991912401728904,3476.3874101239876,0,-1
a,passive,affine,3.5,100,0.0,6057464,504,0.999999,0.999999,3440.00021967502,0,-1
a,passive,affine,3.5,100,0.0,6057464,505,0.9937136470338829,0.999999,3478.8558432694936,0,-1
a,passive,affine,3.5,100,0.0,6057464,506,0.999999,0.7012012162424875,3386.9536604183363,0,-1
a,passive,affine,3.5,100,0.0,6057464,507,0.999999,0.999999,3470.2380748644478,0,-1
a,passive,affine,3.5,100,0.0,6057464,508,0.999999,0.999999,3481.6426706029783,0,-1
a,passive,affine,3.5,100,0.0,6057464,509,0.9037851809114485,0.999999,3441.9707302001584,0,-1
a,passive,affine,3.5,100,0.0,6057464,510,-0.9862563991330584,0.999952135673281,3465.0973676425915,1,441
a,passive,affine,3.5,100,0.0,6057464,511,0.9722003332064585,0.9996141457802332,3471.0951201170787,1,309
a,passive,affine,3.5,100,0.0,6057464,512,0.9807521084080816,0.999999,3479.3377477231875,0,-1
a,passive,affine,3.5,100,0.0,6057464,513,0.9154503795106127,0.999999,3424.7927572413246,1,287
a,passive,affine,3.5,100,0.0,6057464,514,0.9999246879166286,0.9999581354296343,3472.1399756205838,0,-1
a,passive,affine,3.5,100,0.0,6057464,515,0.982722963125234,0.999999,3481.9210374130244,0,-1
a,passive,affine,3.5,100,0.0,6057464,516,0.9999002612440839,0.999999,3477.0963391436867,0,-1
a,passive,affine,3.5,100,0.0,6057464,517,0.999999,0.999999,3468.8092209338156,0,-1
a,passive,affine,3.5,100,0.0,6057464,518,0.999999,0.9999871721208,3465.8589670723086,0,-1
a,passive,affine,3.5,100,0.0,6057464,519,-0.8621486321300682,0.9722691978258922,3455.025796383189,1,337
a,passive,affine,3.5,100,0.0,6057464,520,0.999999,0.999999,3469.0165214341855,0,-1
a,passive,affine,3.5,100,0.0,6057464,521,0.9953123633767662,0.9853950532620028,3466.5840937605753,0,-1
a,passive,affine,3.5,100,0.0,6057464,522,0.999999,0.999999,3441.9188401722818,0,-1
a,passive,affine,3.5,100,0.0,6057464,523,0.9999942844157793,0.8863224615772155,3476.0543594807773,0,-1
a,passive,affine,3.5,100,0.0,6057464,524,0.9918475704677923,0.9989457010653593,3467.266214325588,1,343
a,passive,affine,3.5,100,0.0,6057464,525,0.999999,0.999999,3477.2927286707863,0,-1
a,passive,affine,3.5,100,0.0,6057464,526,0.9514108666387794,0.999999,3461.7251893762614,0,-1
a,passive,affine,3.5,100,0.0,6057464,527,0.9903041670014662,0.9996680952031993,3444.6403771242963,0,-1
a,passive,affine,3.5,100,0.0,6057464,528,0.999999,0.9995759568721793,3469.1671551855857,0,-1
a,passive,affine,3.5,100,0.0,6057464,529,0.9973530205248567,0.9937325430920048,3468.157870380078,0,-1
a,passive,affine,3.5,100,0.0,6057464,530,0.999999,0.9992007646556977,3438.9729791637296,0,-1
a,passive,affine,3.5,100,0.0,6057464,531,-0.999999,0.999999,3436.778359799281,1,311
a,passive,affine,3.5,100,0.0,6057464,532,0.999999,0.9987408746956554,3476.9864440846814,0,-1
a,passive,affine,3.5,100,0.0,6057464,533,-0.9646204060151997,0.998438484706145,3470.4591208366264,1,395
a,passive,affine,3.5,100,0.0,6057464,534,0.999999,0.9999447865626541,3470.5440881809586,0,-1
a,passive,affine,3.5,100,0.0,6057464,535,0.999999,0.9923272733274656,3473.0302347391585,0,-1
a,passive,affine,3.5,100,0.0,6057464,536,0.983514542672025,0.999999,3478.839032944704,0,-1
a,passive,affine,3.5,100,0.0,6057464,537,0.999999,0.9998776970549561,3466.63343939537,0,-1
a,passive,affine,3.5,100,0.0,6057464,538,-0.9967492211342056,0.9998127881485406,3461.364806271921,1,290
a,passive,affine,3.5,100,0.0,6057464,539,0.9997977203191674,0.9999718171458306,3433.3796886063847,0,-1
a,passive,affine,3.5,100,0.0,6057464,540,0.9982818562151625,0.999999,3476.8983771498424,0,-1
a,passive,affine,3.5,100,0.0,6057464,541,-0.22110607951506875,0.999999,3475.2842541053938,1,299
a,passive,affine,3.5,100,0.0,6057464,542,0.9992783773586715,0.9761540122851718,3467.7736419092353,0,-1
a,passive,affine,3.5,100,0.0,6057464,543,0.9948231542351067,0.9900126186061776,3477.4267911154843,0,-1
a,passive,affine,3.5,100,0.0,6057464,544,0.999999,0.999999,3465.6599783546176,0,-1
a,passive,affine,3.5,100,0.0,6057464,545,0.8355853623339697,0.999999,3481.030021180699,0,-1
a,passive,affine,3.5,100,0.0,6057464,546,0.9997287647603135,0.9969178916406042,3439.553038181614,0,-1
a,passive,affine,3.5,100,0.0,6057464,547,0.9817116767425458,0.999999,3460.752708753372,0,-1
a,passive,affine,3.5,100,0.0,6057464,548,0.9547868433938806,0.999999,3470.7650020102587,0,-1
a,passive,affine,3.5,100,0.0,6057464,549,0.9964824732128906,0.9999134086739621,3481.595818863738,0,-1
a,passive,affine,3.5,100,0.0,6057464,550,0.9995000224838658,0.999999,3482.685776380169,0,-1
a,passive,affine,3.5,100,0.0,6057464,551,0.999999,0.9996716222124734,3466.9397047521757,0,-1
a,passive,affine,3.5,100,0.0,6057464,552,0.995516158058248,0.999999,3477.2596661604334,1,345
a,passive,affine,3.5,100,0.0,6057464,553,0.9998428312079167,0.9992277766792647,3447.9464340133163,0,-1
a,passive,affine,3.5,100,0.0,6057464,554,0.9998555867200664,0.9999753019032989,3474.99690385155,0,-1
a,passive,affine,3.5,100,0.0,6057464,555,0.9998465435382128,0.999999,3465.5517115293032,0,-1
a,passive,affine,3.5,100,0.0,6057464,556,-0.999999,0.8983544237921066,3466.935473522662,1,338
a,passive,affine,3.5,100,0.0,6057464,557,0.9999097081174255,0.9997933801755162,3468.0576238612834,0,-1
a,passive,affine,3.5,100,0.0,6057464,558,0.999999,0.9998782094682688,3455.6595100791446,0,-1
a,passive,affine,3.5,100,0.0,6057464,559,0.9997761269163613,0.9472095955351562,3453.0227298811837,0,-1
a,passive,affine,3.5,100,0.0,6057464,560,0.9942999916231237,0.9945259489271749,3429.5460555953205,0,-1
a,passive,affine,3.5,100,0.0,6057464,561,0.999999,0.999999,3442.452496471646,0,-1
a,passive,affine,3.5,100,0.0,6057464,562,0.999999,0.9483526477493338,3458.2078426209137,0,-1
a,passive,affine,3.5,100,0.0,6057464,563,-0.9933256029258267,0.9998418711405198,3469.2764085053473,1,381
a,passive,affine,3.5,100,0.0,6057464,564,0.999981719363809,0.999999,3482.173644329092,0,-1
a,passive,affine,3.5,100,0.0,6057464,565,0.999999,0.999820572958502,3465.887639178113,0,-1
a,passive,affine,3.5,100,0.0,6057464,566,0.999999,0.999999,3470.75888108307,0,-1
a,passive,affine,3.5,100,0.0,6057464,567,0.999999,0.999999,3478.3438371852,0,-1
a,passive,affine,3.5,100,0.0,6057464,568,0.9996760088044861,0.9999086741657879,3482.43267520073,0,-1
a,passive,affine,3.5,100,0.0,6057464,569,0.8823297193764912,0.9535210193291539,3462.477687133484,0,-1
a,passive,affine,3.5,100,0.0,6057464,570,0.999999,0.9999891483921944,3468.3911142231377,0,-1
a,passive,affine,3.5,100,0.0,6057464,571,0.999999,0.999999,3478.5181645573794,0,-1
a,passive,affine,3.5,100,0.0,6057464,572,0.9941290534762955,0.9997631763836236,3468.8609704857763,0,-1
a,passive,affine,3.5,100,0.0,6057464,573,0.999999,0.999999,3489.3271518442266,0,-1
a,passive,affine,3.5,100,0.0,6057464,574,-0.8795820774786338,0.999999,3476.538984571437,1,311
a,passive,affine,3.5,100,0.0,6057464,575,0.999999,0.999999,3471.9921763002785,0,-1
a,passive,affine,3.5,100,0.0,6057464,576,0.999999,0.986468607204481,3443.2614209989815,1,333
a,passive,affine,3.5,100,0.0,6057464,577,0.999999,0.9999512931924329,3428.698892496317,1,413
a,passive,affine,3.5,100,0.0,6057464,578,0.9996538874383049,0.9993559136871003,3477.664239080416,0,-1
a,passive,affine,3.5,100,0.0,6057464,579,0.9883931327475807,0.9971602130493793,3456.930947144696,0,-1
a,passive,affine,3.5,100,0.0,6057464,580,0.9998774467756754,0.9026683202189186,3477.957390261366,0,-1
a,passive,affine,3.5,100,0.0,6057464,581,0.9992551678177413,0.9989000206420989,3462.1333371855003,1,292
a,passive,affine,3.5,100,0.0,6057464,582,0.9998927015637247,0.9998417568563529,3445.2419847843594,0,-1
a,passive,affine,3.5,100,0.0,6057464,583,0.999999,0.999999,3485.655649757741,0,-1
a,passive,affine,3.5,100,0.0,6057464,584,0.999778439931346,0.999926847664161,3463.4581543681766,0,-1
a,passive,affine,3.5,100,0.0,6057464,585,0.9999878561917922,0.999999,3403.297525494876,0,-1
a,passive,affine,3.5,100,0.0,6057464,586,0.9999917450044491,0.9998637033524447,3455.594761567603,0,-1
a,passive,affine,3.5,100,0.0,6057464,587,0.9999030626231621,0.999999,3443.5295553896813,0,-1
a,passive,affine,3.5,100,0.0,6057464,588,0.999999,0.999999,3472.6861570474703,0,-1
a,passive,affine,3.5,100,0.0,6057464,589,0.999999,0.9999464566981946,3435.482086942648,1,299
a,passive,affine,3.5,100,0.0,6057464,590,0.8043686105489721,0.999999,3458.679557341437,0,-1
a,passive,affine,3.5,100,0.0,6057464,591,-0.9972683447394478,0.989230813065852,3471.167871382461,1,325
a,passive,affine,3.5,100,0.0,6057464,592,0.9996816614345747,0.9861442638053968,3473.0327029832897,0,-1
a,passive,affine,3.5,100,0.0,6057464,593,0.9928418765737387,0.9963753410174551,3474.356831193978,0,-1
a,passive,affine,3.5,100,0.0,6057464,594,0.999999,0.999999,3466.018538652871,0,-1
a,passive,affine,3.5,100,0.0,6057464,595,0.9996867770436874,0.999999,3457.1274122890654,1,365
a,passive,affine,3.5,100,0.0,6057464,596,0.9606875446571285,0.9600022028340813,3470.976581798384,0,-1
a,passive,affine,3.5,100,0.0,6057464,597,0.9052767414689417,0.999884723124589,3415.271391400835,0,-1
a,passive,affine,3.5,100,0.0,6057464,598,0.999999,0.9981767691104663,3476.1652924201426,0,-1
a,passive,affine,3.5,100,0.0,6057464,599,0.9722149777304054,0.999999,3462.7798249601096,0,-1
a,passive,affine,3.5,100,0.0,6057464,600,0.9990800330686553,0.9930713808016832,3447.7808348100343,0,-1
a,passive,affine,3.5,100,0.0,6057464,601,0.999999,0.999999,3459.3646518865016,0,-1
a,passive,affine,3.5,100,0.0,6057464,602,0.9998165873303837,0.9989155155203763,3460.402389479907,0,-1
a,passive,affine,3.5,100,0.0,6057464,603,0.9999084174447028,0.999999,3479.9776870977826,0,-1
a,passive,affine,3.5,100,0.0,6057464,604,0.999999,0.9998717088888659,3470.4264082399327,0,-1
a,passive,affine,3.5,100,0.0,6057464,605,0.99456411495264,0.9996043241605319,3462.50611338717,0,-1
a,passive,affine,3.5,100,0.0,6057464,606,0.999999,0.8564577883486258,3452.6370990616165,0,-1
a,passive,affine,3.5,100,0.0,6057464,607,0.9956822657103386,0.9994945256838771,3464.4261356020916,0,-1
a,passive,affine,3.5,100,0.0,6057464,608,0.9993053187131926,0.9883276612512781,3443.748377948311,0,-1
a,passive,affine,3.5,100,0.0,6057464,609,0.9970107070310115,0.9999162634368481,3390.1491316023053,0,-1
a,passive,affine,3.5,100,0.0,6057464,610,0.9991127377705716,0.9634761685862684,3417.877476184151,0,-1
a,passive,affine,3.5,100,0.0,6057464,611,0.9999371025418486,0.999999,3478.5054643044164,0,-1
a,passive,affine,3.5,100,0.0,6057464,612,0.999999,0.9998582693875337,3428.408258971681,0,-1
a,passive,affine,3.5,100,0.0,6057464,613,0.999999,0.9999462793110149,3466.816419933309,0,-1
a,passive,affine,3.5,100,0.0,6057464,614,0.999889760873354,0.999832418678007,3474.689075616033,0,-1
a,passive,affine,3.5,100,0.0,6057464,615,0.9999700657318837,0.999999,3455.6144488663294,0,-1
a,passive,affine,3.5,100,0.0,6057464,616,0.9998270412454863,0.999999,3481.8320027263953,0,-1
a,passive,affine,3.5,100,0.0,6057464,617,0.9918225027203563,0.9976503890103264,3466.601929558579,0,-1
a,passive,affine,3.5,100,0.0,6057464,618,0.999999,0.9982501956280551,3455.2076834309755,0,-1
a,passive,affine,3.5,100,0.0,6057464,619,0.9978279626895004,0.999999,3467.677271338314,0,-1
a,passive,affine,3.5,100,0.0,6057464,620,0.999999,0.9965192746370135,3478.8809480767327,0,-1
a,passive,affine,3.5,100,0.0,6057464,621,0.9991875878728318,0.999999,3457.353755029389,0,-1
a,passive,affine,3.5,100,0.0,6057464,622,0.999999,0.9997957190609486,3471.743724475362,0,-1
a,passive,affine,3.5,100,0.0,6057464,623,0.99927442369203,0.9987584309381002,3471.9831843453253,0,-1
a,passive,affine,3.5,100,0.0,6057464,624,0.9999068336236514,0.999999,3419.4824107853333,0,-1
a,passive,affine,3.5,100,0.0,6057464,625,-0.8996425094158829,0.913391705120359,3477.3769934302936,1,301
a,passive,affine,3.5,100,0.0,6057464,626,-0.999999,0.9541870117269748,3466.2734631111243,1,300
a,passive,affine,3.5,100,0.0,6057464,627,0.9239332766738294,0.9925485176977226,3456.127933820609,0,-1
a,passive,affine,3.5,100,0.0,6057464,628,0.9936307244796462,0.999999,3459.340602402991,0,-1
a,passive,affine,3.5,100,0.0,6057464,629,0.9996369280085391,0.9804187556671055,3467.3286276786644,0,-1
a,passive,affine,3.5,100,0.0,6057464,630,-0.9799132652447091,0.999999,3469.041027954752,1,273
a,passive,affine,3.5,100,0.0,6057464,631,0.92534590324843,0.999999,3418.9113853939257,0,-1
a,passive,affine,3.5,100,0.0,6057464,632,-0.5850020460804628,0.999999,3461.0677222533454,1,506
a,passive,affine,3.5,100,0.0,6057464,633,-0.7908482122386677,0.9998331604512141,3458.509038070537,1,521
a,passive,affine,3.5,100,0.0,6057464,634,0.999999,0.999999,3438.781523608312,0,-1
a,passive,affine,3.5,100,0.0,6057464,635,-0.9938227133519206,0.9998935446107278,3483.5447815543866,1,397
a,passive,affine,3.5,100,0.0,6057464,636,0.999794207559034,0.9997839485551576,3472.6653317453747,0,-1
a,passive,affine,3.5,100,0.0,6057464,637,0.9998016933893419,0.9640438157880503,3449.041109447693,0,-1
a,passive,affine,3.5,100,0.0,6057464,638,0.6844240899518489,0.9989827901342211,3454.7906947797082,0,-1
a,passive,affine,3.5,100,0.0,6057464,639,0.9178490653350272,0.9998964036283929,3441.2660564169228,0,-1
a,passive,affine,3.5,100,0.0,6057464,640,0.9971866097880083,0.9979945489624534,3470.7860105235713,0,-1
a,passive,affine,3.5,100,0.0,6057464,641,0.9989252620880573,0.999999,3441.760448362272,0,-1
a,passive,affine,3.5,100,0.0,6057464,642,0.9907224282352468,0.998358494923015,3477.346441687029,0,-1
a,passive,affine,3.5,100,0.0,6057464,643,0.999999,0.999999,3473.6476602765993,0,-1
a,passive,affine,3.5,100,0.0,6057464,644,0.999999,0.999999,3471.995766026858,0,-1
a,passive,affine,3.5,100,0.0,6057464,645,-0.999999,0.9996886248277843,3479.8179881267943,1,305
a,passive,affine,3.5,100,0.0,6057464,646,0.9999661745033588,0.9998355139395648,3465.378221036651,0,-1
a,passive,affine,3.5,100,0.0,6057464,647,0.999999,0.999999,3451.8981893617024,0,-1
a,passive,affine,3.5,100,0.0,6057464,648,-0.8989256521118798,0.9981078492505824,3468.8105360942263,1,317
a,passive,affine,3.5,100,0.0,6057464,649,0.9998575487117247,0.9025208587255846,3444.4690194091277,0,-1
a,passive,affine,3.5,100,0.0,6057464,650,0.999999,0.8589733048814991,3465.698921425745,0,-1
a,passive,affine,3.5,100,0.0,6057464,651,0.9977069925285912,0.999999,3437.8006186414786,0,-1
a,passive,affine,3.5,100,0.0,6057464,652,-0.9970097599512672,0.9999746063416872,3444.9143059378644,1,327
a,passive,affine,3.5,100,0.0,6057464,653,0.8524498812634382,0.747653272981829,3450.7788522844435,1,275
a,passive,affine,3.5,100,0.0,6057464,654,-0.7080064423859401,0.999999,3408.4425393434717,1,276
a,passive,affine,3.5,100,0.0,6057464,655,0.9500992250596997,0.9992861196137611,3462.7186549448743,0,-1
a,passive,affine,3.5,100,0.0,6057464,656,0.9994391303551671,0.999999,3465.997307915982,0,-1
a,passive,affine,3.5,100,0.0,6057464,657,0.999999,0.7913471413095761,3432.384927866572,0,-1
a,passive,affine,3.5,100,0.0,6057464,658,0.999999,0.9995596093478338,3473.8150277420705,0,-1
a,passive,affine,3.5,100,0.0,6057464,659,0.999999,0.9999307195074598,3475.9007657685656,0,-1
a,passive,affine,3.5,100,0.0,6057464,660,0.999999,0.9647574629022442,3393.9472727371876,0,-1
a,passive,affine,3.5,100,0.0,6057464,661,0.9996547279380509,0.999999,3441.0315278347393,0,-1
a,passive,affine,3.5,100,0.0,6057464,662,0.999722340305248,0.9986810764380915,3465.314407529944,0,-1
a,passive,affine,3.5,100,0.0,6057464,663,0.9999893804664969,0.999999,3488.5110114872145,0,-1
a,passive,affine,3.5,100,0.0,6057464,664,0.9999661863721636,0.9902262079620174,3470.898178791093,0,-1
a,passive,affine,3.5,100,0.0,6057464,665,0.9758678977644372,0.999999,3478.5839710179325,0,-1
a,passive,affine,3.5,100,0.0,6057464,666,0.9960296588293193,0.9165945878375902,3463.099731678108,1,374
a,passive,affine,3.5,100,0.0,6057464,667,0.999999,0.999999,3475.1435406394635,0,-1
a,passive,affine,3.5,100,0.0,6057464,668,0.9988269454109086,0.999999,3476.3101300073245,1,313
a,passive,affine,3.5,100,0.0,6057464,669,0.999999,0.999999,3473.2734746723772,0,-1
a,passive,affine,3.5,100,0.0,6057464,670,0.999999,0.999999,3458.9483309435336,0,-1
a,passive,affine,3.5,100,0.0,6057464,671,0.999999,0.9801066677058402,3431.995046663086,0,-1
a,passive,affine,3.5,100,0.0,6057464,672,0.9963175763730251,0.999999,3473.0254476098467,0,-1
a,passive,affine,3.5,100,0.0,6057464,673,0.9882531523502117,0.999999,3449.9057852394735,1,310
a,passive,affine,3.5,100,0.0,6057464,674,0.999999,0.999999,3445.5672938826306,0,-1
a,passive,affine,3.5,100,0.0,6057464,675,0.9965568728909554,0.999999,3465.7350017628396,0,-1
a,passive,affine,3.5,100,0.0,6057464,676,0.9999651146959667,0.9635869295544137,3406.2401740081777,0,-1
a,passive,affine,3.5,100,0.0,6057464,677,0.9991771355319357,0.999999,3480.488454913815,0,-1
a,passive,affine,3.5,100,0.0,6057464,678,-0.9973783474819614,0.9970503826025467,3471.4361964974614,1,332
a,passive,affine,3.5,100,0.0,6057464,679,0.999999,0.9998740635861177,3482.4064395744904,0,-1
a,passive,affine,3.5,100,0.0,6057464,680,0.9998409486499426,0.9999532316616676,3479.409255867497,0,-1
a,passive,affine,3.5,100,0.0,6057464,681,0.999999,0.9991788796797035,3427.6196723226717,0,-1
a,passive,affine,3.5,100,0.0,6057464,682,0.9999598352883019,0.9955169136534544,3471.65322951314,0,-1
a,passive,affine,3.5,100,0.0,6057464,683,0.9633294469027273,0.9997275227614818,3453.1972895284257,0,-1
a,passive,affine,3.5,100,0.0,6057464,684,-0.9953295950553933,0.9997382191331013,3427.2039026351526,1,289
a,passive,affine,3.5,100,0.0,6057464,685,0.9910179060980095,0.999999,3454.262416126641,0,-1
a,passive,affine,3.5,100,0.0,6057464,686,0.9998052498807922,0.999999,3473.855794371829,0,-1
a,passive,affine,3.5,100,0.0,6057464,687,0.9998678941440478,0.9999957269327229,3476.954080891404,0,-1
a,passive,affine,3.5,100,0.0,6057464,688,0.9995756956379627,0.9998241950068564,3441.712900175537,0,-1
a,passive,affine,3.5,100,0.0,6057464,689,0.999999,0.9478927439081939,3458.9397930685936,0,-1
a,passive,affine,3.5,100,0.0,6057464,690,0.999999,0.999999,3462.808933115826,0,-1
a,passive,affine,3.5,100,0.0,6057464,691,0.999999,0.8999106182887718,3426.9901661715126,0,-1
a,passive,affine,3.5,100,0.0,6057464,692,0.999999,0.8879599629208955,3460.872873272651,0,-1
a,passive,affine,3.5,100,0.0,6057464,693,0.9999647296851433,0.7512778869085613,3463.9241778730457,0,-1
a,passive,affine,3.5,100,0.0,6057464,694,0.9107976654083363,0.999999,3466.536112565275,0,-1
a,passive,affine,3.5,100,0.0,6057464,695,0.999999,0.999999,3480.1241328941574,0,-1
a,passive,affine,3.5,100,0.0,6057464,696,0.999999,0.999914262905377,3408.5278106954506,0,-1
a,passive,affine,3.5,100,0.0,6057464,697,0.998471875103829,0.9437454183337306,3483.3246340343553,0,-1
a,passive,affine,3.5,100,0.0,6057464,698,0.999999,0.999999,3362.849409590207,0,-1
a,passive,affine,3.5,100,0.0,6057464,699,0.999999,0.9973722350205321,3482.542906426726,0,-1
a,passive,affine,3.5,100,0.0,6057464,700,0.999926057650666,0.9246636189622469,3437.4818022872278,0,-1
a,passive,affine,3.5,100,0.0,6057464,701,0.999999,0.8659539931652599,3445.6565129402,0,-1
a,passive,affine,3.5,100,0.0,6057464,702,0.999999,0.999999,3470.9297654845554,0,-1
a,passive,affine,3.5,100,0.0,6057464,703,0.999999,0.999999,3488.5712787217585,0,-1
a,passive,affine,3.5,100,0.0,6057464,704,0.9999973373964105,0.999999,3438.250429418572,0,-1
a,passive,affine,3.5,100,0.0,6057464,705,0.9369489474250503,0.9998725460944812,3456.24570241664,1,300
a,passive,affine,3.5,100,0.0,6057464,706,0.999999,0.8954886931458629,3449.452107080689,0,-1
a,passive,affine,3.5,100,0.0,6057464,707,0.9998667287533013,0.9999333996225449,3450.021911064241,0,-1
a,passive,affine,3.5,100,0.0,6057464,708,0.9995895654447396,0.7304035020178059,3419.811185528359,1,369
a,passive,affine,3.5,100,0.0,6057464,709,0.999999,0.999999,3464.185217161118,0,-1
a,passive,affine,3.5,100,0.0,6057464,710,0.9999637775351318,0.999999,3435.4748309399492,0,-1
a,passive,affine,3.5,100,0.0,6057464,711,-0.8859351767789074,0.999999,3469.6656153831564,1,383
a,passive,affine,3.5,100,0.0,6057464,712,0.9997323264121403,0.999999,3477.53165863761,0,-1
a,passive,affine,3.5,100,0.0,6057464,713,0.999999,0.9235998373489119,3458.6347002281123,0,-1
a,passive,affine,3.5,100,0.0,6057464,714,0.999999,0.9999814545875246,3395.105192079111,0,-1
a,passive,affine,3.5,100,0.0,6057464,715,0.9889423486781641,0.999999,3479.524072829511,0,-1
a,passive,affine,3.5,100,0.0,6057464,716,-0.9670313073328773,0.9989551967378858,3437.006071713326,1,425
a,passive,affine,3.5,100,0.0,6057464,717,0.999999,0.9999243465060352,3453.259040215576,0,-1
a,passive,affine,3.5,100,0.0,6057464,718,-0.9743119569781254,0.999999,3450.3656953836357,1,327
a,passive,affine,3.5,100,0.0,6057464,719,0.9996841611099091,0.999603403959947,3430.927890788792,1,280
a,passive,affine,3.5,100,0.0,6057464,720,0.999999,0.999999,3420.2945006984314,0,-1
a,passive,affine,3.5,100,0.0,6057464,721,0.9998695239442865,0.9993049826454165,3479.6433971533525,0,-1
a,passive,affine,3.5,100,0.0,6057464,722,-0.7108331223501964,0.9999852385071928,3451.8666136778616,1,508
a,passive,affine,3.5,100,0.0,6057464,723,0.999999,0.9999210178038002,3461.733138845187,0,-1
a,passive,affine,3.5,100,0.0,6057464,724,0.9992478585986607,0.9998853281723121,3454.1088468585763,0,-1
a,passive,affine,3.5,100,0.0,6057464,725,-0.999999,0.9998562582842999,3451.9483633508385,1,375
a,passive,affine,3.5,100,0.0,6057464,726,0.9992575007733493,0.9446642139976518,3469.073810533557,0,-1
a,passive,affine,3.5,100,0.0,6057464,727,0.999999,0.9991568127088487,3447.6730115012397,0,-1
a,passive,affine,3.5,100,0.0,6057464,728,-0.9619752987790412,0.999999,3480.046166263854,1,301
a,passive,affine,3.5,100,0.0,6057464,729,0.999999,0.9982628283001019,3395.2735746068597,0,-1
a,passive,affine,3.5,100,0.0,6057464,730,0.9998262390484022,0.999999,3453.570789878655,0,-1
a,passive,affine,3.5,100,0.0,6057464,731,0.999999,0.9996903709174613,3466.6220776242126,1,302
a,passive,affine,3.5,100,0.0,6057464,732,0.9997866789855773,0.9084566552718223,3471.50080881103,0,-1
a,passive,affine,3.5,100,0.0,6057464,733,0.999999,0.9998979843318214,3477.9643323740625,0,-1
a,passive,affine,3.5,100,0.0,6057464,734,0.999999,0.999999,3475.7743156537376,0,-1
a,passive,affine,3.5,100,0.0,6057464,735,0.9707184764684154,0.9998208821340606,3468.7270861928973,0,-1
a,passive,affine,3.5,100,0.0,6057464,736,0.999999,0.9999205357543771,3474.022700089413,1,352
a,passive,affine,3.5,100,0.0,6057464,737,0.999999,0.9936005880168406,3462.575120064827,0,-1
a,passive,affine,3.5,100,0.0,6057464,738,0.9860669767987407,0.999914484997888,3464.931013327671,0,-1
a,passive,affine,3.5,100,0.0,6057464,739,0.9988950861136127,0.999999,3461.9604481817087,1,305
a,passive,affine,3.5,100,0.0,6057464,740,0.999999,0.999999,3482.594626507219,0,-1
a,passive,affine,3.5,100,0.0,6057464,741,0.999999,0.9979618229134507,3472.2760632039817,1,277
a,passive,affine,3.5,100,0.0,6057464,742,-0.9488880877200331,0.9999474265055738,3464.454732999259,1,360
a,passive,affine,3.5,100,0.0,6057464,743,0.9958487102461215,0.9985043656861787,3463.4424524827245,0,-1
a,passive,affine,3.5,100,0.0,6057464,744,0.999999,0.9825350085482947,3469.148029150734,0,-1
a,passive,affine,3.5,100,0.0,6057464,745,0.999999,0.9970185376856601,3444.386936228759,0,-1
a,passive,affine,3.5,100,0.0,6057464,746,0.9999635437581874,0.9845576803595919,3450.5015014505384,0,-1
a,passive,affine,3.5,100,0.0,6057464,747,0.7391511954404814,0.9946847678161991,3470.004232332464,0,-1
a,passive,affine,3.5,100,0.0,6057464,748,0.9504884276109191,0.999999,3473.2380315438104,0,-1
a,passive,affine,3.5,100,0.0,6057464,749,0.999999,0.999999,3445.1994332166773,0,-1
a,passive,affine,3.5,100,0.0,6057464,750,0.9950023485931614,0.999999,3356.125191903848,0,-1
a,passive,affine,3.5,100,0.0,6057464,751,0.999999,0.9999453133230463,3452.9285107785377,0,-1
a,passive,affine,3.5,100,0.0,6057464,752,-0.9035173123472109,0.999999,3471.2707425039657,1,472
a,passive,affine,3.5,100,0.0,6057464,753,0.999999,0.999999,3473.699789584713,0,-1
a,passive,affine,3.5,100,0.0,6057464,754,0.9998913853934025,0.999999,3456.1333881950995,0,-1
a,passive,affine,3.5,100,0.0,6057464,755,0.999999,0.9969574329765771,3434.644373191138,0,-1
a,passive,affine,3.5,100,0.0,6057464,756,-0.9846065202658386,0.999999,3481.296086061945,1,301
a,passive,affine,3.5,100,0.0,6057464,757,0.9964383965299646,0.9999619492558546,3472.6820737167113,0,-1
a,passive,affine,3.5,100,0.0,6057464,758,0.999999,0.999999,3442.7453100930675,0,-1
a,passive,affine,3.5,100,0.0,6057464,759,0.999184250861103,0.9982210142555584,3478.293564513708,0,-1
a,passive,affine,3.5,100,0.0,6057464,760,0.999999,0.999999,3440.983154619592,0,-1
a,passive,affine,3.5,100,0.0,6057464,761,0.999999,0.9999427547409606,3447.8983311391935,0,-1
a,passive,affine,3.5,100,0.0,6057464,762,0.9999033949199614,0.9980630387498147,3473.6043484892057,0,-1
a,passive,affine,3.5,100,0.0,6057464,763,0.9999155117271631,0.9998185537578502,3420.52139966178,0,-1
a,passive,affine,3.5,100,0.0,6057464,764,0.9999244682138042,0.999999,3465.3585445206686,0,-1
a,passive,affine,3.5,100,0.0,6057464,765,0.999999,0.9993285994401463,3429.622861651947,0,-1
a,passive,affine,3.5,100,0.0,6057464,766,0.999920355565543,0.281776010268193,3421.8620912652354,1,361
a,passive,affine,3.5,100,0.0,6057464,767,0.9999699849260292,0.9973337827228429,3472.9080215156505,0,-1
a,passive,affine,3.5,100,0.0,6057464,768,0.999999,0.999999,3453.6622507075977,0,-1
a,passive,affine,3.5,100,0.0,6057464,769,0.9998881247592882,0.9986517675655378,3460.635278577726,0,-1
a,passive,affine,3.5,100,0.0,6057464,770,0.9999981762549798,0.9991957988542761,3478.9928762164295,0,-1
a,passive,affine,3.5,100,0.0,6057464,771,0.999999,0.96165964585372,3417.675914220216,0,-1
a,passive,affine,3.5,100,0.0,6057464,772,0.9976935951475059,0.999999,3454.1749593065965,1,321
a,passive,affine,3.5,100,0.0,6057464,773,0.9999734563425074,0.999999,3481.435804912554,0,-1
a,passive,affine,3.5,100,0.0,6057464,774,0.999999,0.999999,3479.0060924976897,0,-1
a,passive,affine,3.5,100,0.0,6057464,775,0.999999,0.999999,3450.5762831483635,0,-1
a,passive,affine,3.5,100,0.0,6057464,776,0.999999,0.999999,3417.411348902524,0,-1
a,passive,affine,3.5,100,0.0,6057464,777,0.999999,0.999999,3471.8113524071077,0,-1
a,passive,affine,3.5,100,0.0,6057464,778,0.9394343073852598,0.9999980037338112,3483.9780230734154,0,-1
a,passive,affine,3.5,100,0.0,6057464,779,0.9998243107908897,0.9987217458849998,3470.985608785891,0,-1
a,passive,affine,3.5,100,0.0,6057464,780,0.9973732663764727,0.999811181509142,3428.6064964998345,0,-1
a,passive,affine,3.5,100,0.0,6057464,781,0.9999846611619078,0.999999,3460.4036484701423,0,-1
a,passive,affine,3.5,100,0.0,6057464,782,0.988019933441538,0.999999,3458.759500259845,0,-1
a,passive,affine,3.5,100,0.0,6057464,783,0.9998331427661442,0.9955340234241019,3464.252310329323,1,305
a,passive,affine,3.5,100,0.0,6057464,784,0.999999,0.9974348690103515,3469.5334105185175,0,-1
a,passive,affine,3.5,100,0.0,6057464,785,0.944782547984315,0.8695568609778823,3439.269695435655,0,-1
a,passive,affine,3.5,100,0.0,6057464,786,-0.8846713162470535,0.9996738177248208,3478.647418755936,1,361
a,passive,affine,3.5,100,0.0,6057464,787,0.9928178014775045,0.999999,3464.828625213754,0,-1
a,passive,affine,3.5,100,0.0,6057464,788,0.9999957123957268,0.9956285896965024,3458.346161461009,0,-1
a,passive,affine,3.5,100,0.0,6057464,789,0.9976686977150678,0.999999,3423.4948330974967,0,-1
a,passive,affine,3.5,100,0.0,6057464,790,0.9998216288020609,0.9998904094440926,3469.802153542255,0,-1
a,passive,affine,3.5,100,0.0,6057464,791,0.999999,0.998392380247994,3460.1070816376223,0,-1
a,passive,affine,3.5,100,0.0,6057464,792,0.9994413909928084,0.999999,3480.1954035400286,1,357
a,passive,affine,3.5,100,0.0,6057464,793,0.9786016039361052,0.999999,3476.6524174697925,0,-1
a,passive,affine,3.5,100,0.0,6057464,794,-0.999999,0.9704886550849354,3480.463893593149,1,279
a,passive,affine,3.5,100,0.0,6057464,795,0.9930590894314983,0.999999,3453.3686580606213,0,-1
a,passive,affine,3.5,100,0.0,6057464,796,0.999999,0.999999,3471.0083114990234,0,-1
a,passive,affine,3.5,100,0.0,6057464,797,-0.7910799051696679,0.999999,3480.821627341765,1,295
a,passive,affine,3.5,100,0.0,6057464,798,0.995357614951061,0.9994527766571183,3471.9768030757587,0,-1
a,passive,affine,3.5,100,0.0,6057464,799,0.9963459062119372,0.999999,3460.874945299573,0,-1
a,passive,affine,3.5,100,0.0,6057464,800,-0.6964550306297731,0.9870821853026525,3479.3116700619194,1,355
a,passive,affine,3.5,100,0.0,6057464,801,0.9999192361050248,0.999999,3469.864483290588,0,-1
a,passive,affine,3.5,100,0.0,6057464,802,0.999999,0.999999,3471.0431251847353,0,-1
a,passive,affine,3.5,100,0.0,6057464,803,0.9939007259886169,0.999999,3475.1995989512848,0,-1
a,passive,affine,3.5,100,0.0,6057464,804,-0.9381469616680633,0.9984723579143402,3414.598266635642,1,305
a,passive,affine,3.5,100,0.0,6057464,805,0.9993680821485339,0.9998757139453498,3455.3651567994793,0,-1
a,passive,affine,3.5,100,0.0,6057464,806,0.999999,0.999999,3447.1035349977483,0,-1
a,passive,affine,3.5,100,0.0,6057464,807,-0.9353904464209306,0.999999,3486.4041441965956,1,395
a,passive,affine,3.5,100,0.0,6057464,808,0.999999,0.9873741662301467,3451.5644945759564,0,-1
a,passive,affine,3.5,100,0.0,6057464,809,0.999999,0.9993399939890787,3462.86663086486,0,-1
a,passive,affine,3.5,100,0.0,6057464,810,0.9129541487148684,0.9999723146872942,3471.6689354959826,0,-1
a,passive,affine,3.5,100,0.0,6057464,811,0.9923064710349487,0.9990264064056186,3424.268450393516,0,-1
a,passive,affine,3.5,100,0.0,6057464,812,0.9999009663234425,0.999999,3448.788769563135,0,-1
a,passive,affine,3.5,100,0.0,6057464,813,0.9507796899939187,0.9969492616929266,3442.2657199345813,0,-1
a,passive,affine,3.5,100,0.0,6057464,814,0.999922357009026,0.9999988833239387,3453.800825462212,0,-1
a,passive,affine,3.5,100,0.0,6057464,815,0.9995193426013748,0.999999,3467.564714736952,0,-1
a,passive,affine,3.5,100,0.0,6057464,816,0.9998519374414935,0.9999715305591861,3475.039793152565,1,271
a,passive,affine,3.5,100,0.0,6057464,817,-0.9916197573400197,0.9999578646053708,3462.9203025678244,1,294
a,passive,affine,3.5,100,0.0,6057464,818,0.8655614010264759,0.999999,3467.600202507103,0,-1
a,passive,affine,3.5,100,0.0,6057464,819,0.999999,0.9683511808627534,3466.100963758443,0,-1
a,passive,affine,3.5,100,0.0,6057464,820,0.9629575109537741,0.9949235119919603,3461.9050620509156,0,-1
a,passive,affine,3.5,100,0.0,6057464,821,-0.9971426666807506,0.999999,3475.8776045951136,1,384
a,passive,affine,3.5,100,0.0,6057464,822,0.9998655658682915,0.999999,3471.9456490423067,0,-1
a,passive,affine,3.5,100,0.0,6057464,823,-0.9250559016097555,0.999999,3470.831463022201,1,356
a,passive,affine,3.5,100,0.0,6057464,824,0.9863581226688153,0.9978884618998384,3442.007157971921,0,-1
a,passive,affine,3.5,100,0.0,6057464,825,0.999999,0.9578302961937277,3482.2824888348123,1,429
a,passive,affine,3.5,100,0.0,6057464,826,0.999999,0.999999,3459.815411903312,0,-1
a,passive,affine,3.5,100,0.0,6057464,827,0.9710608518085352,0.9999508864315605,3450.7858929825607,0,-1
a,passive,affine,3.5,100,0.0,6057464,828,0.999999,0.9945350370497943,3461.871423965662,0,-1
a,passive,affine,3.5,100,0.0,6057464,829,0.999999,0.9999202876409756,3454.0660390888243,0,-1
a,passive,affine,3.5,100,0.0,6057464,830,0.9894954455853195,0.9999056669748992,3454.9162670771175,0,-1
a,passive,affine,3.5,100,0.0,6057464,831,-0.8652337054426841,0.928343775382027,3478.0580218132495,1,387
a,passive,affine,3.5,100,0.0,6057464,832,0.999999,0.7968421221202064,3449.216663937156,0,-1
a,passive,affine,3.5,100,0.0,6057464,833,-0.964646009274,0.999999,3479.8642278499333,1,319
a,passive,affine,3.5,100,0.0,6057464,834,0.9999247967988666,0.999878987743188,3448.403846629037,0,-1
a,passive,affine,3.5,100,0.0,6057464,835,0.9915277913637817,0.9974018956319683,3472.8470718039493,0,-1
a,passive,affine,3.5,100,0.0,6057464,836,0.9818779439533825,0.9782940824819738,3469.8108826276443,0,-1
a,passive,affine,3.5,100,0.0,6057464,837,0.9328672727630805,0.9999408545750516,3471.0203775578834,1,384
a,passive,affine,3.5,100,0.0,6057464,838,0.8757695930374805,0.9986230245002126,3467.9153812532536,0,-1
a,passive,affine,3.5,100,0.0,6057464,839,0.9984264181241502,0.9907202567438533,3436.8348994690145,0,-1
a,passive,affine,3.5,100,0.0,6057464,840,-0.9770034441090871,0.9358044673311708,3375.42640969934,1,304
a,passive,affine,3.5,100,0.0,6057464,841,-0.8502318686408534,0.999999,3442.5039240959954,1,346
a,passive,affine,3.5,100,0.0,6057464,842,-0.9881788051219353,0.6989882571939182,3425.172435855322,1,286
a,passive,affine,3.5,100,0.0,6057464,843,0.9999087017952419,0.999999,3469.2356769302046,0,-1
a,passive,affine,3.5,100,0.0,6057464,844,0.9998884472405524,0.9954741060642525,3453.511602218406,0,-1
a,passive,affine,3.5,100,0.0,6057464,845,0.9719342552951755,0.9999335151135624,3460.6307371631374,0,-1
a,passive,affine,3.5,100,0.0,6057464,846,0.999999,0.9726735023131517,3474.8203269328596,0,-1
a,passive,affine,3.5,100,0.0,6057464,847,0.999999,0.9957997407748884,3360.4486181070515,0,-1
a,passive,affine,3.5,100,0.0,6057464,848,0.9333597085166414,0.999999,3472.8935771568445,0,-1
a,passive,affine,3.5,100,0.0,6057464,849,0.9987242438486434,0.9992158569820399,3487.292916408194,0,-1
a,passive,affine,3.5,100,0.0,6057464,850,0.9940104019985022,0.9999704336115418,3477.888078736362,0,-1
a,passive,affine,3.5,100,0.0,6057464,851,0.948592589899463,0.9999941365633773,3465.4916044500023,0,-1
a,passive,affine,3.5,100,0.0,6057464,852,0.9896968014202134,0.9990016885665892,3472.078096951033,0,-1
a,passive,affine,3.5,100,0.0,6057464,853,0.999999,0.999999,3456.808933902449,0,-1
a,passive,affine,3.5,100,0.0,6057464,854,0.9674486450836733,0.9999327229431789,3479.2869571739375,0,-1
a,passive,affine,3.5,100,0.0,6057464,855,-0.7562702990175634,0.9991879991060425,3469.1793494601634,1,282
a,passive,affine,3.5,100,0.0,6057464,856,0.9997277701740478,0.9995993295171102,3455.2887725743026,0,-1
a,passive,affine,3.5,100,0.0,6057464,857,-0.9825868333047575,0.9993999073543609,3472.7394862319525,1,338
a,passive,affine,3.5,100,0.0,6057464,858,0.9999274083274532,0.999999,3472.1186560387946,0,-1
a,passive,affine,3.5,100,0.0,6057464,859,-0.9555715671639875,0.999999,3444.4550681018077,1,294
a,passive,affine,3.5,100,0.0,6057464,860,0.999999,0.9999016752144795,3484.426663595179,0,-1
a,passive,affine,3.5,100,0.0,6057464,861,-0.8253751223265058,0.999999,3465.6482483302066,1,277
a,passive,affine,3.5,100,0.0,6057464,862,0.9975006041561136,0.9993685564952742,3467.043666173837,0,-1
a,passive,affine,3.5,100,0.0,6057464,863,0.999999,0.9999467051448733,3482.080119656059,0,-1
a,passive,affine,3.5,100,0.0,6057464,864,0.9978555372670368,0.999999,3443.9644403365023,0,-1
a,passive,affine,3.5,100,0.0,6057464,865,0.999999,0.9836432626016245,3417.2378926911206,0,-1
a,passive,affine,3.5,100,0.0,6057464,866,-0.8218494779845098,0.9997910839211984,3417.938526138605,1,278
a,passive,affine,3.5,100,0.0,6057464,867,0.9991756796389235,0.9999395932845326,3457.1501962484213,0,-1
a,passive,affine,3.5,100,0.0,6057464,868,-0.6880771279540442,0.9654023451087747,3465.019814598288,1,285
a,passive,affine,3.5,100,0.0,6057464,869,0.9996934879581485,0.9978516994731225,3456.0383896472886,0,-1
a,passive,affine,3.5,100,0.0,6057464,870,0.9988279048719343,0.999999,3476.8917544126903,1,281
a,passive,affine,3.5,100,0.0,6057464,871,0.9768847848618084,0.999999,3479.3534200744375,0,-1
a,passive,affine,3.5,100,0.0,6057464,872,0.41422586561675423,0.999999,3483.9294581428985,1,289
a,passive,affine,3.5,100,0.0,6057464,873,0.999999,0.999999,3474.0556256072264,0,-1
a,passive,affine,3.5,100,0.0,6057464,874,0.9992055287371455,0.9523027760670439,3458.6999179501786,0,-1
a,passive,affine,3.5,100,0.0,6057464,875,0.999999,0.999999,3457.824641883577,0,-1
a,passive,affine,3.5,100,0.0,6057464,876,-0.41412103479987805,0.999999,3455.1704472180536,1,270
a,passive,affine,3.5,100,0.0,6057464,877,0.8538947095340264,0.999999,3467.8804754261005,1,285
a,passive,affine,3.5,100,0.0,6057464,878,-0.947255532270445,0.999999,3433.2900307057316,1,309
a,passive,affine,3.5,100,0.0,6057464,879,0.9999884896295772,0.999999,3425.1889833722935,1,319
a,passive,affine,3.5,100,0.0,6057464,880,-0.9938644113627032,0.9999865354888076,3442.1827798680774,1,279
a,passive,affine,3.5,100,0.0,6057464,881,-0.997173850555048,0.999999,3444.7064584176146,1,477
a,passive,affine,3.5,100,0.0,6057464,882,0.999999,0.9998515705465492,3465.4047908249686,0,-1
a,passive,affine,3.5,100,0.0,6057464,883,0.999955830007611,0.9997457094526772,3470.764586772845,0,-1
a,passive,affine,3.5,100,0.0,6057464,884,-0.9469031537702373,0.999999,3464.6126797348957,1,314
a,passive,affine,3.5,100,0.0,6057464,885,0.999999,0.9925746146642405,3471.699154043533,0,-1
a,passive,affine,3.5,100,0.0,6057464,886,0.9997004347380462,0.999999,3453.8867692887284,0,-1
a,passive,affine,3.5,100,0.0,6057464,887,0.999999,0.9963428965578107,3470.398104601712,0,-1
a,passive,affine,3.5,100,0.0,6057464,888,0.9949946155121289,0.999999,3477.573356689743,0,-1
a,passive,affine,3.5,100,0.0,6057464,889,0.999999,0.999999,3452.6387016103454,0,-1
a,passive,affine,3.5,100,0.0,6057464,890,0.7436929848978053,0.999999,3479.5552353106586,0,-1
a,passive,affine,3.5,100,0.0,6057464,891,0.999999,0.999999,3449.9870207071117,0,-1
a,passive,affine,3.5,100,0.0,6057464,892,0.999999,0.999999,3461.6591336655824,0,-1
a,passive,affine,3.5,100,0.0,6057464,893,0.9999900349250298,0.9947041880048222,3468.314244642932,0,-1
a,passive,affine,3.5,100,0.0,6057464,894,0.5822187831010167,0.999999,3480.1092308038405,1,299
a,passive,affine,3.5,100,0.0,6057464,895,0.9935444008227834,0.999999,3469.710070762818,0,-1
a,passive,affine,3.5,100,0.0,6057464,896,0.9977322444166054,0.9997998156192264,3471.295195049587,0,-1
a,passive,affine,3.5,100,0.0,6057464,897,0.9998024637925073,0.9999855309500086,3459.035250275023,0,-1
a,passive,affine,3.5,100,0.0,6057464,898,-0.8912546585143893,0.9999466526882832,3484.2329376973626,1,279
a,passive,affine,3.5,100,0.0,6057464,899,0.9922251801589832,0.9998487431044428,3452.2025903836234,0,-1
a,passive,affine,3.5,100,0.0,6057464,900,0.9982471598732743,0.9749116141843355,3460.927373524164,0,-1
a,passive,affine,3.5,100,0.0,6057464,901,0.9974281763488598,0.999999,3464.9031518782976,0,-1
a,passive,affine,3.5,100,0.0,6057464,902,0.9998961994307172,0.9998062089417672,3464.5551730805805,0,-1
a,passive,affine,3.5,100,0.0,6057464,903,0.9970788424548023,0.7914313744349847,3462.4632763526206,1,343
a,passive,affine,3.5,100,0.0,6057464,904,0.999999,0.999999,3479.6268523761105,0,-1
a,passive,affine,3.5,100,0.0,6057464,905,0.999999,0.9037453355829936,3461.76240166329,0,-1
a,passive,affine,3.5,100,0.0,6057464,906,-0.9649223091989169,0.999999,3466.209680787638,1,341
a,passive,affine,3.5,100,0.0,6057464,907,0.9992315930907066,0.999999,3463.7899246471984,0,-1
a,passive,affine,3.5,100,0.0,6057464,908,0.999814467615732,0.999999,3467.929181134004,0,-1
a,passive,affine,3.5,100,0.0,6057464,909,0.999999,0.8862191909640724,3467.550330073965,0,-1
a,passive,affine,3.5,100,0.0,6057464,910,0.9998853936100605,0.999999,3437.339813152233,0,-1
a,passive,affine,3.5,100,0.0,6057464,911,0.928223274767349,0.9839732268969269,3450.4199930748546,0,-1
a,passive,affine,3.5,100,0.0,6057464,912,0.988802332776075,0.9719883918435186,3476.4953078250596,0,-1
a,passive,affine,3.5,100,0.0,6057464,913,-0.9013999303656268,0.9941594651239649,3452.3996498552,1,292
a,passive,affine,3.5,100,0.0,6057464,914,0.9016823641844998,0.999999,3441.245578590438,0,-1
a,passive,affine,3.5,100,0.0,6057464,915,0.9979933299648007,0.9964262021372295,3446.959691414916,1,275
a,passive,affine,3.5,100,0.0,6057464,916,0.9905413078545532,0.999656911433956,3463.704316394749,0,-1
a,passive,affine,3.5,100,0.0,6057464,917,0.9996773611761286,0.9998226343730662,3380.5323275390324,0,-1
a,passive,affine,3.5,100,0.0,6057464,918,0.999999,0.9949139749904077,3479.3276404201442,0,-1
a,passive,affine,3.5,100,0.0,6057464,919,0.999999,0.9899570619177944,3471.8261654081816,0,-1
a,passive,affine,3.5,100,0.0,6057464,920,0.999999,0.999999,3469.7853654448,0,-1
a,passive,affine,3.5,100,0.0,6057464,921,0.999999,0.9511939516712058,3457.365664027999,0,-1
a,passive,affine,3.5,100,0.0,6057464,922,0.999999,0.9954703462800709,3461.53460383168,1,324
a,passive,affine,3.5,100,0.0,6057464,923,0.999753274883402,0.999999,3481.45654388063,1,345
a,passive,affine,3.5,100,0.0,6057464,924,-0.8969800135615335,0.999999,3449.8388073880187,1,481
a,passive,affine,3.5,100,0.0,6057464,925,0.999999,0.999999,3446.76468361688,0,-1
a,passive,affine,3.5,100,0.0,6057464,926,0.999999,0.9531478793322893,3480.9617958161193,0,-1
a,passive,affine,3.5,100,0.0,6057464,927,0.9996119195936243,0.9968257931879854,3457.97747731007,0,-1
a,passive,affine,3.5,100,0.0,6057464,928,0.999999,0.995617867413475,3474.556979097439,0,-1
a,passive,affine,3.5,100,0.0,6057464,929,0.999999,0.999382880945518,3433.6019893985663,1,285
a,passive,affine,3.5,100,0.0,6057464,930,-0.8893536766633269,0.999999,3469.7048630096824,1,571
a,passive,affine,3.5,100,0.0,6057464,931,0.9965987823582292,0.999999,3484.519857685076,0,-1
a,passive,affine,3.5,100,0.0,6057464,932,0.8807844886821625,0.9715089757533328,3442.893676603763,0,-1
a,passive,affine,3.5,100,0.0,6057464,933,0.9999308887592204,0.999999,3471.1615571456323,0,-1
a,passive,affine,3.5,100,0.0,6057464,934,-0.999999,0.8613995849029473,3465.4084095579246,1,284
a,passive,affine,3.5,100,0.0,6057464,935,0.999999,0.999999,3472.0428095170196,0,-1
a,passive,affine,3.5,100,0.0,6057464,936,-0.999999,0.999999,3465.160424100185,1,291
a,passive,affine,3.5,100,0.0,6057464,937,0.999999,0.999999,3480.7454118649553,1,303
a,passive,affine,3.5,100,0.0,6057464,938,0.9944633348040073,0.999999,3481.5792900660967,0,-1
a,passive,affine,3.5,100,0.0,6057464,939,0.9997734043109239,0.9975207959144418,3468.3052924145995,0,-1
a,passive,affine,3.5,100,0.0,6057464,940,0.9998664952455688,0.9937304700277937,3470.3459196529498,1,317
a,passive,affine,3.5,100,0.0,6057464,941,0.9998943068871491,0.9999408434809078,3456.700768430831,0,-1
a,passive,affine,3.5,100,0.0,6057464,942,-0.999999,0.999999,3454.9982683990056,1,318
a,passive,affine,3.5,100,0.0,6057464,943,0.999999,0.999999,3450.4240852016765,0,-1
a,passive,affine,3.5,100,0.0,6057464,944,0.9902877556799432,0.999999,3478.2941847266625,0,-1
a,passive,affine,3.5,100,0.0,6057464,945,0.9733498034216288,0.999999,3455.6516535279725,0,-1
a,passive,affine,3.5,100,0.0,6057464,946,0.999999,0.9999524308195418,3464.704495129714,0,-1
a,passive,affine,3.5,100,0.0,6057464,947,0.9884680788289125,0.7063061438424918,3415.589479223297,0,-1
a,passive,affine,3.5,100,0.0,6057464,948,0.999999,0.9893432355544423,3481.7856690182557,0,-1
a,passive,affine,3.5,100,0.0,6057464,949,0.99760189168277,0.9999737185103483,3439.5741517276447,0,-1
a,passive,affine,3.5,100,0.0,6057464,950,0.9993152983137792,0.9249163050146857,3467.682682315918,0,-1
a,passive,affine,3.5,100,0.0,6057464,951,0.999999,0.9999484875148812,3471.1415559039347,0,-1
a,passive,affine,3.5,100,0.0,6057464,952,0.94483693852476,0.9997500646704102,3442.298133574639,0,-1
a,passive,affine,3.5,100,0.0,6057464,953,0.999999,0.999999,3443.9177318169855,0,-1
a,passive,affine,3.5,100,0.0,6057464,954,0.8835946403211842,0.9998017670493038,3464.9677373577683,0,-1
a,passive,affine,3.5,100,0.0,6057464,955,0.999999,0.9964201072775906,3483.4260971379535,0,-1
a,passive,affine,3.5,100,0.0,6057464,956,0.9998471709823392,0.999999,3476.160293063063,0,-1
a,passive,affine,3.5,100,0.0,6057464,957,-0.9940315199312972,0.999902063068863,3481.53267420214,1,340
a,passive,affine,3.5,100,0.0,6057464,958,0.999999,0.9999638923908205,3469.6482529271766,0,-1
a,passive,affine,3.5,100,0.0,6057464,959,0.9804407758714097,0.9986521799982966,3449.439552498556,0,-1
a,passive,affine,3.5,100,0.0,6057464,960,0.9998459675286903,0.999999,3460.010188157683,0,-1
a,passive,affine,3.5,100,0.0,6057464,961,0.999999,0.9976048617083213,3437.8944554181307,0,-1
a,passive,affine,3.5,100,0.0,6057464,962,0.9985443928939908,0.999999,3369.340540371041,0,-1
a,passive,affine,3.5,100,0.0,6057464,963,0.999999,0.999999,3472.7908899825625,0,-1
a,passive,affine,3.5,100,0.0,6057464,964,0.999999,0.9971381385472784,3484.2647588579,0,-1
a,passive,affine,3.5,100,0.0,6057464,965,0.9662835282426785,0.999999,3474.3826106794013,0,-1
a,passive,affine,3.5,100,0.0,6057464,966,0.999999,0.9756534411706798,3454.4191453218,0,-1
a,passive,affine,3.5,100,0.0,6057464,967,-0.9767738702522393,0.9586826571852799,3465.535062675476,1,300
a,passive,affine,3.5,100,0.0,6057464,968,0.9935391412437,0.9998717059037622,3468.5371709344267,0,-1
a,passive,affine,3.5,100,0.0,6057464,969,0.999999,0.9943065339961554,3439.443378104042,0,-1
a,passive,affine,3.5,100,0.0,6057464,970,-0.9927236661468976,0.9990925879040801,3477.4230374690173,1,317
a,passive,affine,3.5,100,0.0,6057464,971,0.12472087173042354,0.9984126333266061,3453.4432718666444,1,383
a,passive,affine,3.5,100,0.0,6057464,972,0.7285747932768789,0.999999,3463.0864658526425,0,-1
a,passive,affine,3.5,100,0.0,6057464,973,0.999999,0.9991413463953224,3459.147791452281,0,-1
a,passive,affine,3.5,100,0.0,6057464,974,0.999999,0.999999,3470.962649351632,0,-1
a,passive,affine,3.5,100,0.0,6057464,975,0.999999,0.999999,3471.5562409172626,0,-1
a,passive,affine,3.5,100,0.0,6057464,976,-0.9971145077801016,0.9999805128501257,3465.00735081795,1,408
a,passive,affine,3.5,100,0.0,6057464,977,0.999740985723619,0.999999,3451.944192491541,1,278
a,passive,affine,3.5,100,0.0,6057464,978,0.999999,0.9997666004553808,3437.554404959069,0,-1
a,passive,affine,3.5,100,0.0,6057464,979,0.9999581164812082,0.989983626573637,3456.6946305783194,0,-1
a,passive,affine,3.5,100,0.0,6057464,980,0.9999577757148487,0.9997077265285048,3449.402505198626,0,-1
a,passive,affine,3.5,100,0.0,6057464,981,0.9977150077758841,0.999999,3476.999455942321,0,-1
a,passive,affine,3.5,100,0.0,6057464,982,0.9999836315413557,0.966355586126534,3479.094951230476,0,-1
a,passive,affine,3.5,100,0.0,6057464,983,-0.9456338570267184,0.9995228459770586,3469.0543523016595,1,305
a,passive,affine,3.5,100,0.0,6057464,984,0.9999820888323303,0.999999,3466.9070809855575,0,-1
a,passive,affine,3.5,100,0.0,6057464,985,0.999999,0.9998498984036601,3469.1141708287064,0,-1
a,passive,affine,3.5,100,0.0,6057464,986,0.999999,0.999999,3452.825048357472,0,-1
a,passive,affine,3.5,100,0.0,6057464,987,0.999999,0.999999,3478.29274473835,0,-1
a,passive,affine,3.5,100,0.0,6057464,988,0.9999443685754756,0.9980696480148428,3469.3130546389784,0,-1
a,passive,affine,3.5,100,0.0,6057464,989,0.9996633528648613,0.9999436562285599,3471.718725083772,0,-1
a,passive,affine,3.5,100,0.0,6057464,990,0.999999,0.9985825897347659,3444.387434787674,0,-1
a,passive,affine,3.5,100,0.0,6057464,991,0.99973566697254,0.999999,3409.4272903357014,0,-1
a,passive,affine,3.5,100,0.0,6057464,992,0.9643491825581244,0.9731890871146991,3467.215416324746,0,-1
a,passive,affine,3.5,100,0.0,6057464,993,0.9999280047904676,0.8278440192042184,3446.010281630413,1,341
a,passive,affine,3.5,100,0.0,6057464,994,0.9997886525884133,0.9978472300834346,3452.759071898664,0,-1
a,passive,affine,3.5,100,0.0,6057464,995,-0.999999,0.9958541042334093,3455.6551161317075,1,323
a,passive,affine,3.5,100,0.0,6057464,996,0.8046626603396572,0.999999,3458.6395371834933,0,-1
a,passive,affine,3.5,100,0.0,6057464,997,0.999999,0.999999,3457.4058593990376,0,-1
a,passive,affine,3.5,100,0.0,6057464,998,0.999999,0.999999,3462.7803396587633,1,287
a,passive,affine,3.5,100,0.0,6057464,999,0.9998759273647121,0.9944706368785774,3456.62089595031,0,-1
a,passive,affine,4.0,100,0.0,7057467,0,0.999999,0.9997249626103891,3473.410280119511,0,-1
a,passive,affine,4.0,100,0.0,7057467,1,0.7339664277177769,0.9659268421581357,3448.554572305739,0,-1
a,passive,affine,4.0,100,0.0,7057467,2,0.999999,0.999999,3450.1167142073264,0,-1
a,passive,affine,4.0,100,0.0,7057467,3,0.9996492662229758,0.9999038111408561,3462.2454342282504,0,-1
a,passive,affine,4.0,100,0.0,7057467,4,0.999999,0.9224923507194878,3433.644970769229,0,-1
a,passive,affine,4.0,100,0.0,7057467,5,0.999999,0.9999826970007312,3476.7741644986572,0,-1
a,passive,affine,4.0,100,0.0,7057467,6,0.999999,0.999999,3461.06552101589,0,-1
a,passive,affine,4.0,100,0.0,7057467,7,0.999999,0.9998040971434335,3450.0040407672864,0,-1
a,passive,affine,4.0,100,0.0,7057467,8,0.9903237311491171,0.999999,3478.0228803068608,0,-1
a,passive,affine,4.0,100,0.0,7057467,9,0.999999,0.999999,3466.5850424496193,0,-1
a,passive,affine,4.0,100,0.0,7057467,10,0.999999,0.9999715276194058,3458.440044284094,0,-1
a,passive,affine,4.0,100,0.0,7057467,11,0.999999,0.9791386818980431,3463.854673069361,0,-1
a,passive,affine,4.0,100,0.0,7057467,12,0.99719002869211,0.9935410416009327,3462.7905679448218,0,-1
a,passive,affine,4.0,100,0.0,7057467,13,-0.9962818529619618,0.9996737427085258,3444.377258370226,1,470
a,passive,affine,4.0,100,0.0,7057467,14,0.9998448716563517,0.9997729883590987,3439.0405913991076,0,-1
a,passive,affine,4.0,100,0.0,7057467,15,-0.9844935827262429,0.9982631230892731,3379.494425204172,1,315
a,passive,affine,4.0,100,0.0,7057467,16,0.6804732919221959,0.999999,3465.9416627918035,0,-1
a,passive,affine,4.0,100,0.0,7057467,17,0.999999,0.9536468128627599,3473.152373906498,0,-1
a,passive,affine,4.0,100,0.0,7057467,18,0.8107818681013138,0.9860439211316147,3479.9524459765144,0,-1
a,passive,affine,4.0,100,0.0,7057467,19,0.999999,0.9756497973108655,3473.1140376460157,0,-1
a,passive,affine,4.0,100,0.0,7057467,20,0.9971090791108413,0.9955681419015847,3483.7923557935105,0,-1
a,passive,affine,4.0,100,0.0,7057467,21,-0.9490838968514059,0.9999720515848693,3410.6267851106977,1,349
a,passive,affine,4.0,100,0.0,7057467,22,0.9374893948296913,0.9015337273402548,3456.429314017471,0,-1
a,passive,affine,4.0,100,0.0,7057467,23,-0.2631164986490645,0.999999,3481.1368163083193,1,339
a,passive,affine,4.0,100,0.0,7057467,24,0.9933219832783886,0.9992873769872495,3477.0768696956366,0,-1
a,passive,affine,4.0,100,0.0,7057467,25,0.97873507883865,0.9951773998662887,3463.9077404117093,0,-1
a,passive,affine,4.0,100,0.0,7057467,26,-0.9982186701932799,0.98513346514684,3475.326858109997,1,310
a,passive,affine,4.0,100,0.0,7057467,27,0.9994753829826124,0.9986131967583378,3469.7788360068876,0,-1
a,passive,affine,4.0,100,0.0,7057467,28,0.999999,0.9583197411537276,3464.2324890536415,0,-1
a,passive,affine,4.0,100,0.0,7057467,29,0.9999914190801706,0.999999,3474.2609368229523,0,-1
a,passive,affine,4.0,100,0.0,7057467,30,0.999999,0.999999,3443.6972054995613,1,270
a,passive,affine,4.0,100,0.0,7057467,31,0.999999,0.999341957610586,3456.7562730806844,0,-1
a,passive,affine,4.0,100,0.0,7057467,32,-0.9825935980759796,0.999999,3477.6238806536767,1,276
a,passive,affine,4.0,100,0.0,7057467,33,0.999999,0.9998922147447825,3453.022715442121,0,-1
a,passive,affine,4.0,100,0.0,7057467,34,0.9999532257597621,0.9998126371511807,3458.141326598305,0,-1
a,passive,affine,4.0,100,0.0,7057467,35,0.9539777802772644,0.999999,3482.1149530701546,0,-1
a,passive,affine,4.0,100,0.0,7057467,36,-0.9980603358845594,0.9997374941539784,3462.5968929310293,1,305
a,passive,affine,4.0,100,0.0,7057467,37,0.9998069798333448,0.9813038860266748,3469.1568373823734,0,-1
a,passive,affine,4.0,100,0.0,7057467,38,0.993999820187504,0.9998937898076853,3474.8561317874232,0,-1
a,passive,affine,4.0,100,0.0,7057467,39,0.999999,0.999999,3468.140077432441,0,-1
a,passive,affine,4.0,100,0.0,7057467,40,0.999999,0.999999,3476.751505642323,0,-1
a,passive,affine,4.0,100,0.0,7057467,41,0.999999,0.999999,3429.8332205204024,0,-1
a,passive,affine,4.0,100,0.0,7057467,42,-0.9803208318377727,0.9853570183675742,3472.0270524295975,1,354
a,passive,affine,4.0,100,0.0,7057467,43,0.999999,0.999999,3467.051853426729,0,-1
a,passive,affine,4.0,100,0.0,7057467,44,0.999999,0.999999,3475.5742232490675,0,-1
a,passive,affine,4.0,100,0.0,7057467,45,0.9999640975642174,0.9309565660259791,3455.0310358921897,0,-1
a,passive,affine,4.0,100,0.0,7057467,46,0.9947281247698526,0.9997851289664709,3474.426748350582,0,-1
a,passive,affine,4.0,100,0.0,7057467,47,0.999999,0.999999,3439.958762977075,0,-1
a,passive,affine,4.0,100,0.0,7057467,48,0.999999,0.999999,3465.9337367131116,0,-1
a,passive,affine,4.0,100,0.0,7057467,49,0.9362046896458244,0.999999,3443.9242331781247,0,-1
a,passive,affine,4.0,100,0.0,7057467,50,-0.785553630658541,0.999922356276115,3474.4120973441304,1,279
a,passive,affine,4.0,100,0.0,7057467,51,0.999999,0.9999390218208473,3475.0120698790433,0,-1
a,passive,affine,4.0,100,0.0,7057467,52,0.9986932620056561,0.9998714175421155,3435.544122028574,0,-1
a,passive,affine,4.0,100,0.0,7057467,53,0.999999,0.9969992811703254,3479.0201717926893,0,-1
a,passive,affine,4.0,100,0.0,7057467,54,0.9680931627182119,0.999999,3440.3465091840776,0,-1
a,passive,affine,4.0,100,0.0,7057467,55,0.999686497538022,0.9996903635024812,3462.034056561247,0,-1
a,passive,affine,4.0,100,0.0,7057467,56,-0.9550677384118585,0.9998859862079952,3407.548642027852,1,278
a,passive,affine,4.0,100,0.0,7057467,57,0.999816382375067,0.999999,3445.523364764029,0,-1
a,passive,affine,4.0,100,0.0,7057467,58,-0.9253286751779783,0.999999,3462.1760705854836,1,421
a,passive,affine,4.0,100,0.0,7057467,59,0.9998783586914206,0.999970916678382,3470.4029871529688,0,-1
a,passive,affine,4.0,100,0.0,7057467,60,0.9982775003568678,0.9156353595200337,3442.6074633796875,0,-1
a,passive,affine,4.0,100,0.0,7057467,61,0.999999,0.9050814514334461,3461.8513659524956,0,-1
a,passive,affine,4.0,100,0.0,7057467,62,0.999999,0.9999316821570473,3439.7271738366276,0,-1
a,passive,affine,4.0,100,0.0,7057467,63,0.999999,0.999999,3461.7079186188284,0,-1
a,passive,affine,4.0,100,0.0,7057467,64,0.9901699471274115,0.4643120212110754,3440.552989124396,0,-1
a,passive,affine,4.0,100,0.0,7057467,65,0.999999,0.9984226177667139,3465.6202611035183,0,-1
a,passive,affine,4.0,100,0.0,7057467,66,-0.9911466730568215,0.999999,3461.4157404534144,1,296
a,passive,affine,4.0,100,0.0,7057467,67,0.999999,0.9980598303505496,3461.7622719325477,0,-1
a,passive,affine,4.0,100,0.0,7057467,68,0.9987092684429072,0.9993447656342455,3447.3602798959255,1,337
a,passive,affine,4.0,100,0.0,7057467,69,0.9504418628541541,0.999999,3466.721213358124,0,-1
a,passive,affine,4.0,100,0.0,7057467,70,0.999999,0.9995359284613168,3451.525802442726,0,-1
a,passive,affine,4.0,100,0.0,7057467,71,0.9999225173762109,0.999999,3463.9560772884965,0,-1
a,passive,affine,4.0,100,0.0,7057467,72,0.999999,0.9981590016145531,3401.155577261268,0,-1
a,passive,affine,4.0,100,0.0,7057467,73,0.9958821274858742,0.999999,3476.1371837613606,0,-1
a,passive,affine,4.0,100,0.0,7057467,74,0.999584184347892,0.9673879111950431,3456.56420719037,0,-1
a,passive,affine,4.0,100,0.0,7057467,75,0.9901598232917835,0.9998608328211849,3474.1824290065492,0,-1
a,passive,affine,4.0,100,0.0,7057467,76,0.999939840553188,0.9978391510286174,3458.686624325402,0,-1
a,passive,affine,4.0,100,0.0,7057467,77,0.9996454948619519,0.999999,3469.1789911987685,0,-1
a,passive,affine,4.0,100,0.0,7057467,78,0.9889140566031228,0.999999,3440.126602846235,0,-1
a,passive,affine,4.0,100,0.0,7057467,79,0.9755297474968174,0.999999,3473.356033991994,0,-1
a,passive,affine,4.0,100,0.0,7057467,80,0.9975053267980681,0.9980150457392193,3476.6224744373208,0,-1
a,passive,affine,4.0,100,0.0,7057467,81,0.999999,0.999999,3485.702981563482,0,-1
a,passive,affine,4.0,100,0.0,7057467,82,0.999999,0.9999943270107191,3480.6585964092274,0,-1
a,passive,affine,4.0,100,0.0,7057467,83,-0.999999,0.999999,3456.078724040627,1,292
a,passive,affine,4.0,100,0.0,7057467,84,0.9361325791503361,0.9958995866442183,3469.510290447372,0,-1
a,passive,affine,4.0,100,0.0,7057467,85,0.999999,0.999999,3451.117292487287,0,-1
a,passive,affine,4.0,100,0.0,7057467,86,-0.9894637515104271,0.9999663040652184,3440.166467937219,1,322
a,passive,affine,4.0,100,0.0,7057467,87,0.7804731065330656,0.9089150501383344,3470.071832992692,0,-1
a,passive,affine,4.0,100,0.0,7057467,88,-0.999999,0.999999,3463.7592966388706,1,289
a,passive,affine,4.0,100,0.0,7057467,89,0.999999,0.999999,3443.4459842794126,0,-1
a,passive,affine,4.0,100,0.0,7057467,90,0.999914699443861,0.999999,3472.583371573099,0,-1
a,passive,affine,4.0,100,0.0,7057467,91,-0.9841229624200228,0.9998890412626074,3420.405948737068,1,276
a,passive,affine,4.0,100,0.0,7057467,92,0.999724977257274,0.999999,3443.559395115752,0,-1
a,passive,affine,4.0,100,0.0,7057467,93,0.9278037546827508,0.9998240787389132,3466.335383866334,0,-1
a,passive,affine,4.0,100,0.0,7057467,94,0.999999,0.9998853612011154,3476.6094021013405,0,-1
a,passive,affine,4.0,100,0.0,7057467,95,-0.999999,0.9999235938056704,3416.911333471921,1,300
a,passive,affine,4.0,100,0.0,7057467,96,-0.4775141143970854,0.9938479023372274,3462.826394712046,1,371
a,passive,affine,4.0,100,0.0,7057467,97,0.9995742384826397,0.9985831229934468,3460.6646540450297,0,-1
a,passive,affine,4.0,100,0.0,7057467,98,-0.9978282149463866,0.9989632283951891,3470.8257591714414,1,294
a,passive,affine,4.0,100,0.0,7057467,99,-0.867522033332377,0.999999,3452.0635124843307,1,411
a,passive,affine,4.0,100,0.0,7057467,100,0.998800943086484,0.9998310472111253,3455.101280534864,0,-1
a,passive,affine,4.0,100,0.0,7057467,101,0.9999322853147058,0.9986806461939058,3470.0091383756667,0,-1
a,passive,affine,4.0,100,0.0,7057467,102,0.999999,0.999999,3460.8285275312846,0,-1
a,passive,affine,4.0,100,0.0,7057467,103,-0.998140571508313,0.999999,3448.8961798978507,1,306
a,passive,affine,4.0,100,0.0,7057467,104,0.9997597153887421,0.999999,3466.4507958045756,0,-1
a,passive,affine,4.0,100,0.0,7057467,105,-0.9674449909074444,0.9996448317894614,3440.5746983890904,1,287
a,passive,affine,4.0,100,0.0,7057467,106,-0.9454694976108547,0.9980073064406725,3438.8869157781946,1,341
a,passive,affine,4.0,100,0.0,7057467,107,0.9999704750047849,0.999999,3462.9846776941426,0,-1
a,passive,affine,4.0,100,0.0,7057467,108,-0.9689871750115939,0.9215895243889913,3467.5084218437173,1,288
a,passive,affine,4.0,100,0.0,7057467,109,0.999999,0.99997113180476,3451.4081408599595,0,-1
a,passive,affine,4.0,100,0.0,7057467,110,0.9777862680259164,0.9992824319441581,3463.7840133846826,0,-1
a,passive,affine,4.0,100,0.0,7057467,111,0.9991087304700017,0.8741480587626785,3451.28142799364,0,-1
a,passive,affine,4.0,100,0.0,7057467,112,0.999999,0.999999,3459.280083419393,0,-1
a,passive,affine,4.0,100,0.0,7057467,113,0.9999174764924993,0.999999,3466.6308960370166,0,-1
a,passive,affine,4.0,100,0.0,7057467,114,-0.8828116878931933,0.999999,3475.9521462277758,1,316
a,passive,affine,4.0,100,0.0,7057467,115,0.999999,0.9998934855195445,3469.999366738045,0,-1
a,passive,affine,4.0,100,0.0,7057467,116,0.9533841960821908,0.9982462285856545,3469.6727388753816,0,-1
a,passive,affine,4.0,100,0.0,7057467,117,0.999989295441003,0.9997549525157142,3470.307094961456,0,-1
a,passive,affine,4.0,100,0.0,7057467,118,0.7529445942940847,0.9964229932998975,3479.6036530749484,0,-1
a,passive,affine,4.0,100,0.0,7057467,119,0.9998987195294045,0.999999,3468.6021210322856,0,-1
a,passive,affine,4.0,100,0.0,7057467,120,-0.8955119014389253,0.999999,3427.6613451172475,1,293
a,passive,affine,4.0,100,0.0,7057467,121,-0.9826761804399646,0.9954472738155717,3483.705491714493,1,316
a,passive,affine,4.0,100,0.0,7057467,122,0.9291658206860752,0.999999,3466.681623326219,0,-1
a,passive,affine,4.0,100,0.0,7057467,123,0.9618726414028222,0.9979834776216986,3481.5687036784952,0,-1
a,passive,affine,4.0,100,0.0,7057467,124,0.9552348264001099,0.9873034810613373,3470.57281558627,0,-1
a,passive,affine,4.0,100,0.0,7057467,125,0.999999,0.9392583030531475,3470.853663065934,0,-1
a,passive,affine,4.0,100,0.0,7057467,126,0.999999,0.999864163309792,3473.748179583524,0,-1
a,passive,affine,4.0,100,0.0,7057467,127,-0.9806707126370036,0.999999,3418.0356929763307,1,298
a,passive,affine,4.0,100,0.0,7057467,128,0.9230088700069983,0.999999,3467.543978947364,0,-1
a,passive,affine,4.0,100,0.0,7057467,129,0.9338038438386137,0.999999,3463.119358331033,0,-1
a,passive,affine,4.0,100,0.0,7057467,130,0.9905521528843789,0.9998275794586677,3457.44638349605,0,-1
a,passive,affine,4.0,100,0.0,7057467,131,-0.9424218750894477,0.999999,3438.323396496084,1,279
a,passive,affine,4.0,100,0.0,7057467,132,0.99734616870159,0.9985247070884303,3484.2181478170987,0,-1
a,passive,affine,4.0,100,0.0,7057467,133,-0.9918857833265374,0.9997427134919292,3472.3035993295534,1,309
a,passive,affine,4.0,100,0.0,7057467,134,-0.998360225121652,0.9990026931712849,3457.0023782307153,1,289
a,passive,affine,4.0,100,0.0,7057467,135,0.990612820358843,0.6921055585629594,3434.6962345591055,0,-1
a,passive,affine,4.0,100,0.0,7057467,136,0.9992709742265131,0.9988800779711198,3474.2389912079625,0,-1
a,passive,affine,4.0,100,0.0,7057467,137,0.999999,0.999999,3470.234524307474,0,-1
a,passive,affine,4.0,100,0.0,7057467,138,0.9902544627612176,0.999999,3477.0057058047155,1,289
a,passive,affine,4.0,100,0.0,7057467,139,0.9593436425216219,0.9999754975176429,3464.502036527053,0,-1
a,passive,affine,4.0,100,0.0,7057467,140,0.9971707294473382,0.8158794470389468,3442.133271311563,0,-1
a,passive,affine,4.0,100,0.0,7057467,141,0.999999,0.9999354839888209,3442.8364047591394,0,-1
a,passive,affine,4.0,100,0.0,7057467,142,0.9998834973830062,0.999999,3446.297983315084,0,-1
a,passive,affine,4.0,100,0.0,7057467,143,0.9988633399258404,0.999999,3484.4741651725462,0,-1
a,passive,affine,4.0,100,0.0,7057467,144,0.999999,0.9981488264687767,3455.8625613072336,0,-1
a,passive,affine,4.0,100,0.0,7057467,145,-0.9976112954411408,0.9792865343680917,3482.384952688601,1,349
a,passive,affine,4.0,100,0.0,7057467,146,0.7685152653902263,0.9981328638982021,3478.5662262716564,0,-1
a,passive,affine,4.0,100,0.0,7057467,147,0.999999,0.999999,3428.388629913973,0,-1
a,passive,affine,4.0,100,0.0,7057467,148,0.9998882364280102,0.9998735942226659,3477.6813694737943,0,-1
a,passive,affine,4.0,100,0.0,7057467,149,0.8777032504196098,0.999999,3467.9970093617476,0,-1
a,passive,affine,4.0,100,0.0,7057467,150,0.999999,0.9999472787903085,3415.9650035536506,0,-1
a,passive,affine,4.0,100,0.0,7057467,151,0.999999,0.9994312118678645,3472.3381175879954,0,-1
a,passive,affine,4.0,100,0.0,7057467,152,0.997037674680762,0.9658709750914681,3471.50770766867,0,-1
a,passive,affine,4.0,100,0.0,7057467,153,0.9759865676941951,0.999999,3446.399876370827,0,-1
a,passive,affine,4.0,100,0.0,7057467,154,0.997110402798315,0.999999,3447.7549937963317,0,-1
a,passive,affine,4.0,100,0.0,7057467,155,-0.9268781918572511,0.9998592360593342,3439.1537704585617,1,332
a,passive,affine,4.0,100,0.0,7057467,156,0.9936222778736277,0.999999,3433.120345805708,0,-1
a,passive,affine,4.0,100,0.0,7057467,157,-0.9342634366244718,0.6994563913622148,3473.0701429212268,1,319
a,passive,affine,4.0,100,0.0,7057467,158,-0.9429550159347122,0.9998485203286789,3455.882512737542,1,320
a,passive,affine,4.0,100,0.0,7057467,159,0.999999,0.9893766008951895,3467.341923017931,0,-1
a,passive,affine,4.0,100,0.0,7057467,160,0.9999534553121295,0.9996790140736275,3467.1081643388447,0,-1
a,passive,affine,4.0,100,0.0,7057467,161,-0.8741962802080454,0.8365580151685026,3467.8493573204996,1,280
a,passive,affine,4.0,100,0.0,7057467,162,0.999999,0.999999,3475.555891049389,0,-1
a,passive,affine,4.0,100,0.0,7057467,163,0.9999489438353802,0.9988084742872073,3450.744388572485,0,-1
a,passive,affine,4.0,100,0.0,7057467,164,0.9997501147031939,0.7928695856121218,3458.146919572272,0,-1
a,passive,affine,4.0,100,0.0,7057467,165,0.9898681913855042,0.999999,3437.4993713794415,0,-1
a,passive,affine,4.0,100,0.0,7057467,166,0.9997638987062855,0.999999,3438.963106184942,0,-1
a,passive,affine,4.0,100,0.0,7057467,167,0.9844904297330508,0.999999,3439.265160765648,0,-1
a,passive,affine,4.0,100,0.0,7057467,168,0.999999,0.999999,3475.1898431665304,1,331
a,passive,affine,4.0,100,0.0,7057467,169,0.999999,0.9998792104952591,3453.3106207252936,0,-1
a,passive,affine,4.0,100,0.0,7057467,170,0.9642113784887543,0.9963045318752097,3468.916733739188,0,-1
a,passive,affine,4.0,100,0.0,7057467,171,0.999999,0.9976215869962095,3480.8771135725533,0,-1
a,passive,affine,4.0,100,0.0,7057467,172,0.9984066353763263,0.9935249931178617,3469.2157169312836,0,-1
a,passive,affine,4.0,100,0.0,7057467,173,-0.4541074697883313,0.9433230842531463,3475.558264005733,1,449
a,passive,affine,4.0,100,0.0,7057467,174,0.9999908745744882,0.9998012742713039,3463.695871078752,0,-1
a,passive,affine,4.0,100,0.0,7057467,175,-0.9974773619347495,0.999999,3480.037488961751,1,301
a,passive,affine,4.0,100,0.0,7057467,176,-0.9265809578946592,0.999999,3479.2084184086466,1,291
a,passive,affine,4.0,100,0.0,7057467,177,0.9860118415686597,0.999999,3482.9277022467454,0,-1
a,passive,affine,4.0,100,0.0,7057467,178,0.999999,0.9998565398225295,3429.041210709492,0,-1
a,passive,affine,4.0,100,0.0,7057467,179,0.5769387700090022,0.9999266799300507,3463.8050617674066,0,-1
a,passive,affine,4.0,100,0.0,7057467,180,0.9732807474324174,0.999999,3466.6930506682647,0,-1
a,passive,affine,4.0,100,0.0,7057467,181,0.999999,0.9998004614726981,3470.7813848839783,0,-1
a,passive,affine,4.0,100,0.0,7057467,182,-0.9150835140171888,0.9796695939474079,3474.8002515269063,1,288
a,passive,affine,4.0,100,0.0,7057467,183,0.999999,0.999999,3439.2517537093854,0,-1
a,passive,affine,4.0,100,0.0,7057467,184,-0.99218137753554,0.9949569274739433,3440.4341338415325,1,303
a,passive,affine,4.0,100,0.0,7057467,185,0.999999,0.999999,3466.6181481651156,0,-1
a,passive,affine,4.0,100,0.0,7057467,186,-0.5451510928028833,0.9988399769849876,3479.667171152686,1,302
a,passive,affine,4.0,100,0.0,7057467,187,0.9998970051801142,0.999883608523322,3464.2362711716546,0,-1
a,passive,affine,4.0,100,0.0,7057467,188,0.9959913854559114,0.9972004556358692,3482.2183577670285,0,-1
a,passive,affine,4.0,100,0.0,7057467,189,0.999999,0.999999,3450.1135984901625,0,-1
a,passive,affine,4.0,100,0.0,7057467,190,0.9668260508180633,0.9626046209046902,3490.9051040844324,0,-1
a,passive,affine,4.0,100,0.0,7057467,191,0.9977055645734917,0.990284574513795,3456.2472598038294,0,-1
a,passive,affine,4.0,100,0.0,7057467,192,0.999999,0.9999650729901236,3450.992601893845,0,-1
a,passive,affine,4.0,100,0.0,7057467,193,0.999999,0.978842978498694,3470.5865828642227,0,-1
a,passive,affine,4.0,100,0.0,7057467,194,0.9718469302043586,0.999999,3436.757999870447,0,-1
a,passive,affine,4.0,100,0.0,7057467,195,-0.9982316765841918,0.999999,3448.449643760933,1,563
a,passive,affine,4.0,100,0.0,7057467,196,-0.4634694197315718,0.999999,3471.895296575644,1,346
a,passive,affine,4.0,100,0.0,7057467,197,0.9998517196818606,0.9953344690558055,3467.7550886969684,0,-1
a,passive,affine,4.0,100,0.0,7057467,198,0.9987287239283593,0.999999,3478.9596890812736,0,-1
a,passive,affine,4.0,100,0.0,7057467,199,0.999999,0.999999,3465.3796653328072,0,-1
a,passive,affine,4.0,100,0.0,7057467,200,0.999999,0.9999730798792041,3474.912981781929,0,-1
a,passive,affine,4.0,100,0.0,7057467,201,-0.9618087568449962,0.9935363274097045,3481.027579023422,1,291
a,passive,affine,4.0,100,0.0,7057467,202,0.999977382022123,0.856047148623805,3446.0952864771093,0,-1
a,passive,affine,4.0,100,0.0,7057467,203,0.9915969020174269,0.8772812759309012,3486.8270498652887,0,-1
a,passive,affine,4.0,100,0.0,7057467,204,0.999999,0.9998930060533839,3450.4043625450076,1,275
a,passive,affine,4.0,100,0.0,7057467,205,0.9996830832046313,0.9946331474952878,3439.59009840221,0,-1
a,passive,affine,4.0,100,0.0,7057467,206,0.999999,0.9999665929975718,3487.671810571102,0,-1
a,passive,affine,4.0,100,0.0,7057467,207,0.9966284413876548,0.999999,3478.948705260735,0,-1
a,passive,affine,4.0,100,0.0,7057467,208,0.9999608513037257,0.999999,3448.271120458268,0,-1
a,passive,affine,4.0,100,0.0,7057467,209,-0.9760553606934763,0.999959000902833,3466.9693487108543,1,344
a,passive,affine,4.0,100,0.0,7057467,210,0.5671166162765624,0.999999,3441.028912485048,0,-1
a,passive,affine,4.0,100,0.0,7057467,211,0.9998289132785272,0.9844499110917345,3467.183672181948,0,-1
a,passive,affine,4.0,100,0.0,7057467,212,-0.9193481185325143,0.9999228786507177,3468.0338841127186,1,289
a,passive,affine,4.0,100,0.0,7057467,213,0.9999736773601476,0.999999,3458.7688806389397,0,-1
a,passive,affine,4.0,100,0.0,7057467,214,0.999999,0.999999,3477.4774308313586,0,-1
a,passive,affine,4.0,100,0.0,7057467,215,0.999999,0.9729263883301272,3482.9155039200414,0,-1
a,passive,affine,4.0,100,0.0,7057467,216,0.9727188473406396,0.9997652049268192,3469.5882364707377,0,-1
a,passive,affine,4.0,100,0.0,7057467,217,0.9999641376206118,0.9999725398111219,3473.9422995966042,0,-1
a,passive,affine,4.0,100,0.0,7057467,218,-0.9978525269194307,0.998056107023215,3467.224194494157,1,347
a,passive,affine,4.0,100,0.0,7057467,219,0.999999,0.999999,3486.933577622471,0,-1
a,passive,affine,4.0,100,0.0,7057467,220,-0.9997082706446044,0.999999,3463.92141892941,1,290
a,passive,affine,4.0,100,0.0,7057467,221,0.999999,0.9927654168919666,3436.7319040650013,0,-1
a,passive,affine,4.0,100,0.0,7057467,222,-0.7857831798611127,0.999999,3452.8053179475596,1,457
a,passive,affine,4.0,100,0.0,7057467,223,0.999999,0.999962428841977,3430.819472194593,0,-1
a,passive,affine,4.0,100,0.0,7057467,224,0.9986669715567285,0.9998315410117992,3483.3189528281546,0,-1
a,passive,affine,4.0,100,0.0,7057467,225,0.9998708803711093,0.9465149102925899,3454.9977468576403,0,-1
a,passive,affine,4.0,100,0.0,7057467,226,-0.999999,0.9978680839771853,3477.573538607761,1,265
a,passive,affine,4.0,100,0.0,7057467,227,0.9762042239958447,0.9806441732092636,3450.614255096456,0,-1
a,passive,affine,4.0,100,0.0,7057467,228,0.9985736645372858,0.999999,3468.822882975671,0,-1
a,passive,affine,4.0,100,0.0,7057467,229,0.999999,0.8719761724031707,3460.744715699235,0,-1
a,passive,affine,4.0,100,0.0,7057467,230,0.9874370493074326,0.9995864801543289,3472.5308565846535,0,-1
a,passive,affine,4.0,100,0.0,7057467,231,-0.6821080788306262,0.999999,3482.8982687433827,1,311
a,passive,affine,4.0,100,0.0,7057467,232,-0.8897610270170285,0.999999,3473.041604871774,1,285
a,passive,affine,4.0,100,0.0,7057467,233,0.995735861379489,0.9976191403675362,3476.3811804418588,0,-1
a,passive,affine,4.0,100,0.0,7057467,234,-0.9933808267666274,0.9997759754192868,3475.5172827718256,1,298
a,passive,affine,4.0,100,0.0,7057467,235,0.999907852228006,0.999999,3443.146898804126,0,-1
a,passive,affine,4.0,100,0.0,7057467,236,-0.458247004629064,0.9999911390996867,3476.582273484517,1,296
a,passive,affine,4.0,100,0.0,7057467,237,0.999999,0.9956729649931186,3470.51667767949,0,-1
a,passive,affine,4.0,100,0.0,7057467,238,0.968340675375317,0.9973174394749734,3477.6952472555167,0,-1
a,passive,affine,4.0,100,0.0,7057467,239,-0.9779201923364013,0.999999,3453.1466478446014,1,294
a,passive,affine,4.0,100,0.0,7057467,240,0.9926754338782308,0.9999510476962126,3474.37012326551,0,-1
a,passive,affine,4.0,100,0.0,7057467,241,0.8029385174238154,0.999999,3474.858655483965,0,-1
a,passive,affine,4.0,100,0.0,7057467,242,0.9917148833568742,0.999999,3467.256549887425,0,-1
a,passive,affine,4.0,100,0.0,7057467,243,0.999999,0.9996768889082058,3453.170506815952,0,-1
a,passive,affine,4.0,100,0.0,7057467,244,-0.9991323981049779,0.999999,3436.3405466727686,1,336
a,passive,affine,4.0,100,0.0,7057467,245,0.999942581896895,0.999999,3466.9385544935635,0,-1
a,passive,affine,4.0,100,0.0,7057467,246,0.999999,0.999999,3450.655537973029,0,-1
a,passive,affine,4.0,100,0.0,7057467,247,0.9999932968173,0.7907390601098687,3436.7392912329833,0,-1
a,passive,affine,4.0,100,0.0,7057467,248,-0.999999,0.9995638442444218,3447.1705531414364,1,335
a,passive,affine,4.0,100,0.0,7057467,249,0.9999271020603282,0.9996467829618345,3460.607150865858,0,-1
a,passive,affine,4.0,100,0.0,7057467,250,0.999999,0.9988057831042313,3483.998645069948,0,-1
a,passive,affine,4.0,100,0.0,7057467,251,0.9974742712041023,0.9998566028724059,3479.358234916701,0,-1
a,passive,affine,4.0,100,0.0,7057467,252,0.999999,0.999999,3476.381399781751,0,-1
a,passive,affine,4.0,100,0.0,7057467,253,0.999999,0.999999,3474.4744175213345,0,-1
a,passive,affine,4.0,100,0.0,7057467,254,0.999999,0.9801191832971425,3451.1528248717054,0,-1
a,passive,affine,4.0,100,0.0,7057467,255,0.9975476407799809,0.999999,3440.9895649744326,0,-1
a,passive,affine,4.0,100,0.0,7057467,256,0.999999,0.9948103522205604,3453.1841913784356,0,-1
a,passive,affine,4.0,100,0.0,7057467,257,0.9893283442001887,0.9969626886707211,3476.7209758865592,0,-1
a,passive,affine,4.0,100,0.0,7057467,258,0.9704147679533484,0.999999,3482.287369008384,0,-1
a,passive,affine,4.0,100,0.0,7057467,259,-0.8589854204006764,0.9997754242155473,3478.6719540646363,1,379
a,passive,affine,4.0,100,0.0,7057467,260,0.999999,0.999763660703136,3478.9974097865825,0,-1
a,passive,affine,4.0,100,0.0,7057467,261,0.9995510573207952,0.9128862012776321,3465.408591226609,0,-1
a,passive,affine,4.0,100,0.0,7057467,262,0.999999,0.999999,3475.724386322349,0,-1
a,passive,affine,4.0,100,0.0,7057467,263,0.8144121126522524,0.999999,3439.732566671277,0,-1
a,passive,affine,4.0,100,0.0,7057467,264,-0.9983503505048782,0.9979610086140647,3483.1244722287142,1,321
a,passive,affine,4.0,100,0.0,7057467,265,0.999999,0.999999,3480.96393583406,0,-1
a,passive,affine,4.0,100,0.0,7057467,266,0.9979806491063489,0.999999,3479.2313921049126,0,-1
a,passive,affine,4.0,100,0.0,7057467,267,0.9996620498815538,0.9725283104416843,3447.6579874111526,0,-1
a,passive,affine,4.0,100,0.0,7057467,268,0.999519121233315,0.999790482364927,3441.661503505191,0,-1
a,passive,affine,4.0,100,0.0,7057467,269,-0.9981492695053499,0.9984344618090168,3474.6658125900335,1,321
a,passive,affine,4.0,100,0.0,7057467,270,0.9748914339001025,0.9997259533677851,3437.76148755344,0,-1
a,passive,affine,4.0,100,0.0,7057467,271,0.999999,0.9975684940010926,3470.665458901256,0,-1
a,passive,affine,4.0,100,0.0,7057467,272,0.9998150104569046,0.8456530894392835,3466.458315881013,0,-1
a,passive,affine,4.0,100,0.0,7057467,273,0.9982845667470683,0.9148929946149787,3470.9798377989805,0,-1
a,passive,affine,4.0,100,0.0,7057467,274,0.9957386487055001,0.999999,3452.74867874081,0,-1
a,passive,affine,4.0,100,0.0,7057467,275,0.999999,0.9974631313731167,3458.1982919396623,0,-1
a,passive,affine,4.0,100,0.0,7057467,276,0.999999,0.9999907103664117,3445.633903547113,0,-1
a,passive,affine,4.0,100,0.0,7057467,277,0.999999,0.9979357550745442,3471.7894864189157,0,-1
a,passive,affine,4.0,100,0.0,7057467,278,0.9997913812832262,0.999999,3462.185240608373,0,-1
a,passive,affine,4.0,100,0.0,7057467,279,0.999999,0.999999,3462.8883336850904,0,-1
a,passive,affine,4.0,100,0.0,7057467,280,0.9752238114164757,0.9993661687399583,3454.1015853800222,0,-1
a,passive,affine,4.0,100,0.0,7057467,281,0.999999,0.9997253001950371,3463.570283693124,0,-1
a,passive,affine,4.0,100,0.0,7057467,282,0.9888160369694379,0.9998221177329395,3429.4341849776174,0,-1
a,passive,affine,4.0,100,0.0,7057467,283,-0.999999,0.999999,3460.3007733270233,1,332
a,passive,affine,4.0,100,0.0,7057467,284,-0.9685127366733735,0.9999159315710392,2482.537299911606,1,272
a,passive,affine,4.0,100,0.0,7057467,285,0.9999403823371865,0.9998564894131783,3448.1043246478753,0,-1
a,passive,affine,4.0,100,0.0,7057467,286,0.9950004218517711,0.999978553651504,3448.767272044375,0,-1
a,passive,affine,4.0,100,0.0,7057467,287,0.999999,0.9754587737604689,3465.617132264662,0,-1
a,passive,affine,4.0,100,0.0,7057467,288,0.999999,0.999999,3486.206376176652,0,-1
a,passive,affine,4.0,100,0.0,7057467,289,0.9998576928965485,0.999999,3472.798233685615,0,-1
a,passive,affine,4.0,100,0.0,7057467,290,0.999999,0.7236804903893403,3445.25254717926,0,-1
a,passive,affine,4.0,100,0.0,7057467,291,0.999999,0.999939877627381,3427.4698270776394,0,-1
a,passive,affine,4.0,100,0.0,7057467,292,0.9999407873374372,0.9260148356251758,3473.1236445127706,0,-1
a,passive,affine,4.0,100,0.0,7057467,293,0.999999,0.9977002954389125,3463.9251218360987,0,-1
a,passive,affine,4.0,100,0.0,7057467,294,0.999999,0.9997134401968876,3417.4872551935737,0,-1
a,passive,affine,4.0,100,0.0,7057467,295,0.9996994030453874,0.999999,3465.816800867158,0,-1
a,passive,affine,4.0,100,0.0,7057467,296,0.999999,0.9999474358640127,3461.114603643695,0,-1
a,passive,affine,4.0,100,0.0,7057467,297,0.9279308779636736,0.999999,3469.652544300376,0,-1
a,passive,affine,4.0,100,0.0,7057467,298,0.8520072676016576,0.999999,3465.6231451894314,0,-1
a,passive,affine,4.0,100,0.0,7057467,299,0.9999119698495053,0.9996428332832223,3484.5706627902896,0,-1
a,passive,affine,4.0,100,0.0,7057467,300,0.999999,0.9956715237264984,3466.151791582807,0,-1
a,passive,affine,4.0,100,0.0,7057467,301,0.9999830269877596,0.999999,3469.429742861324,0,-1
a,passive,affine,4.0,100,0.0,7057467,302,0.9998094418488447,0.999999,3433.4465922526674,0,-1
a,passive,affine,4.0,100,0.0,7057467,303,0.999999,0.9996509846399623,3469.5586247364404,0,-1
a,passive,affine,4.0,100,0.0,7057467,304,0.999999,0.999999,3460.624330559273,0,-1
a,passive,affine,4.0,100,0.0,7057467,305,-0.7742799863741278,0.9949419317359082,3450.7190578908508,1,272
a,passive,affine,4.0,100,0.0,7057467,306,0.999880056232927,0.9999790834958487,3471.3080762203535,0,-1
a,passive,affine,4.0,100,0.0,7057467,307,0.9970972083387595,0.9999689247213644,3449.7225217460004,0,-1
a,passive,affine,4.0,100,0.0,7057467,308,0.9202913820010215,0.9879133458693863,3443.3482921143873,1,335
a,passive,affine,4.0,100,0.0,7057467,309,0.9988519390409331,0.999999,3464.7624829128463,0,-1
a,passive,affine,4.0,100,0.0,7057467,310,0.999999,0.999999,3469.3975403946874,0,-1
a,passive,affine,4.0,100,0.0,7057467,311,0.9986074798941371,0.932418379454495,3475.9714148966955,0,-1
a,passive,affine,4.0,100,0.0,7057467,312,0.9993371060081967,0.999999,3478.2829847103667,0,-1
a,passive,affine,4.0,100,0.0,7057467,313,0.999999,0.999999,3476.6867860885145,0,-1
a,passive,affine,4.0,100,0.0,7057467,314,-0.9784649785937394,0.9177481543676548,3457.8941988253746,1,306
a,passive,affine,4.0,100,0.0,7057467,315,0.9991472474156204,0.9995571654970152,3397.8670915405146,0,-1
a,passive,affine,4.0,100,0.0,7057467,316,0.546458369327522,0.9856870661340663,3426.3127461434196,0,-1
a,passive,affine,4.0,100,0.0,7057467,317,0.8556598487359364,0.999999,3471.118311842723,0,-1
a,passive,affine,4.0,100,0.0,7057467,318,0.999999,0.999999,3471.8019028148306,0,-1
a,passive,affine,4.0,100,0.0,7057467,319,0.999887952200067,0.9387663238746078,3481.2708513861976,0,-1
a,passive,affine,4.0,100,0.0,7057467,320,0.999999,0.9935882314054761,3473.8775884746237,0,-1
a,passive,affine,4.0,100,0.0,7057467,321,0.999999,0.999999,3470.8605097472287,0,-1
a,passive,affine,4.0,100,0.0,7057467,322,0.999999,0.9999272117139699,3464.1376947816957,0,-1
a,passive,affine,4.0,100,0.0,7057467,323,0.9996794204331328,0.999999,3464.9043468329023,0,-1
a,passive,affine,4.0,100,0.0,7057467,324,0.9997709094319334,0.9684722602455739,3478.1652059314238,0,-1
a,passive,affine,4.0,100,0.0,7057467,325,-0.9954280226634331,0.9571836239198078,3467.2915681019463,1,271
a,passive,affine,4.0,100,0.0,7057467,326,0.9997769202182387,0.999999,3437.7588476569554,0,-1
a,passive,affine,4.0,100,0.0,7057467,327,0.9994310232148473,0.9980880793531279,3474.7184739630115,0,-1
a,passive,affine,4.0,100,0.0,7057467,328,-0.9960547475629288,0.9999262770582078,3453.594664562275,1,464
a,passive,affine,4.0,100,0.0,7057467,329,0.9933170507408552,0.9911621318778294,3423.3504316051885,0,-1
a,passive,affine,4.0,100,0.0,7057467,330,0.9999448973270891,0.999999,3467.0881833574986,0,-1
a,passive,affine,4.0,100,0.0,7057467,331,0.9891343188433597,0.999999,3475.2698635612774,0,-1
a,passive,affine,4.0,100,0.0,7057467,332,0.999999,0.999999,3437.7674786856646,0,-1
a,passive,affine,4.0,100,0.0,7057467,333,0.9996748251432803,0.999999,3458.8820940066385,0,-1
a,passive,affine,4.0,100,0.0,7057467,334,0.7936117916727188,0.9999831773983837,3454.7137767779927,0,-1
a,passive,affine,4.0,100,0.0,7057467,335,-0.9867292642247643,0.9961905303811142,3466.807957789843,1,315
a,passive,affine,4.0,100,0.0,7057467,336,0.999954500496936,0.999999,3467.102433136629,0,-1
a,passive,affine,4.0,100,0.0,7057467,337,0.9854613040249548,0.753217089840094,3462.348948220923,0,-1
a,passive,affine,4.0,100,0.0,7057467,338,0.7084199649157815,0.8847201738865736,3408.8629359467036,0,-1
a,passive,affine,4.0,100,0.0,7057467,339,0.9998350707784678,0.999999,3477.4861877509547,1,312
a,passive,affine,4.0,100,0.0,7057467,340,0.9999591190222064,0.9981038997328165,3448.87025500417,0,-1
a,passive,affine,4.0,100,0.0,7057467,341,0.999999,0.999999,3471.3670841143594,0,-1
a,passive,affine,4.0,100,0.0,7057467,342,0.999999,0.9974250468670233,3466.158692096895,0,-1
a,passive,affine,4.0,100,0.0,7057467,343,0.9987176763527963,0.9998566217690268,3461.7591191316374,0,-1
a,passive,affine,4.0,100,0.0,7057467,344,0.9691885616316053,0.9999838756344234,3421.2700742429984,0,-1
a,passive,affine,4.0,100,0.0,7057467,345,0.9843972999651347,0.999999,3449.794506681118,0,-1
a,passive,affine,4.0,100,0.0,7057467,346,0.9202650308901407,0.9997269665226343,3457.8870037340735,0,-1
a,passive,affine,4.0,100,0.0,7057467,347,0.9998219803118256,0.999999,3467.963853393671,1,294
a,passive,affine,4.0,100,0.0,7057467,348,0.999999,0.9818150808175861,3471.182532223422,0,-1
a,passive,affine,4.0,100,0.0,7057467,349,0.7190730768697249,0.9987206956962638,3462.7680070385513,0,-1
a,passive,affine,4.0,100,0.0,7057467,350,-0.999999,0.999999,3392.221220684848,1,302
a,passive,affine,4.0,100,0.0,7057467,351,0.9998834573916566,0.999999,3423.817031730641,0,-1
a,passive,affine,4.0,100,0.0,7057467,352,0.999999,0.999999,3446.520777731144,0,-1
a,passive,affine,4.0,100,0.0,7057467,353,0.8332822078989167,0.999999,3471.089375560656,0,-1
a,passive,affine,4.0,100,0.0,7057467,354,0.999999,0.999999,3443.901965513191,0,-1
a,passive,affine,4.0,100,0.0,7057467,355,-0.9863755780816988,0.999999,3467.7250988647643,1,330
a,passive,affine,4.0,100,0.0,7057467,356,0.9931295962516656,0.9101498397581879,3441.664959137774,0,-1
a,passive,affine,4.0,100,0.0,7057467,357,0.9999744811260923,0.9999139630187458,3454.884970642955,0,-1
a,passive,affine,4.0,100,0.0,7057467,358,0.9883561429623686,0.9999673236176084,3481.8212506365726,0,-1
a,passive,affine,4.0,100,0.0,7057467,359,0.999999,0.9999273991042851,3458.7030427344566,0,-1
a,passive,affine,4.0,100,0.0,7057467,360,0.9964932015865359,0.96857080276557,3452.7385472103547,0,-1
a,passive,affine,4.0,100,0.0,7057467,361,0.999999,0.9997421520278297,3412.3540645811977,0,-1
a,passive,affine,4.0,100,0.0,7057467,362,0.999999,0.999864612944912,3475.6699894093185,0,-1
a,passive,affine,4.0,100,0.0,7057467,363,0.9971446315610011,0.999999,3419.578692917463,0,-1
a,passive,affine,4.0,100,0.0,7057467,364,0.9955638217240763,0.8885222085782281,3442.240443627549,0,-1
a,passive,affine,4.0,100,0.0,7057467,365,0.9959916556792,0.9999429203284163,3462.7990089082236,0,-1
a,passive,affine,4.0,100,0.0,7057467,366,0.9958426536659343,0.999999,3463.6907750789974,0,-1
a,passive,affine,4.0,100,0.0,7057467,367,-0.9931415847378411,0.999999,3398.176635709563,1,277
a,passive,affine,4.0,100,0.0,7057467,368,0.999999,0.999999,3466.085472428971,0,-1
a,passive,affine,4.0,100,0.0,7057467,369,0.9995590060930243,0.999999,3461.601781415395,0,-1
a,passive,affine,4.0,100,0.0,7057467,370,-0.9157043794897518,0.9978699042789374,3383.2237197278905,1,283
a,passive,affine,4.0,100,0.0,7057467,371,0.999999,0.9994317302705891,3474.660094667234,0,-1
a,passive,affine,4.0,100,0.0,7057467,372,-0.9983225262659765,0.999999,3458.225248504004,1,294
a,passive,affine,4.0,100,0.0,7057467,373,-0.9977847774734284,0.999999,3478.358291864311,1,276
a,passive,affine,4.0,100,0.0,7057467,374,0.999999,0.999999,3475.320265679111,0,-1
a,passive,affine,4.0,100,0.0,7057467,375,0.999999,0.9959137682125199,3464.7864946539835,0,-1
a,passive,affine,4.0,100,0.0,7057467,376,0.999999,0.999999,3474.4180974138562,0,-1
a,passive,affine,4.0,100,0.0,7057467,377,0.999999,0.966440071629897,3464.019856546617,0,-1
a,passive,affine,4.0,100,0.0,7057467,378,-0.999999,0.999999,3479.29561559834,1,287
a,passive,affine,4.0,100,0.0,7057467,379,0.9995764646806976,0.9979675002338876,3466.8798538274127,0,-1
a,passive,affine,4.0,100,0.0,7057467,380,0.9994525777509241,0.9999006773131892,3438.808494259511,0,-1
a,passive,affine,4.0,100,0.0,7057467,381,0.9999376521742569,0.9999340246385579,3446.078319245144,0,-1
a,passive,affine,4.0,100,0.0,7057467,382,0.9998732755819199,0.9975218032812089,3473.266954453943,0,-1
a,passive,affine,4.0,100,0.0,7057467,383,0.9893748913490505,0.999999,3458.97624236974,0,-1
a,passive,affine,4.0,100,0.0,7057467,384,0.999999,0.9999337670707156,3459.065040770361,0,-1
a,passive,affine,4.0,100,0.0,7057467,385,0.999999,0.9452874433520364,3452.1099542131287,0,-1
a,passive,affine,4.0,100,0.0,7057467,386,0.999999,0.9898573601345261,3473.9013754357543,0,-1
a,passive,affine,4.0,100,0.0,7057467,387,-0.9983506653165802,0.9977784414951539,3453.2985780125277,1,464
a,passive,affine,4.0,100,0.0,7057467,388,0.999999,0.9572488997850954,3456.2296581483038,0,-1
a,passive,affine,4.0,100,0.0,7057467,389,0.999999,0.999999,3452.249009406624,0,-1
a,passive,affine,4.0,100,0.0,7057467,390,0.9990071602202872,0.999999,3429.2349052218565,0,-1
a,passive,affine,4.0,100,0.0,7057467,391,0.999999,0.8630744603489878,3469.3825999242204,0,-1
a,passive,affine,4.0,100,0.0,7057467,392,0.999999,0.9999719772116776,3476.7950813280195,0,-1
a,passive,affine,4.0,100,0.0,7057467,393,0.7908648800881983,0.999999,3466.8257981120078,0,-1
a,passive,affine,4.0,100,0.0,7057467,394,0.999999,0.999999,3469.6299201297425,0,-1
a,passive,affine,4.0,100,0.0,7057467,395,0.999999,0.8408422450570677,3462.9330913388662,0,-1
a,passive,affine,4.0,100,0.0,7057467,396,-0.9980292566515122,0.9999739088418008,3469.1172544530864,1,301
a,passive,affine,4.0,100,0.0,7057467,397,-0.9732692227847916,0.999999,3468.761677448015,1,326
a,passive,affine,4.0,100,0.0,7057467,398,0.9660153240679703,0.997230133694362,3461.410632359264,0,-1
a,passive,affine,4.0,100,0.0,7057467,399,0.999999,0.9699249864378423,3482.2631195745034,0,-1
a,passive,affine,4.0,100,0.0,7057467,400,0.9959966461611661,0.9858096587979809,3466.4104310225575,0,-1
a,passive,affine,4.0,100,0.0,7057467,401,0.999999,0.9999792699969011,3476.723194503257,0,-1
a,passive,affine,4.0,100,0.0,7057467,402,0.9663718978807493,0.999999,3470.2940691117346,0,-1
a,passive,affine,4.0,100,0.0,7057467,403,-0.9926795389969687,0.9937590671910319,3475.905079994818,1,289
a,passive,affine,4.0,100,0.0,7057467,404,0.9929020735092321,0.999999,3449.14710531385,0,-1
a,passive,affine,4.0,100,0.0,7057467,405,0.9994907864096486,0.999999,3457.5511051588974,0,-1
a,passive,affine,4.0,100,0.0,7057467,406,-0.999999,0.9950528160498744,3480.3028946850113,1,285
a,passive,affine,4.0,100,0.0,7057467,407,0.999999,0.999999,3441.5095086699193,1,305
a,passive,affine,4.0,100,0.0,7057467,408,0.9998762652208492,0.999999,3473.2480638644797,0,-1
a,passive,affine,4.0,100,0.0,7057467,409,0.999999,0.999999,3455.3793777679234,0,-1
a,passive,affine,4.0,100,0.0,7057467,410,0.999999,0.9994953817158337,3453.8499751601257,0,-1
a,passive,affine,4.0,100,0.0,7057467,411,-0.9863985449933963,0.9983777073146974,3440.6089197992587,1,328
a,passive,affine,4.0,100,0.0,7057467,412,-0.9334204117857154,0.9996975162311478,3454.9249673377763,1,304
a,passive,affine,4.0,100,0.0,7057467,413,0.999999,0.999999,3474.34972278271,0,-1
a,passive,affine,4.0,100,0.0,7057467,414,-0.9783064096628851,0.999999,3418.242694957517,1,299
a,passive,affine,4.0,100,0.0,7057467,415,0.999999,0.9998638193781978,3416.66752516823,0,-1
a,passive,affine,4.0,100,0.0,7057467,416,-0.9722781411158491,0.999999,3472.4537633449613,1,302
a,passive,affine,4.0,100,0.0,7057467,417,0.969675288348496,0.999999,3461.7367376115963,0,-1
a,passive,affine,4.0,100,0.0,7057467,418,0.9957736084366704,0.999999,3477.3128150566467,0,-1
a,passive,affine,4.0,100,0.0,7057467,419,-0.5032848832715154,0.9477947932726156,3460.935577923592,1,483
a,passive,affine,4.0,100,0.0,7057467,420,0.9886785733039414,0.999999,3444.645464441662,0,-1
a,passive,affine,4.0,100,0.0,7057467,421,0.9906555124219519,0.999819479530938,3461.7759144944444,0,-1
a,passive,affine,4.0,100,0.0,7057467,422,-0.9968200027531969,0.9947667019593656,3462.598924944599,1,387
a,passive,affine,4.0,100,0.0,7057467,423,0.9996007894460601,0.999999,3472.472631470751,0,-1
a,passive,affine,4.0,100,0.0,7057467,424,0.9998244076705886,0.9997640129151151,3471.4023014050326,0,-1
a,passive,affine,4.0,100,0.0,7057467,425,0.9956914378784792,0.9376333017214765,3479.3666087161305,0,-1
a,passive,affine,4.0,100,0.0,7057467,426,0.8784363390040424,0.917113223074966,3481.691750843792,0,-1
a,passive,affine,4.0,100,0.0,7057467,427,-0.9981040443438296,0.9783659701245374,3453.6281386464493,1,350
a,passive,affine,4.0,100,0.0,7057467,428,0.9999203431761343,0.9833539364333129,3473.130942362708,0,-1
a,passive,affine,4.0,100,0.0,7057467,429,0.999999,0.999999,3477.1392085529246,0,-1
a,passive,affine,4.0,100,0.0,7057467,430,0.9988143794668325,0.999844578706491,3484.1693256066314,0,-1
a,passive,affine,4.0,100,0.0,7057467,431,0.9967061305931966,0.999999,3468.9298150767045,0,-1
a,passive,affine,4.0,100,0.0,7057467,432,-0.999999,0.9963575685883398,3477.401632260335,1,300
a,passive,affine,4.0,100,0.0,7057467,433,0.999999,0.999999,3456.354552713507,0,-1
a,passive,affine,4.0,100,0.0,7057467,434,0.9999297035574646,0.9997218051353302,3467.9702527038194,0,-1
a,passive,affine,4.0,100,0.0,7057467,435,0.9901552016343262,0.9979567249098282,3468.1186267203884,0,-1
a,passive,affine,4.0,100,0.0,7057467,436,0.999999,0.9966911190033371,3472.440029238284,0,-1
a,passive,affine,4.0,100,0.0,7057467,437,-0.9907071454963002,0.9999856787570945,3478.315745143439,1,295
a,passive,affine,4.0,100,0.0,7057467,438,0.9994148170753414,0.999999,3469.3030729816514,0,-1
a,passive,affine,4.0,100,0.0,7057467,439,0.999999,0.999999,3445.6434164199536,0,-1
a,passive,affine,4.0,100,0.0,7057467,440,0.999999,0.9997279217122673,3444.4632684648923,0,-1
a,passive,affine,4.0,100,0.0,7057467,441,0.9999515032866462,0.9910076406546866,3432.0764073086666,0,-1
a,passive,affine,4.0,100,0.0,7057467,442,-0.999999,0.9997856161221806,3471.6620660747312,1,299
a,passive,affine,4.0,100,0.0,7057467,443,0.9997563844226198,0.9997286377261381,3470.4377467104205,0,-1
a,passive,affine,4.0,100,0.0,7057467,444,0.9992315987036064,0.9941602542151575,3461.779071306443,0,-1
a,passive,affine,4.0,100,0.0,7057467,445,0.999999,0.9998637623382912,3462.9742981926584,0,-1
a,passive,affine,4.0,100,0.0,7057467,446,0.8743581934537127,0.9998388053581567,3459.237653839689,0,-1
a,passive,affine,4.0,100,0.0,7057467,447,0.5337317550525734,0.999999,3463.7940346071323,0,-1
a,passive,affine,4.0,100,0.0,7057467,448,0.9862414052256796,0.9998099357712225,3467.839910708655,0,-1
a,passive,affine,4.0,100,0.0,7057467,449,0.999999,0.999999,3461.587859518946,0,-1
a,passive,affine,4.0,100,0.0,7057467,450,0.999999,0.750847857434622,3476.6110301255258,0,-1
a,passive,affine,4.0,100,0.0,7057467,451,0.7381639744453735,0.9716688695420718,3454.8316225487606,0,-1
a,passive,affine,4.0,100,0.0,7057467,452,0.999999,0.999999,3410.1443352643337,0,-1
a,passive,affine,4.0,100,0.0,7057467,453,0.9999163359600733,0.9999424170939012,3474.6519182297843,0,-1
a,passive,affine,4.0,100,0.0,7057467,454,0.999999,0.999999,3453.5075475225003,0,-1
a,passive,affine,4.0,100,0.0,7057467,455,-0.8291870492882965,0.9941243347996558,3453.141775612772,1,367
a,passive,affine,4.0,100,0.0,7057467,456,0.9996516199176494,0.9163800794544155,3464.276018345728,0,-1
a,passive,affine,4.0,100,0.0,7057467,457,0.999999,0.999999,3449.7978361090777,0,-1
a,passive,affine,4.0,100,0.0,7057467,458,-0.7442843122903257,0.999999,3462.3470119106983,1,266
a,passive,affine,4.0,100,0.0,7057467,459,0.999999,0.9594117123119963,3468.9010488285335,0,-1
a,passive,affine,4.0,100,0.0,7057467,460,-0.588031291153365,0.8957708139149546,3443.7045021670597,1,352
a,passive,affine,4.0,100,0.0,7057467,461,-0.9605787536403944,0.9972270356712662,3484.097373020888,1,304
a,passive,affine,4.0,100,0.0,7057467,462,0.999999,0.999999,3458.9768082564274,0,-1
a,passive,affine,4.0,100,0.0,7057467,463,0.999999,0.94767334230931,3464.2738145890394,0,-1
a,passive,affine,4.0,100,0.0,7057467,464,0.999999,0.999999,3460.2200020890264,1,328
a,passive,affine,4.0,100,0.0,7057467,465,0.9534623398845458,0.999753634391566,3458.753863075048,0,-1
a,passive,affine,4.0,100,0.0,7057467,466,0.999999,0.9999241388226064,3441.531238544442,0,-1
a,passive,affine,4.0,100,0.0,7057467,467,0.9999527133827267,0.9998383830945936,3454.60142210605,0,-1
a,passive,affine,4.0,100,0.0,7057467,468,0.9999104866216308,0.999999,3458.037165803473,0,-1
a,passive,affine,4.0,100,0.0,7057467,469,-0.8971048789424487,0.9998587183239382,3475.290756069403,1,345
a,passive,affine,4.0,100,0.0,7057467,470,0.999999,0.9999851436119059,3474.448692257064,0,-1
a,passive,affine,4.0,100,0.0,7057467,471,0.9998970067205426,0.9902165530564538,3426.3911987291776,0,-1
a,passive,affine,4.0,100,0.0,7057467,472,0.999999,0.9999005733875311,3484.163386098926,0,-1
a,passive,affine,4.0,100,0.0,7057467,473,0.999999,0.999999,3469.971930436989,0,-1
a,passive,affine,4.0,100,0.0,7057467,474,0.999999,0.999999,3452.3864971857365,0,-1
a,passive,affine,4.0,100,0.0,7057467,475,0.5575311056966736,0.9999587407774013,3452.6312479385656,0,-1
a,passive,affine,4.0,100,0.0,7057467,476,0.999999,0.999923652524925,3484.1664355938033,0,-1
a,passive,affine,4.0,100,0.0,7057467,477,0.999999,0.560593428950524,3474.1535962085277,0,-1
a,passive,affine,4.0,100,0.0,7057467,478,0.999999,0.999999,3443.5026297621366,0,-1
a,passive,affine,4.0,100,0.0,7057467,479,0.986578841133713,0.999999,3480.6404895738015,0,-1
a,passive,affine,4.0,100,0.0,7057467,480,0.999999,0.999999,3424.361608014194,0,-1
a,passive,affine,4.0,100,0.0,7057467,481,0.999999,0.999365541373835,3369.890830652317,0,-1
a,passive,affine,4.0,100,0.0,7057467,482,-0.9930594795578933,0.9989140586711147,3452.1131451398674,1,287
a,passive,affine,4.0,100,0.0,7057467,483,-0.801602749236127,0.999999,3468.2194733529523,1,265
a,passive,affine,4.0,100,0.0,7057467,484,-0.9615618507875038,0.999999,3456.07437866011,1,331
a,passive,affine,4.0,100,0.0,7057467,485,0.999999,0.999999,3477.4093508518768,0,-1
a,passive,affine,4.0,100,0.0,7057467,486,-0.9980839562505817,0.999999,3453.96898472229,1,349
a,passive,affine,4.0,100,0.0,7057467,487,-0.967098852793377,0.999999,3460.7572750934423,1,329
a,passive,affine,4.0,100,0.0,7057467,488,0.999999,0.9134195718124465,3459.7651829792403,0,-1
a,passive,affine,4.0,100,0.0,7057467,489,0.9990696948108223,0.9655100214079749,3462.8895808547186,0,-1
a,passive,affine,4.0,100,0.0,7057467,490,0.999999,0.9997505997878288,3467.8621906130365,0,-1
a,passive,affine,4.0,100,0.0,7057467,491,0.9999375388750371,0.999999,3423.00824241092,0,-1
a,passive,affine,4.0,100,0.0,7057467,492,0.999999,0.9999938037955289,3480.069224829004,0,-1
a,passive,affine,4.0,100,0.0,7057467,493,0.9999588739242418,0.9987441253368665,3434.8279367182204,0,-1
a,passive,affine,4.0,100,0.0,7057467,494,0.9967076725950188,0.999999,3482.3987886348878,0,-1
a,passive,affine,4.0,100,0.0,7057467,495,-0.5478270612663755,0.9956684037843304,3470.018880733291,1,356
a,passive,affine,4.0,100,0.0,7057467,496,0.996295351880555,0.9997623957686202,3473.5963299695177,1,286
a,passive,affine,4.0,100,0.0,7057467,497,0.987372903510671,0.9886658882729146,3481.0920862011053,0,-1
a,passive,affine,4.0,100,0.0,7057467,498,0.9999722094303178,0.9756036739546691,3474.8827203394294,0,-1
a,passive,affine,4.0,100,0.0,7057467,499,0.9940886338165497,0.6798132280279453,3446.055602853178,0,-1
a,passive,affine,4.0,100,0.0,7057467,500,0.999999,0.8667872488181297,3463.9371309371813,0,-1
a,passive,affine,4.0,100,0.0,7057467,501,-0.999999,0.6733174195459868,2316.408955110151,1,281
a,passive,affine,4.0,100,0.0,7057467,502,-0.9845463069356851,0.9998276798626232,3411.134287507903,1,314
a,passive,affine,4.0,100,0.0,7057467,503,0.9996496639358837,0.9997159804595758,3469.690078630744,0,-1
a,passive,affine,4.0,100,0.0,7057467,504,0.9938200442711722,0.999999,3478.172211260476,0,-1
a,passive,affine,4.0,100,0.0,7057467,505,0.999999,0.999999,3472.562031419225,0,-1
a,passive,affine,4.0,100,0.0,7057467,506,0.8834558103890561,0.9870100133291937,3462.9056946573273,0,-1
a,passive,affine,4.0,100,0.0,7057467,507,-0.9976263971298007,0.9796630547515092,3468.007194125525,1,278
a,passive,affine,4.0,100,0.0,7057467,508,0.9973421881128203,0.999999,3474.35228123657,0,-1
a,passive,affine,4.0,100,0.0,7057467,509,0.9692709161461309,0.9997456272584949,3442.865454084771,0,-1
a,passive,affine,4.0,100,0.0,7057467,510,-0.9830642169926443,0.999813875213143,3453.624755709796,1,310
a,passive,affine,4.0,100,0.0,7057467,511,0.9847102804932678,0.999999,3477.223995495227,0,-1
a,passive,affine,4.0,100,0.0,7057467,512,0.999999,0.999999,3467.047985838963,0,-1
a,passive,affine,4.0,100,0.0,7057467,513,0.9921578323067669,0.9764864089950263,3468.626537929388,0,-1
a,passive,affine,4.0,100,0.0,7057467,514,0.999999,0.999999,3467.476515431709,0,-1
a,passive,affine,4.0,100,0.0,7057467,515,-0.999999,0.9546045360592604,3480.8555403346386,1,333
a,passive,affine,4.0,100,0.0,7057467,516,0.999902799657709,0.9939951732383936,3452.390719354561,0,-1
a,passive,affine,4.0,100,0.0,7057467,517,0.9957292276494766,0.999999,3445.953817382228,0,-1
a,passive,affine,4.0,100,0.0,7057467,518,0.9924180439171603,0.9998176863233339,3464.6623603288645,1,316
a,passive,affine,4.0,100,0.0,7057467,519,0.9989686155140576,0.893076498544988,3449.6234874227457,0,-1
a,passive,affine,4.0,100,0.0,7057467,520,0.9575600897939991,0.999999,3468.445980835038,0,-1
a,passive,affine,4.0,100,0.0,7057467,521,0.9944240371101575,0.999999,3450.1931721754117,0,-1
a,passive,affine,4.0,100,0.0,7057467,522,0.9841398443739445,0.9999878192035894,3445.1059133271788,0,-1
a,passive,affine,4.0,100,0.0,7057467,523,0.999999,0.9998726323540845,3459.3116246217155,0,-1
a,passive,affine,4.0,100,0.0,7057467,524,0.9976187908773558,0.9763351542883638,3478.9215644180413,0,-1
a,passive,affine,4.0,100,0.0,7057467,525,0.9680007586859419,0.9977067502199688,3427.1368758239305,0,-1
a,passive,affine,4.0,100,0.0,7057467,526,-0.999999,0.999999,3458.8624503434294,1,265
a,passive,affine,4.0,100,0.0,7057467,527,-0.7466689475567254,0.9998988323931015,3463.1792910066138,1,295
a,passive,affine,4.0,100,0.0,7057467,528,0.9978398495593649,0.999999,3467.2142028137464,0,-1
a,passive,affine,4.0,100,0.0,7057467,529,0.999999,0.9991762504874174,3478.7460660094357,0,-1
a,passive,affine,4.0,100,0.0,7057467,530,0.9976888650347604,0.999999,3406.9374392719574,0,-1
a,passive,affine,4.0,100,0.0,7057467,531,0.999999,0.999999,3428.204010160236,0,-1
a,passive,affine,4.0,100,0.0,7057467,532,0.9940617165547713,0.9997803342936202,3453.551960002928,0,-1
a,passive,affine,4.0,100,0.0,7057467,533,0.999999,0.9952635344025055,3466.5629085267424,0,-1
a,passive,affine,4.0,100,0.0,7057467,534,0.999999,0.999775019932377,3476.1718793559135,0,-1
a,passive,affine,4.0,100,0.0,7057467,535,0.999950586950191,0.9675464710689998,3481.1517412393328,0,-1
a,passive,affine,4.0,100,0.0,7057467,536,0.999999,0.8019806232265048,3405.250896573428,0,-1
a,passive,affine,4.0,100,0.0,7057467,537,0.999999,0.999999,3462.0328826816144,0,-1
a,passive,affine,4.0,100,0.0,7057467,538,0.9951919764086554,0.999999,3462.124937957298,0,-1
a,passive,affine,4.0,100,0.0,7057467,539,0.848836707502123,0.999999,3471.7515611092604,0,-1
a,passive,affine,4.0,100,0.0,7057467,540,0.999999,0.9956584598818129,3475.387552986433,0,-1
a,passive,affine,4.0,100,0.0,7057467,541,-0.999999,0.9701099910710218,3454.9761819020023,1,351
a,passive,affine,4.0,100,0.0,7057467,542,0.9999668752899303,0.999999,3461.665924478574,0,-1
a,passive,affine,4.0,100,0.0,7057467,543,-0.08026109319262463,0.999815916362506,3453.1117170043967,1,311
a,passive,affine,4.0,100,0.0,7057467,544,0.9956000553441184,0.9997550393185884,3461.23367809515,0,-1
a,passive,affine,4.0,100,0.0,7057467,545,0.9383072290469291,0.999999,3478.1397052408947,0,-1
a,passive,affine,4.0,100,0.0,7057467,546,0.9995322924936593,0.9999946082659688,3479.827259029284,0,-1
a,passive,affine,4.0,100,0.0,7057467,547,-0.9811290925392046,0.9954948581718094,3421.692908052885,1,483
a,passive,affine,4.0,100,0.0,7057467,548,0.9779528622068578,0.9951347622749821,3437.4186325740948,1,303
a,passive,affine,4.0,100,0.0,7057467,549,0.999999,0.999999,3480.288177416989,0,-1
a,passive,affine,4.0,100,0.0,7057467,550,-0.23746840279038164,0.9998095831967719,3464.225936032787,1,275
a,passive,affine,4.0,100,0.0,7057467,551,0.998622500190594,0.9949537612918031,3461.9849621621315,0,-1
a,passive,affine,4.0,100,0.0,7057467,552,-0.9999215671433883,0.999999,3481.563788424187,1,407
a,passive,affine,4.0,100,0.0,7057467,553,-0.980391609961064,0.999999,3463.6055246117976,1,303
a,passive,affine,4.0,100,0.0,7057467,554,0.999999,0.999999,3439.714811553973,0,-1
a,passive,affine,4.0,100,0.0,7057467,555,0.999999,0.999728052458811,3465.009650993078,0,-1
a,passive,affine,4.0,100,0.0,7057467,556,0.999840538102248,0.9994273659870275,3468.282508385048,0,-1
a,passive,affine,4.0,100,0.0,7057467,557,0.999999,0.999999,3465.278015014029,0,-1
a,passive,affine,4.0,100,0.0,7057467,558,-0.9770720183659721,0.997858175289903,3484.9931980711453,1,328
a,passive,affine,4.0,100,0.0,7057467,559,0.9954964748495752,0.9874568026789146,3437.954231889499,0,-1
a,passive,affine,4.0,100,0.0,7057467,560,0.999999,0.8344764282200481,3460.1519267598605,0,-1
a,passive,affine,4.0,100,0.0,7057467,561,-0.9606700993437275,0.9985522262400445,3457.543783594236,1,295
a,passive,affine,4.0,100,0.0,7057467,562,-0.9918296937512867,0.999581387889418,3458.678920115914,1,355
a,passive,affine,4.0,100,0.0,7057467,563,0.999999,0.999999,3448.303878129384,0,-1
a,passive,affine,4.0,100,0.0,7057467,564,0.999999,0.9995306200921875,3464.871059518749,0,-1
a,passive,affine,4.0,100,0.0,7057467,565,0.9929095463709768,0.9978212562148725,3438.749977961474,0,-1
a,passive,affine,4.0,100,0.0,7057467,566,0.999999,0.999999,3452.7653365947235,0,-1
a,passive,affine,4.0,100,0.0,7057467,567,0.9678117762016473,0.9972736639883966,3429.870462530576,0,-1
a,passive,affine,4.0,100,0.0,7057467,568,0.9999037984305852,0.999999,3469.077515147621,0,-1
a,passive,affine,4.0,100,0.0,7057467,569,0.998183211033828,0.9998925879832752,3403.843526384991,1,284
a,passive,affine,4.0,100,0.0,7057467,570,0.9705829958300445,0.999999,3481.7945459430066,0,-1
a,passive,affine,4.0,100,0.0,7057467,571,0.999999,0.999999,3463.9608669866175,0,-1
a,passive,affine,4.0,100,0.0,7057467,572,0.8759204561509732,0.9781663533288844,3455.664750663773,0,-1
a,passive,affine,4.0,100,0.0,7057467,573,-0.49460826685827364,0.9998483195582386,3453.0325466768827,1,320
a,passive,affine,4.0,100,0.0,7057467,574,-0.5596824315463673,0.9914129299003839,3481.348045798149,1,369
a,passive,affine,4.0,100,0.0,7057467,575,0.9998424249394955,0.999999,3474.413273805058,0,-1
a,passive,affine,4.0,100,0.0,7057467,576,0.9962999048889598,0.9868366098035246,3469.3006485852047,0,-1
a,passive,affine,4.0,100,0.0,7057467,577,-0.770757094829213,0.9999513597470676,3478.360752846255,1,448
a,passive,affine,4.0,100,0.0,7057467,578,-0.9829586529977512,0.9998592179205464,3471.3348504799405,1,288
a,passive,affine,4.0,100,0.0,7057467,579,0.999999,0.999999,3455.3253084739204,0,-1
a,passive,affine,4.0,100,0.0,7057467,580,0.999922790589556,0.9596965430369924,3468.2180931756484,0,-1
a,passive,affine,4.0,100,0.0,7057467,581,0.999999,0.9911053832659702,3354.321786718597,0,-1
a,passive,affine,4.0,100,0.0,7057467,582,0.999999,0.9997990171538327,3483.841455910878,0,-1
a,passive,affine,4.0,100,0.0,7057467,583,0.999999,0.999999,3380.301283707076,0,-1
a,passive,affine,4.0,100,0.0,7057467,584,0.999956169828584,0.5285927493077368,3431.2779613244215,0,-1
a,passive,affine,4.0,100,0.0,7057467,585,0.999999,0.9999941205551791,3474.8729620207027,0,-1
a,passive,affine,4.0,100,0.0,7057467,586,0.9999708691842066,0.999999,3471.4495458812444,0,-1
a,passive,affine,4.0,100,0.0,7057467,587,0.9763980512422814,0.9999355521505342,3475.4783582087134,0,-1
a,passive,affine,4.0,100,0.0,7057467,588,-0.6266460077403009,0.999999,3454.849738174382,1,293
a,passive,affine,4.0,100,0.0,7057467,589,0.9999956571703773,0.999999,3459.4924040563965,0,-1
a,passive,affine,4.0,100,0.0,7057467,590,0.9999875917135485,0.9999250788562428,3460.1817846952235,0,-1
a,passive,affine,4.0,100,0.0,7057467,591,-0.8467498454141102,0.9911686681906061,3466.223465862901,1,315
a,passive,affine,4.0,100,0.0,7057467,592,0.9998108920645271,0.9991131175375589,3437.081681720707,0,-1
a,passive,affine,4.0,100,0.0,7057467,593,0.9994885143836142,0.9992751465391754,3456.302808192196,0,-1
a,passive,affine,4.0,100,0.0,7057467,594,-0.969809851560759,0.9992850304075513,3470.9858869266645,1,282
a,passive,affine,4.0,100,0.0,7057467,595,0.999999,0.9889116113574832,3456.5626851409916,0,-1
a,passive,affine,4.0,100,0.0,7057467,596,-0.17062964221395854,0.999999,3462.7475154444624,1,294
a,passive,affine,4.0,100,0.0,7057467,597,0.9848416387530926,0.999999,3471.0576138345214,0,-1
a,passive,affine,4.0,100,0.0,7057467,598,-0.9668801667808322,0.9612613177866619,3464.610477071913,1,315
a,passive,affine,4.0,100,0.0,7057467,599,-0.7140840722890579,0.956161222194584,3468.2818662136765,1,289
a,passive,affine,4.0,100,0.0,7057467,600,-0.9904926618148643,0.999999,3464.6038218428043,1,276
a,passive,affine,4.0,100,0.0,7057467,601,0.9999156219319795,0.999999,3462.2513074427334,0,-1
a,passive,affine,4.0,100,0.0,7057467,602,0.9622561274025054,0.999999,3458.7887059817226,0,-1
a,passive,affine,4.0,100,0.0,7057467,603,0.999999,0.999999,3476.5315242828156,0,-1
a,passive,affine,4.0,100,0.0,7057467,604,-0.9673928158146754,0.9656399217603371,3475.580629905879,1,303
a,passive,affine,4.0,100,0.0,7057467,605,0.9998706868453127,0.999999,3458.132520038609,0,-1
a,passive,affine,4.0,100,0.0,7057467,606,0.9843013720807059,0.9998288057205873,3468.0294444340807,0,-1
a,passive,affine,4.0,100,0.0,7057467,607,0.9976178580570512,0.9958639568759128,3475.041570304024,0,-1
a,passive,affine,4.0,100,0.0,7057467,608,0.9996072604243865,0.9998763479095686,3433.746363289873,0,-1
a,passive,affine,4.0,100,0.0,7057467,609,0.999999,0.9979119943339079,3473.9387536571903,0,-1
a,passive,affine,4.0,100,0.0,7057467,610,0.999999,0.9984906508739156,3483.274710462002,0,-1
a,passive,affine,4.0,100,0.0,7057467,611,-0.9984588290490558,0.999999,3481.1491331129982,1,347
a,passive,affine,4.0,100,0.0,7057467,612,0.9998973703369746,0.9674974548323464,3482.5373113288097,0,-1
a,passive,affine,4.0,100,0.0,7057467,613,0.9998116964950745,0.9999604019992184,3464.9811868630713,0,-1
a,passive,affine,4.0,100,0.0,7057467,614,0.9949192074104622,0.9998419542661258,3457.0816463072933,0,-1
a,passive,affine,4.0,100,0.0,7057467,615,0.999999,0.999999,3460.132981641122,0,-1
a,passive,affine,4.0,100,0.0,7057467,616,0.999999,0.999999,3475.2575240107094,0,-1
a,passive,affine,4.0,100,0.0,7057467,617,0.999999,0.999999,3477.3855582143046,0,-1
a,passive,affine,4.0,100,0.0,7057467,618,-0.7921049689945733,0.999999,3458.534879668994,1,282
a,passive,affine,4.0,100,0.0,7057467,619,-0.998558017155428,0.9998056214554187,3464.2953107137046,1,280
a,passive,affine,4.0,100,0.0,7057467,620,-0.93972659186204,0.9999557826993248,3424.0150960199308,1,300
a,passive,affine,4.0,100,0.0,7057467,621,0.999999,0.999859344518045,3474.290577894366,0,-1
a,passive,affine,4.0,100,0.0,7057467,622,0.999746155945107,0.999999,3456.1732469165045,0,-1
a,passive,affine,4.0,100,0.0,7057467,623,-0.9895719489524326,0.9996378053777731,3458.576213139452,1,284
a,passive,affine,4.0,100,0.0,7057467,624,0.999999,0.9999925552617398,3466.923178140234,0,-1
a,passive,affine,4.0,100,0.0,7057467,625,0.4916482230896266,0.999999,3463.059556158968,0,-1
a,passive,affine,4.0,100,0.0,7057467,626,0.9997548347407055,0.9999947958923755,3477.5804233554013,0,-1
a,passive,affine,4.0,100,0.0,7057467,627,0.9917343026555565,0.9999842724380266,3408.4435544927987,0,-1
a,passive,affine,4.0,100,0.0,7057467,628,0.999999,0.999999,3431.4948035380276,0,-1
a,passive,affine,4.0,100,0.0,7057467,629,0.9669990498505759,0.9995435867640564,3474.8832964037715,0,-1
a,passive,affine,4.0,100,0.0,7057467,630,0.999999,0.9997340351111772,3462.931911204694,0,-1
a,passive,affine,4.0,100,0.0,7057467,631,0.9958767286075638,0.8673101684405541,3475.3637756369103,0,-1
a,passive,affine,4.0,100,0.0,7057467,632,0.9732652491923068,0.9954061577493193,3471.5186462295287,0,-1
a,passive,affine,4.0,100,0.0,7057467,633,-0.999999,0.9851114062347028,3422.5691376499894,1,310
a,passive,affine,4.0,100,0.0,7057467,634,0.999999,0.999999,3469.282624512514,0,-1
a,passive,affine,4.0,100,0.0,7057467,635,0.9949732062589887,0.9780177449700136,3479.3294280692808,0,-1
a,passive,affine,4.0,100,0.0,7057467,636,-0.9916070300472685,0.9999716021478396,3481.6179587661572,1,275
a,passive,affine,4.0,100,0.0,7057467,637,-0.9988074872217266,0.999999,3459.1364765919857,1,306
a,passive,affine,4.0,100,0.0,7057467,638,0.9853398003364943,0.999999,3468.1605507917343,0,-1
a,passive,affine,4.0,100,0.0,7057467,639,0.999999,0.999999,3468.2198387911512,1,284
a,passive,affine,4.0,100,0.0,7057467,640,0.988475940968917,0.999999,3439.973958505936,0,-1
a,passive,affine,4.0,100,0.0,7057467,641,0.999999,0.999999,3436.558869387818,0,-1
a,passive,affine,4.0,100,0.0,7057467,642,-0.997968531566647,0.999999,3478.4960879613923,1,278
a,passive,affine,4.0,100,0.0,7057467,643,0.8787272173672052,0.9326166505442911,3475.0338802107094,0,-1
a,passive,affine,4.0,100,0.0,7057467,644,0.9990190938194042,0.999999,3471.0924002140114,0,-1
a,passive,affine,4.0,100,0.0,7057467,645,0.999999,0.999933371480205,3454.8989493193967,0,-1
a,passive,affine,4.0,100,0.0,7057467,646,-0.8418772951013804,0.999999,3463.943261358017,1,287
a,passive,affine,4.0,100,0.0,7057467,647,0.9982943577261381,0.9975776625687638,3460.3967552595345,0,-1
a,passive,affine,4.0,100,0.0,7057467,648,0.999999,0.999999,3464.7085559038837,0,-1
a,passive,affine,4.0,100,0.0,7057467,649,0.999999,0.999999,3474.9344328990023,0,-1
a,passive,affine,4.0,100,0.0,7057467,650,-0.9890639719187181,0.999832171788672,3464.6592206457167,1,272
a,passive,affine,4.0,100,0.0,7057467,651,0.999999,0.9889402087540953,3473.207218499557,0,-1
a,passive,affine,4.0,100,0.0,7057467,652,-0.9854728892491882,0.999999,3441.336202833084,1,295
a,passive,affine,4.0,100,0.0,7057467,653,0.9945062087862766,0.999999,3455.855451717166,0,-1
a,passive,affine,4.0,100,0.0,7057467,654,-0.999999,0.999720392018718,3458.4266744277556,1,289
a,passive,affine,4.0,100,0.0,7057467,655,0.9956726615383954,0.9958088055249015,3453.8773659194403,0,-1
a,passive,affine,4.0,100,0.0,7057467,656,0.8178259178506085,0.999999,3466.2709040631507,0,-1
a,passive,affine,4.0,100,0.0,7057467,657,0.6596452561690376,0.9972941613963198,3476.6238376627994,0,-1
a,passive,affine,4.0,100,0.0,7057467,658,-0.9790772588936089,0.999999,3445.829605947056,1,277
a,passive,affine,4.0,100,0.0,7057467,659,0.999999,0.9997942238797173,3468.6522157042436,1,272
a,passive,affine,4.0,100,0.0,7057467,660,-0.9818123518851803,0.999999,3457.716125603631,1,286
a,passive,affine,4.0,100,0.0,7057467,661,0.9982054301873524,0.999999,3470.2183921527053,0,-1
a,passive,affine,4.0,100,0.0,7057467,662,0.9743258325087635,0.9954810960530185,3438.602875814492,0,-1
a,passive,affine,4.0,100,0.0,7057467,663,-0.9982801762583919,0.9998960683724305,3428.7356874998227,1,296
a,passive,affine,4.0,100,0.0,7057467,664,0.9998685343250449,0.999999,3480.43609220932,0,-1
a,passive,affine,4.0,100,0.0,7057467,665,-0.8349136274096446,0.9994490157167369,3451.46861740468,1,281
a,passive,affine,4.0,100,0.0,7057467,666,0.9949325187463404,0.999999,3460.2902510095737,0,-1
a,passive,affine,4.0,100,0.0,7057467,667,0.9999715933502873,0.9988978283658347,3464.0042145164234,0,-1
a,passive,affine,4.0,100,0.0,7057467,668,0.999999,0.999999,3449.528498910432,0,-1
a,passive,affine,4.0,100,0.0,7057467,669,0.9999404398621016,0.3865348340940499,3442.067494542309,0,-1
a,passive,affine,4.0,100,0.0,7057467,670,0.999999,0.9956643269015963,3470.9407245763873,0,-1
a,passive,affine,4.0,100,0.0,7057467,671,0.999999,0.999999,3484.9838719455747,0,-1
a,passive,affine,4.0,100,0.0,7057467,672,0.999999,0.999999,3426.2300094200673,0,-1
a,passive,affine,4.0,100,0.0,7057467,673,0.9911136848211065,0.9997918778196297,3481.691221188892,0,-1
a,passive,affine,4.0,100,0.0,7057467,674,0.999999,0.9981888906108602,3474.917829584263,0,-1
a,passive,affine,4.0,100,0.0,7057467,675,0.999999,0.9955994886722737,3461.336244960911,0,-1
a,passive,affine,4.0,100,0.0,7057467,676,0.9997339657520892,0.999999,3447.199531396846,0,-1
a,passive,affine,4.0,100,0.0,7057467,677,-0.891299549798586,0.9986643000333547,3464.6277364164953,1,303
a,passive,affine,4.0,100,0.0,7057467,678,-0.9325961944285592,0.9997391199945624,3451.332731380608,1,286
a,passive,affine,4.0,100,0.0,7057467,679,0.999999,0.9969084767827688,3423.6115153886285,0,-1
a,passive,affine,4.0,100,0.0,7057467,680,0.999999,0.999999,3471.4319566735576,0,-1
a,passive,affine,4.0,100,0.0,7057467,681,0.999999,0.9966034995964206,3476.9674043288064,0,-1
a,passive,affine,4.0,100,0.0,7057467,682,0.9832981208632922,0.999999,3446.4220386956304,0,-1
a,passive,affine,4.0,100,0.0,7057467,683,-0.8676478982445868,0.9983541400138021,3448.931366153918,1,282
a,passive,affine,4.0,100,0.0,7057467,684,0.9943653489996285,0.999999,3470.1975093714886,0,-1
a,passive,affine,4.0,100,0.0,7057467,685,0.9992803745325816,0.999999,3476.346327310475,0,-1
a,passive,affine,4.0,100,0.0,7057467,686,0.9999571905047964,0.9999674222220912,3451.552948660062,0,-1
a,passive,affine,4.0,100,0.0,7057467,687,0.999999,0.999999,3480.5565035022873,0,-1
a,passive,affine,4.0,100,0.0,7057467,688,-0.8847485470117639,0.999999,2971.0484473338674,1,365
a,passive,affine,4.0,100,0.0,7057467,689,-0.9982079700469777,0.9997880055326707,3483.9214230849693,1,298
a,passive,affine,4.0,100,0.0,7057467,690,0.999999,0.9347248565371337,3484.043085329429,1,383
a,passive,affine,4.0,100,0.0,7057467,691,0.8138329242707923,0.9999737128982055,3443.941806994828,0,-1
a,passive,affine,4.0,100,0.0,7057467,692,0.9708414293729369,0.9980471306283359,3447.225894516974,0,-1
a,passive,affine,4.0,100,0.0,7057467,693,0.9997859639190253,0.3102853912982967,3410.1484068886984,0,-1
a,passive,affine,4.0,100,0.0,7057467,694,0.9996392340604229,0.9990624124291901,3473.052978644092,0,-1
a,passive,affine,4.0,100,0.0,7057467,695,0.999999,0.9920643708138943,3481.234284750594,0,-1
a,passive,affine,4.0,100,0.0,7057467,696,0.9999733440471444,0.999759968751781,3478.4273885861603,0,-1
a,passive,affine,4.0,100,0.0,7057467,697,0.999999,0.9997908035781486,3470.7791502358955,0,-1
a,passive,affine,4.0,100,0.0,7057467,698,0.9962047926142019,0.981456641310982,3454.080728411127,0,-1
a,passive,affine,4.0,100,0.0,7057467,699,0.999999,0.9994984788047742,3435.6176393734063,1,278
a,passive,affine,4.0,100,0.0,7057467,700,0.9983024288480861,0.999999,3483.642397225777,0,-1
a,passive,affine,4.0,100,0.0,7057467,701,0.999999,0.999999,3476.8047757490526,0,-1
a,passive,affine,4.0,100,0.0,7057467,702,0.9999307372614402,0.9998607909530021,3467.9024008052074,0,-1
a,passive,affine,4.0,100,0.0,7057467,703,0.999999,0.999999,3472.2874083087117,0,-1
a,passive,affine,4.0,100,0.0,7057467,704,0.9999265667392828,0.9998465745724303,3456.2696593127566,0,-1
a,passive,affine,4.0,100,0.0,7057467,705,0.999999,0.9952282300186105,3463.53508142192,0,-1
a,passive,affine,4.0,100,0.0,7057467,706,0.9998988138724446,0.9999445441106123,3435.245825701629,0,-1
a,passive,affine,4.0,100,0.0,7057467,707,0.9752146304006574,0.9986464941094507,3440.5974462844374,0,-1
a,passive,affine,4.0,100,0.0,7057467,708,0.999999,0.999999,3478.746054233733,0,-1
a,passive,affine,4.0,100,0.0,7057467,709,0.9485669724840247,0.999999,3478.305961484041,0,-1
a,passive,affine,4.0,100,0.0,7057467,710,0.9988443932721004,0.999999,3457.7350494834236,0,-1
a,passive,affine,4.0,100,0.0,7057467,711,0.998117975434535,0.799456965867145,3423.0291037127686,0,-1
a,passive,affine,4.0,100,0.0,7057467,712,0.999999,0.9828989075661048,3477.522370707125,0,-1
a,passive,affine,4.0,100,0.0,7057467,713,-0.951938599324203,0.999357193718089,3461.384369991419,1,295
a,passive,affine,4.0,100,0.0,7057467,714,0.9749634490255192,0.9999152194847533,3459.5607543658675,0,-1
a,passive,affine,4.0,100,0.0,7057467,715,0.9997626408318756,0.6638714676751366,3416.294329634044,0,-1
a,passive,affine,4.0,100,0.0,7057467,716,0.999999,0.9999862314276199,3420.862032728255,0,-1
a,passive,affine,4.0,100,0.0,7057467,717,0.997257486876206,0.9998292325264,3456.5191410878633,0,-1
a,passive,affine,4.0,100,0.0,7057467,718,0.6927236588194127,0.999999,3460.4308203913047,0,-1
a,passive,affine,4.0,100,0.0,7057467,719,0.9978209941281458,0.9999734877772587,3464.484567093207,0,-1
a,passive,affine,4.0,100,0.0,7057467,720,0.9729604132186064,0.9994330288937313,3467.1288841103133,0,-1
a,passive,affine,4.0,100,0.0,7057467,721,-0.8756535455739173,0.9899446389318909,3468.894103285835,1,339
a,passive,affine,4.0,100,0.0,7057467,722,0.999999,0.9997922608950373,3457.61079206328,0,-1
a,passive,affine,4.0,100,0.0,7057467,723,0.999999,0.9987905817646994,3465.7161344726806,0,-1
a,passive,affine,4.0,100,0.0,7057467,724,0.9999759373399503,0.9997988431617068,3476.013501943078,0,-1
a,passive,affine,4.0,100,0.0,7057467,725,0.9999791931379761,0.9997719959431686,3464.0746753001413,0,-1
a,passive,affine,4.0,100,0.0,7057467,726,0.9999874643043456,0.999999,3466.9798243079017,0,-1
a,passive,affine,4.0,100,0.0,7057467,727,-0.9749937786051146,0.999999,3453.934589716533,1,273
a,passive,affine,4.0,100,0.0,7057467,728,-0.9858299116064355,0.999800798197435,3464.9950775244124,1,309
a,passive,affine,4.0,100,0.0,7057467,729,0.9997906375846306,0.9738008681278595,3460.83077775268,0,-1
a,passive,affine,4.0,100,0.0,7057467,730,0.999999,0.8236681385135362,3441.4885350726045,0,-1
a,passive,affine,4.0,100,0.0,7057467,731,0.8751520701498117,0.9568266791889696,3473.013438880506,0,-1
a,passive,affine,4.0,100,0.0,7057467,732,-0.8233563480508399,0.9997348941849489,3453.8471743800724,1,350
a,passive,affine,4.0,100,0.0,7057467,733,0.9998994881409041,0.9976663118645157,3466.592976687272,0,-1
a,passive,affine,4.0,100,0.0,7057467,734,-0.999999,0.999999,2878.358343017179,1,335
a,passive,affine,4.0,100,0.0,7057467,735,0.999999,0.9999426676035491,3472.798001890288,0,-1
a,passive,affine,4.0,100,0.0,7057467,736,0.9766076764166765,0.999999,3471.3566023745243,0,-1
a,passive,affine,4.0,100,0.0,7057467,737,0.999999,0.9996976395298202,3441.833655830327,0,-1
a,passive,affine,4.0,100,0.0,7057467,738,0.999999,0.9224578174542952,3476.014153939076,0,-1
a,passive,affine,4.0,100,0.0,7057467,739,0.9986577988791961,0.9999156190942335,3465.701851501239,1,316
a,passive,affine,4.0,100,0.0,7057467,740,-0.9980609004059688,0.999999,3476.380025109468,1,325
a,passive,affine,4.0,100,0.0,7057467,741,0.989010128980076,0.9999685502121344,3475.304436935925,0,-1
a,passive,affine,4.0,100,0.0,7057467,742,0.9926781389400977,0.999999,3479.2228218301816,0,-1
a,passive,affine,4.0,100,0.0,7057467,743,0.9999797313883918,0.999999,3448.6686928441595,0,-1
a,passive,affine,4.0,100,0.0,7057467,744,0.9988912193648041,0.999999,3458.4099115780473,0,-1
a,passive,affine,4.0,100,0.0,7057467,745,0.999999,0.999999,3474.119028663504,0,-1
a,passive,affine,4.0,100,0.0,7057467,746,0.9788118146574035,0.9700672750663403,3471.041862742082,0,-1
a,passive,affine,4.0,100,0.0,7057467,747,0.999999,0.7318235811121571,3423.5793289857866,0,-1
a,passive,affine,4.0,100,0.0,7057467,748,0.8943945073405919,0.9999373951834136,3456.1335825266556,0,-1
a,passive,affine,4.0,100,0.0,7057467,749,0.9576154314709829,0.9969493167450566,3486.6266954565804,0,-1
a,passive,affine,4.0,100,0.0,7057467,750,0.999999,0.9999475914098206,3441.3585563499987,0,-1
a,passive,affine,4.0,100,0.0,7057467,751,0.9995504815292945,0.999999,3463.737061659464,0,-1
a,passive,affine,4.0,100,0.0,7057467,752,0.9970871273051455,0.9996373670373603,3480.0216554384247,0,-1
a,passive,affine,4.0,100,0.0,7057467,753,0.9925659413974595,0.9140085158532988,3465.0853247280274,0,-1
a,passive,affine,4.0,100,0.0,7057467,754,0.999999,0.9998977287556028,3467.4736436396192,0,-1
a,passive,affine,4.0,100,0.0,7057467,755,0.9806130197797213,0.9970156416487056,3456.1319194559273,0,-1
a,passive,affine,4.0,100,0.0,7057467,756,0.999999,0.999999,3472.0187864198347,0,-1
a,passive,affine,4.0,100,0.0,7057467,757,0.9999678049041807,0.9999557837802695,3443.6563456309673,0,-1
a,passive,affine,4.0,100,0.0,7057467,758,-0.996872883773471,0.9649518511588416,3457.127812467108,1,289
a,passive,affine,4.0,100,0.0,7057467,759,0.9077124025417913,0.999999,3455.776056989607,0,-1
a,passive,affine,4.0,100,0.0,7057467,760,0.954776726420843,0.999399993399941,3464.369461795655,0,-1
a,passive,affine,4.0,100,0.0,7057467,761,0.9987813821931487,0.9855039913338278,3459.94091483092,0,-1
a,passive,affine,4.0,100,0.0,7057467,762,-0.9846627306557688,0.993383655782395,3454.6675538445816,1,296
a,passive,affine,4.0,100,0.0,7057467,763,0.9938369490081498,0.999888317580917,3458.9146267516994,0,-1
a,passive,affine,4.0,100,0.0,7057467,764,0.9999210679629791,0.9814014758026081,3459.2191755723725,0,-1
a,passive,affine,4.0,100,0.0,7057467,765,0.9999005587207473,0.999999,3476.829661594192,0,-1
a,passive,affine,4.0,100,0.0,7057467,766,0.999999,0.8916431645112695,3475.5951370955013,0,-1
a,passive,affine,4.0,100,0.0,7057467,767,-0.9781097776707854,0.999999,3444.379776996051,1,352
a,passive,affine,4.0,100,0.0,7057467,768,0.3192925122881648,0.999999,3456.207520849613,0,-1
a,passive,affine,4.0,100,0.0,7057467,769,0.9997238247176454,0.999999,3482.262471722234,0,-1
a,passive,affine,4.0,100,0.0,7057467,770,-0.999999,0.9983916224280978,3471.7981482813084,1,290
a,passive,affine,4.0,100,0.0,7057467,771,0.9997902367930295,0.9999517022194458,3454.899676867627,1,453
a,passive,affine,4.0,100,0.0,7057467,772,0.9995060543749871,0.999999,3470.5712107683335,1,413
a,passive,affine,4.0,100,0.0,7057467,773,0.999999,0.9766456075501195,3423.6098361548757,0,-1
a,passive,affine,4.0,100,0.0,7057467,774,-0.9980026507707525,0.99482838081885,3476.359880171652,1,374
a,passive,affine,4.0,100,0.0,7057467,775,0.999999,0.999999,3441.7380138175563,0,-1
a,passive,affine,4.0,100,0.0,7057467,776,-0.8355991607990758,0.9914006973739715,3472.328237253029,1,299
a,passive,affine,4.0,100,0.0,7057467,777,0.9999018175877595,0.985453561001913,3427.8168404388375,0,-1
a,passive,affine,4.0,100,0.0,7057467,778,0.046124070073596674,0.9999966128384573,3474.51354996751,1,348
a,passive,affine,4.0,100,0.0,7057467,779,0.9996812747497467,0.9632434294926808,3478.490362234853,0,-1
a,passive,affine,4.0,100,0.0,7057467,780,0.999999,0.999999,3465.256748119927,0,-1
a,passive,affine,4.0,100,0.0,7057467,781,0.999999,0.999999,3470.814134419282,0,-1
a,passive,affine,4.0,100,0.0,7057467,782,0.999999,0.999999,3471.864957025789,0,-1
a,passive,affine,4.0,100,0.0,7057467,783,0.999999,0.9999964338226259,3469.1228943114393,0,-1
a,passive,affine,4.0,100,0.0,7057467,784,-0.9638408378927973,0.999999,3474.6671943073284,1,280
a,passive,affine,4.0,100,0.0,7057467,785,0.99654873969099,0.9998597939453374,3461.021403344143,0,-1
a,passive,affine,4.0,100,0.0,7057467,786,0.9997070406685766,0.9967208190987492,3462.2960421333805,0,-1
a,passive,affine,4.0,100,0.0,7057467,787,-0.9199950349535566,0.9999742888351757,3460.72608899801,1,300
a,passive,affine,4.0,100,0.0,7057467,788,0.9996814250991171,0.998215455951413,3468.5590676492425,0,-1
a,passive,affine,4.0,100,0.0,7057467,789,0.9999489926557057,0.999999,3474.3948366184786,0,-1
a,passive,affine,4.0,100,0.0,7057467,790,0.999999,0.999999,3435.6849969353348,0,-1
a,passive,affine,4.0,100,0.0,7057467,791,0.9999115240435787,0.9998356245530094,3458.313684871669,0,-1
a,passive,affine,4.0,100,0.0,7057467,792,-0.8817281946868786,0.9999022860068504,3482.8121847107996,1,394
a,passive,affine,4.0,100,0.0,7057467,793,-0.9835511234044991,0.7562917251406979,3419.9834775695967,1,392
a,passive,affine,4.0,100,0.0,7057467,794,0.9999374560853826,0.9999983264169937,3468.1463905237024,0,-1
a,passive,affine,4.0,100,0.0,7057467,795,0.9993153000001351,0.9929084753582017,3476.578894131336,0,-1
a,passive,affine,4.0,100,0.0,7057467,796,0.999999,0.999999,3448.0084910061537,0,-1
a,passive,affine,4.0,100,0.0,7057467,797,-0.7489534943507127,0.999999,3483.37949365251,1,339
a,passive,affine,4.0,100,0.0,7057467,798,0.9933515433353599,0.9995726846777037,3473.3214191302777,0,-1
a,passive,affine,4.0,100,0.0,7057467,799,0.9997768462579333,0.999999,3470.363945551326,0,-1
a,passive,affine,4.0,100,0.0,7057467,800,0.999999,0.9998569122760208,3455.4591885110694,0,-1
a,passive,affine,4.0,100,0.0,7057467,801,-0.8988832042194366,0.9849381305996359,3466.863560728652,1,279
a,passive,affine,4.0,100,0.0,7057467,802,-0.9530745358793387,0.999999,3455.281831339505,1,267
a,passive,affine,4.0,100,0.0,7057467,803,0.999999,0.999999,3459.869539781135,0,-1
a,passive,affine,4.0,100,0.0,7057467,804,-0.9836238056436379,0.999999,3477.4867889673105,1,393
a,passive,affine,4.0,100,0.0,7057467,805,0.9996359009976715,0.7266424778554418,3467.453425079225,0,-1
a,passive,affine,4.0,100,0.0,7057467,806,0.5321849637643309,0.999999,3479.733179892005,0,-1
a,passive,affine,4.0,100,0.0,7057467,807,0.999999,0.9999595044574268,3455.2696123084797,0,-1
a,passive,affine,4.0,100,0.0,7057467,808,0.9995742980994049,0.999999,3417.1203651019136,0,-1
a,passive,affine,4.0,100,0.0,7057467,809,0.99987037522952,0.999999,3480.063340498933,0,-1
a,passive,affine,4.0,100,0.0,7057467,810,0.9943833810796942,0.9315084931936926,3466.154149083552,0,-1
a,passive,affine,4.0,100,0.0,7057467,811,0.999791810077019,0.8250259938357686,3450.8227402844173,0,-1
a,passive,affine,4.0,100,0.0,7057467,812,0.999999,0.999999,3452.150742377631,0,-1
a,passive,affine,4.0,100,0.0,7057467,813,0.9998489628252528,0.999999,3427.3107019833456,0,-1
a,passive,affine,4.0,100,0.0,7057467,814,-0.998099793129931,0.999999,3474.645426769481,1,313
a,passive,affine,4.0,100,0.0,7057467,815,0.9999304779450937,0.999999,3455.3078754673584,0,-1
a,passive,affine,4.0,100,0.0,7057467,816,0.9999833245804376,0.760782903465562,3445.7990385813514,0,-1
a,passive,affine,4.0,100,0.0,7057467,817,0.727883752853701,0.9993440220290883,3462.402141288713,0,-1
a,passive,affine,4.0,100,0.0,7057467,818,0.9880021401515957,0.999999,3468.58396296225,0,-1
a,passive,affine,4.0,100,0.0,7057467,819,0.9602836178094478,0.9991579517831197,3441.005616349567,0,-1
a,passive,affine,4.0,100,0.0,7057467,820,0.980588804053392,0.9988267471106568,3479.223097306893,0,-1
a,passive,affine,4.0,100,0.0,7057467,821,0.9987722518162521,0.9999169269355531,3476.127377992689,0,-1
a,passive,affine,4.0,100,0.0,7057467,822,0.999999,0.9997110928486249,3459.7327481646225,0,-1
a,passive,affine,4.0,100,0.0,7057467,823,0.9949161370882166,0.999999,3461.5288828041416,0,-1
a,passive,affine,4.0,100,0.0,7057467,824,0.9930703056441695,0.9983861241663028,3460.9016887393204,0,-1
a,passive,affine,4.0,100,0.0,7057467,825,0.999999,0.999999,3477.691603751791,1,339
a,passive,affine,4.0,100,0.0,7057467,826,0.9999090760760145,0.99534073316934,3449.676585031223,0,-1
a,passive,affine,4.0,100,0.0,7057467,827,0.999999,0.999999,3458.573993451974,0,-1
a,passive,affine,4.0,100,0.0,7057467,828,0.999999,0.999999,3442.278227183881,0,-1
a,passive,affine,4.0,100,0.0,7057467,829,0.9985212037057043,0.9998405730807967,3457.951567126796,0,-1
a,passive,affine,4.0,100,0.0,7057467,830,0.9900780828519128,0.999999,3482.012285488652,0,-1
a,passive,affine,4.0,100,0.0,7057467,831,0.9996473543988682,0.9997160106780172,3438.5155988077104,1,357
a,passive,affine,4.0,100,0.0,7057467,832,0.999999,0.9975899269661679,3416.13026782141,0,-1
a,passive,affine,4.0,100,0.0,7057467,833,-0.976131880795904,0.9820151983238801,3448.492381740467,1,278
a,passive,affine,4.0,100,0.0,7057467,834,-0.999999,0.999999,3483.4052910847736,1,319
a,passive,affine,4.0,100,0.0,7057467,835,-0.9540747995861165,0.999999,3456.0108931998143,1,357
a,passive,affine,4.0,100,0.0,7057467,836,0.9994198766914065,0.9999942422812564,3477.6129641197203,0,-1
a,passive,affine,4.0,100,0.0,7057467,837,0.9998254849173096,0.999999,3443.1154046587926,0,-1
a,passive,affine,4.0,100,0.0,7057467,838,-0.9334539705380702,0.999999,3463.9129152529704,1,279
a,passive,affine,4.0,100,0.0,7057467,839,0.9632112063689886,0.5794746384490677,3443.6988341689153,0,-1
a,passive,affine,4.0,100,0.0,7057467,840,-0.999999,0.9998487601899291,3474.7146387468238,1,300
a,passive,affine,4.0,100,0.0,7057467,841,0.9999603237827753,0.9986852182115279,3467.211287944786,0,-1
a,passive,affine,4.0,100,0.0,7057467,842,-0.999999,0.999999,3455.7595596331585,1,289
a,passive,affine,4.0,100,0.0,7057467,843,0.9822426212374401,0.9969013973091628,3458.1387112131397,0,-1
a,passive,affine,4.0,100,0.0,7057467,844,-0.9526674141089977,0.9949180790886011,3462.048252056704,1,310
a,passive,affine,4.0,100,0.0,7057467,845,0.999999,0.9844691215206547,3482.173145760114,0,-1
a,passive,affine,4.0,100,0.0,7057467,846,0.9998378646671906,0.999999,3471.753063558693,0,-1
a,passive,affine,4.0,100,0.0,7057467,847,-0.834877124248602,0.9983965648232801,3435.679562066331,1,320
a,passive,affine,4.0,100,0.0,7057467,848,0.999999,0.9999716788596699,3435.520820853187,0,-1
a,passive,affine,4.0,100,0.0,7057467,849,0.9866103516791535,0.999999,3471.6108635590545,0,-1
a,passive,affine,4.0,100,0.0,7057467,850,-0.999999,0.999999,3474.6646242383144,1,336
a,passive,affine,4.0,100,0.0,7057467,851,0.999999,0.999999,3475.4404988153888,0,-1
a,passive,affine,4.0,100,0.0,7057467,852,-0.9909190917397701,0.999999,3469.4738817395523,1,521
a,passive,affine,4.0,100,0.0,7057467,853,0.999999,0.9999296533768458,3460.1076794597766,0,-1
a,passive,affine,4.0,100,0.0,7057467,854,-0.8751677209388201,0.999999,3465.359212525594,1,294
a,passive,affine,4.0,100,0.0,7057467,855,-0.8205770150924743,0.999999,3444.250028509783,1,290
a,passive,affine,4.0,100,0.0,7057467,856,0.9999960958722062,0.999999,3445.660575311741,0,-1
a,passive,affine,4.0,100,0.0,7057467,857,0.9998748221962935,0.999999,3472.7907702928824,0,-1
a,passive,affine,4.0,100,0.0,7057467,858,0.999999,0.9992066117290105,3442.105290707707,0,-1
a,passive,affine,4.0,100,0.0,7057467,859,0.9996809039372183,0.9999768915695083,3477.7651022706277,0,-1
a,passive,affine,4.0,100,0.0,7057467,860,0.9993037190676394,0.999999,3469.07392494699,0,-1
a,passive,affine,4.0,100,0.0,7057467,861,0.9886365964610255,0.9999872789719016,3464.4512785708994,0,-1
a,passive,affine,4.0,100,0.0,7057467,862,0.9353560405480815,0.9456685416454056,3453.8581837664055,0,-1
a,passive,affine,4.0,100,0.0,7057467,863,0.999999,0.9696919425648373,3459.4314473691034,0,-1
a,passive,affine,4.0,100,0.0,7057467,864,0.999999,0.9976132749235307,3467.805824229582,0,-1
a,passive,affine,4.0,100,0.0,7057467,865,0.999883187781363,0.999999,3473.679728353838,0,-1
a,passive,affine,4.0,100,0.0,7057467,866,0.9997473888487702,0.998526326657526,3481.5117745550892,0,-1
a,passive,affine,4.0,100,0.0,7057467,867,0.999999,0.999999,3465.3068037274024,0,-1
a,passive,affine,4.0,100,0.0,7057467,868,0.9999007361571605,0.9824328620091187,3472.691135318878,0,-1
a,passive,affine,4.0,100,0.0,7057467,869,-0.9384481680214963,0.9121448483269974,3406.5980818348594,1,271
a,passive,affine,4.0,100,0.0,7057467,870,0.9997944555307637,0.9999363787722976,3463.7672791091336,0,-1
a,passive,affine,4.0,100,0.0,7057467,871,0.999999,0.999999,3483.853719746604,0,-1
a,passive,affine,4.0,100,0.0,7057467,872,0.999999,0.9999019278016332,3460.959381855391,0,-1
a,passive,affine,4.0,100,0.0,7057467,873,0.9560644538073059,0.999999,3449.664576839697,0,-1
a,passive,affine,4.0,100,0.0,7057467,874,0.9995616730100435,0.8951012509343703,3471.9201306260006,0,-1
a,passive,affine,4.0,100,0.0,7057467,875,0.9998730952369028,0.9620523024356381,3480.880090596072,0,-1
a,passive,affine,4.0,100,0.0,7057467,876,0.9997895668675055,0.999999,3472.696029448288,0,-1
a,passive,affine,4.0,100,0.0,7057467,877,0.9319644302085254,0.9998911840230961,3451.5589475000215,0,-1
a,passive,affine,4.0,100,0.0,7057467,878,0.9996555225344647,0.999999,3467.8284379647253,1,297
a,passive,affine,4.0,100,0.0,7057467,879,0.999999,0.999999,3470.4924980324768,0,-1
a,passive,affine,4.0,100,0.0,7057467,880,0.999999,0.8571955702297432,3474.0450348608892,0,-1
a,passive,affine,4.0,100,0.0,7057467,881,0.9998424033784993,0.9957623390459337,3442.7923279659403,0,-1
a,passive,affine,4.0,100,0.0,7057467,882,0.999999,0.9345317004856715,3473.6083672867726,0,-1
a,passive,affine,4.0,100,0.0,7057467,883,-0.8721541532725792,0.9943772474486272,3470.114992042148,1,316
a,passive,affine,4.0,100,0.0,7057467,884,0.9999894032109732,0.9318587230081326,3450.02274360764,0,-1
a,passive,affine,4.0,100,0.0,7057467,885,0.999718599940842,0.999999,3467.7783672658666,0,-1
a,passive,affine,4.0,100,0.0,7057467,886,0.999987401717448,0.9896708280526489,3457.2251886090235,0,-1
a,passive,affine,4.0,100,0.0,7057467,887,0.999999,0.9874149395444244,3457.0379625027285,0,-1
a,passive,affine,4.0,100,0.0,7057467,888,0.999999,0.998596572266772,3421.561056245099,0,-1
a,passive,affine,4.0,100,0.0,7057467,889,0.9999360281812609,0.999999,3469.402987141467,0,-1
a,passive,affine,4.0,100,0.0,7057467,890,0.999999,0.9998105159053534,3475.742803180199,0,-1
a,passive,affine,4.0,100,0.0,7057467,891,0.9794167039614172,0.9760776481257669,3455.243577538638,0,-1
a,passive,affine,4.0,100,0.0,7057467,892,0.9964696651282293,0.9997777420538749,3442.545562362493,1,425
a,passive,affine,4.0,100,0.0,7057467,893,-0.9706243419385197,0.999999,3469.916358831538,1,321
a,passive,affine,4.0,100,0.0,7057467,894,0.6593216560058593,0.9982105169135308,3435.1035332430793,1,307
a,passive,affine,4.0,100,0.0,7057467,895,0.8843273066647319,0.9471503434026897,3465.3585905029277,0,-1
a,passive,affine,4.0,100,0.0,7057467,896,-0.8296725890032082,0.9951884396292143,3474.8184177993767,1,296
a,passive,affine,4.0,100,0.0,7057467,897,-0.9568517291931834,0.999999,3463.8258039764282,1,292
a,passive,affine,4.0,100,0.0,7057467,898,0.999999,0.9472737778362952,3478.46638712618,0,-1
a,passive,affine,4.0,100,0.0,7057467,899,-0.9968955618508927,0.8107663797137091,3482.746181252863,1,285
a,passive,affine,4.0,100,0.0,7057467,900,0.9999874518900561,0.999999,3453.424825361174,0,-1
a,passive,affine,4.0,100,0.0,7057467,901,0.999999,0.99805635742548,3469.6817134488883,0,-1
a,passive,affine,4.0,100,0.0,7057467,902,-0.999999,0.9961436410311297,3445.379060169679,1,304
a,passive,affine,4.0,100,0.0,7057467,903,-0.9995351671489787,0.9997959865338976,3479.912450568386,1,306
a,passive,affine,4.0,100,0.0,7057467,904,0.9970464669213205,0.9440511985872956,3442.7624535140726,0,-1
a,passive,affine,4.0,100,0.0,7057467,905,0.9998015318564738,0.9997887678916403,3466.5753008262895,0,-1
a,passive,affine,4.0,100,0.0,7057467,906,0.999999,0.999999,3441.2866390309587,0,-1
a,passive,affine,4.0,100,0.0,7057467,907,0.9999706421405322,0.999999,3466.7957825164685,0,-1
a,passive,affine,4.0,100,0.0,7057467,908,0.999999,0.9998348930668808,3463.333070226169,0,-1
a,passive,affine,4.0,100,0.0,7057467,909,0.999999,0.9927819041174539,3466.470779927633,0,-1
a,passive,affine,4.0,100,0.0,7057467,910,-0.9869987002693488,0.999999,3441.147743993199,1,301
a,passive,affine,4.0,100,0.0,7057467,911,0.999999,0.999999,3472.6257488850715,0,-1
a,passive,affine,4.0,100,0.0,7057467,912,0.9992456825441414,0.9833985719095713,3471.817394382969,1,320
a,passive,affine,4.0,100,0.0,7057467,913,0.9984733079450547,0.9995554699669252,3460.971143486143,0,-1
a,passive,affine,4.0,100,0.0,7057467,914,0.999999,0.9982721345639571,3479.1512687906206,0,-1
a,passive,affine,4.0,100,0.0,7057467,915,0.9646169896169684,0.999999,3470.9328652465515,0,-1
a,passive,affine,4.0,100,0.0,7057467,916,0.9997280344665253,0.9989181900504477,3467.2571152438704,0,-1
a,passive,affine,4.0,100,0.0,7057467,917,0.999999,0.9499650757372546,3395.7490960368204,0,-1
a,passive,affine,4.0,100,0.0,7057467,918,0.9995902654149151,0.999831228442531,3468.2306238894,0,-1
a,passive,affine,4.0,100,0.0,7057467,919,0.999999,0.9999327155737365,3450.1398840404927,0,-1
a,passive,affine,4.0,100,0.0,7057467,920,0.999999,0.9999339182578275,3476.2217750401073,0,-1
a,passive,affine,4.0,100,0.0,7057467,921,-0.9820894654068597,0.9887219160331,3458.2613463974294,1,419
a,passive,affine,4.0,100,0.0,7057467,922,0.9383888907236121,0.9957260814695306,3461.4128842051387,0,-1
a,passive,affine,4.0,100,0.0,7057467,923,0.999999,0.9954272665900298,3480.366900903416,0,-1
a,passive,affine,4.0,100,0.0,7057467,924,-0.7358924275560905,0.9942201831664812,3453.1152882411757,1,278
a,passive,affine,4.0,100,0.0,7057467,925,0.9390940712643525,0.999999,3462.886283186783,0,-1
a,passive,affine,4.0,100,0.0,7057467,926,0.962579032581353,0.9996830769619152,3469.6004340762506,0,-1
a,passive,affine,4.0,100,0.0,7057467,927,0.9439281839803518,0.9992344676958645,3460.4671199430336,0,-1
a,passive,affine,4.0,100,0.0,7057467,928,-0.8374417487897693,0.999999,3464.4799646607057,1,283
a,passive,affine,4.0,100,0.0,7057467,929,0.9579859350529438,0.9999471588088895,3454.1816979748305,0,-1
a,passive,affine,4.0,100,0.0,7057467,930,0.9999503767596956,0.9854344998764788,3455.258053914954,0,-1
a,passive,affine,4.0,100,0.0,7057467,931,0.9902904988866288,0.999999,3473.6049887429535,0,-1
a,passive,affine,4.0,100,0.0,7057467,932,-0.9981918255885718,0.9999639812771165,3411.8802578547316,1,289
a,passive,affine,4.0,100,0.0,7057467,933,0.999999,0.9997949606168061,3462.7631543191783,0,-1
a,passive,affine,4.0,100,0.0,7057467,934,0.9999709344318003,0.965063219925548,3476.7083916327656,0,-1
a,passive,affine,4.0,100,0.0,7057467,935,0.9997752818626936,0.9961120622267466,3456.4140328791204,0,-1
a,passive,affine,4.0,100,0.0,7057467,936,0.999999,0.9985460789871863,3459.924077601151,0,-1
a,passive,affine,4.0,100,0.0,7057467,937,0.9997806459702127,0.999999,3455.6764867515512,0,-1
a,passive,affine,4.0,100,0.0,7057467,938,0.999999,0.999999,3443.2600216903506,0,-1
a,passive,affine,4.0,100,0.0,7057467,939,0.9998214549788017,0.999920668872914,3474.480131435442,0,-1
a,passive,affine,4.0,100,0.0,7057467,940,0.9948955791531501,0.999999,3449.5291288910958,1,314
a,passive,affine,4.0,100,0.0,7057467,941,-0.9556800596848404,0.999999,3472.8219480725347,1,278
a,passive,affine,4.0,100,0.0,7057467,942,-0.9981518873102244,0.9270443726967321,3460.28361333998,1,298
a,passive,affine,4.0,100,0.0,7057467,943,-0.999999,0.9999405343911167,3461.993226454676,1,277
a,passive,affine,4.0,100,0.0,7057467,944,0.9857321768043221,0.999999,3478.468744385184,0,-1
a,passive,affine,4.0,100,0.0,7057467,945,-0.9967132333148981,0.999999,3476.3360337280706,1,294
a,passive,affine,4.0,100,0.0,7057467,946,-0.9794227617717383,0.983489019223683,3464.975077862039,1,309
a,passive,affine,4.0,100,0.0,7057467,947,-0.9185330321701695,0.9999797474121388,3468.919674100962,1,310
a,passive,affine,4.0,100,0.0,7057467,948,0.999999,0.99994975784108,3450.6007527323463,0,-1
a,passive,affine,4.0,100,0.0,7057467,949,0.9977390314117519,0.999999,3472.9795914596475,0,-1
a,passive,affine,4.0,100,0.0,7057467,950,0.999999,0.9959088606219173,3473.622427877096,0,-1
a,passive,affine,4.0,100,0.0,7057467,951,0.999999,0.9998550586285588,3470.131142718847,0,-1
a,passive,affine,4.0,100,0.0,7057467,952,0.9926230925985853,0.999999,3458.553255126161,0,-1
a,passive,affine,4.0,100,0.0,7057467,953,0.9842216689598067,0.999156168847983,3470.2130074571364,0,-1
a,passive,affine,4.0,100,0.0,7057467,954,0.9974742223993304,0.9851737964284817,3459.9392275962705,0,-1
a,passive,affine,4.0,100,0.0,7057467,955,-0.9845637160696797,0.9995354738091617,3461.859143540661,1,287
a,passive,affine,4.0,100,0.0,7057467,956,0.9997217381911132,0.9997587899243071,3471.388523877766,0,-1
a,passive,affine,4.0,100,0.0,7057467,957,-0.9905277476501659,0.9966850289647626,3447.2689527545845,1,338
a,passive,affine,4.0,100,0.0,7057467,958,0.9998098813900648,0.9998957005082278,3465.863000749474,0,-1
a,passive,affine,4.0,100,0.0,7057467,959,-0.31232694694667995,0.9996948225745854,3475.7850535323446,1,270
a,passive,affine,4.0,100,0.0,7057467,960,0.999999,0.9844350141957998,3446.249625484376,0,-1
a,passive,affine,4.0,100,0.0,7057467,961,0.999999,0.9973208611949361,3460.189747003903,0,-1
a,passive,affine,4.0,100,0.0,7057467,962,0.999889572305388,0.995310351586549,3478.2890709563767,0,-1
a,passive,affine,4.0,100,0.0,7057467,963,-0.9942208712437767,0.9993331437421922,3474.452695052628,1,273
a,passive,affine,4.0,100,0.0,7057467,964,-0.998551692525784,0.9998597489513533,3467.6303798798863,1,314
a,passive,affine,4.0,100,0.0,7057467,965,0.999999,0.9846253600647416,3452.6821788262523,0,-1
a,passive,affine,4.0,100,0.0,7057467,966,0.945639677854065,0.999999,3458.0728178351933,0,-1
a,passive,affine,4.0,100,0.0,7057467,967,0.999999,0.999999,3475.459815282911,0,-1
a,passive,affine,4.0,100,0.0,7057467,968,-0.9556171260816209,0.9999783398398754,3476.6327816555035,1,710
a,passive,affine,4.0,100,0.0,7057467,969,0.8114803610095696,0.9855208790740865,3476.737378172513,0,-1
a,passive,affine,4.0,100,0.0,7057467,970,0.999999,0.9991053069703073,3452.6932074202614,0,-1
a,passive,affine,4.0,100,0.0,7057467,971,0.9998299382716668,0.9873630713571944,3411.431750723981,0,-1
a,passive,affine,4.0,100,0.0,7057467,972,0.9686132221803057,0.9997075667765859,3482.0351682244723,0,-1
a,passive,affine,4.0,100,0.0,7057467,973,-0.7564524513027234,0.9607867611353845,3445.173923647528,1,320
a,passive,affine,4.0,100,0.0,7057467,974,-0.9929664721541775,0.999999,3421.61893864474,1,298
a,passive,affine,4.0,100,0.0,7057467,975,0.995588086692133,0.9606590124187462,3480.27754622046,0,-1
a,passive,affine,4.0,100,0.0,7057467,976,0.9999721773061956,0.999999,3476.0723988424365,0,-1
a,passive,affine,4.0,100,0.0,7057467,977,0.999999,0.9404248284779357,3429.6811392263226,0,-1
a,passive,affine,4.0,100,0.0,7057467,978,0.999999,0.9997178364755277,3464.758530349535,0,-1
a,passive,affine,4.0,100,0.0,7057467,979,0.9869721710034471,0.999999,3454.502588518811,0,-1
a,passive,affine,4.0,100,0.0,7057467,980,0.9771074795469669,0.9998003440026797,3467.157441809529,0,-1
a,passive,affine,4.0,100,0.0,7057467,981,0.999999,0.9985545982575592,3439.4724450070603,0,-1
a,passive,affine,4.0,100,0.0,7057467,982,-0.9935860028495853,0.999999,3465.182325369397,1,272
a,passive,affine,4.0,100,0.0,7057467,983,-0.999999,0.9304779240533484,3460.443489934597,1,285
a,passive,affine,4.0,100,0.0,7057467,984,0.9702338841379088,0.999999,3460.1808915225483,0,-1
a,passive,affine,4.0,100,0.0,7057467,985,0.9997221827669663,0.9318194734632487,3460.3612240792836,0,-1
a,passive,affine,4.0,100,0.0,7057467,986,0.999963388601327,0.999999,3343.5125784153397,0,-1
a,passive,affine,4.0,100,0.0,7057467,987,0.9997399796196562,0.999999,3445.8882185228726,0,-1
a,passive,affine,4.0,100,0.0,7057467,988,0.999999,0.999999,3462.1051711006107,0,-1
a,passive,affine,4.0,100,0.0,7057467,989,-0.726091222390383,0.9998458790814608,3470.1719082883064,1,279
a,passive,affine,4.0,100,0.0,7057467,990,0.999999,0.999999,3457.528360073987,0,-1
a,passive,affine,4.0,100,0.0,7057467,991,-0.9980730639152178,0.9629543651530278,3469.7311598453516,1,274
a,passive,affine,4.0,100,0.0,7057467,992,-0.9979783902172994,0.9998728015779628,3468.8248626774316,1,286
a,passive,affine,4.0,100,0.0,7057467,993,0.999999,0.9998919983836615,3468.4205094983386,0,-1
a,passive,affine,4.0,100,0.0,7057467,994,0.9999396878618525,0.999999,3474.0410924054872,0,-1
a,passive,affine,4.0,100,0.0,7057467,995,0.8720010256328804,0.9990315041679962,3476.4248613112763,0,-1
a,passive,affine,4.0,100,0.0,7057467,996,0.999999,0.9998669670557266,3448.078588665974,0,-1
a,passive,affine,4.0,100,0.0,7057467,997,0.999999,0.9999174775541041,3466.339475615096,0,-1
a,passive,affine,4.0,100,0.0,7057467,998,0.9998417713387716,0.9964833225361908,3460.1197767165017,0,-1
a,passive,affine,4.0,100,0.0,7057467,999,0.999999,0.9999188089760424,3458.6517847988434,0,-1
a,passive,affine,4.5,100,0.0,8057470,0,0.999999,0.9971200198484647,3467.399286284704,0,-1
a,passive,affine,4.5,100,0.0,8057470,1,0.999999,0.999999,3396.4571660941965,0,-1
a,passive,affine,4.5,100,0.0,8057470,2,0.9998761055340356,0.9963179879917424,3464.501798546817,0,-1
a,passive,affine,4.5,100,0.0,8057470,3,-0.9955818830835976,0.9996645740104293,3435.7283590630013,1,346
a,passive,affine,4.5,100,0.0,8057470,4,0.9995818175296033,0.999973767994388,3474.298512858115,0,-1
a,passive,affine,4.5,100,0.0,8057470,5,0.999999,0.9945251608453783,3442.4880795311624,0,-1
a,passive,affine,4.5,100,0.0,8057470,6,0.9465708973293867,0.9998921087849721,3472.8405996753927,0,-1
a,passive,affine,4.5,100,0.0,8057470,7,-0.999999,0.9577830212797481,3470.656749489871,1,275
a,passive,affine,4.5,100,0.0,8057470,8,0.999999,0.999999,3444.2441883956503,0,-1
a,passive,affine,4.5,100,0.0,8057470,9,-0.833438313474329,0.9999320157296225,3469.6381514271307,1,291
a,passive,affine,4.5,100,0.0,8057470,10,0.9996561213222233,0.999999,3455.5640779741566,0,-1
a,passive,affine,4.5,100,0.0,8057470,11,0.7668351491342379,0.999999,3442.8522669154872,0,-1
a,passive,affine,4.5,100,0.0,8057470,12,-0.999999,0.9999687574474497,3471.465873211589,1,305
a,passive,affine,4.5,100,0.0,8057470,13,-0.9990552118797924,0.9283660877633539,3443.2439650129086,1,273
a,passive,affine,4.5,100,0.0,8057470,14,0.999999,0.999999,3469.3588415153167,0,-1
a,passive,affine,4.5,100,0.0,8057470,15,-0.9989709591619816,0.9999639841337357,3468.2498205845454,1,356
a,passive,affine,4.5,100,0.0,8057470,16,0.999999,0.9980415944386785,3445.9523502668694,0,-1
a,passive,affine,4.5,100,0.0,8057470,17,0.9861652206499231,0.9858908947278934,3473.0161512538407,0,-1
a,passive,affine,4.5,100,0.0,8057470,18,0.980125419636625,0.9124163791411232,3427.229352832465,0,-1
a,passive,affine,4.5,100,0.0,8057470,19,0.8674018598042207,0.9991277692420858,3452.5059425456225,0,-1
a,passive,affine,4.5,100,0.0,8057470,20,0.9998758195115683,0.999999,3456.795938937145,0,-1
a,passive,affine,4.5,100,0.0,8057470,21,0.9816330486042391,0.999999,3449.031640462724,0,-1
a,passive,affine,4.5,100,0.0,8057470,22,0.999999,0.9986334448169217,3401.228366004618,0,-1
a,passive,affine,4.5,100,0.0,8057470,23,-0.9056891422186357,0.999984075369746,3458.18527187838,1,338
a,passive,affine,4.5,100,0.0,8057470,24,-0.9926875661534823,0.999999,3471.026507853386,1,301
a,passive,affine,4.5,100,0.0,8057470,25,0.999816446364238,0.999999,3473.4244786756167,0,-1
a,passive,affine,4.5,100,0.0,8057470,26,0.9425136380484136,0.9971582453465034,3455.8336682114414,0,-1
a,passive,affine,4.5,100,0.0,8057470,27,0.9999008868656377,0.999999,3479.458603779954,0,-1
a,passive,affine,4.5,100,0.0,8057470,28,0.999999,0.999999,3404.4366227374167,0,-1
a,passive,affine,4.5,100,0.0,8057470,29,0.9966103277876113,0.9674848654270333,3449.4656449228596,0,-1
a,passive,affine,4.5,100,0.0,8057470,30,0.8918319050846908,0.999999,3469.034295681192,1,279
a,passive,affine,4.5,100,0.0,8057470,31,-0.9968398286708943,0.998126959528659,3354.0534519017165,1,296
a,passive,affine,4.5,100,0.0,8057470,32,-0.5045484630309184,0.9933662483545485,3443.113292391649,1,288
a,passive,affine,4.5,100,0.0,8057470,33,0.9998249465589796,0.9995234745049209,3451.135561727965,0,-1
a,passive,affine,4.5,100,0.0,8057470,34,0.999999,0.99909848557669,3475.329176990223,0,-1
a,passive,affine,4.5,100,0.0,8057470,35,-0.9842145870592152,0.999999,3464.7661334225995,1,313
a,passive,affine,4.5,100,0.0,8057470,36,-0.7868385930744988,0.999999,3472.1914267135126,1,298
a,passive,affine,4.5,100,0.0,8057470,37,0.999999,0.999999,3466.489934830982,0,-1
a,passive,affine,4.5,100,0.0,8057470,38,0.8028422983517546,0.5590905742965115,3371.5664394882297,0,-1
a,passive,affine,4.5,100,0.0,8057470,39,0.999999,0.999999,3460.63405330619,0,-1
a,passive,affine,4.5,100,0.0,8057470,40,-0.999999,0.9973817897919233,3466.3317007073306,1,317
a,passive,affine,4.5,100,0.0,8057470,41,0.9959974944361835,0.8443492374723092,3460.7323363052383,0,-1
a,passive,affine,4.5,100,0.0,8057470,42,0.9998725116088057,0.9999200778751255,3453.054922047042,0,-1
a,passive,affine,4.5,100,0.0,8057470,43,0.995452460292686,0.999999,3461.4977246078483,0,-1
a,passive,affine,4.5,100,0.0,8057470,44,0.9992559648554199,0.999967348793363,3465.930614889785,0,-1
a,passive,affine,4.5,100,0.0,8057470,45,0.9959137268354049,0.9827245599593524,3477.7552676802543,0,-1
a,passive,affine,4.5,100,0.0,8057470,46,0.9986318854291731,0.999998313588744,3467.8361170877656,0,-1
a,passive,affine,4.5,100,0.0,8057470,47,-0.9987932676194029,0.999999,3467.463612282159,1,332
a,passive,affine,4.5,100,0.0,8057470,48,0.9999668581085076,0.9982038816099958,3461.445424670445,0,-1
a,passive,affine,4.5,100,0.0,8057470,49,0.999999,0.9997108921165131,3456.979843846176,0,-1
a,passive,affine,4.5,100,0.0,8057470,50,0.999999,0.999999,3464.1368850458293,0,-1
a,passive,affine,4.5,100,0.0,8057470,51,0.9970723533609677,0.999999,3464.7603382169177,0,-1
a,passive,affine,4.5,100,0.0,8057470,52,-0.999999,0.9951932743066416,3454.524613986883,1,343
a,passive,affine,4.5,100,0.0,8057470,53,0.9996954678004759,0.9956976566255451,3473.5956680667073,0,-1
a,passive,affine,4.5,100,0.0,8057470,54,-0.9989384004708308,0.9999357478175647,3479.102959070204,1,287
a,passive,affine,4.5,100,0.0,8057470,55,-0.999999,0.999999,3444.7573554566898,1,316
a,passive,affine,4.5,100,0.0,8057470,56,0.9908934156517345,0.9999418572352412,3461.810779435724,0,-1
a,passive,affine,4.5,100,0.0,8057470,57,0.9981030564876077,0.9998913910492739,3446.2601107540363,0,-1
a,passive,affine,4.5,100,0.0,8057470,58,0.999999,0.999999,3473.8579262371068,0,-1
a,passive,affine,4.5,100,0.0,8057470,59,0.939265979391757,0.8048827276566227,3432.3692720655445,0,-1
a,passive,affine,4.5,100,0.0,8057470,60,0.9997522147574591,0.9999521686869064,3464.81818877002,0,-1
a,passive,affine,4.5,100,0.0,8057470,61,0.999999,0.999999,3471.9645719149885,0,-1
a,passive,affine,4.5,100,0.0,8057470,62,0.999999,0.999468251202641,3468.0136153154817,0,-1
a,passive,affine,4.5,100,0.0,8057470,63,-0.9751272307660089,0.9997466175663416,3462.9364657625065,1,299
a,passive,affine,4.5,100,0.0,8057470,64,0.9974352780317394,0.999999,3445.9417127328898,0,-1
a,passive,affine,4.5,100,0.0,8057470,65,0.999999,0.9937579313071241,3426.1003596748455,0,-1
a,passive,affine,4.5,100,0.0,8057470,66,0.999999,0.999999,3470.281632106585,0,-1
a,passive,affine,4.5,100,0.0,8057470,67,0.5713447510536375,0.9825543903650987,3467.058955958764,0,-1
a,passive,affine,4.5,100,0.0,8057470,68,-0.9754493001331643,0.9998823663883515,3450.5279184895735,1,273
a,passive,affine,4.5,100,0.0,8057470,69,0.999683831262218,0.999999,3476.251765035436,0,-1
a,passive,affine,4.5,100,0.0,8057470,70,0.9997694410280707,0.999999,3465.878961477389,0,-1
a,passive,affine,4.5,100,0.0,8057470,71,0.999999,0.999999,3435.9004442275177,0,-1
a,passive,affine,4.5,100,0.0,8057470,72,0.9992430876836861,0.972396750144178,3474.929558525387,0,-1
a,passive,affine,4.5,100,0.0,8057470,73,0.999999,0.9821228616257104,3467.546124544567,0,-1
a,passive,affine,4.5,100,0.0,8057470,74,0.9374547690637813,0.997123934122551,3443.5701867208395,0,-1
a,passive,affine,4.5,100,0.0,8057470,75,0.9849462117761997,0.999999,3443.089030660358,0,-1
a,passive,affine,4.5,100,0.0,8057470,76,-0.9951538828897736,0.9966406383885805,3481.4345753785947,1,310
a,passive,affine,4.5,100,0.0,8057470,77,0.9897676533535835,0.9892688153073969,3466.128893787141,0,-1
a,passive,affine,4.5,100,0.0,8057470,78,0.999999,0.9999341672472685,3442.1508006413264,0,-1
a,passive,affine,4.5,100,0.0,8057470,79,-0.9826073326461887,0.9964729908317954,3457.7586576537487,1,325
a,passive,affine,4.5,100,0.0,8057470,80,0.999999,0.9994092022903579,3482.7812207462384,0,-1
a,passive,affine,4.5,100,0.0,8057470,81,0.9602514254822387,0.9659106389817822,3475.1638683146234,0,-1
a,passive,affine,4.5,100,0.0,8057470,82,-0.9987611165937904,0.999999,3457.6933428829516,1,284
a,passive,affine,4.5,100,0.0,8057470,83,-0.9987706315577675,0.999999,3476.5965892684703,1,306
a,passive,affine,4.5,100,0.0,8057470,84,0.999999,0.999999,3448.990289694017,0,-1
a,passive,affine,4.5,100,0.0,8057470,85,0.9951766795818732,0.999999,3476.77403502451,1,312
a,passive,affine,4.5,100,0.0,8057470,86,0.9991255282291561,0.9984087135419698,3474.6563171943576,0,-1
a,passive,affine,4.5,100,0.0,8057470,87,0.9641182833425758,0.9999197958390834,3461.104644796643,0,-1
a,passive,affine,4.5,100,0.0,8057470,88,-0.8371843482455402,0.9998605399552615,3473.659537129279,1,296
a,passive,affine,4.5,100,0.0,8057470,89,0.999999,0.9991102767890523,3456.199755272694,0,-1
a,passive,affine,4.5,100,0.0,8057470,90,0.9702606543450232,0.9997639650137441,3444.2716731886976,1,309
a,passive,affine,4.5,100,0.0,8057470,91,0.9898756217991032,0.999999,3449.961766013839,0,-1
a,passive,affine,4.5,100,0.0,8057470,92,0.999999,0.999999,3437.345492083856,0,-1
a,passive,affine,4.5,100,0.0,8057470,93,-0.999999,0.9972642363046168,3463.3526823834077,1,282
a,passive,affine,4.5,100,0.0,8057470,94,0.999999,0.999999,3469.8673644893556,0,-1
a,passive,affine,4.5,100,0.0,8057470,95,0.999856896109815,0.999999,3477.0685406457333,0,-1
a,passive,affine,4.5,100,0.0,8057470,96,0.9997725232486354,0.999999,3468.446650033806,0,-1
a,passive,affine,4.5,100,0.0,8057470,97,0.999999,0.9995148787275188,3430.9059946766347,0,-1
a,passive,affine,4.5,100,0.0,8057470,98,0.9999693388977561,0.7184477575615146,3443.4025464807687,0,-1
a,passive,affine,4.5,100,0.0,8057470,99,-0.9989707774685248,0.999999,3475.466023606367,1,279
a,passive,affine,4.5,100,0.0,8057470,100,0.2217998688145795,0.9984437998246468,3457.552887886584,0,-1
a,passive,affine,4.5,100,0.0,8057470,101,0.999999,0.999999,3473.5646932141967,0,-1
a,passive,affine,4.5,100,0.0,8057470,102,0.9999822744745541,0.6769349793645884,3457.206067350229,0,-1
a,passive,affine,4.5,100,0.0,8057470,103,0.9980693991122076,0.9999396441797465,3434.015247111703,0,-1
a,passive,affine,4.5,100,0.0,8057470,104,0.9998769638033747,0.9982852462045412,3477.290140255598,0,-1
a,passive,affine,4.5,100,0.0,8057470,105,-0.999014697650235,0.9998546254978015,3469.9563940317316,1,296
a,passive,affine,4.5,100,0.0,8057470,106,0.9983188315590877,0.999750388343088,3472.6481684440073,0,-1
a,passive,affine,4.5,100,0.0,8057470,107,0.999999,0.9971553439491087,3427.668251297544,0,-1
a,passive,affine,4.5,100,0.0,8057470,108,0.999999,0.999999,3474.831617224003,0,-1
a,passive,affine,4.5,100,0.0,8057470,109,0.9613173447730875,0.9999746178427125,3462.7890586692643,0,-1
a,passive,affine,4.5,100,0.0,8057470,110,0.999999,0.9999086094134124,3467.573915761077,0,-1
a,passive,affine,4.5,100,0.0,8057470,111,0.9976291762184399,0.999999,3438.445443757719,0,-1
a,passive,affine,4.5,100,0.0,8057470,112,0.9998260078518185,0.9996614544205435,3439.574093823558,0,-1
a,passive,affine,4.5,100,0.0,8057470,113,0.999999,0.9999724221577487,3480.1959524919903,0,-1
a,passive,affine,4.5,100,0.0,8057470,114,0.9999080621199206,0.9953906057685737,3434.5670942017887,0,-1
a,passive,affine,4.5,100,0.0,8057470,115,0.9999726537197285,0.9995516251460591,3471.943265851784,0,-1
a,passive,affine,4.5,100,0.0,8057470,116,0.998719586071824,0.9998456880952915,3471.808787325977,0,-1
a,passive,affine,4.5,100,0.0,8057470,117,0.9999684673733162,0.9422074676475324,3465.0558863161104,0,-1
a,passive,affine,4.5,100,0.0,8057470,118,0.9965228668656145,0.9996765625326816,3467.5875385549084,0,-1
a,passive,affine,4.5,100,0.0,8057470,119,0.999999,0.9999192106620659,3466.2438700928064,0,-1
a,passive,affine,4.5,100,0.0,8057470,120,0.999999,0.9984667308918589,3457.7915679103808,0,-1
a,passive,affine,4.5,100,0.0,8057470,121,0.9945845016740008,0.9612345669467046,3438.487909860101,0,-1
a,passive,affine,4.5,100,0.0,8057470,122,-0.999999,0.9826265191984803,3473.81777173259,1,323
a,passive,affine,4.5,100,0.0,8057470,123,-0.9967884437138554,0.9999918130542784,3458.6090185872176,1,277
a,passive,affine,4.5,100,0.0,8057470,124,0.999473201299104,0.999999,3474.7793321247036,0,-1
a,passive,affine,4.5,100,0.0,8057470,125,0.9998025262310756,0.8589141002887056,3457.932144235784,0,-1
a,passive,affine,4.5,100,0.0,8057470,126,0.999999,0.9983130649753268,3463.013804159788,0,-1
a,passive,affine,4.5,100,0.0,8057470,127,-0.9808807689392145,-0.999999,0.0,1,324
a,passive,affine,4.5,100,0.0,8057470,128,0.999805444194487,0.9727495774191861,3472.250671684149,0,-1
a,passive,affine,4.5,100,0.0,8057470,129,-0.999999,0.999999,3446.523540689611,1,267
a,passive,affine,4.5,100,0.0,8057470,130,0.9988604663207014,0.999999,3478.1268015020655,0,-1
a,passive,affine,4.5,100,0.0,8057470,131,-0.999552953075686,0.9922601660883859,3482.7879261970706,1,317
a,passive,affine,4.5,100,0.0,8057470,132,0.9845984079555551,0.999821942966734,3443.287958000205,0,-1
a,passive,affine,4.5,100,0.0,8057470,133,0.9998356166814809,0.9240407464371102,3459.2151535256107,0,-1
a,passive,affine,4.5,100,0.0,8057470,134,0.99998163789165,0.999999,3476.962475971427,0,-1
a,passive,affine,4.5,100,0.0,8057470,135,0.999999,0.9995834484355002,3468.8202798258067,0,-1
a,passive,affine,4.5,100,0.0,8057470,136,0.9997926106774335,0.999999,3460.8239024333175,0,-1
a,passive,affine,4.5,100,0.0,8057470,137,-0.9310383234320238,0.999737021282742,3438.845812427961,1,265
a,passive,affine,4.5,100,0.0,8057470,138,-0.9801050744099306,0.9999754506434095,3465.501652344526,1,273
a,passive,affine,4.5,100,0.0,8057470,139,0.999999,0.9931330152526331,3462.532211237643,0,-1
a,passive,affine,4.5,100,0.0,8057470,140,0.9964490106011956,0.999999,3478.0364804492974,0,-1
a,passive,affine,4.5,100,0.0,8057470,141,0.9246985319607205,0.8389462167137037,3455.3131195952615,0,-1
a,passive,affine,4.5,100,0.0,8057470,142,-0.9563949073012891,0.9999016343257486,3407.929792324971,1,309
a,passive,affine,4.5,100,0.0,8057470,143,-0.9991227828979802,0.9992388340682713,3466.8236938413042,1,279
a,passive,affine,4.5,100,0.0,8057470,144,0.9997714200174758,0.999999,3435.9049861682483,0,-1
a,passive,affine,4.5,100,0.0,8057470,145,-0.9761011595643856,0.9990011104388595,3460.7412563073035,1,319
a,passive,affine,4.5,100,0.0,8057470,146,-0.6863064067511432,0.9910553074263632,3473.6274480012653,1,273
a,passive,affine,4.5,100,0.0,8057470,147,0.9999371208922606,0.9677292173482772,3478.725679645986,0,-1
a,passive,affine,4.5,100,0.0,8057470,148,0.999999,0.999999,3477.884539328906,0,-1
a,passive,affine,4.5,100,0.0,8057470,149,0.999999,0.9998222212461032,3465.0525482174126,0,-1
a,passive,affine,4.5,100,0.0,8057470,150,0.9987873073041796,0.9746111509554445,3441.1627585527654,0,-1
a,passive,affine,4.5,100,0.0,8057470,151,0.9983266699514346,0.999999,3458.0063398287707,0,-1
a,passive,affine,4.5,100,0.0,8057470,152,0.999888568498649,0.999999,3483.131655837909,0,-1
a,passive,affine,4.5,100,0.0,8057470,153,-0.8448423468336681,0.9967829621194559,1113.6615979096564,1,367
a,passive,affine,4.5,100,0.0,8057470,154,0.9848631755781684,0.999999,3436.3910410375815,1,283
a,passive,affine,4.5,100,0.0,8057470,155,-0.7009581654055452,0.999999,3480.9495967719895,1,301
a,passive,affine,4.5,100,0.0,8057470,156,-0.999999,-0.9987062232850229,0.0,1,280
a,passive,affine,4.5,100,0.0,8057470,157,0.999999,0.9965162120605694,3442.0567221725523,0,-1
a,passive,affine,4.5,100,0.0,8057470,158,0.999999,0.9999278119053423,3476.5990896833173,0,-1
a,passive,affine,4.5,100,0.0,8057470,159,0.9999363518805137,0.9999168303533087,3460.945860029036,0,-1
a,passive,affine,4.5,100,0.0,8057470,160,0.999999,0.999999,3452.935600663825,0,-1
a,passive,affine,4.5,100,0.0,8057470,161,0.09981097657493777,0.999999,3454.4502796787247,1,272
a,passive,affine,4.5,100,0.0,8057470,162,0.9998935584002964,0.9594443092004094,3461.4387998520688,0,-1
a,passive,affine,4.5,100,0.0,8057470,163,0.999999,0.8362368859862892,3466.1791644339673,0,-1
a,passive,affine,4.5,100,0.0,8057470,164,0.9998691221205955,0.9999189623521438,3475.6886985124183,0,-1
a,passive,affine,4.5,100,0.0,8057470,165,0.9996617615885333,0.9997449676549202,3466.9578632241264,0,-1
a,passive,affine,4.5,100,0.0,8057470,166,0.999999,0.9995293197039785,3450.0690105695194,0,-1
a,passive,affine,4.5,100,0.0,8057470,167,0.9723951920942816,0.9748039870474937,3459.653510193579,0,-1
a,passive,affine,4.5,100,0.0,8057470,168,0.997608693886156,0.999999,3477.4861893291027,0,-1
a,passive,affine,4.5,100,0.0,8057470,169,0.9999815853305585,0.6240421214949049,3367.16918138366,0,-1
a,passive,affine,4.5,100,0.0,8057470,170,0.9989838607795813,0.999999,3457.7883604118474,0,-1
a,passive,affine,4.5,100,0.0,8057470,171,0.9823201541669605,0.999999,3461.261523631495,0,-1
a,passive,affine,4.5,100,0.0,8057470,172,0.944804175217978,0.9998653683213862,3441.4917561325974,0,-1
a,passive,affine,4.5,100,0.0,8057470,173,0.9791207603106866,0.7950813313418679,3452.9534394346947,0,-1
a,passive,affine,4.5,100,0.0,8057470,174,0.9823095153907425,0.9810722362291318,3473.796094542223,0,-1
a,passive,affine,4.5,100,0.0,8057470,175,0.9993070781599113,0.999999,3465.205951801905,0,-1
a,passive,affine,4.5,100,0.0,8057470,176,0.9999646458051362,0.9903092699891007,3467.8491204499464,0,-1
a,passive,affine,4.5,100,0.0,8057470,177,0.9690064174998537,0.999999,3471.3096569710597,0,-1
a,passive,affine,4.5,100,0.0,8057470,178,0.9983913146091778,0.9825293720812105,3437.6687843236537,0,-1
a,passive,affine,4.5,100,0.0,8057470,179,0.999999,0.7775252320807652,3403.1445282364894,0,-1
a,passive,affine,4.5,100,0.0,8057470,180,0.9297979143422028,0.9984212564990294,3480.6698786903876,0,-1
a,passive,affine,4.5,100,0.0,8057470,181,-0.9989971737917616,0.999999,3433.6039753026707,1,289
a,passive,affine,4.5,100,0.0,8057470,182,0.999999,0.999999,3477.074213183168,0,-1
a,passive,affine,4.5,100,0.0,8057470,183,0.9986738941177373,0.9999577086120222,3458.7060289653855,0,-1
a,passive,affine,4.5,100,0.0,8057470,184,0.9998936856011025,0.9676000675019685,3464.0018014263665,0,-1
a,passive,affine,4.5,100,0.0,8057470,185,0.989499818628369,0.999999,3474.201974277057,0,-1
a,passive,affine,4.5,100,0.0,8057470,186,-0.999999,0.999999,3463.30611725549,1,458
a,passive,affine,4.5,100,0.0,8057470,187,-0.9988665079062181,-0.7856644952340341,0.0,1,342
a,passive,affine,4.5,100,0.0,8057470,188,0.9999392711503946,0.9312022282328568,3458.6582634036067,0,-1
a,passive,affine,4.5,100,0.0,8057470,189,-0.9701485989163394,0.999999,3470.7012159832584,1,281
a,passive,affine,4.5,100,0.0,8057470,190,0.9998861118320008,0.999999,3471.9410438656287,0,-1
a,passive,affine,4.5,100,0.0,8057470,191,0.9998300898481904,0.997052976605551,3463.7989111051274,1,281
a,passive,affine,4.5,100,0.0,8057470,192,0.9981509362951706,0.9998573998170608,3459.0909843396034,0,-1
a,passive,affine,4.5,100,0.0,8057470,193,0.9988700147377864,0.999987749378732,3462.2430758010737,0,-1
a,passive,affine,4.5,100,0.0,8057470,194,0.999999,0.999999,3443.7733118228825,0,-1
a,passive,affine,4.5,100,0.0,8057470,195,0.9998798448336405,0.9996393873860223,3471.7133995448776,0,-1
a,passive,affine,4.5,100,0.0,8057470,196,0.9997567557418013,0.9976648055628483,3471.4007602733113,0,-1
a,passive,affine,4.5,100,0.0,8057470,197,-0.9920000784262284,0.999999,3412.638958781958,1,336
a,passive,affine,4.5,100,0.0,8057470,198,0.9989182972790193,0.999999,3482.9300734077747,0,-1
a,passive,affine,4.5,100,0.0,8057470,199,0.999999,0.9860514140748106,3459.1783431246045,0,-1
a,passive,affine,4.5,100,0.0,8057470,200,-0.9536479831250638,0.846481934149595,3474.940492152016,1,278
a,passive,affine,4.5,100,0.0,8057470,201,0.9976486130078543,0.9944536780861432,3467.7287091602097,0,-1
a,passive,affine,4.5,100,0.0,8057470,202,0.9983342051992343,0.9997434604339366,3438.5103780291115,0,-1
a,passive,affine,4.5,100,0.0,8057470,203,0.9999698493986395,0.999999,3426.348090901854,0,-1
a,passive,affine,4.5,100,0.0,8057470,204,-0.9952134976678715,0.999999,3445.3081143846894,1,277
a,passive,affine,4.5,100,0.0,8057470,205,0.9998071572663102,0.9998153370718836,3393.89333879615,0,-1
a,passive,affine,4.5,100,0.0,8057470,206,0.999999,0.9999902140746022,3362.8232760352284,0,-1
a,passive,affine,4.5,100,0.0,8057470,207,0.7676509261838277,0.999999,3482.880741965327,0,-1
a,passive,affine,4.5,100,0.0,8057470,208,0.9986652760627573,0.9973615541019014,3460.5527170642154,0,-1
a,passive,affine,4.5,100,0.0,8057470,209,0.9466476054339907,0.967050382713626,3465.9579980111807,0,-1
a,passive,affine,4.5,100,0.0,8057470,210,0.9309051949422023,0.999999,3475.4968980616904,0,-1
a,passive,affine,4.5,100,0.0,8057470,211,0.999999,0.999999,3437.551226463138,0,-1
a,passive,affine,4.5,100,0.0,8057470,212,0.9141109065882312,0.999999,3471.390599557762,0,-1
a,passive,affine,4.5,100,0.0,8057470,213,0.999999,0.9998767172077453,3461.5634244274866,0,-1
a,passive,affine,4.5,100,0.0,8057470,214,0.9914505542938695,0.9999545213975567,3468.26617924673,0,-1
a,passive,affine,4.5,100,0.0,8057470,215,0.999999,0.832376523989233,3463.814860826476,0,-1
a,passive,affine,4.5,100,0.0,8057470,216,-0.9870907035622503,0.9998601631649515,3473.454166825489,1,284
a,passive,affine,4.5,100,0.0,8057470,217,0.9887544300505049,0.999999,3476.2025072998363,0,-1
a,passive,affine,4.5,100,0.0,8057470,218,-0.986221691706697,0.9952043570585398,3475.020548699376,1,313
a,passive,affine,4.5,100,0.0,8057470,219,0.5840821628219547,0.8642882069917937,3477.9590423814448,0,-1
a,passive,affine,4.5,100,0.0,8057470,220,0.999999,0.9988198510146417,3471.5503207402026,0,-1
a,passive,affine,4.5,100,0.0,8057470,221,-0.871914869316921,0.9990756972435393,3452.9887039289615,1,345
a,passive,affine,4.5,100,0.0,8057470,222,0.9253483427655661,0.9547357140045497,3466.90008416517,0,-1
a,passive,affine,4.5,100,0.0,8057470,223,-0.9941673449227507,0.999999,3463.4912850963333,1,294
a,passive,affine,4.5,100,0.0,8057470,224,0.9998237835047982,0.999999,3452.9555891883224,0,-1
a,passive,affine,4.5,100,0.0,8057470,225,0.9998740856974054,0.999999,3440.9663085419584,0,-1
a,passive,affine,4.5,100,0.0,8057470,226,0.999999,0.999999,3461.9771159402485,0,-1
a,passive,affine,4.5,100,0.0,8057470,227,-0.9990009406018745,0.994176825876576,3452.4740783154525,1,283
a,passive,affine,4.5,100,0.0,8057470,228,-0.9976978110853905,0.999999,3477.5212345928267,1,314
a,passive,affine,4.5,100,0.0,8057470,229,-0.999999,0.999999,3474.0212943894053,1,280
a,passive,affine,4.5,100,0.0,8057470,230,0.9987422641880646,0.999999,3444.7363987070758,0,-1
a,passive,affine,4.5,100,0.0,8057470,231,0.999999,0.9998853944879555,3472.9493987165424,0,-1
a,passive,affine,4.5,100,0.0,8057470,232,0.8856943584639623,0.972930700577989,3454.8619177909645,0,-1
a,passive,affine,4.5,100,0.0,8057470,233,-0.9950996948819035,0.992901872071738,3455.8189610307745,1,305
a,passive,affine,4.5,100,0.0,8057470,234,0.999999,0.9881769062934611,3461.9379995758454,0,-1
a,passive,affine,4.5,100,0.0,8057470,235,0.9605624145871129,0.999999,3470.4712597364437,0,-1
a,passive,affine,4.5,100,0.0,8057470,236,0.9998198993721681,0.9998822570911509,3434.3910331967686,1,278
a,passive,affine,4.5,100,0.0,8057470,237,0.9845591536885114,0.999999,3480.9251447177876,0,-1
a,passive,affine,4.5,100,0.0,8057470,238,0.999999,0.999999,3475.468336364372,0,-1
a,passive,affine,4.5,100,0.0,8057470,239,0.9999330479665817,0.9997007495106213,3480.5901509076252,0,-1
a,passive,affine,4.5,100,0.0,8057470,240,0.999999,0.9998877232267486,3484.1796782168817,0,-1
a,passive,affine,4.5,100,0.0,8057470,241,0.999999,0.999999,3454.024803059712,0,-1
a,passive,affine,4.5,100,0.0,8057470,242,-0.9990062420552297,0.999999,3474.551607830884,1,308
a,passive,affine,4.5,100,0.0,8057470,243,0.9997636647817775,0.9999977832816038,3474.185650267967,1,319
a,passive,affine,4.5,100,0.0,8057470,244,0.999999,0.9488062383383737,3448.703229114322,0,-1
a,passive,affine,4.5,100,0.0,8057470,245,0.995606967721467,0.9955488843314619,3474.8522755811023,0,-1
a,passive,affine,4.5,100,0.0,8057470,246,-0.9963385986848682,0.997870638937026,3462.0032554138174,1,289
a,passive,affine,4.5,100,0.0,8057470,247,0.8933565861928832,0.999999,3460.6606346612757,0,-1
a,passive,affine,4.5,100,0.0,8057470,248,0.9998911926406644,0.9527426441404443,3475.367325934664,0,-1
a,passive,affine,4.5,100,0.0,8057470,249,0.999999,0.999999,3467.659738827927,0,-1
a,passive,affine,4.5,100,0.0,8057470,250,0.932932420907659,0.999999,3473.880489266662,0,-1
a,passive,affine,4.5,100,0.0,8057470,251,0.999999,0.999999,3469.0263828953703,0,-1
a,passive,affine,4.5,100,0.0,8057470,252,-0.927937921777665,0.999999,3426.612916854688,1,336
a,passive,affine,4.5,100,0.0,8057470,253,-0.9895308635859532,0.9976261477508451,3483.953969473171,1,332
a,passive,affine,4.5,100,0.0,8057470,254,0.9998982348781553,0.9997839284100961,3472.7896206915984,0,-1
a,passive,affine,4.5,100,0.0,8057470,255,0.999805572785111,0.8832151185727788,3428.2963940880427,0,-1
a,passive,affine,4.5,100,0.0,8057470,256,-0.9987887794755782,0.999999,3479.720817441171,1,304
a,passive,affine,4.5,100,0.0,8057470,257,0.999999,0.999999,3476.2414843325637,0,-1
a,passive,affine,4.5,100,0.0,8057470,258,0.999999,0.999999,3480.2556255513255,0,-1
a,passive,affine,4.5,100,0.0,8057470,259,0.999916384152612,0.999999,3447.2437877150574,0,-1
a,passive,affine,4.5,100,0.0,8057470,260,0.9974443922162398,0.9999342452397986,3447.4097932240093,0,-1
a,passive,affine,4.5,100,0.0,8057470,261,-0.9780612256049435,0.999896046088334,3441.2468002759692,1,314
a,passive,affine,4.5,100,0.0,8057470,262,0.9999154703004262,0.999999,3459.822145832379,0,-1
a,passive,affine,4.5,100,0.0,8057470,263,-0.9983114081122767,0.8518201594412245,3463.5910243916996,1,298
a,passive,affine,4.5,100,0.0,8057470,264,0.999999,0.9952062198750143,3476.50219206617,0,-1
a,passive,affine,4.5,100,0.0,8057470,265,0.9906733802348067,0.999999,3485.485387928045,0,-1
a,passive,affine,4.5,100,0.0,8057470,266,-0.9629189188346997,0.999999,3445.2947062500743,1,342
a,passive,affine,4.5,100,0.0,8057470,267,0.999999,0.938442049889939,3470.8531567567347,0,-1
a,passive,affine,4.5,100,0.0,8057470,268,0.999986311036635,0.9998722454205446,3474.6776834093494,0,-1
a,passive,affine,4.5,100,0.0,8057470,269,0.999999,0.9990964020818013,3456.3660507753775,0,-1
a,passive,affine,4.5,100,0.0,8057470,270,0.9059234659163637,0.999999,3476.399681543782,0,-1
a,passive,affine,4.5,100,0.0,8057470,271,0.9999492976343063,0.9852337645649856,3452.4220706814754,0,-1
a,passive,affine,4.5,100,0.0,8057470,272,0.9998293484530509,0.999999,3463.9379564856613,0,-1
a,passive,affine,4.5,100,0.0,8057470,273,0.999999,0.9996823447594007,3484.469418530141,0,-1
a,passive,affine,4.5,100,0.0,8057470,274,0.9998493565330542,0.999999,3468.3627447625227,0,-1
a,passive,affine,4.5,100,0.0,8057470,275,0.9290795257496144,0.999999,3464.704977915952,0,-1
a,passive,affine,4.5,100,0.0,8057470,276,-0.9865806782072691,0.999999,3460.9159708708517,1,278
a,passive,affine,4.5,100,0.0,8057470,277,0.9999912948927145,0.8592297822982943,3471.6317990361295,0,-1
a,passive,affine,4.5,100,0.0,8057470,278,0.9999735648046271,0.9999912246937008,3484.184290440712,0,-1
a,passive,affine,4.5,100,0.0,8057470,279,0.8551277679874629,0.999999,3466.868363520155,1,298
a,passive,affine,4.5,100,0.0,8057470,280,0.9999319377762727,0.999999,3467.6240660188805,0,-1
a,passive,affine,4.5,100,0.0,8057470,281,0.999999,0.9992371153337828,3460.4417692365323,0,-1
a,passive,affine,4.5,100,0.0,8057470,282,0.9986395462986848,0.9311798480762956,3442.1591576078176,0,-1
a,passive,affine,4.5,100,0.0,8057470,283,0.9914127050169387,0.999999,3466.53288463502,0,-1
a,passive,affine,4.5,100,0.0,8057470,284,0.999999,0.999999,3471.3333242592307,0,-1
a,passive,affine,4.5,100,0.0,8057470,285,-0.913791450150536,0.999999,3449.189110171875,1,294
a,passive,affine,4.5,100,0.0,8057470,286,-0.999999,0.999999,3464.2922253271577,1,283
a,passive,affine,4.5,100,0.0,8057470,287,0.9999142622467021,0.9951529490207278,3469.057715182692,0,-1
a,passive,affine,4.5,100,0.0,8057470,288,0.9997502358253072,0.999999,3476.1785080802733,0,-1
a,passive,affine,4.5,100,0.0,8057470,289,0.999999,0.999999,3468.6832788347333,0,-1
a,passive,affine,4.5,100,0.0,8057470,290,-0.999999,0.9634806742580881,3440.4814533408344,1,279
a,passive,affine,4.5,100,0.0,8057470,291,0.9998899419848156,0.9996497710009183,3463.6202408563263,0,-1
a,passive,affine,4.5,100,0.0,8057470,292,0.9995237092056782,0.9906277359141126,3475.9835053708057,0,-1
a,passive,affine,4.5,100,0.0,8057470,293,0.6989909358336184,0.999999,3459.7473964810792,0,-1
a,passive,affine,4.5,100,0.0,8057470,294,-0.8804498352771992,0.9952733086533831,3459.320618305245,1,296
a,passive,affine,4.5,100,0.0,8057470,295,0.9571003512529562,0.9917991593574746,3467.262770967868,0,-1
a,passive,affine,4.5,100,0.0,8057470,296,-0.8931294963430677,0.999999,3475.1901203972197,1,552
a,passive,affine,4.5,100,0.0,8057470,297,0.9999850609311167,0.999909625690574,3408.519253480434,0,-1
a,passive,affine,4.5,100,0.0,8057470,298,-0.9302228921344772,0.9998174342860324,3425.826570454103,1,283
a,passive,affine,4.5,100,0.0,8057470,299,0.999999,0.9972275960436111,3477.472540912774,0,-1
a,passive,affine,4.5,100,0.0,8057470,300,0.9998842453380128,0.999999,3415.513617030007,0,-1
a,passive,affine,4.5,100,0.0,8057470,301,0.9543308722676718,0.9702566844653387,3436.60555455975,0,-1
a,passive,affine,4.5,100,0.0,8057470,302,-0.962317255200314,0.999999,3419.076206099153,1,283
a,passive,affine,4.5,100,0.0,8057470,303,0.999979173266641,0.9985056270348147,3476.960255653712,0,-1
a,passive,affine,4.5,100,0.0,8057470,304,-0.9263152261521665,-0.9777280668613277,0.0,1,332
a,passive,affine,4.5,100,0.0,8057470,305,0.9999199963794634,0.9982594481438797,3465.6982066503188,0,-1
a,passive,affine,4.5,100,0.0,8057470,306,0.999884377977567,0.9776434966105249,3435.6119664981175,0,-1
a,passive,affine,4.5,100,0.0,8057470,307,-0.960946467519675,0.9986161801404493,3469.815223775525,1,274
a,passive,affine,4.5,100,0.0,8057470,308,-0.999999,0.977486172197324,3442.841612272803,1,291
a,passive,affine,4.5,100,0.0,8057470,309,0.999999,0.999999,3421.037118474982,0,-1
a,passive,affine,4.5,100,0.0,8057470,310,0.99996009691014,0.999999,3465.0380020405587,1,294
a,passive,affine,4.5,100,0.0,8057470,311,0.999999,0.999999,3484.807536840923,0,-1
a,passive,affine,4.5,100,0.0,8057470,312,0.999999,0.9978842273592653,3469.56135383686,0,-1
a,passive,affine,4.5,100,0.0,8057470,313,0.999999,0.9999177225868691,3423.7219675704523,0,-1
a,passive,affine,4.5,100,0.0,8057470,314,0.999999,0.6611635443980906,3418.2073176346425,0,-1
a,passive,affine,4.5,100,0.0,8057470,315,-0.990421444825967,0.999999,3446.028755604427,1,351
a,passive,affine,4.5,100,0.0,8057470,316,0.999999,0.9419070570635161,3451.006834061966,0,-1
a,passive,affine,4.5,100,0.0,8057470,317,0.999999,0.9367749608223811,3459.6227381068284,0,-1
a,passive,affine,4.5,100,0.0,8057470,318,-0.9988995154521173,0.9261599339415919,3459.1996927522937,1,299
a,passive,affine,4.5,100,0.0,8057470,319,0.9897497111407108,0.8520952436005882,3459.0350641523123,1,290
a,passive,affine,4.5,100,0.0,8057470,320,0.9939060544884724,0.9583262912733982,3464.0284616002764,1,384
a,passive,affine,4.5,100,0.0,8057470,321,0.999999,0.8311675028441707,3459.6107414527796,0,-1
a,passive,affine,4.5,100,0.0,8057470,322,-0.7658520538441007,0.9993753451858715,3400.3947975790884,1,290
a,passive,affine,4.5,100,0.0,8057470,323,-0.22136663353251473,0.9998575038204961,3407.7814547119015,1,277
a,passive,affine,4.5,100,0.0,8057470,324,0.983032961469062,0.9999553648240911,3441.5359581409107,0,-1
a,passive,affine,4.5,100,0.0,8057470,325,-0.5010740498888284,0.998393105502261,3231.257051421177,1,276
a,passive,affine,4.5,100,0.0,8057470,326,0.999999,0.9839001851290311,3467.99617011185,0,-1
a,passive,affine,4.5,100,0.0,8057470,327,0.9999649076067534,0.9982279123439946,3474.959932721774,0,-1
a,passive,affine,4.5,100,0.0,8057470,328,0.9997883343195639,0.9998648959373025,3472.1175398093096,0,-1
a,passive,affine,4.5,100,0.0,8057470,329,0.999999,0.9185187648343747,3463.309738172212,0,-1
a,passive,affine,4.5,100,0.0,8057470,330,-0.9897916074279683,0.9999853711473007,3473.384915368636,1,359
a,passive,affine,4.5,100,0.0,8057470,331,0.9760178968270731,0.980926482570627,3485.6699407397573,0,-1
a,passive,affine,4.5,100,0.0,8057470,332,0.9999451163266739,0.992858978372904,3454.8309592679666,0,-1
a,passive,affine,4.5,100,0.0,8057470,333,-0.9889157496568776,0.999999,3213.657182348315,1,279
a,passive,affine,4.5,100,0.0,8057470,334,0.999999,0.9999528212555459,3458.1929383527954,0,-1
a,passive,affine,4.5,100,0.0,8057470,335,0.9830273180196374,0.999999,3470.9196937163156,0,-1
a,passive,affine,4.5,100,0.0,8057470,336,0.9891281295729304,0.999999,3442.3617817720296,0,-1
a,passive,affine,4.5,100,0.0,8057470,337,0.999999,0.9998983929753129,3473.509763832165,0,-1
a,passive,affine,4.5,100,0.0,8057470,338,0.999999,0.9803918927005822,3489.151533226292,0,-1
a,passive,affine,4.5,100,0.0,8057470,339,0.999999,0.999999,3469.9888384677074,0,-1
a,passive,affine,4.5,100,0.0,8057470,340,0.999999,0.9925332761464483,3481.899879067148,0,-1
a,passive,affine,4.5,100,0.0,8057470,341,0.9992109045650169,0.9820552774789398,3451.826612370474,0,-1
a,passive,affine,4.5,100,0.0,8057470,342,-0.9621070495551006,0.9999156030960119,3483.90724524178,1,310
a,passive,affine,4.5,100,0.0,8057470,343,0.9997346981482904,0.9157206474934353,3467.9238897157525,0,-1
a,passive,affine,4.5,100,0.0,8057470,344,0.999999,0.999999,3466.714328257333,0,-1
a,passive,affine,4.5,100,0.0,8057470,345,0.9801673575892583,0.9988235296327075,3456.6089929071604,0,-1
a,passive,affine,4.5,100,0.0,8057470,346,-0.9711538923365242,0.9402599726981449,3474.898966505119,1,385
a,passive,affine,4.5,100,0.0,8057470,347,0.999999,0.9868051505021486,3458.4803740088514,0,-1
a,passive,affine,4.5,100,0.0,8057470,348,0.9999423095244973,0.9998689170246046,3458.481855250835,0,-1
a,passive,affine,4.5,100,0.0,8057470,349,0.999999,0.9989018596913065,3463.8298589033993,0,-1
a,passive,affine,4.5,100,0.0,8057470,350,0.998718387766359,0.999999,3447.9863832029614,0,-1
a,passive,affine,4.5,100,0.0,8057470,351,-0.999999,0.9999798084912793,3483.3951172580905,1,400
a,passive,affine,4.5,100,0.0,8057470,352,0.999969422290788,0.9976321012948473,3471.4006402295727,0,-1
a,passive,affine,4.5,100,0.0,8057470,353,0.999999,0.999809680896815,3479.517621915094,0,-1
a,passive,affine,4.5,100,0.0,8057470,354,0.9998324260714916,0.9998774471537264,3378.598282205568,0,-1
a,passive,affine,4.5,100,0.0,8057470,355,0.999999,0.999999,3489.6863005932832,0,-1
a,passive,affine,4.5,100,0.0,8057470,356,-0.999999,0.9997389772895752,3460.56266574173,1,302
a,passive,affine,4.5,100,0.0,8057470,357,0.9443055532183356,0.9997338202713654,3453.6180349831893,0,-1
a,passive,affine,4.5,100,0.0,8057470,358,0.9989457596317791,0.9997761281058849,3456.394119527789,0,-1
a,passive,affine,4.5,100,0.0,8057470,359,-0.8683469505741475,0.999951498873053,3482.295802169372,1,330
a,passive,affine,4.5,100,0.0,8057470,360,-0.9987543128568916,0.9997886983363224,3412.153196201525,1,281
a,passive,affine,4.5,100,0.0,8057470,361,0.999999,0.9998522540214909,3469.9278487473907,0,-1
a,passive,affine,4.5,100,0.0,8057470,362,0.999999,0.9999471023170401,3460.9012751378696,0,-1
a,passive,affine,4.5,100,0.0,8057470,363,0.9998489687003053,0.9964506019950383,3468.78743230271,0,-1
a,passive,affine,4.5,100,0.0,8057470,364,-0.8955263949669616,0.999999,3464.0512825022734,1,328
a,passive,affine,4.5,100,0.0,8057470,365,-0.9987717815380386,0.939496689253823,3469.590237526006,1,302
a,passive,affine,4.5,100,0.0,8057470,366,0.9998817057430106,0.999999,3479.759252366106,0,-1
a,passive,affine,4.5,100,0.0,8057470,367,-0.9909132778462545,0.999999,3466.5392448783873,1,371
a,passive,affine,4.5,100,0.0,8057470,368,0.999999,0.999999,3444.6436720218526,0,-1
a,passive,affine,4.5,100,0.0,8057470,369,0.9776798274813636,0.9968183122099556,3458.0379904062584,0,-1
a,passive,affine,4.5,100,0.0,8057470,370,0.9953580796791821,0.9999600210112232,3447.3922202071967,0,-1
a,passive,affine,4.5,100,0.0,8057470,371,0.999999,0.999999,3472.1328751935357,0,-1
a,passive,affine,4.5,100,0.0,8057470,372,0.999999,0.9621506189037246,3475.0818276271752,0,-1
a,passive,affine,4.5,100,0.0,8057470,373,-0.999999,0.9997935885174619,3476.3614190295943,1,268
a,passive,affine,4.5,100,0.0,8057470,374,-0.9989007924259411,0.999775917042109,3483.2841696198616,1,306
a,passive,affine,4.5,100,0.0,8057470,375,-0.9914830894489453,0.9998506837333582,3477.896156275259,1,405
a,passive,affine,4.5,100,0.0,8057470,376,0.9999591655599462,0.993051031194403,3453.1211934378966,0,-1
a,passive,affine,4.5,100,0.0,8057470,377,0.9996416577329941,0.999999,3465.5010861827745,0,-1
a,passive,affine,4.5,100,0.0,8057470,378,0.9930949087845962,0.9966778846163779,3467.0876084035326,0,-1
a,passive,affine,4.5,100,0.0,8057470,379,0.9997709046952511,0.9576391394744102,3468.605761340431,0,-1
a,passive,affine,4.5,100,0.0,8057470,380,0.999999,0.9925047497542078,3453.494516516324,0,-1
a,passive,affine,4.5,100,0.0,8057470,381,0.9133175324270205,0.9993212378178321,3445.5397615413904,0,-1
a,passive,affine,4.5,100,0.0,8057470,382,0.9999172769664244,0.981874025620819,3482.2682197237464,0,-1
a,passive,affine,4.5,100,0.0,8057470,383,0.9998847956501251,0.9606612820400424,3455.490214118957,0,-1
a,passive,affine,4.5,100,0.0,8057470,384,-0.9457236880199792,0.9990581684585627,3468.4935031808877,1,302
a,passive,affine,4.5,100,0.0,8057470,385,0.9979234335737208,0.932884891326841,3475.943700900146,0,-1
a,passive,affine,4.5,100,0.0,8057470,386,0.999999,0.999999,3462.6593216604897,0,-1
a,passive,affine,4.5,100,0.0,8057470,387,0.999999,0.999999,3460.3668089038415,0,-1
a,passive,affine,4.5,100,0.0,8057470,388,-0.6696692915298582,0.999999,3464.820109913227,1,290
a,passive,affine,4.5,100,0.0,8057470,389,0.9826822032710245,0.9773316631452901,3474.3841722719803,0,-1
a,passive,affine,4.5,100,0.0,8057470,390,0.9999561678862469,0.9902391314238262,3440.7002869354037,0,-1
a,passive,affine,4.5,100,0.0,8057470,391,0.999999,0.9993249987742567,3447.9681587169484,0,-1
a,passive,affine,4.5,100,0.0,8057470,392,0.9261084847031622,0.999907146741437,3452.011876537298,0,-1
a,passive,affine,4.5,100,0.0,8057470,393,0.9666063326506664,0.9318382519247833,3433.10188477941,0,-1
a,passive,affine,4.5,100,0.0,8057470,394,0.9997510388195983,0.999999,3457.079112100759,0,-1
a,passive,affine,4.5,100,0.0,8057470,395,0.999999,0.999999,3392.4828387465814,0,-1
a,passive,affine,4.5,100,0.0,8057470,396,0.999938255252635,0.8554204134084451,3446.098858609,0,-1
a,passive,affine,4.5,100,0.0,8057470,397,-0.9791757176528647,0.9498337246781206,3448.7890300453305,1,311
a,passive,affine,4.5,100,0.0,8057470,398,0.9980501919530718,0.9999801811851805,3475.67299791094,0,-1
a,passive,affine,4.5,100,0.0,8057470,399,-0.999999,-0.9743256887778879,0.0,1,278
a,passive,affine,4.5,100,0.0,8057470,400,0.9983063333188352,0.999999,3487.1792666028277,0,-1
a,passive,affine,4.5,100,0.0,8057470,401,0.9980148832461252,0.9997299670577067,3468.8889174747555,0,-1
a,passive,affine,4.5,100,0.0,8057470,402,0.9997384045159101,0.9809160565025923,3476.63663090968,1,332
a,passive,affine,4.5,100,0.0,8057470,403,0.9985977326197281,0.999999,3464.4089219402344,0,-1
a,passive,affine,4.5,100,0.0,8057470,404,-0.9991380357681549,0.9996076175659112,3470.0433563346196,1,309
a,passive,affine,4.5,100,0.0,8057470,405,0.9998364324927773,0.9995795949570783,3469.791933123207,0,-1
a,passive,affine,4.5,100,0.0,8057470,406,0.999999,0.9939866097311797,3464.8391002246494,0,-1
a,passive,affine,4.5,100,0.0,8057470,407,0.9932314539935949,0.999999,3480.74495475778,0,-1
a,passive,affine,4.5,100,0.0,8057470,408,0.9997496335644536,0.999999,3454.6637779023413,0,-1
a,passive,affine,4.5,100,0.0,8057470,409,0.9989434659253283,0.9999522627927906,3398.184433321554,0,-1
a,passive,affine,4.5,100,0.0,8057470,410,0.999999,0.999999,3459.3639575024645,0,-1
a,passive,affine,4.5,100,0.0,8057470,411,0.998078328056507,0.9962283083341478,3474.894975569559,0,-1
a,passive,affine,4.5,100,0.0,8057470,412,0.9987653377518028,0.9986675801088389,3477.4768109761862,0,-1
a,passive,affine,4.5,100,0.0,8057470,413,-0.918123535961105,0.9814842007666583,3456.8906863720813,1,322
a,passive,affine,4.5,100,0.0,8057470,414,0.999999,0.9995193025217092,3454.0716256160385,0,-1
a,passive,affine,4.5,100,0.0,8057470,415,0.999099912035805,0.9998693786652132,3428.257151440712,0,-1
a,passive,affine,4.5,100,0.0,8057470,416,0.9997345888760035,0.999999,3475.9492731915343,0,-1
a,passive,affine,4.5,100,0.0,8057470,417,-0.9991229717690393,0.999999,3057.7893033406563,1,287
a,passive,affine,4.5,100,0.0,8057470,418,0.999999,0.999999,3461.1616099260327,1,280
a,passive,affine,4.5,100,0.0,8057470,419,0.9949342939055654,0.9999651581849809,3463.1995915801112,0,-1
a,passive,affine,4.5,100,0.0,8057470,420,0.9939092907379456,0.9997390238625643,3459.1270441116653,0,-1
a,passive,affine,4.5,100,0.0,8057470,421,0.9992621772272183,0.917178760771655,3445.9680821481543,0,-1
a,passive,affine,4.5,100,0.0,8057470,422,0.999999,0.999999,3389.689684582143,0,-1
a,passive,affine,4.5,100,0.0,8057470,423,-0.8344612836204115,0.999999,3470.6697352644333,1,394
a,passive,affine,4.5,100,0.0,8057470,424,0.999900576373713,0.999999,3473.587891949194,0,-1
a,passive,affine,4.5,100,0.0,8057470,425,0.999999,0.9997655561111879,3431.315180453862,0,-1
a,passive,affine,4.5,100,0.0,8057470,426,0.9998749535425221,0.9993177441698039,3466.115843431716,1,301
a,passive,affine,4.5,100,0.0,8057470,427,0.999999,0.9999106939984752,3481.7730736445487,0,-1
a,passive,affine,4.5,100,0.0,8057470,428,0.8337464785645612,0.999999,3443.2677279663008,0,-1
a,passive,affine,4.5,100,0.0,8057470,429,0.9999038955897801,0.999872061657275,3444.3408683503003,0,-1
a,passive,affine,4.5,100,0.0,8057470,430,-0.999999,-0.999999,0.0,1,268
a,passive,affine,4.5,100,0.0,8057470,431,-0.999999,0.999999,3466.351077645468,1,453
a,passive,affine,4.5,100,0.0,8057470,432,0.9987294914692799,0.9999552214492156,3460.1032249987315,0,-1
a,passive,affine,4.5,100,0.0,8057470,433,0.999999,0.9996941500261337,3395.9581902337213,0,-1
a,passive,affine,4.5,100,0.0,8057470,434,0.9999651909199078,0.9980767785065389,3471.5892622878396,0,-1
a,passive,affine,4.5,100,0.0,8057470,435,0.9999858239747412,0.9996912585761716,3448.5108886568405,0,-1
a,passive,affine,4.5,100,0.0,8057470,436,0.9997913365864791,0.999999,3456.7277213692896,0,-1
a,passive,affine,4.5,100,0.0,8057470,437,-0.9992031995209238,0.999999,3430.4851996437287,1,322
a,passive,affine,4.5,100,0.0,8057470,438,0.9959861904105987,0.9791235467034294,3474.2745308919016,0,-1
a,passive,affine,4.5,100,0.0,8057470,439,0.9999268780912638,0.9998921409660368,3455.576628582762,0,-1
a,passive,affine,4.5,100,0.0,8057470,440,0.999966208965298,0.9997588039811446,3482.419018644921,0,-1
a,passive,affine,4.5,100,0.0,8057470,441,0.999999,0.9885393642743082,3445.929250694099,0,-1
a,passive,affine,4.5,100,0.0,8057470,442,0.8670161236214762,0.9981747499994964,3442.568563895249,0,-1
a,passive,affine,4.5,100,0.0,8057470,443,0.9999904788595617,0.9994057686706522,3473.600280212924,0,-1
a,passive,affine,4.5,100,0.0,8057470,444,-0.999999,0.9952965185800687,3465.0111518580084,1,274
a,passive,affine,4.5,100,0.0,8057470,445,-0.9996675722572003,0.9977200682801891,3477.972737261893,1,313
a,passive,affine,4.5,100,0.0,8057470,446,0.9938465226588113,0.8961342616028316,3449.0464725538777,0,-1
a,passive,affine,4.5,100,0.0,8057470,447,0.999999,0.9999162934837346,3462.4047473851642,0,-1
a,passive,affine,4.5,100,0.0,8057470,448,-0.9626200289963646,0.999999,3447.9619537350136,1,305
a,passive,affine,4.5,100,0.0,8057470,449,0.9863374008422409,0.9745872476702896,3479.7181833318737,0,-1
a,passive,affine,4.5,100,0.0,8057470,450,0.999999,0.999428617071884,3425.519539945137,0,-1
a,passive,affine,4.5,100,0.0,8057470,451,0.999999,0.99997978074698,3423.053887779009,0,-1
a,passive,affine,4.5,100,0.0,8057470,452,0.9821251468248461,0.998923638635065,3468.774631707805,0,-1
a,passive,affine,4.5,100,0.0,8057470,453,0.9999988248557933,0.999999,3449.3462801241444,0,-1
a,passive,affine,4.5,100,0.0,8057470,454,0.9871470375199753,0.999999,3440.0741503118666,0,-1
a,passive,affine,4.5,100,0.0,8057470,455,0.999999,0.6608845078939598,3421.9235038056513,0,-1
a,passive,affine,4.5,100,0.0,8057470,456,0.999999,0.999999,3463.836711128138,0,-1
a,passive,affine,4.5,100,0.0,8057470,457,-0.9419600385231713,0.999999,3475.4178750052993,1,312
a,passive,affine,4.5,100,0.0,8057470,458,0.981334600446061,0.9980542230981947,3460.366120802762,0,-1
a,passive,affine,4.5,100,0.0,8057470,459,0.999999,0.999999,3472.9501131903703,0,-1
a,passive,affine,4.5,100,0.0,8057470,460,-0.8383619308144934,0.999999,3476.636450531975,1,299
a,passive,affine,4.5,100,0.0,8057470,461,0.9998183981271763,0.999999,3484.787395650439,0,-1
a,passive,affine,4.5,100,0.0,8057470,462,0.9992545531435907,0.999999,3442.644268608262,0,-1
a,passive,affine,4.5,100,0.0,8057470,463,-0.998629762592021,0.9963907833195512,3472.520285639372,1,300
a,passive,affine,4.5,100,0.0,8057470,464,-0.9988289238285182,0.9999147787342136,3481.2544173098954,1,281
a,passive,affine,4.5,100,0.0,8057470,465,0.999999,0.9982227192823033,3468.4347135870075,0,-1
a,passive,affine,4.5,100,0.0,8057470,466,0.9873700470054244,0.999863154989777,3449.726205704129,0,-1
a,passive,affine,4.5,100,0.0,8057470,467,0.999999,0.9986657998816215,3425.528022693175,0,-1
a,passive,affine,4.5,100,0.0,8057470,468,0.999999,0.9998359703685834,3448.353048518976,0,-1
a,passive,affine,4.5,100,0.0,8057470,469,0.9998801694652601,0.9999885009634751,3476.085108056287,0,-1
a,passive,affine,4.5,100,0.0,8057470,470,0.9993611398058906,0.99822615219774,3469.4328813406623,0,-1
a,passive,affine,4.5,100,0.0,8057470,471,0.9998585997960783,0.9486799912307144,3459.150739239629,0,-1
a,passive,affine,4.5,100,0.0,8057470,472,-0.9980506924204583,0.9430050348650435,3469.632718129698,1,274
a,passive,affine,4.5,100,0.0,8057470,473,0.984527230934434,0.9998624554512022,3474.8324823137073,0,-1
a,passive,affine,4.5,100,0.0,8057470,474,-0.9640060156593985,0.999999,3462.261394981983,1,274
a,passive,affine,4.5,100,0.0,8057470,475,-0.9987994212191468,0.9736970966692039,3469.4520316553376,1,270
a,passive,affine,4.5,100,0.0,8057470,476,-0.4072306924912176,0.9998479034686583,3467.6365282860916,1,292
a,passive,affine,4.5,100,0.0,8057470,477,0.999999,0.9998827683772946,3476.2696184571687,0,-1
a,passive,affine,4.5,100,0.0,8057470,478,0.999999,0.997209902395091,3463.5093998794905,0,-1
a,passive,affine,4.5,100,0.0,8057470,479,0.999999,0.999999,3459.2661987333763,0,-1
a,passive,affine,4.5,100,0.0,8057470,480,0.999999,0.999659507530422,3442.572930144084,0,-1
a,passive,affine,4.5,100,0.0,8057470,481,0.988395003591836,0.999999,3475.2032099675744,0,-1
a,passive,affine,4.5,100,0.0,8057470,482,0.999999,0.999999,3466.017447046301,0,-1
a,passive,affine,4.5,100,0.0,8057470,483,0.9998417627400422,0.999999,3466.482521575079,0,-1
a,passive,affine,4.5,100,0.0,8057470,484,0.999999,0.9986761668016735,3468.9067802178593,0,-1
a,passive,affine,4.5,100,0.0,8057470,485,0.9999142434875705,0.9977499461113181,3452.5834012173004,1,282
a,passive,affine,4.5,100,0.0,8057470,486,0.9999190970452088,0.999999,3469.582052590417,0,-1
a,passive,affine,4.5,100,0.0,8057470,487,-0.985740954466537,0.999942961017498,3465.591285131328,1,292
a,passive,affine,4.5,100,0.0,8057470,488,0.999999,0.999999,3461.7350134912217,0,-1
a,passive,affine,4.5,100,0.0,8057470,489,0.999999,0.999999,3473.136045988719,0,-1
a,passive,affine,4.5,100,0.0,8057470,490,0.9993249553945398,0.888882372374137,3465.991066725705,0,-1
a,passive,affine,4.5,100,0.0,8057470,491,0.9999575544880487,0.9989933917000297,3450.7119895163646,0,-1
a,passive,affine,4.5,100,0.0,8057470,492,0.999999,0.999999,3464.001982259916,0,-1
a,passive,affine,4.5,100,0.0,8057470,493,-0.9984178819592863,0.9693472043917494,3430.8163756187428,1,410
a,passive,affine,4.5,100,0.0,8057470,494,0.999999,0.999999,3469.5782841805053,0,-1
a,passive,affine,4.5,100,0.0,8057470,495,0.9997054300488853,0.9998163478570915,3458.24140916712,0,-1
a,passive,affine,4.5,100,0.0,8057470,496,-0.999999,0.9999846664634616,3465.9687549869163,1,343
a,passive,affine,4.5,100,0.0,8057470,497,0.9875257141284073,0.9982534956566317,3475.0832700388833,0,-1
a,passive,affine,4.5,100,0.0,8057470,498,0.9999204973792852,0.999999,3428.766902503268,0,-1
a,passive,affine,4.5,100,0.0,8057470,499,0.999999,0.995484517064381,3470.8519525269903,0,-1
a,passive,affine,4.5,100,0.0,8057470,500,-0.9988134950226987,0.9999884422845141,3479.093945810909,1,334
a,passive,affine,4.5,100,0.0,8057470,501,0.9999404606432554,0.999999,3464.41068567472,0,-1
a,passive,affine,4.5,100,0.0,8057470,502,0.9990709577779665,0.998156107322183,3441.9741507657254,1,329
a,passive,affine,4.5,100,0.0,8057470,503,-0.9989683087694798,0.9995787375936335,3374.2361693472994,1,264
a,passive,affine,4.5,100,0.0,8057470,504,0.999999,0.999999,3465.743188276725,0,-1
a,passive,affine,4.5,100,0.0,8057470,505,0.849512450946544,0.9996813128199428,3483.75109105189,0,-1
a,passive,affine,4.5,100,0.0,8057470,506,0.999999,0.9998786858997679,3415.7782617420626,0,-1
a,passive,affine,4.5,100,0.0,8057470,507,0.999999,0.999999,3484.5818378157073,0,-1
a,passive,affine,4.5,100,0.0,8057470,508,0.999999,0.999999,3464.13770628261,0,-1
a,passive,affine,4.5,100,0.0,8057470,509,0.999999,0.9999668719825113,3468.2615373827207,0,-1
a,passive,affine,4.5,100,0.0,8057470,510,0.999999,0.9573166883264627,3468.98676223416,0,-1
a,passive,affine,4.5,100,0.0,8057470,511,0.999999,0.9999849339758149,3480.946167120905,1,283
a,passive,affine,4.5,100,0.0,8057470,512,0.9828162133405488,0.999999,3479.6467516088446,0,-1
a,passive,affine,4.5,100,0.0,8057470,513,-0.882177718392569,0.9996527902532509,3468.808417804834,1,301
a,passive,affine,4.5,100,0.0,8057470,514,0.999999,0.9849478252631156,3445.0604364676637,0,-1
a,passive,affine,4.5,100,0.0,8057470,515,0.9989021840799236,0.999999,3465.985810106851,0,-1
a,passive,affine,4.5,100,0.0,8057470,516,-0.9749378312018394,0.9931671696219561,3464.001994262723,1,330
a,passive,affine,4.5,100,0.0,8057470,517,0.9978203283420346,0.9962257266110117,3470.9228764630398,0,-1
a,passive,affine,4.5,100,0.0,8057470,518,0.9942837718534597,0.999999,3474.378217605555,0,-1
a,passive,affine,4.5,100,0.0,8057470,519,0.999999,0.999999,3412.3691759410854,0,-1
a,passive,affine,4.5,100,0.0,8057470,520,0.999999,0.9736409194064755,3431.2421986890104,0,-1
a,passive,affine,4.5,100,0.0,8057470,521,0.999999,0.9893320949486176,3477.467933572264,0,-1
a,passive,affine,4.5,100,0.0,8057470,522,-0.9832067429540482,0.9999371360867414,3465.6245805560334,1,289
a,passive,affine,4.5,100,0.0,8057470,523,0.999999,0.9999153919368768,3482.1741546776475,0,-1
a,passive,affine,4.5,100,0.0,8057470,524,-0.8782815554893532,0.999999,3455.3853739438755,1,305
a,passive,affine,4.5,100,0.0,8057470,525,0.999999,0.9995363337757132,3474.168889423231,0,-1
a,passive,affine,4.5,100,0.0,8057470,526,-0.994087034445635,0.9853758437311964,3451.946644883358,1,299
a,passive,affine,4.5,100,0.0,8057470,527,0.999999,0.999999,3479.3756938996576,0,-1
a,passive,affine,4.5,100,0.0,8057470,528,0.9982079674056199,0.999999,3466.1556350554365,0,-1
a,passive,affine,4.5,100,0.0,8057470,529,0.999999,0.9965230247508686,3416.0456740396603,0,-1
a,passive,affine,4.5,100,0.0,8057470,530,0.9527601052561495,0.999999,3459.288084569262,0,-1
a,passive,affine,4.5,100,0.0,8057470,531,0.999999,0.9992680921216872,3467.79057712962,0,-1
a,passive,affine,4.5,100,0.0,8057470,532,0.9995430915090606,0.999999,3435.9428893320032,0,-1
a,passive,affine,4.5,100,0.0,8057470,533,0.9999420294576855,0.999999,3478.56837810637,0,-1
a,passive,affine,4.5,100,0.0,8057470,534,0.999999,0.999999,3433.9007958060183,0,-1
a,passive,affine,4.5,100,0.0,8057470,535,0.9997905673363424,0.9979687726608444,3467.5818191113353,0,-1
a,passive,affine,4.5,100,0.0,8057470,536,-0.9878936646048334,0.9977476789923695,3457.3609807724533,1,367
a,passive,affine,4.5,100,0.0,8057470,537,0.9926859134112214,0.9792714185483128,3453.9100480273814,0,-1
a,passive,affine,4.5,100,0.0,8057470,538,0.9998662694281367,0.999999,3420.745128745845,0,-1
a,passive,affine,4.5,100,0.0,8057470,539,0.999999,0.9952671155802625,3431.2653171004895,0,-1
a,passive,affine,4.5,100,0.0,8057470,540,-0.999999,0.997931211773631,3460.214402603084,1,274
a,passive,affine,4.5,100,0.0,8057470,541,0.9997922572714134,0.9725396564127248,3470.2975932137965,1,291
a,passive,affine,4.5,100,0.0,8057470,542,0.9934019346527778,0.999999,3465.922040104031,0,-1
a,passive,affine,4.5,100,0.0,8057470,543,0.9998684228313982,0.8565850537932806,3461.222987856801,0,-1
a,passive,affine,4.5,100,0.0,8057470,544,0.999999,0.9701284770807715,3453.6748481694735,0,-1
a,passive,affine,4.5,100,0.0,8057470,545,0.999113476126166,0.9999623503930904,3455.7383691761147,0,-1
a,passive,affine,4.5,100,0.0,8057470,546,0.9681467272691079,0.999999,3432.700731411982,0,-1
a,passive,affine,4.5,100,0.0,8057470,547,0.9998918360282374,0.999999,3475.2941817629203,0,-1
a,passive,affine,4.5,100,0.0,8057470,548,0.9999920853582989,0.9998359063717598,3473.3020826893767,0,-1
a,passive,affine,4.5,100,0.0,8057470,549,0.9988955026464602,0.9969002953692754,3478.7968247265626,0,-1
a,passive,affine,4.5,100,0.0,8057470,550,0.9999345706696021,0.9999134592639627,3472.84526613564,0,-1
a,passive,affine,4.5,100,0.0,8057470,551,0.801954315937738,0.9997964787865649,3437.0660774983094,0,-1
a,passive,affine,4.5,100,0.0,8057470,552,-0.9900664600004715,0.999999,3468.3278345271733,1,297
a,passive,affine,4.5,100,0.0,8057470,553,-0.9987368722368262,0.999999,3468.0587774293967,1,268
a,passive,affine,4.5,100,0.0,8057470,554,0.8128642252791687,0.9970421742814225,3458.628202386546,0,-1
a,passive,affine,4.5,100,0.0,8057470,555,0.999999,0.999999,3480.0122777874935,0,-1
a,passive,affine,4.5,100,0.0,8057470,556,-0.9737980661906624,0.9997781176454916,3470.0257279317257,1,302
a,passive,affine,4.5,100,0.0,8057470,557,0.992166403360887,0.999999,3455.8061677216474,0,-1
a,passive,affine,4.5,100,0.0,8057470,558,0.999999,0.999999,3464.0609534981904,0,-1
a,passive,affine,4.5,100,0.0,8057470,559,0.8706215414352332,0.942295368481705,3413.882840508562,0,-1
a,passive,affine,4.5,100,0.0,8057470,560,0.9943361072379049,0.999999,3485.169520549446,0,-1
a,passive,affine,4.5,100,0.0,8057470,561,0.7938382823519082,0.999999,3449.6768539338173,0,-1
a,passive,affine,4.5,100,0.0,8057470,562,0.964468185530235,0.9664268993334405,3452.7221185487983,0,-1
a,passive,affine,4.5,100,0.0,8057470,563,0.999999,0.9998282899420678,3455.090525128948,0,-1
a,passive,affine,4.5,100,0.0,8057470,564,0.999999,0.9997286100453534,3474.0235834092514,0,-1
a,passive,affine,4.5,100,0.0,8057470,565,0.999999,0.9985704878622755,3456.3581185551293,0,-1
a,passive,affine,4.5,100,0.0,8057470,566,0.9999433452296649,0.999999,3478.9486871805693,0,-1
a,passive,affine,4.5,100,0.0,8057470,567,-0.8136296008123184,0.9798800326340993,3450.808598875615,1,316
a,passive,affine,4.5,100,0.0,8057470,568,0.8633338613699917,0.8921923859484526,3450.275756747958,0,-1
a,passive,affine,4.5,100,0.0,8057470,569,0.999999,0.999999,3441.6069815600454,0,-1
a,passive,affine,4.5,100,0.0,8057470,570,0.999999,0.9986085694400121,3465.1532849442556,0,-1
a,passive,affine,4.5,100,0.0,8057470,571,0.999999,0.999999,3479.2104704153826,0,-1
a,passive,affine,4.5,100,0.0,8057470,572,0.9975246620388966,0.9999414205817005,3472.641179896742,0,-1
a,passive,affine,4.5,100,0.0,8057470,573,0.9909436273273052,0.999999,3478.248394334763,0,-1
a,passive,affine,4.5,100,0.0,8057470,574,0.9733208436364018,0.999999,3462.6349783961846,0,-1
a,passive,affine,4.5,100,0.0,8057470,575,0.995788353006285,0.9985623683917687,3450.3944713443166,0,-1
a,passive,affine,4.5,100,0.0,8057470,576,-0.9999951919933916,0.999999,3470.108176160813,1,269
a,passive,affine,4.5,100,0.0,8057470,577,0.9999849403310935,0.9999057156967838,3486.5470506898364,0,-1
a,passive,affine,4.5,100,0.0,8057470,578,-0.9611035800928679,0.999999,3465.0129635822927,1,291
a,passive,affine,4.5,100,0.0,8057470,579,0.999999,0.983645588602809,3458.758803774995,0,-1
a,passive,affine,4.5,100,0.0,8057470,580,0.999999,0.9991066871710471,3465.245541573267,0,-1
a,passive,affine,4.5,100,0.0,8057470,581,0.9999218543673788,0.9999939267118914,3463.427147980211,0,-1
a,passive,affine,4.5,100,0.0,8057470,582,0.999999,0.999999,3483.883012298905,0,-1
a,passive,affine,4.5,100,0.0,8057470,583,0.99738250472526,0.9999865595507479,3458.948203639826,0,-1
a,passive,affine,4.5,100,0.0,8057470,584,0.999999,0.999999,3471.286441989485,0,-1
a,passive,affine,4.5,100,0.0,8057470,585,0.999999,0.9976155565858045,3456.334885881882,0,-1
a,passive,affine,4.5,100,0.0,8057470,586,0.999999,0.9952655503390387,3461.882304880547,0,-1
a,passive,affine,4.5,100,0.0,8057470,587,0.999999,0.9678566788738422,3479.8684687238183,0,-1
a,passive,affine,4.5,100,0.0,8057470,588,0.999999,0.999822681663756,3442.3823215371167,0,-1
a,passive,affine,4.5,100,0.0,8057470,589,0.999999,0.999999,3428.9850499903378,0,-1
a,passive,affine,4.5,100,0.0,8057470,590,0.9999654501609526,0.8580653515762562,3461.4703463741744,0,-1
a,passive,affine,4.5,100,0.0,8057470,591,0.999999,0.990203200031477,3409.314036467266,0,-1
a,passive,affine,4.5,100,0.0,8057470,592,-0.999999,0.9996761198780705,3426.205264735209,1,275
a,passive,affine,4.5,100,0.0,8057470,593,0.9998620433349122,0.999999,3459.9137328371517,0,-1
a,passive,affine,4.5,100,0.0,8057470,594,-0.9909066341726617,0.9919077901842545,3484.835553539382,1,270
a,passive,affine,4.5,100,0.0,8057470,595,0.999999,0.999999,3465.4065291379284,0,-1
a,passive,affine,4.5,100,0.0,8057470,596,0.9904019716860816,0.8661362623266196,3444.3262109964016,0,-1
a,passive,affine,4.5,100,0.0,8057470,597,0.9999933801579942,0.9929799437837651,3429.962094898309,0,-1
a,passive,affine,4.5,100,0.0,8057470,598,0.999999,0.999999,3464.7326020617143,0,-1
a,passive,affine,4.5,100,0.0,8057470,599,0.9999125246265483,0.9563458559966065,3454.4600692599165,0,-1
a,passive,affine,4.5,100,0.0,8057470,600,0.999999,0.999999,3475.766275830399,0,-1
a,passive,affine,4.5,100,0.0,8057470,601,0.999999,0.999999,3475.16351412357,0,-1
a,passive,affine,4.5,100,0.0,8057470,602,0.999999,0.999999,3444.67781496233,0,-1
a,passive,affine,4.5,100,0.0,8057470,603,0.9832656272265686,0.9769628373595731,3471.2190009368646,0,-1
a,passive,affine,4.5,100,0.0,8057470,604,-0.989922234569588,0.9996233555128472,3485.2186271513574,1,438
a,passive,affine,4.5,100,0.0,8057470,605,0.7405911616696151,0.9999295187515442,3471.593813003845,0,-1
a,passive,affine,4.5,100,0.0,8057470,606,0.9908906571781839,0.9321405300153331,3381.085847564338,0,-1
a,passive,affine,4.5,100,0.0,8057470,607,0.9988727879972227,0.9376492414658232,3466.995240087202,0,-1
a,passive,affine,4.5,100,0.0,8057470,608,0.9999722089662061,0.999999,3472.6611888907046,0,-1
a,passive,affine,4.5,100,0.0,8057470,609,0.999999,0.9977963600388696,3476.2102663953183,0,-1
a,passive,affine,4.5,100,0.0,8057470,610,0.9998740065297647,0.999999,3455.726259724766,0,-1
a,passive,affine,4.5,100,0.0,8057470,611,0.999999,0.999999,3469.7147045551474,1,278
a,passive,affine,4.5,100,0.0,8057470,612,0.999999,0.999999,3462.4851659250253,0,-1
a,passive,affine,4.5,100,0.0,8057470,613,-0.9988081441799876,0.999999,3464.438001860248,1,286
a,passive,affine,4.5,100,0.0,8057470,614,0.9999703426445073,0.9999878105026483,3429.659159004113,0,-1
a,passive,affine,4.5,100,0.0,8057470,615,0.9998415219296015,0.999676488564121,3460.8569929635128,0,-1
a,passive,affine,4.5,100,0.0,8057470,616,0.999999,0.9909343498685446,3458.851079079404,0,-1
a,passive,affine,4.5,100,0.0,8057470,617,0.9997981463047065,0.999999,3446.262363986146,0,-1
a,passive,affine,4.5,100,0.0,8057470,618,-0.5277701574380744,0.999999,3459.964660413851,1,274
a,passive,affine,4.5,100,0.0,8057470,619,-0.9988520598444537,0.9998821228923376,3446.532148175682,1,295
a,passive,affine,4.5,100,0.0,8057470,620,0.9847497212150204,0.9998950323588446,3477.3831665541998,0,-1
a,passive,affine,4.5,100,0.0,8057470,621,0.9973425319335714,0.999999,3462.110922620373,0,-1
a,passive,affine,4.5,100,0.0,8057470,622,0.987410105112986,0.999999,3429.849330425711,0,-1
a,passive,affine,4.5,100,0.0,8057470,623,0.999999,0.999999,3476.058444929547,0,-1
a,passive,affine,4.5,100,0.0,8057470,624,0.999999,0.9309859809340634,3469.1010246693245,0,-1
a,passive,affine,4.5,100,0.0,8057470,625,0.999999,0.999999,3465.758573896172,0,-1
a,passive,affine,4.5,100,0.0,8057470,626,0.9562678266698266,0.999999,3476.519741568135,0,-1
a,passive,affine,4.5,100,0.0,8057470,627,0.9980596560163074,0.9999032293440729,3480.915906183524,0,-1
a,passive,affine,4.5,100,0.0,8057470,628,0.999803965718681,0.9994653723064252,3434.22238531218,0,-1
a,passive,affine,4.5,100,0.0,8057470,629,0.9999287161935703,0.9999285071600517,3459.9350928723593,0,-1
a,passive,affine,4.5,100,0.0,8057470,630,0.999999,0.9998923087719006,3448.3499282936455,0,-1
a,passive,affine,4.5,100,0.0,8057470,631,0.9999910853871303,0.9998593112653072,3461.0094350108816,0,-1
a,passive,affine,4.5,100,0.0,8057470,632,0.9979573013952635,0.9997827534493086,3452.6428218245683,0,-1
a,passive,affine,4.5,100,0.0,8057470,633,-0.9987567424487452,0.999765177185444,3453.5764998248656,1,322
a,passive,affine,4.5,100,0.0,8057470,634,0.999999,0.999999,3446.965492628472,0,-1
a,passive,affine,4.5,100,0.0,8057470,635,0.999999,0.999729595294165,3473.6155610701217,0,-1
a,passive,affine,4.5,100,0.0,8057470,636,0.999999,0.999999,3466.7213622129902,0,-1
a,passive,affine,4.5,100,0.0,8057470,637,0.9985004274542834,0.999999,3465.9714226773035,0,-1
a,passive,affine,4.5,100,0.0,8057470,638,-0.9178006921191901,0.999999,3447.0658531935796,1,314
a,passive,affine,4.5,100,0.0,8057470,639,0.987883737980186,0.999999,3467.6576615939066,0,-1
a,passive,affine,4.5,100,0.0,8057470,640,-0.999999,0.9659815382162162,3443.9365357243905,1,327
a,passive,affine,4.5,100,0.0,8057470,641,0.9998953503187099,0.9976897752261982,3463.3812409589405,0,-1
a,passive,affine,4.5,100,0.0,8057470,642,0.999999,0.999999,3470.716617975525,0,-1
a,passive,affine,4.5,100,0.0,8057470,643,0.9999408966518754,0.9999927163089865,3466.2799056695385,0,-1
a,passive,affine,4.5,100,0.0,8057470,644,0.999999,0.9999699219803149,3423.2193970058847,0,-1
a,passive,affine,4.5,100,0.0,8057470,645,0.9999913452018799,0.9988312658236699,3463.340783182636,0,-1
a,passive,affine,4.5,100,0.0,8057470,646,0.999999,0.999999,3468.997882265677,0,-1
a,passive,affine,4.5,100,0.0,8057470,647,-0.7292644227232353,-0.9989919274811678,0.0,1,266
a,passive,affine,4.5,100,0.0,8057470,648,-0.9982642554596651,0.999999,3453.2458445878938,1,326
a,passive,affine,4.5,100,0.0,8057470,649,0.9995553680265806,0.999578872310212,3418.4376526597134,0,-1
a,passive,affine,4.5,100,0.0,8057470,650,0.999999,0.9997074742678321,3464.191491815461,1,303
a,passive,affine,4.5,100,0.0,8057470,651,0.999999,0.9991291932910243,3473.5749673435107,0,-1
a,passive,affine,4.5,100,0.0,8057470,652,0.9998289168082658,0.9921033070067957,3461.8310317097444,0,-1
a,passive,affine,4.5,100,0.0,8057470,653,0.9999459328073282,0.9382313410864515,3472.8992094461146,0,-1
a,passive,affine,4.5,100,0.0,8057470,654,-0.9969922680074051,0.9999890932066455,3479.4078289707486,1,279
a,passive,affine,4.5,100,0.0,8057470,655,0.999999,0.999999,3473.287013238077,0,-1
a,passive,affine,4.5,100,0.0,8057470,656,0.9999570405061611,0.999999,3453.7550521752214,0,-1
a,passive,affine,4.5,100,0.0,8057470,657,-0.8918201277953101,0.99991861378877,3473.3839005877976,1,283
a,passive,affine,4.5,100,0.0,8057470,658,0.999999,0.9984955781382193,3467.488525609892,0,-1
a,passive,affine,4.5,100,0.0,8057470,659,0.9999185636729648,0.9933628076974023,3450.7352825899625,0,-1
a,passive,affine,4.5,100,0.0,8057470,660,-0.997541357954468,0.999999,3464.618900427628,1,307
a,passive,affine,4.5,100,0.0,8057470,661,0.9999858729114641,0.999999,3485.620905270014,0,-1
a,passive,affine,4.5,100,0.0,8057470,662,0.999768008208071,0.999999,3476.9901548350654,0,-1
a,passive,affine,4.5,100,0.0,8057470,663,-0.964699411751769,0.9997671927003112,3481.103156905192,1,284
a,passive,affine,4.5,100,0.0,8057470,664,0.9994743578461465,0.8912751205419286,3466.7915110782046,0,-1
a,passive,affine,4.5,100,0.0,8057470,665,0.9999495695820174,0.9940356990050268,3448.945113423301,0,-1
a,passive,affine,4.5,100,0.0,8057470,666,0.999999,0.999999,3465.3014104054846,0,-1
a,passive,affine,4.5,100,0.0,8057470,667,0.9967612197173821,0.993512140335616,3470.054475909806,0,-1
a,passive,affine,4.5,100,0.0,8057470,668,0.9824209491686027,0.999999,3470.2504705124516,0,-1
a,passive,affine,4.5,100,0.0,8057470,669,0.9082449521755795,0.9644243457211551,3461.14059745295,0,-1
a,passive,affine,4.5,100,0.0,8057470,670,0.9997422886538684,0.9782288554636499,3473.560713004684,0,-1
a,passive,affine,4.5,100,0.0,8057470,671,0.9980425259153887,0.9851858601829854,3474.9388188171906,0,-1
a,passive,affine,4.5,100,0.0,8057470,672,0.9973570805272323,0.999999,3480.070933229582,0,-1
a,passive,affine,4.5,100,0.0,8057470,673,0.9998432589352167,0.9903866594291553,3470.4507486192124,0,-1
a,passive,affine,4.5,100,0.0,8057470,674,-0.999999,0.999999,3481.052093848271,1,292
a,passive,affine,4.5,100,0.0,8057470,675,0.996245800585837,0.999999,3441.2547207206003,0,-1
a,passive,affine,4.5,100,0.0,8057470,676,-0.9864822623216297,0.9977334848081079,3475.3200841887074,1,288
a,passive,affine,4.5,100,0.0,8057470,677,0.9522139883581561,0.9065172538745768,3427.987952681771,0,-1
a,passive,affine,4.5,100,0.0,8057470,678,0.9866454914881777,0.9978009881491976,3470.236543891643,0,-1
a,passive,affine,4.5,100,0.0,8057470,679,0.999999,0.999999,3474.4768911739616,0,-1
a,passive,affine,4.5,100,0.0,8057470,680,-0.07187396379315723,0.999999,3464.4743949068798,1,297
a,passive,affine,4.5,100,0.0,8057470,681,0.9151426625126096,0.999999,3476.857338361207,0,-1
a,passive,affine,4.5,100,0.0,8057470,682,0.999999,0.999999,3455.371978111201,0,-1
a,passive,affine,4.5,100,0.0,8057470,683,-0.9989468924721697,0.9991760457426926,3473.4411035707044,1,325
a,passive,affine,4.5,100,0.0,8057470,684,0.9917894075103451,0.999999,3461.587006808769,0,-1
a,passive,affine,4.5,100,0.0,8057470,685,0.9999690561774538,0.9929461009880906,3464.830971006702,0,-1
a,passive,affine,4.5,100,0.0,8057470,686,-0.999999,0.9923987781628082,3478.8342289389725,1,293
a,passive,affine,4.5,100,0.0,8057470,687,0.9971012286850938,0.9542612027427753,3477.4724738628597,0,-1
a,passive,affine,4.5,100,0.0,8057470,688,-0.7891089217051293,0.9930288616552426,3449.6377083589223,1,311
a,passive,affine,4.5,100,0.0,8057470,689,0.9194864597235537,0.9995107307027292,3400.9271018555924,0,-1
a,passive,affine,4.5,100,0.0,8057470,690,0.9920073933803859,0.8654412889481348,3472.207343453713,0,-1
a,passive,affine,4.5,100,0.0,8057470,691,-0.9989830858424958,0.9998221653518844,3456.423803895385,1,318
a,passive,affine,4.5,100,0.0,8057470,692,0.999999,0.999999,3434.3325028985723,0,-1
a,passive,affine,4.5,100,0.0,8057470,693,0.9998630906432998,0.933907710507167,3463.644915059013,0,-1
a,passive,affine,4.5,100,0.0,8057470,694,0.999999,0.9998525375543144,3423.2348455318365,0,-1
a,passive,affine,4.5,100,0.0,8057470,695,0.999999,0.9861522774724787,3459.7386059064042,0,-1
a,passive,affine,4.5,100,0.0,8057470,696,0.7677993377006076,0.999999,3452.8472707977317,0,-1
a,passive,affine,4.5,100,0.0,8057470,697,0.9780176574830302,0.999999,3464.1794580246915,0,-1
a,passive,affine,4.5,100,0.0,8057470,698,0.9930725301943772,0.9995727853989855,3410.9810732027026,1,323
a,passive,affine,4.5,100,0.0,8057470,699,0.999999,0.9985896887811455,3463.3422462369995,0,-1
a,passive,affine,4.5,100,0.0,8057470,700,0.9879778015098967,0.999999,3469.629310006644,0,-1
a,passive,affine,4.5,100,0.0,8057470,701,-0.9990696471875141,0.999999,3481.9646673192433,1,389
a,passive,affine,4.5,100,0.0,8057470,702,0.7586110481530413,0.9924223216958381,3470.058731945082,0,-1
a,passive,affine,4.5,100,0.0,8057470,703,0.9980363211305217,0.9998603608958219,3443.794874418216,0,-1
a,passive,affine,4.5,100,0.0,8057470,704,0.9687449937176762,0.9322083385799839,3476.1375778982497,0,-1
a,passive,affine,4.5,100,0.0,8057470,705,0.999999,0.999999,3465.710411504875,0,-1
a,passive,affine,4.5,100,0.0,8057470,706,-0.9999186953107618,0.9996014777682288,3470.5377429197683,1,318
a,passive,affine,4.5,100,0.0,8057470,707,0.9998099967250015,0.9994814320838499,3470.2948089542815,0,-1
a,passive,affine,4.5,100,0.0,8057470,708,-0.9980919729356128,0.9999566430777124,3439.00472565774,1,293
a,passive,affine,4.5,100,0.0,8057470,709,0.9920714168263443,0.816676362609893,3461.0907818877695,0,-1
a,passive,affine,4.5,100,0.0,8057470,710,0.998046292529228,0.999999,3483.2726322714766,0,-1
a,passive,affine,4.5,100,0.0,8057470,711,0.9960712138274749,0.9953024811422401,3472.310804105162,0,-1
a,passive,affine,4.5,100,0.0,8057470,712,-0.999999,0.999999,3450.557530457542,1,291
a,passive,affine,4.5,100,0.0,8057470,713,0.9896992432541949,0.9990163418892917,3453.1579284700547,0,-1
a,passive,affine,4.5,100,0.0,8057470,714,-0.9988672425160027,0.9969004684818581,3480.6099660554696,1,305
a,passive,affine,4.5,100,0.0,8057470,715,-0.999999,0.9997968593966271,3446.115508275733,1,297
a,passive,affine,4.5,100,0.0,8057470,716,0.9997777809873487,0.9999944569572025,3460.410903125782,0,-1
a,passive,affine,4.5,100,0.0,8057470,717,0.9535045618848311,0.999999,3483.3980611863294,0,-1
a,passive,affine,4.5,100,0.0,8057470,718,0.6743839808358314,0.9998216465569261,3457.7830863832546,0,-1
a,passive,affine,4.5,100,0.0,8057470,719,0.9751769331746495,0.999999,3468.76650495411,0,-1
a,passive,affine,4.5,100,0.0,8057470,720,0.9998730107616062,0.9997848540057498,3469.8439572945367,0,-1
a,passive,affine,4.5,100,0.0,8057470,721,-0.8065187812704511,0.9997075927520965,3464.174801068666,1,317
a,passive,affine,4.5,100,0.0,8057470,722,0.9999630491365946,0.999999,3451.2448767619017,0,-1
a,passive,affine,4.5,100,0.0,8057470,723,0.999999,0.6769192886921009,3463.5632270766537,0,-1
a,passive,affine,4.5,100,0.0,8057470,724,0.999952679319254,0.999999,3465.8634805349534,0,-1
a,passive,affine,4.5,100,0.0,8057470,725,0.757084842105381,0.9955516349736256,3468.280573704299,0,-1
a,passive,affine,4.5,100,0.0,8057470,726,0.999999,0.999999,3437.075747476008,0,-1
a,passive,affine,4.5,100,0.0,8057470,727,-0.9966773604920132,0.9999800784516113,3227.7393675264148,1,314
a,passive,affine,4.5,100,0.0,8057470,728,0.999999,0.9999336214347359,3450.8748953815902,0,-1
a,passive,affine,4.5,100,0.0,8057470,729,-0.9910512366345559,0.9990678092379993,3459.178228418107,1,321
a,passive,affine,4.5,100,0.0,8057470,730,-0.8445855800016054,0.9892476219759809,3457.365153688613,1,290
a,passive,affine,4.5,100,0.0,8057470,731,0.9211192375289948,0.9999540161536628,3485.5148735991174,0,-1
a,passive,affine,4.5,100,0.0,8057470,732,0.9792435749158773,0.9751341296398297,3458.813926716615,1,308
a,passive,affine,4.5,100,0.0,8057470,733,0.8477662498856894,0.9999940676744343,3405.4321660347,0,-1
a,passive,affine,4.5,100,0.0,8057470,734,0.9788239605360863,0.9999967509859272,3479.675189151819,0,-1
a,passive,affine,4.5,100,0.0,8057470,735,0.999999,0.999999,3456.2214672105247,0,-1
a,passive,affine,4.5,100,0.0,8057470,736,0.9760249879025336,0.9997455109385496,3457.4150124955186,0,-1
a,passive,affine,4.5,100,0.0,8057470,737,0.999999,0.999999,3446.5733255402943,0,-1
a,passive,affine,4.5,100,0.0,8057470,738,0.9978109016171903,0.9002332106707007,3466.1462457622765,0,-1
a,passive,affine,4.5,100,0.0,8057470,739,0.7676203178327718,0.999999,3462.266194673766,0,-1
a,passive,affine,4.5,100,0.0,8057470,740,0.9965011036329212,0.999999,3448.23313948875,0,-1
a,passive,affine,4.5,100,0.0,8057470,741,0.999999,0.9996791068877713,3449.4791901970207,0,-1
a,passive,affine,4.5,100,0.0,8057470,742,0.9997675789408974,0.9928717289499673,3434.796298718313,0,-1
a,passive,affine,4.5,100,0.0,8057470,743,0.9482425588966701,0.9999380003708754,3463.5248985494522,0,-1
a,passive,affine,4.5,100,0.0,8057470,744,-0.9989948572738105,0.9999604006585417,3471.168410094878,1,303
a,passive,affine,4.5,100,0.0,8057470,745,0.998439995394491,0.9999174093858253,3468.3658209716605,0,-1
a,passive,affine,4.5,100,0.0,8057470,746,0.999999,0.999999,3457.5923785621185,0,-1
a,passive,affine,4.5,100,0.0,8057470,747,0.9990394740292046,0.987407089160774,3425.6169804341434,0,-1
a,passive,affine,4.5,100,0.0,8057470,748,-0.98410846917969,0.9999313449032317,3443.999988795741,1,275
a,passive,affine,4.5,100,0.0,8057470,749,0.999999,0.9999319320444398,3469.9763685093494,0,-1
a,passive,affine,4.5,100,0.0,8057470,750,0.999999,0.999999,3445.0348742942174,0,-1
a,passive,affine,4.5,100,0.0,8057470,751,0.9999700528637566,0.9998173069615108,3471.5621325617476,0,-1
a,passive,affine,4.5,100,0.0,8057470,752,0.999999,0.999999,3473.951168004634,0,-1
a,passive,affine,4.5,100,0.0,8057470,753,0.999999,0.999999,3477.5374214712874,0,-1
a,passive,affine,4.5,100,0.0,8057470,754,0.999999,0.999999,3462.5755565720965,0,-1
a,passive,affine,4.5,100,0.0,8057470,755,0.9305419840528869,0.9449307410473908,3468.60219672949,0,-1
a,passive,affine,4.5,100,0.0,8057470,756,0.9996482494655765,0.9999862445365387,3464.228776763654,0,-1
a,passive,affine,4.5,100,0.0,8057470,757,0.999999,0.999999,3405.7513545732486,0,-1
a,passive,affine,4.5,100,0.0,8057470,758,0.9986609778666504,0.784919290839188,3437.3351598484815,0,-1
a,passive,affine,4.5,100,0.0,8057470,759,-0.999999,0.9829959938024665,3436.034928387396,1,287
a,passive,affine,4.5,100,0.0,8057470,760,0.9825250547967015,0.999999,3468.6133778802655,0,-1
a,passive,affine,4.5,100,0.0,8057470,761,0.999999,0.9986685492730594,3483.034730363893,0,-1
a,passive,affine,4.5,100,0.0,8057470,762,0.999999,0.9999812819944944,3478.208347636628,0,-1
a,passive,affine,4.5,100,0.0,8057470,763,0.9922268841425567,0.999999,3446.9531271511487,0,-1
a,passive,affine,4.5,100,0.0,8057470,764,-0.999999,0.999999,3444.736542768025,1,298
a,passive,affine,4.5,100,0.0,8057470,765,-0.6239545202751638,0.9997201967404019,3466.888126359958,1,340
a,passive,affine,4.5,100,0.0,8057470,766,0.999999,0.999999,3454.6309195606,0,-1
a,passive,affine,4.5,100,0.0,8057470,767,0.9997146928996566,0.999999,3452.5775500152245,0,-1
a,passive,affine,4.5,100,0.0,8057470,768,0.9997771890883653,0.999999,3467.4447343288934,0,-1
a,passive,affine,4.5,100,0.0,8057470,769,0.9994412785268764,0.999999,3431.093518371932,1,286
a,passive,affine,4.5,100,0.0,8057470,770,0.999999,0.8978935614555021,3469.033417574379,0,-1
a,passive,affine,4.5,100,0.0,8057470,771,-0.999999,0.999999,3423.6000739506176,1,271
a,passive,affine,4.5,100,0.0,8057470,772,0.9999822585451738,0.9680779564304368,3452.949840767609,0,-1
a,passive,affine,4.5,100,0.0,8057470,773,0.9998239103909732,0.9721527094722083,3461.908902705347,0,-1
a,passive,affine,4.5,100,0.0,8057470,774,-0.9988031930149567,0.9999886638149336,3477.6541763759724,1,330
a,passive,affine,4.5,100,0.0,8057470,775,0.999999,0.9903716950368421,3437.4691417641898,0,-1
a,passive,affine,4.5,100,0.0,8057470,776,0.909913311277369,0.999999,3483.4557532395656,0,-1
a,passive,affine,4.5,100,0.0,8057470,777,-0.9869393370878736,0.9992595054012274,3454.5065428363614,1,275
a,passive,affine,4.5,100,0.0,8057470,778,0.9930685081098843,0.9999254129610189,3472.214563580768,0,-1
a,passive,affine,4.5,100,0.0,8057470,779,0.999999,0.999999,3446.2020354390006,0,-1
a,passive,affine,4.5,100,0.0,8057470,780,0.999999,0.9999083117173702,3449.7789011039426,0,-1
a,passive,affine,4.5,100,0.0,8057470,781,-0.9770074195523358,0.999999,3470.942132848965,1,316
a,passive,affine,4.5,100,0.0,8057470,782,-0.9443291687415304,0.999999,3459.5188917451164,1,372
a,passive,affine,4.5,100,0.0,8057470,783,0.9997398891542263,0.999999,3469.9758515384965,0,-1
a,passive,affine,4.5,100,0.0,8057470,784,0.679918897790813,0.9961934997854147,3463.2332939945263,0,-1
a,passive,affine,4.5,100,0.0,8057470,785,0.999999,0.999999,3444.8157044699974,0,-1
a,passive,affine,4.5,100,0.0,8057470,786,0.9763382604991225,0.999999,3481.374158133254,0,-1
a,passive,affine,4.5,100,0.0,8057470,787,0.9999915146367752,0.9720395130297838,3460.3472038729374,0,-1
a,passive,affine,4.5,100,0.0,8057470,788,0.999999,0.999999,3479.616949353407,0,-1
a,passive,affine,4.5,100,0.0,8057470,789,0.999999,0.999999,3465.6662718564103,0,-1
a,passive,affine,4.5,100,0.0,8057470,790,0.999999,0.9999188410834803,3460.293251124896,0,-1
a,passive,affine,4.5,100,0.0,8057470,791,0.999999,0.9982449495725682,3463.95342452833,0,-1
a,passive,affine,4.5,100,0.0,8057470,792,0.9997861086302066,0.999966399326893,3444.2595367839285,0,-1
a,passive,affine,4.5,100,0.0,8057470,793,-0.9447548280951684,0.7813726495454272,3212.695617347595,1,286
a,passive,affine,4.5,100,0.0,8057470,794,0.9755888798045423,0.999999,3474.4617783627023,0,-1
a,passive,affine,4.5,100,0.0,8057470,795,0.9999257250574655,0.999999,3468.0760216563535,0,-1
a,passive,affine,4.5,100,0.0,8057470,796,0.9956097790609988,0.9944597715256989,3478.1020742569394,0,-1
a,passive,affine,4.5,100,0.0,8057470,797,0.9959813347941033,0.999999,3481.300416750241,0,-1
a,passive,affine,4.5,100,0.0,8057470,798,0.999999,0.9998170028946404,3466.6703502457162,0,-1
a,passive,affine,4.5,100,0.0,8057470,799,0.972881135447453,0.9999052905471633,3471.5576317013765,0,-1
a,passive,affine,4.5,100,0.0,8057470,800,0.8413875642006019,0.8591326533006719,3450.7846664549,0,-1
a,passive,affine,4.5,100,0.0,8057470,801,0.999999,0.999999,3477.008159811841,0,-1
a,passive,affine,4.5,100,0.0,8057470,802,0.999999,0.9996540399483215,3465.4566993569974,0,-1
a,passive,affine,4.5,100,0.0,8057470,803,0.9960305635987675,0.9910570893028771,3442.1059685539885,0,-1
a,passive,affine,4.5,100,0.0,8057470,804,0.9999857311382594,0.9999337495621456,3476.2118783799397,0,-1
a,passive,affine,4.5,100,0.0,8057470,805,0.999999,0.9967302368938398,3463.8554741961466,0,-1
a,passive,affine,4.5,100,0.0,8057470,806,0.999999,0.998475326313714,3406.1229265878737,1,310
a,passive,affine,4.5,100,0.0,8057470,807,-0.576845409323511,0.999999,3459.4817546981444,1,306
a,passive,affine,4.5,100,0.0,8057470,808,0.9999252889717876,0.999999,3478.4047098779856,0,-1
a,passive,affine,4.5,100,0.0,8057470,809,0.999999,0.999999,3441.920236948374,0,-1
a,passive,affine,4.5,100,0.0,8057470,810,-0.9420369717951772,0.9999240357253101,3430.2796833707416,1,317
a,passive,affine,4.5,100,0.0,8057470,811,-0.9986658610540928,0.999999,3464.5392738427645,1,306
a,passive,affine,4.5,100,0.0,8057470,812,0.7556187872102246,0.999999,3448.5280980767093,0,-1
a,passive,affine,4.5,100,0.0,8057470,813,0.889260291051164,0.9904278383046617,3436.92070713917,0,-1
a,passive,affine,4.5,100,0.0,8057470,814,0.9997906787022377,0.999999,3477.091655486557,1,335
a,passive,affine,4.5,100,0.0,8057470,815,0.999999,0.999999,3447.379120530613,0,-1
a,passive,affine,4.5,100,0.0,8057470,816,0.9999349942345006,0.9952567598108178,3454.2106302666716,0,-1
a,passive,affine,4.5,100,0.0,8057470,817,0.9871014902292049,0.9878345787364156,3468.343053283341,0,-1
a,passive,affine,4.5,100,0.0,8057470,818,0.999999,0.9226846551026431,3452.1130210464034,0,-1
a,passive,affine,4.5,100,0.0,8057470,819,0.9802824577918914,0.999857385143135,3457.405789787714,0,-1
a,passive,affine,4.5,100,0.0,8057470,820,0.994149807963456,0.999999,3473.1803313372297,1,307
a,passive,affine,4.5,100,0.0,8057470,821,0.999999,0.999999,3469.637746114449,0,-1
a,passive,affine,4.5,100,0.0,8057470,822,0.9999150983660074,0.9910084002345658,3427.2428107013643,0,-1
a,passive,affine,4.5,100,0.0,8057470,823,0.997075459115219,0.9991484083277886,3431.003383718554,0,-1
a,passive,affine,4.5,100,0.0,8057470,824,0.9037690743165478,0.9998792499002188,3458.395157738162,0,-1
a,passive,affine,4.5,100,0.0,8057470,825,0.9959572564623597,0.9999889594592997,3471.16714948819,0,-1
a,passive,affine,4.5,100,0.0,8057470,826,0.981803684595765,0.999999,3456.165236659639,0,-1
a,passive,affine,4.5,100,0.0,8057470,827,0.9959358873103898,0.9999246682673552,3468.6127228264672,0,-1
a,passive,affine,4.5,100,0.0,8057470,828,-0.901426644514385,0.9692210388540674,3347.928842890122,1,287
a,passive,affine,4.5,100,0.0,8057470,829,0.999999,0.9999716732707655,3478.9459053888836,0,-1
a,passive,affine,4.5,100,0.0,8057470,830,0.9999977350254216,0.999999,3456.7883206147403,0,-1
a,passive,affine,4.5,100,0.0,8057470,831,0.999999,0.999999,3456.9308798172897,0,-1
a,passive,affine,4.5,100,0.0,8057470,832,0.9392008422236816,0.9538204322062547,3452.822147569164,0,-1
a,passive,affine,4.5,100,0.0,8057470,833,0.999999,0.977837981994188,3484.0105192209485,0,-1
a,passive,affine,4.5,100,0.0,8057470,834,0.999999,0.9982219697387378,3433.8992139949096,0,-1
a,passive,affine,4.5,100,0.0,8057470,835,0.999999,0.999999,3432.6696787265014,0,-1
a,passive,affine,4.5,100,0.0,8057470,836,-0.9886927676512459,0.9990280355170837,3469.335419027118,1,321
a,passive,affine,4.5,100,0.0,8057470,837,0.999999,0.7488849287549686,3465.637786589929,1,281
a,passive,affine,4.5,100,0.0,8057470,838,0.9999478827059347,0.999999,3462.7429930243165,0,-1
a,passive,affine,4.5,100,0.0,8057470,839,0.9992267431062676,0.9990404764832744,3430.6778063752895,0,-1
a,passive,affine,4.5,100,0.0,8057470,840,-0.9987475168516504,-0.966304091828034,0.0,1,313
a,passive,affine,4.5,100,0.0,8057470,841,-0.9947010307476233,0.9852595502262136,3439.1507316908237,1,354
a,passive,affine,4.5,100,0.0,8057470,842,0.9998997786956144,0.9869059696746361,3434.481509148149,0,-1
a,passive,affine,4.5,100,0.0,8057470,843,0.9906125229344404,0.999999,3469.925381715732,0,-1
a,passive,affine,4.5,100,0.0,8057470,844,0.06423901674241478,0.9999183361974465,3465.002244334345,1,323
a,passive,affine,4.5,100,0.0,8057470,845,-0.9412163572256872,0.999999,3452.100878444111,1,323
a,passive,affine,4.5,100,0.0,8057470,846,0.9997044482947711,0.999999,3444.7563788041866,0,-1
a,passive,affine,4.5,100,0.0,8057470,847,-0.9446826399702405,0.990573873657411,3448.669823756852,1,369
a,passive,affine,4.5,100,0.0,8057470,848,0.9999225883162923,0.9999181688466829,3482.8397610788847,0,-1
a,passive,affine,4.5,100,0.0,8057470,849,0.999999,0.9999488507453274,3462.4341424167314,0,-1
a,passive,affine,4.5,100,0.0,8057470,850,-0.8606310964994991,0.996036777848143,3474.2065155335295,1,400
a,passive,affine,4.5,100,0.0,8057470,851,-0.9297159902349815,0.9996969646971532,3476.6587592327655,1,298
a,passive,affine,4.5,100,0.0,8057470,852,0.9999772127905601,0.999999,3476.062816010901,0,-1
a,passive,affine,4.5,100,0.0,8057470,853,0.9960346311487004,0.9998431222168895,3474.6778072429693,0,-1
a,passive,affine,4.5,100,0.0,8057470,854,-0.9969404776362942,0.9579375246651759,3470.6029441657893,1,284
a,passive,affine,4.5,100,0.0,8057470,855,0.999999,0.9999324158691085,3476.069595305022,1,308
a,passive,affine,4.5,100,0.0,8057470,856,0.999999,0.999999,3425.2785338343647,0,-1
a,passive,affine,4.5,100,0.0,8057470,857,0.9979449706252511,0.999999,3475.770247504786,0,-1
a,passive,affine,4.5,100,0.0,8057470,858,0.999999,0.9998116315046428,3443.9222216452945,0,-1
a,passive,affine,4.5,100,0.0,8057470,859,0.999999,0.999999,3459.038982744305,0,-1
a,passive,affine,4.5,100,0.0,8057470,860,-0.7452385555227726,0.9998510282441506,3480.0410253359923,1,310
a,passive,affine,4.5,100,0.0,8057470,861,0.999999,0.9998480055475021,3471.9367679662437,0,-1
a,passive,affine,4.5,100,0.0,8057470,862,0.9999709385937938,0.9997098217536581,3405.9573864055255,0,-1
a,passive,affine,4.5,100,0.0,8057470,863,0.999999,0.999999,3450.4026511286625,0,-1
a,passive,affine,4.5,100,0.0,8057470,864,0.9995620173885124,0.999940507924607,3476.382511723918,0,-1
a,passive,affine,4.5,100,0.0,8057470,865,0.9999534121881061,0.9995069808479171,3441.924370169875,0,-1
a,passive,affine,4.5,100,0.0,8057470,866,-0.9987436075475745,0.999999,3479.6188363688398,1,328
a,passive,affine,4.5,100,0.0,8057470,867,0.9952757899219756,0.999999,3485.2011639417437,0,-1
a,passive,affine,4.5,100,0.0,8057470,868,0.9966489679479642,0.999999,3458.343534352466,0,-1
a,passive,affine,4.5,100,0.0,8057470,869,0.999999,0.999999,3464.573378522809,0,-1
a,passive,affine,4.5,100,0.0,8057470,870,0.999999,0.9686596330113518,3472.8970539947372,0,-1
a,passive,affine,4.5,100,0.0,8057470,871,0.999999,0.999999,3451.5181094389177,0,-1
a,passive,affine,4.5,100,0.0,8057470,872,-0.8885326510980507,0.95438373726268,3454.1380983543236,1,310
a,passive,affine,4.5,100,0.0,8057470,873,0.999999,0.9117906296120849,3390.68252840425,0,-1
a,passive,affine,4.5,100,0.0,8057470,874,0.9999823874982534,0.9999042215522931,3482.765572944054,0,-1
a,passive,affine,4.5,100,0.0,8057470,875,-0.9517872256496085,0.999999,3475.4150275203124,1,274
a,passive,affine,4.5,100,0.0,8057470,876,0.999999,0.9998494076152342,3461.038562387408,1,275
a,passive,affine,4.5,100,0.0,8057470,877,0.999999,0.997959821539964,3463.819696671833,1,329
a,passive,affine,4.5,100,0.0,8057470,878,0.9257007255873592,0.9997090020816071,3480.542886084033,0,-1
a,passive,affine,4.5,100,0.0,8057470,879,0.999999,0.999697339286602,3446.8417455271556,0,-1
a,passive,affine,4.5,100,0.0,8057470,880,0.9999058670683472,0.9996463775765283,3460.4341382419657,0,-1
a,passive,affine,4.5,100,0.0,8057470,881,-0.999999,0.9997815904409254,3479.9876304764844,1,277
a,passive,affine,4.5,100,0.0,8057470,882,-0.999999,0.999999,3386.1649812985893,1,281
a,passive,affine,4.5,100,0.0,8057470,883,0.999999,0.999999,3464.806081924561,0,-1
a,passive,affine,4.5,100,0.0,8057470,884,0.9999872117112545,0.9356655664368015,3456.582801404712,1,277
a,passive,affine,4.5,100,0.0,8057470,885,-0.9975610018893442,0.9999522796699536,3471.7086095689524,1,294
a,passive,affine,4.5,100,0.0,8057470,886,0.9999210118806051,0.999999,3461.5018744006416,0,-1
a,passive,affine,4.5,100,0.0,8057470,887,0.999994493629312,0.9947206397764016,3472.711871917193,0,-1
a,passive,affine,4.5,100,0.0,8057470,888,0.999999,0.9999891340726575,3490.563260397882,0,-1
a,passive,affine,4.5,100,0.0,8057470,889,0.9975399842620492,0.999999,3478.7589160279776,0,-1
a,passive,affine,4.5,100,0.0,8057470,890,0.9999487733322053,0.8705618149612835,3475.2586185818964,0,-1
a,passive,affine,4.5,100,0.0,8057470,891,-0.9988314757289307,0.9028169217336152,3467.8014373716815,1,314
a,passive,affine,4.5,100,0.0,8057470,892,-0.4864768632296418,0.9996822066879875,3461.4762085095995,1,284
a,passive,affine,4.5,100,0.0,8057470,893,-0.9684900216179754,0.999999,3440.660879904452,1,332
a,passive,affine,4.5,100,0.0,8057470,894,-0.999999,0.9976823759769606,3457.151667451491,1,292
a,passive,affine,4.5,100,0.0,8057470,895,0.9832940023654227,0.9990567723926828,3480.218290995942,0,-1
a,passive,affine,4.5,100,0.0,8057470,896,0.999999,0.9996160302325499,3458.4114679067793,0,-1
a,passive,affine,4.5,100,0.0,8057470,897,0.999999,0.999999,3454.713890181429,0,-1
a,passive,affine,4.5,100,0.0,8057470,898,0.9690822989252179,0.9998931560596029,3473.3047673316764,0,-1
a,passive,affine,4.5,100,0.0,8057470,899,0.9986750392493097,0.999883411060092,3437.530848518167,0,-1
a,passive,affine,4.5,100,0.0,8057470,900,0.999999,0.999999,3418.065982373079,0,-1
a,passive,affine,4.5,100,0.0,8057470,901,-0.7538396009897316,0.9999437243453617,3477.2746558832414,1,307
a,passive,affine,4.5,100,0.0,8057470,902,-0.999999,0.9962672211444199,3435.769087469871,1,283
a,passive,affine,4.5,100,0.0,8057470,903,0.9982168540773925,0.9998841767627242,3457.7747137823694,0,-1
a,passive,affine,4.5,100,0.0,8057470,904,0.9777962957907662,0.999999,3471.0149121826416,0,-1
a,passive,affine,4.5,100,0.0,8057470,905,0.999999,0.9626892760278037,3477.3830674315873,0,-1
a,passive,affine,4.5,100,0.0,8057470,906,0.9397986265118685,0.9965646950485316,3434.991826351927,0,-1
a,passive,affine,4.5,100,0.0,8057470,907,0.999999,0.9997708140216222,3467.6430409468994,0,-1
a,passive,affine,4.5,100,0.0,8057470,908,0.9505647807744978,0.9965867835083443,3464.218816403609,0,-1
a,passive,affine,4.5,100,0.0,8057470,909,0.999999,0.9755698890245081,3442.8532639801397,0,-1
a,passive,affine,4.5,100,0.0,8057470,910,0.999786033897448,0.9998256190896293,3475.9347867099627,0,-1
a,passive,affine,4.5,100,0.0,8057470,911,0.9974560934850074,0.9940302472153314,3477.3243954773175,0,-1
a,passive,affine,4.5,100,0.0,8057470,912,0.9996991436251,0.999999,3471.912618103757,0,-1
a,passive,affine,4.5,100,0.0,8057470,913,0.9956949041703309,0.999121050424612,3447.386636434807,0,-1
a,passive,affine,4.5,100,0.0,8057470,914,0.9998947786782378,0.9998256699832009,3429.022716254809,0,-1
a,passive,affine,4.5,100,0.0,8057470,915,0.9983709668370537,0.9985382700612109,3439.409933913747,0,-1
a,passive,affine,4.5,100,0.0,8057470,916,-0.9400600370492503,0.9812071892699358,3478.345718433769,1,306
a,passive,affine,4.5,100,0.0,8057470,917,-0.44600342158076417,-0.9973144063893086,0.0,1,295
a,passive,affine,4.5,100,0.0,8057470,918,0.999999,0.999999,3437.473000928702,0,-1
a,passive,affine,4.5,100,0.0,8057470,919,0.9962937478717685,0.999894507294826,3427.164755077642,0,-1
a,passive,affine,4.5,100,0.0,8057470,920,-0.9384080629446552,0.995673544374637,3464.3362118743253,1,284
a,passive,affine,4.5,100,0.0,8057470,921,0.9998853677208778,0.999999,3455.804226708421,0,-1
a,passive,affine,4.5,100,0.0,8057470,922,0.999999,0.9972654411402329,3484.7293633300287,0,-1
a,passive,affine,4.5,100,0.0,8057470,923,0.9967613485958978,0.9936798179700049,3446.516583905943,0,-1
a,passive,affine,4.5,100,0.0,8057470,924,0.9997324994473403,0.999999,3434.6949146924226,0,-1
a,passive,affine,4.5,100,0.0,8057470,925,0.999999,0.9374619116398609,3450.2376212736613,0,-1
a,passive,affine,4.5,100,0.0,8057470,926,0.999999,0.999999,3475.7758887352534,0,-1
a,passive,affine,4.5,100,0.0,8057470,927,0.9963648693721839,0.999999,3418.393234165749,0,-1
a,passive,affine,4.5,100,0.0,8057470,928,0.999999,0.999999,3476.073930892176,0,-1
a,passive,affine,4.5,100,0.0,8057470,929,0.9025508399700415,0.8730473742780485,3473.468346068867,0,-1
a,passive,affine,4.5,100,0.0,8057470,930,-0.9969352226414115,0.9994092324738404,3434.699808027073,1,325
a,passive,affine,4.5,100,0.0,8057470,931,0.9978221628116261,0.987014844774895,3451.7211271095553,0,-1
a,passive,affine,4.5,100,0.0,8057470,932,0.9997214987037529,0.999999,3473.8965443560924,0,-1
a,passive,affine,4.5,100,0.0,8057470,933,0.999999,0.9999858431013801,3479.0715027124834,0,-1
a,passive,affine,4.5,100,0.0,8057470,934,0.9947948862968898,0.9938228753067021,3449.8063428706832,0,-1
a,passive,affine,4.5,100,0.0,8057470,935,0.9993136051032908,0.8210520918367218,3471.285032552215,0,-1
a,passive,affine,4.5,100,0.0,8057470,936,-0.9863457996826532,0.9831956950578868,3430.666141657142,1,289
a,passive,affine,4.5,100,0.0,8057470,937,0.9895227533341837,0.999999,3426.7468448637705,0,-1
a,passive,affine,4.5,100,0.0,8057470,938,-0.9822234980690514,0.9997025467657948,3483.20906304345,1,304
a,passive,affine,4.5,100,0.0,8057470,939,0.9120482913346893,0.9971775664568643,3476.9205825443732,0,-1
a,passive,affine,4.5,100,0.0,8057470,940,-0.9988952702898806,0.9999752059683249,3472.2851091338707,1,315
a,passive,affine,4.5,100,0.0,8057470,941,0.999999,0.999999,3484.6579879900532,0,-1
a,passive,affine,4.5,100,0.0,8057470,942,0.999999,0.9998817139463426,3458.892491539137,0,-1
a,passive,affine,4.5,100,0.0,8057470,943,0.999999,0.9857949004854476,3466.534727954014,0,-1
a,passive,affine,4.5,100,0.0,8057470,944,0.999999,0.9358996761315975,3317.3688333009845,0,-1
a,passive,affine,4.5,100,0.0,8057470,945,0.999999,0.9918346319143537,3469.802262760271,0,-1
a,passive,affine,4.5,100,0.0,8057470,946,-0.9431867303268325,0.983001357401154,3476.286759319446,1,272
a,passive,affine,4.5,100,0.0,8057470,947,-0.9985772264178712,0.9997063473929666,3449.414580935435,1,288
a,passive,affine,4.5,100,0.0,8057470,948,0.999999,0.999999,3393.043805153389,0,-1
a,passive,affine,4.5,100,0.0,8057470,949,0.9999934784527666,0.9884447991079198,3482.9889608952935,0,-1
a,passive,affine,4.5,100,0.0,8057470,950,0.999999,0.9972813172610613,3475.3951484239483,0,-1
a,passive,affine,4.5,100,0.0,8057470,951,0.9990666904614873,0.999999,3479.0645398672045,0,-1
a,passive,affine,4.5,100,0.0,8057470,952,0.9027451988318549,0.9638943215854756,3465.5548935942043,0,-1
a,passive,affine,4.5,100,0.0,8057470,953,-0.999999,0.9981534245545799,3476.9305462599245,1,323
a,passive,affine,4.5,100,0.0,8057470,954,-0.999999,0.9992024275107552,3468.49630272754,1,278
a,passive,affine,4.5,100,0.0,8057470,955,0.8322864183102445,0.9493737133997087,3473.644806737364,0,-1
a,passive,affine,4.5,100,0.0,8057470,956,0.9974881674887464,0.9245500182753512,3469.081470407889,0,-1
a,passive,affine,4.5,100,0.0,8057470,957,0.999999,0.9809176274913269,3474.3586461243335,0,-1
a,passive,affine,4.5,100,0.0,8057470,958,-0.5346307247080259,0.9995401817621438,3470.4002489783247,1,280
a,passive,affine,4.5,100,0.0,8057470,959,0.04160068889621994,0.9997518113205544,3481.012524048406,0,-1
a,passive,affine,4.5,100,0.0,8057470,960,0.999999,0.999999,3481.0684723796426,0,-1
a,passive,affine,4.5,100,0.0,8057470,961,0.9944683395171834,0.9798646452485386,3458.172399343895,0,-1
a,passive,affine,4.5,100,0.0,8057470,962,0.999999,0.9959860737935409,3449.0958591493372,0,-1
a,passive,affine,4.5,100,0.0,8057470,963,-0.9988568670479784,0.999999,3417.565148217947,1,272
a,passive,affine,4.5,100,0.0,8057470,964,-0.9751867805567515,0.971203694539405,3443.123849741983,1,282
a,passive,affine,4.5,100,0.0,8057470,965,0.9999316233789334,0.999999,3468.3865373380336,0,-1
a,passive,affine,4.5,100,0.0,8057470,966,-0.999999,0.9266454051697536,3474.693961609156,1,312
a,passive,affine,4.5,100,0.0,8057470,967,0.9924470881573446,0.9968349588256347,3467.8404206987957,0,-1
a,passive,affine,4.5,100,0.0,8057470,968,0.9996537638160372,0.9999442266598446,3435.509046521783,0,-1
a,passive,affine,4.5,100,0.0,8057470,969,0.9940821298577043,0.999999,3448.822608927665,0,-1
a,passive,affine,4.5,100,0.0,8057470,970,0.9968323280937329,0.9973844183336334,3475.087648572285,0,-1
a,passive,affine,4.5,100,0.0,8057470,971,0.9998083094526732,0.999999,3439.8475350775548,0,-1
a,passive,affine,4.5,100,0.0,8057470,972,0.9999801154989977,0.9987659393164432,3461.7607588843034,0,-1
a,passive,affine,4.5,100,0.0,8057470,973,0.999999,0.999759461707753,3464.3515900008047,0,-1
a,passive,affine,4.5,100,0.0,8057470,974,-0.9989810250470758,0.9963375148201272,3464.106491002045,1,281
a,passive,affine,4.5,100,0.0,8057470,975,-0.9605817046543474,0.999999,3476.806022325716,1,302
a,passive,affine,4.5,100,0.0,8057470,976,0.999999,0.9999084859934672,3458.0776341922688,0,-1
a,passive,affine,4.5,100,0.0,8057470,977,0.999999,0.999999,3445.373765606014,0,-1
a,passive,affine,4.5,100,0.0,8057470,978,0.999999,0.999999,3479.5220208326746,0,-1
a,passive,affine,4.5,100,0.0,8057470,979,-0.9796399751745503,0.999999,3477.430704253877,1,315
a,passive,affine,4.5,100,0.0,8057470,980,0.9990007379838876,0.9999517077132976,3474.01395478722,0,-1
a,passive,affine,4.5,100,0.0,8057470,981,0.9990357283578145,0.999999,3475.4866374478083,0,-1
a,passive,affine,4.5,100,0.0,8057470,982,0.9999567014371178,0.8360088946691262,3455.113827896666,0,-1
a,passive,affine,4.5,100,0.0,8057470,983,0.999999,0.9999440480716931,3474.7464697095065,0,-1
a,passive,affine,4.5,100,0.0,8057470,984,0.9999283521864413,0.9998326336599374,3462.654658749194,0,-1
a,passive,affine,4.5,100,0.0,8057470,985,0.9998783114237838,0.999999,3473.9657826531147,0,-1
a,passive,affine,4.5,100,0.0,8057470,986,0.9972348542365329,0.999999,3455.682835717207,0,-1
a,passive,affine,4.5,100,0.0,8057470,987,0.9644551174831439,0.9999126416040356,3454.9401697923367,0,-1
a,passive,affine,4.5,100,0.0,8057470,988,0.999999,0.5902702977215065,3406.051810867688,0,-1
a,passive,affine,4.5,100,0.0,8057470,989,0.9999437054881618,0.9994200965018706,3477.44264618448,0,-1
a,passive,affine,4.5,100,0.0,8057470,990,-0.999999,0.9990908593230591,3471.990058568882,1,293
a,passive,affine,4.5,100,0.0,8057470,991,0.9995101689945248,0.9999206405366524,3445.728228462277,0,-1
a,passive,affine,4.5,100,0.0,8057470,992,0.999999,0.999999,3468.0205120867345,0,-1
a,passive,affine,4.5,100,0.0,8057470,993,-0.9987348478257885,0.9999683899623216,3474.144897067714,1,305
a,passive,affine,4.5,100,0.0,8057470,994,0.8587583358971855,0.9996140461052015,3452.00849820695,0,-1
a,passive,affine,4.5,100,0.0,8057470,995,0.9998385771628204,0.9998178558316972,3462.9149946439197,0,-1
a,passive,affine,4.5,100,0.0,8057470,996,0.9999811743994845,0.998145430721227,3472.638769383528,0,-1
a,passive,affine,4.5,100,0.0,8057470,997,0.9913003979874966,0.9939304197480539,3462.4544027311113,0,-1
a,passive,affine,4.5,100,0.0,8057470,998,0.8684117645499058,0.9998679744456909,3442.56517139763,0,-1
a,passive,affine,4.5,100,0.0,8057470,999,-0.9988501501749041,0.999999,3468.9255872690537,1,299
a,passive,affine,5.0,100,0.0,9057473,0,-0.9897617844525614,0.9998697146483528,3211.8952029821776,1,314
a,passive,affine,5.0,100,0.0,9057473,1,-0.999999,0.999999,3470.7741376478994,1,288
a,passive,affine,5.0,100,0.0,9057473,2,-0.9841591667400208,0.999999,3461.7713018399977,1,306
a,passive,affine,5.0,100,0.0,9057473,3,0.6224002495774352,0.999999,3465.979853671646,0,-1
a,passive,affine,5.0,100,0.0,9057473,4,-0.9941984485434605,0.9958930777544925,3411.368216995182,1,403
a,passive,affine,5.0,100,0.0,9057473,5,-0.9968266927894809,0.999999,3477.2906701534253,1,274
a,passive,affine,5.0,100,0.0,9057473,6,0.999999,0.999999,3470.8098224038954,0,-1
a,passive,affine,5.0,100,0.0,9057473,7,0.9996858170261794,0.9976409802189393,3459.729152682119,0,-1
a,passive,affine,5.0,100,0.0,9057473,8,0.9999888184755177,0.938459855967023,3464.2138417600213,0,-1
a,passive,affine,5.0,100,0.0,9057473,9,0.9999385558516093,0.999999,3465.030660665174,1,300
a,passive,affine,5.0,100,0.0,9057473,10,0.999999,0.999999,3452.2173181723497,0,-1
a,passive,affine,5.0,100,0.0,9057473,11,-0.9568985452603237,0.9999201273440788,3474.1422249528214,1,325
a,passive,affine,5.0,100,0.0,9057473,12,-0.9963930443391519,0.9852159147661881,3475.892287904905,1,316
a,passive,affine,5.0,100,0.0,9057473,13,0.9988437956437086,0.999999,3473.76460800738,0,-1
a,passive,affine,5.0,100,0.0,9057473,14,0.9285897416325809,0.996702986398003,3462.232435013461,0,-1
a,passive,affine,5.0,100,0.0,9057473,15,0.999999,0.999999,3481.3752590661425,0,-1
a,passive,affine,5.0,100,0.0,9057473,16,0.9999411500542638,0.999999,3462.7104122829983,0,-1
a,passive,affine,5.0,100,0.0,9057473,17,0.999999,0.98540021730982,3472.5657063265044,0,-1
a,passive,affine,5.0,100,0.0,9057473,18,0.999999,0.9998994579141985,3466.840115702565,0,-1
a,passive,affine,5.0,100,0.0,9057473,19,0.9641858742974118,0.9893637744171003,3458.6053871949757,0,-1
a,passive,affine,5.0,100,0.0,9057473,20,0.999999,0.999999,3464.3470063253435,0,-1
a,passive,affine,5.0,100,0.0,9057473,21,-0.9872206938465385,0.999999,3484.0355897069717,1,266
a,passive,affine,5.0,100,0.0,9057473,22,0.999999,0.9608976436356065,3473.2700331368796,0,-1
a,passive,affine,5.0,100,0.0,9057473,23,0.999999,0.9998860915023352,3464.339123277019,1,294
a,passive,affine,5.0,100,0.0,9057473,24,0.999999,0.9998828154212204,3479.4094945321344,0,-1
a,passive,affine,5.0,100,0.0,9057473,25,-0.9911701147363723,0.999999,2239.1041040122436,1,331
a,passive,affine,5.0,100,0.0,9057473,26,0.999999,0.999999,3468.33023421921,0,-1
a,passive,affine,5.0,100,0.0,9057473,27,0.6906886649663591,0.9998887613194231,3469.9279328346042,0,-1
a,passive,affine,5.0,100,0.0,9057473,28,0.9951326596654675,0.999999,3466.3309683573907,0,-1
a,passive,affine,5.0,100,0.0,9057473,29,0.9999616142352838,0.999999,3469.539542207652,0,-1
a,passive,affine,5.0,100,0.0,9057473,30,0.5252192012887826,0.999999,3478.9667686509906,0,-1
a,passive,affine,5.0,100,0.0,9057473,31,0.999999,0.999160855854559,3469.925178271594,0,-1
a,passive,affine,5.0,100,0.0,9057473,32,0.9997372449091805,0.8946437823092864,3443.716799421405,0,-1
a,passive,affine,5.0,100,0.0,9057473,33,0.9998672632953265,0.999999,3432.1958145353165,0,-1
a,passive,affine,5.0,100,0.0,9057473,34,0.9992841123308913,0.999999,3472.5860629808262,0,-1
a,passive,affine,5.0,100,0.0,9057473,35,-0.9919992295977565,-0.999999,0.0,1,318
a,passive,affine,5.0,100,0.0,9057473,36,0.9999833323562605,0.999999,3483.645481528339,0,-1
a,passive,affine,5.0,100,0.0,9057473,37,-0.9672678740410291,0.999999,3434.0351723452686,1,290
a,passive,affine,5.0,100,0.0,9057473,38,-0.9906166399318613,0.999999,3445.493936331476,1,303
a,passive,affine,5.0,100,0.0,9057473,39,0.8347071691859654,0.999999,3449.9124462027503,0,-1
a,passive,affine,5.0,100,0.0,9057473,40,0.999999,0.9998523145342577,3458.607658914664,0,-1
a,passive,affine,5.0,100,0.0,9057473,41,0.999999,0.8801985923876811,3470.660727659578,0,-1
a,passive,affine,5.0,100,0.0,9057473,42,0.9999726102746175,0.9967076906871177,3451.8581907896546,0,-1
a,passive,affine,5.0,100,0.0,9057473,43,-0.9992940257181352,0.999999,3457.2682179273424,1,289
a,passive,affine,5.0,100,0.0,9057473,44,0.9972747411450793,0.9999162888062646,3474.2203494701776,0,-1
a,passive,affine,5.0,100,0.0,9057473,45,0.9998605140501552,0.9913269342404551,3453.6199214234557,0,-1
a,passive,affine,5.0,100,0.0,9057473,46,-0.999999,0.7328793751047425,3449.0258708183596,1,287
a,passive,affine,5.0,100,0.0,9057473,47,0.8661389557992748,0.999999,3461.81818974029,0,-1
a,passive,affine,5.0,100,0.0,9057473,48,0.9750827368839772,0.999999,3470.237337010294,0,-1
a,passive,affine,5.0,100,0.0,9057473,49,0.999999,0.9992637463847343,3470.2780351301526,0,-1
a,passive,affine,5.0,100,0.0,9057473,50,-0.9993274847330771,0.9997227909501641,3481.689125239285,1,280
a,passive,affine,5.0,100,0.0,9057473,51,-0.9133434226191931,0.9885409900860493,3474.7053708692692,1,290
a,passive,affine,5.0,100,0.0,9057473,52,0.9996171812761618,0.999999,3470.3439050312772,0,-1
a,passive,affine,5.0,100,0.0,9057473,53,0.999999,0.9997589346721357,3446.1426592875514,0,-1
a,passive,affine,5.0,100,0.0,9057473,54,0.999997681380921,0.999999,3395.0670960774546,0,-1
a,passive,affine,5.0,100,0.0,9057473,55,0.999999,0.999999,3465.9128856013285,0,-1
a,passive,affine,5.0,100,0.0,9057473,56,0.999999,0.999999,3472.5886788680746,0,-1
a,passive,affine,5.0,100,0.0,9057473,57,0.9990404924878153,0.999999,3459.810825468678,0,-1
a,passive,affine,5.0,100,0.0,9057473,58,-0.9991469289597754,0.9992068949484021,3464.7609968006136,1,333
a,passive,affine,5.0,100,0.0,9057473,59,-0.999999,0.9996448539380055,3477.0050424612027,1,348
a,passive,affine,5.0,100,0.0,9057473,60,0.999989760258978,0.9695217964823988,3450.83791980989,0,-1
a,passive,affine,5.0,100,0.0,9057473,61,0.9992110556365693,0.999999,3454.2539640081654,0,-1
a,passive,affine,5.0,100,0.0,9057473,62,0.9998194999862937,0.999999,3476.5542768368173,0,-1
a,passive,affine,5.0,100,0.0,9057473,63,0.9998520135652582,0.999999,3471.1270898541425,0,-1
a,passive,affine,5.0,100,0.0,9057473,64,0.999999,0.9985332307752518,3471.8999628457655,0,-1
a,passive,affine,5.0,100,0.0,9057473,65,0.867315830214241,0.9986860315827337,3438.2061294837963,0,-1
a,passive,affine,5.0,100,0.0,9057473,66,-0.996861781424803,0.9999733870622549,3464.1531062837116,1,280
a,passive,affine,5.0,100,0.0,9057473,67,0.9886285800318532,0.9983568739202752,3466.7427469550375,0,-1
a,passive,affine,5.0,100,0.0,9057473,68,0.9976048996070019,0.9964362702815471,3482.7477769022025,0,-1
a,passive,affine,5.0,100,0.0,9057473,69,0.999999,0.999999,3482.073073075118,0,-1
a,passive,affine,5.0,100,0.0,9057473,70,0.9956582345071098,0.8082158514642631,3418.0829077178255,0,-1
a,passive,affine,5.0,100,0.0,9057473,71,0.999999,0.9999342786026244,3463.8124853078025,0,-1
a,passive,affine,5.0,100,0.0,9057473,72,0.8636557471147611,0.9836918149219415,3475.561718420795,0,-1
a,passive,affine,5.0,100,0.0,9057473,73,0.999999,0.999999,3440.5170663645085,0,-1
a,passive,affine,5.0,100,0.0,9057473,74,0.9861535776958382,0.9620716963773727,3453.729631856361,0,-1
a,passive,affine,5.0,100,0.0,9057473,75,0.999999,0.9993739544121069,3446.6225401541524,0,-1
a,passive,affine,5.0,100,0.0,9057473,76,0.955514735561881,0.999999,3425.6859701517437,0,-1
a,passive,affine,5.0,100,0.0,9057473,77,0.8121242466019106,0.9373087629588684,3474.6187559842506,0,-1
a,passive,affine,5.0,100,0.0,9057473,78,0.9977421227573827,0.8307968377131596,3467.502987963675,0,-1
a,passive,affine,5.0,100,0.0,9057473,79,0.999773512532161,0.999999,3446.906897157004,0,-1
a,passive,affine,5.0,100,0.0,9057473,80,-0.9974126978295703,0.9993294046389553,3228.123142555166,1,272
a,passive,affine,5.0,100,0.0,9057473,81,0.999999,0.9999622933856186,3461.7573921296594,0,-1
a,passive,affine,5.0,100,0.0,9057473,82,0.999999,0.9940724355083359,3480.5248012183747,0,-1
a,passive,affine,5.0,100,0.0,9057473,83,0.999999,0.999999,3457.539790649161,0,-1
a,passive,affine,5.0,100,0.0,9057473,84,-0.9851625800347527,0.9998693537148635,3461.1059231877884,1,379
a,passive,affine,5.0,100,0.0,9057473,85,-0.9826410878092047,-0.999999,0.0,1,275
a,passive,affine,5.0,100,0.0,9057473,86,-0.776721026263969,0.9996956852576335,3423.1650006792406,1,276
a,passive,affine,5.0,100,0.0,9057473,87,-0.999999,0.9998962515513288,3480.2366352319796,1,272
a,passive,affine,5.0,100,0.0,9057473,88,-0.9968227531376315,0.999955268449251,3475.1976244411453,1,267
a,passive,affine,5.0,100,0.0,9057473,89,0.99997658063955,0.999999,3474.853263992125,0,-1
a,passive,affine,5.0,100,0.0,9057473,90,0.9284552103833263,0.9986383964489366,3432.331052180647,0,-1
a,passive,affine,5.0,100,0.0,9057473,91,0.9902856351771374,0.9946078107498924,3447.572549306514,0,-1
a,passive,affine,5.0,100,0.0,9057473,92,0.999999,0.999809732522914,3468.247351841886,0,-1
a,passive,affine,5.0,100,0.0,9057473,93,0.9980933470093011,0.9997048665864325,3477.296976340155,0,-1
a,passive,affine,5.0,100,0.0,9057473,94,-0.9966756935037778,0.999999,3475.7391049571597,1,274
a,passive,affine,5.0,100,0.0,9057473,95,0.9892554477732926,0.9996702009893671,3471.285002840979,0,-1
a,passive,affine,5.0,100,0.0,9057473,96,0.999999,0.999999,3471.243021327563,0,-1
a,passive,affine,5.0,100,0.0,9057473,97,0.9997826165443535,0.999999,3470.4915124463037,0,-1
a,passive,affine,5.0,100,0.0,9057473,98,0.9998024213024128,0.999999,3473.0586638126756,0,-1
a,passive,affine,5.0,100,0.0,9057473,99,0.9999250999419237,0.9936240856758307,3477.4303962476038,1,278
a,passive,affine,5.0,100,0.0,9057473,100,-0.9996029486948572,0.999999,3461.8552339433772,1,284
a,passive,affine,5.0,100,0.0,9057473,101,-0.973945923903422,0.999999,3475.929682234478,1,301
a,passive,affine,5.0,100,0.0,9057473,102,0.9997949302464628,0.9999778153061989,3438.0731177250955,0,-1
a,passive,affine,5.0,100,0.0,9057473,103,0.9998818608811787,0.999999,3469.7566139954884,0,-1
a,passive,affine,5.0,100,0.0,9057473,104,-0.9964457100830952,-0.9950107621516547,0.0,1,299
a,passive,affine,5.0,100,0.0,9057473,105,0.9979307872945615,0.8646634407280602,3466.973793615867,0,-1
a,passive,affine,5.0,100,0.0,9057473,106,0.9943855736675108,0.9997174002089069,3473.3945851477943,0,-1
a,passive,affine,5.0,100,0.0,9057473,107,0.999999,0.9998649718759629,3472.8361998649675,0,-1
a,passive,affine,5.0,100,0.0,9057473,108,0.9800909877268064,0.999999,3453.0853220789254,0,-1
a,passive,affine,5.0,100,0.0,9057473,109,-0.9939216888612676,0.9995502190877846,3473.562612375149,1,314
a,passive,affine,5.0,100,0.0,9057473,110,-0.648374707283952,-0.9907634508738091,0.0,1,293
a,passive,affine,5.0,100,0.0,9057473,111,0.9999933808738023,0.999999,3480.1345983650735,0,-1
a,passive,affine,5.0,100,0.0,9057473,112,0.9999490184480564,0.999992395058635,3465.5521794927554,0,-1
a,passive,affine,5.0,100,0.0,9057473,113,0.999999,0.9997929140977374,3457.8693751222227,0,-1
a,passive,affine,5.0,100,0.0,9057473,114,0.996413199708893,0.9998908606152399,3469.859929965189,0,-1
a,passive,affine,5.0,100,0.0,9057473,115,0.999999,0.9998340854090861,3469.757718553463,0,-1
a,passive,affine,5.0,100,0.0,9057473,116,0.9996519589921677,0.999999,3447.4129789859803,0,-1
a,passive,affine,5.0,100,0.0,9057473,117,0.9819781227650904,0.9825659871269331,3479.2606779407974,0,-1
a,passive,affine,5.0,100,0.0,9057473,118,-0.9992339467112297,0.9999978971943131,3482.3378599605903,1,362
a,passive,affine,5.0,100,0.0,9057473,119,0.999999,0.9999454993065557,3463.019749767774,0,-1
a,passive,affine,5.0,100,0.0,9057473,120,-0.9841972024429795,-0.9992023204484625,0.0,1,283
a,passive,affine,5.0,100,0.0,9057473,121,0.9415964585085621,0.9758418518309466,3333.9122970890776,0,-1
a,passive,affine,5.0,100,0.0,9057473,122,0.9996668960869731,0.999999,3453.3491785768597,0,-1
a,passive,affine,5.0,100,0.0,9057473,123,-0.9990289927602842,0.36090716342820783,3456.5879523439426,1,297
a,passive,affine,5.0,100,0.0,9057473,124,0.9999793133989141,0.9986266970739726,3470.7788299514473,0,-1
a,passive,affine,5.0,100,0.0,9057473,125,0.999999,0.999999,3472.595355256168,0,-1
a,passive,affine,5.0,100,0.0,9057473,126,0.999999,0.9957293012898839,3438.7432410793267,0,-1
a,passive,affine,5.0,100,0.0,9057473,127,-0.9882861508291322,-0.9969719658413424,0.0,1,282
a,passive,affine,5.0,100,0.0,9057473,128,0.8630021977343816,0.9760790575727554,3461.215743555935,0,-1
a,passive,affine,5.0,100,0.0,9057473,129,0.999999,0.9996916741523266,3453.0305387066255,0,-1
a,passive,affine,5.0,100,0.0,9057473,130,-0.9952521538259318,0.9981428440421465,3476.8608058287077,1,308
a,passive,affine,5.0,100,0.0,9057473,131,-0.985693585338679,0.9998280863862749,3474.2686747304697,1,293
a,passive,affine,5.0,100,0.0,9057473,132,0.9891948475997321,0.9998685347825707,3462.5480045832164,0,-1
a,passive,affine,5.0,100,0.0,9057473,133,0.9983802146830747,0.999999,3463.43222550126,0,-1
a,passive,affine,5.0,100,0.0,9057473,134,-0.958936743191433,0.999999,3472.766040067945,1,272
a,passive,affine,5.0,100,0.0,9057473,135,-0.999284142616843,0.9259157146076501,3447.0243485461383,1,273
a,passive,affine,5.0,100,0.0,9057473,136,0.999999,0.9994579944673012,3470.6266234808754,0,-1
a,passive,affine,5.0,100,0.0,9057473,137,0.9999906877078166,0.999999,3343.8911174898417,1,321
a,passive,affine,5.0,100,0.0,9057473,138,-0.999999,0.9999008699633688,3439.5240589574764,1,295
a,passive,affine,5.0,100,0.0,9057473,139,0.999999,0.9890953026664081,3471.999426876784,0,-1
a,passive,affine,5.0,100,0.0,9057473,140,0.999999,0.999999,3469.344314329745,0,-1
a,passive,affine,5.0,100,0.0,9057473,141,0.9998220839850548,0.999999,3454.0346870950816,0,-1
a,passive,affine,5.0,100,0.0,9057473,142,0.999999,0.9998770026713643,3473.2006616367557,0,-1
a,passive,affine,5.0,100,0.0,9057473,143,0.9965777635206448,0.999999,3471.6835164510735,0,-1
a,passive,affine,5.0,100,0.0,9057473,144,0.7776070077877146,0.9948752202170303,3470.426029381425,0,-1
a,passive,affine,5.0,100,0.0,9057473,145,-0.9992472465248071,0.999999,3467.0564269437173,1,430
a,passive,affine,5.0,100,0.0,9057473,146,0.999999,0.999999,3459.8083107375614,0,-1
a,passive,affine,5.0,100,0.0,9057473,147,0.9880532094212028,0.999999,3421.1288526534468,0,-1
a,passive,affine,5.0,100,0.0,9057473,148,0.999999,0.999999,3431.1270759171325,0,-1
a,passive,affine,5.0,100,0.0,9057473,149,0.999999,0.8200093107321169,3423.449621639926,0,-1
a,passive,affine,5.0,100,0.0,9057473,150,0.8372777643683854,0.9999529599654521,3406.781829660004,1,317
a,passive,affine,5.0,100,0.0,9057473,151,0.999999,0.8597594000428486,3389.941302695313,0,-1
a,passive,affine,5.0,100,0.0,9057473,152,-0.994987576301835,0.9999294625731018,3436.121394102434,1,283
a,passive,affine,5.0,100,0.0,9057473,153,-0.9939187198216937,0.999999,3465.504254655075,1,286
a,passive,affine,5.0,100,0.0,9057473,154,0.985312791923852,0.999999,3460.2628106026596,0,-1
a,passive,affine,5.0,100,0.0,9057473,155,0.999999,0.884901680425378,3448.4700524470245,0,-1
a,passive,affine,5.0,100,0.0,9057473,156,0.9998268412973728,0.999999,3471.91214018248,0,-1
a,passive,affine,5.0,100,0.0,9057473,157,0.9523875773092256,0.9999630891831729,3472.824143155775,0,-1
a,passive,affine,5.0,100,0.0,9057473,158,0.9999859599220453,0.864525139203946,3441.280417170181,0,-1
a,passive,affine,5.0,100,0.0,9057473,159,0.897074005680166,0.999747042840723,3477.670934178705,0,-1
a,passive,affine,5.0,100,0.0,9057473,160,-0.999999,0.999999,3463.2123986134065,1,320
a,passive,affine,5.0,100,0.0,9057473,161,0.9586266371756927,0.9999270031863796,3479.416380221852,0,-1
a,passive,affine,5.0,100,0.0,9057473,162,0.999999,0.9911078942432197,3469.4354738797474,0,-1
a,passive,affine,5.0,100,0.0,9057473,163,0.9767504690084725,0.9996790286315428,3455.222794724151,0,-1
a,passive,affine,5.0,100,0.0,9057473,164,0.999999,0.999972369677599,3474.8294188774757,0,-1
a,passive,affine,5.0,100,0.0,9057473,165,0.999999,0.999999,3470.565510740452,0,-1
a,passive,affine,5.0,100,0.0,9057473,166,0.999999,0.999999,3422.7220639068205,0,-1
a,passive,affine,5.0,100,0.0,9057473,167,0.999999,0.8351173079033074,3478.223592679325,0,-1
a,passive,affine,5.0,100,0.0,9057473,168,-0.9323345967192604,0.999999,3469.624754544538,1,313
a,passive,affine,5.0,100,0.0,9057473,169,0.999999,0.9999297350220386,3462.5609454134546,0,-1
a,passive,affine,5.0,100,0.0,9057473,170,0.999999,0.999999,3450.7564693606346,0,-1
a,passive,affine,5.0,100,0.0,9057473,171,0.999999,0.9998292840814541,3436.057048963224,0,-1
a,passive,affine,5.0,100,0.0,9057473,172,0.9999967802815302,0.9954443178238894,3473.1581937566148,0,-1
a,passive,affine,5.0,100,0.0,9057473,173,0.9891706646446492,0.999999,3445.5042659331907,0,-1
a,passive,affine,5.0,100,0.0,9057473,174,0.9997748799227076,0.999999,3476.342794409124,0,-1
a,passive,affine,5.0,100,0.0,9057473,175,0.9999604573976837,0.9999939366607438,3476.197286827178,0,-1
a,passive,affine,5.0,100,0.0,9057473,176,0.9999323811056773,0.9956274094613874,3456.592368773867,1,310
a,passive,affine,5.0,100,0.0,9057473,177,0.999999,0.999969105774065,3458.5536992799703,0,-1
a,passive,affine,5.0,100,0.0,9057473,178,0.999999,0.9974372102258496,3471.702713509375,0,-1
a,passive,affine,5.0,100,0.0,9057473,179,-0.9984965305523542,0.9999879582899777,3447.9865765071427,1,292
a,passive,affine,5.0,100,0.0,9057473,180,-0.8530693304554303,0.9900261929706771,3459.755696319813,1,291
a,passive,affine,5.0,100,0.0,9057473,181,0.999999,0.999999,3471.8204004638296,0,-1
a,passive,affine,5.0,100,0.0,9057473,182,0.999999,0.9998007704676215,3475.463086986053,0,-1
a,passive,affine,5.0,100,0.0,9057473,183,0.9998642188128823,0.998623410603435,3475.0247733293113,0,-1
a,passive,affine,5.0,100,0.0,9057473,184,0.999999,0.999999,3456.3395621704467,0,-1
a,passive,affine,5.0,100,0.0,9057473,185,0.999999,0.999999,3451.378041404406,0,-1
a,passive,affine,5.0,100,0.0,9057473,186,0.999999,0.9955017470072719,3473.42679303153,0,-1
a,passive,affine,5.0,100,0.0,9057473,187,0.999999,0.999999,3437.6926782031405,0,-1
a,passive,affine,5.0,100,0.0,9057473,188,0.999999,0.999999,3471.9441122384196,0,-1
a,passive,affine,5.0,100,0.0,9057473,189,0.999999,0.9999923830854386,3477.8778503450008,0,-1
a,passive,affine,5.0,100,0.0,9057473,190,-0.9896088880513124,0.9999449820169714,3469.9939039947344,1,337
a,passive,affine,5.0,100,0.0,9057473,191,0.999999,0.999999,3459.9568505583343,0,-1
a,passive,affine,5.0,100,0.0,9057473,192,0.9999710875391056,0.9858565218082922,3473.039191256237,0,-1
a,passive,affine,5.0,100,0.0,9057473,193,0.9999557920131911,0.999999,3466.819006127103,0,-1
a,passive,affine,5.0,100,0.0,9057473,194,-0.999999,0.999999,3454.745943205984,1,276
a,passive,affine,5.0,100,0.0,9057473,195,0.988653300644125,0.9999069416471379,3463.557725674799,0,-1
a,passive,affine,5.0,100,0.0,9057473,196,0.9978499210572327,0.9848514334718178,3416.3639184544813,0,-1
a,passive,affine,5.0,100,0.0,9057473,197,0.999999,0.9997266554974835,3424.678049612479,0,-1
a,passive,affine,5.0,100,0.0,9057473,198,0.999999,0.999999,3465.2404272563285,0,-1
a,passive,affine,5.0,100,0.0,9057473,199,0.9728734202973625,0.8331515592561554,3458.036055812959,0,-1
a,passive,affine,5.0,100,0.0,9057473,200,0.999999,0.9974001360253167,3436.5948738982916,0,-1
a,passive,affine,5.0,100,0.0,9057473,201,0.9998494250442278,0.999999,3456.8018921661583,0,-1
a,passive,affine,5.0,100,0.0,9057473,202,0.9963650145240317,0.993638386172576,3473.5793651117933,0,-1
a,passive,affine,5.0,100,0.0,9057473,203,0.9999699702034937,0.9987331109266129,3450.065804062865,0,-1
a,passive,affine,5.0,100,0.0,9057473,204,0.9011223842561782,0.999999,3451.9571447712638,0,-1
a,passive,affine,5.0,100,0.0,9057473,205,0.9999760035346605,0.9999045382176899,3456.6211502458696,0,-1
a,passive,affine,5.0,100,0.0,9057473,206,0.999999,0.999999,3456.568190523827,0,-1
a,passive,affine,5.0,100,0.0,9057473,207,0.9629897007197747,0.999999,3476.6216024656305,0,-1
a,passive,affine,5.0,100,0.0,9057473,208,0.999999,0.9944895462661977,3482.328250906873,0,-1
a,passive,affine,5.0,100,0.0,9057473,209,0.9996867797184104,0.9999019903965924,3477.1897665153783,0,-1
a,passive,affine,5.0,100,0.0,9057473,210,0.9996414244651342,0.999818271156166,3471.5080297561112,0,-1
a,passive,affine,5.0,100,0.0,9057473,211,-0.9868774759235668,0.9955537444884625,3460.518984318607,1,310
a,passive,affine,5.0,100,0.0,9057473,212,0.9999463136934214,0.999999,3460.5169458575306,0,-1
a,passive,affine,5.0,100,0.0,9057473,213,0.9997060396623678,0.999999,3461.0059206083515,1,275
a,passive,affine,5.0,100,0.0,9057473,214,0.999999,0.9997046545556044,3413.3069388353,0,-1
a,passive,affine,5.0,100,0.0,9057473,215,-0.9871110242431844,0.7151564359542107,3447.794527532872,1,323
a,passive,affine,5.0,100,0.0,9057473,216,0.999999,0.9864324367817173,3468.7287769716822,0,-1
a,passive,affine,5.0,100,0.0,9057473,217,-0.8482223412027917,0.9765355325997358,3451.875081912508,1,278
a,passive,affine,5.0,100,0.0,9057473,218,0.999999,0.999999,3467.7607751614714,0,-1
a,passive,affine,5.0,100,0.0,9057473,219,-0.9935283228653454,0.999999,3450.657541230398,1,276
a,passive,affine,5.0,100,0.0,9057473,220,0.9997818774846666,0.999910037782,3480.898838413447,0,-1
a,passive,affine,5.0,100,0.0,9057473,221,0.4072158066423381,0.999999,3417.1463015891914,0,-1
a,passive,affine,5.0,100,0.0,9057473,222,0.995637461354562,0.9998414444778526,3477.1050055143346,0,-1
a,passive,affine,5.0,100,0.0,9057473,223,-0.9995082131287476,0.9668466758734593,3468.0538851528604,1,380
a,passive,affine,5.0,100,0.0,9057473,224,-0.9986366236120293,0.999999,2971.5872656314127,1,281
a,passive,affine,5.0,100,0.0,9057473,225,0.999999,0.999999,3479.381851700145,0,-1
a,passive,affine,5.0,100,0.0,9057473,226,0.999999,0.999999,3459.413420999454,0,-1
a,passive,affine,5.0,100,0.0,9057473,227,0.999999,0.999999,3456.108282572906,0,-1
a,passive,affine,5.0,100,0.0,9057473,228,0.4871162365022659,0.9995909072116691,3464.0479289330824,0,-1
a,passive,affine,5.0,100,0.0,9057473,229,0.8971380316954154,0.9973403279904324,3472.588240926308,0,-1
a,passive,affine,5.0,100,0.0,9057473,230,0.999999,0.9999688758886732,3469.997812924757,0,-1
a,passive,affine,5.0,100,0.0,9057473,231,-0.9954765557522807,0.9999116709673529,3450.493404236662,1,296
a,passive,affine,5.0,100,0.0,9057473,232,-0.7818730189609352,0.9971165015773492,3459.5865044154384,1,274
a,passive,affine,5.0,100,0.0,9057473,233,0.999999,0.9999768721696991,3463.8837002149853,0,-1
a,passive,affine,5.0,100,0.0,9057473,234,0.9998754647935905,0.999999,3341.815745416483,0,-1
a,passive,affine,5.0,100,0.0,9057473,235,-0.9922917670286406,0.8985097394306648,3468.6979224983606,1,278
a,passive,affine,5.0,100,0.0,9057473,236,0.9054592563478054,0.9999086960206708,3464.7546638899585,0,-1
a,passive,affine,5.0,100,0.0,9057473,237,-0.9995396022556797,0.9872489438404792,3428.61457757471,1,406
a,passive,affine,5.0,100,0.0,9057473,238,0.999999,0.9934655023492648,3476.9154676089584,0,-1
a,passive,affine,5.0,100,0.0,9057473,239,-0.9702359460441462,0.9998759202252988,3470.674819797239,1,271
a,passive,affine,5.0,100,0.0,9057473,240,0.999999,0.9999025493826417,3478.4854865428383,0,-1
a,passive,affine,5.0,100,0.0,9057473,241,0.999999,0.999999,3478.3681790400215,0,-1
a,passive,affine,5.0,100,0.0,9057473,242,0.6809700396933394,0.9965811022798947,3451.416754443285,0,-1
a,passive,affine,5.0,100,0.0,9057473,243,0.9898976758884545,0.999999,3472.7664683430994,0,-1
a,passive,affine,5.0,100,0.0,9057473,244,0.999999,0.999999,3452.4530936298784,0,-1
a,passive,affine,5.0,100,0.0,9057473,245,0.999312253984981,0.9982845824652624,3476.584358098666,0,-1
a,passive,affine,5.0,100,0.0,9057473,246,0.9943063607205355,0.9998178152211257,3448.6438397407123,0,-1
a,passive,affine,5.0,100,0.0,9057473,247,0.96600993594242,0.9819123930746274,3445.1335662441697,0,-1
a,passive,affine,5.0,100,0.0,9057473,248,-0.8493372536532946,0.9999294453511097,3434.481378921562,1,298
a,passive,affine,5.0,100,0.0,9057473,249,0.9913813115102271,0.999999,3460.9186608143186,0,-1
a,passive,affine,5.0,100,0.0,9057473,250,0.9999432607940727,0.9776679444190132,3443.8704865142913,0,-1
a,passive,affine,5.0,100,0.0,9057473,251,-0.9994196866006642,-0.6508642955217487,0.0,1,272
a,passive,affine,5.0,100,0.0,9057473,252,0.9951699260236112,0.9999156796208232,3475.0126833896243,0,-1
a,passive,affine,5.0,100,0.0,9057473,253,0.999999,0.9997099800402678,3470.469315291166,0,-1
a,passive,affine,5.0,100,0.0,9057473,254,0.9550810537657153,0.9998844588720128,3469.2586620945285,0,-1
a,passive,affine,5.0,100,0.0,9057473,255,0.9998699810451629,0.999999,3472.0702629422876,0,-1
a,passive,affine,5.0,100,0.0,9057473,256,0.999999,0.997663177897979,3437.406584434086,0,-1
a,passive,affine,5.0,100,0.0,9057473,257,0.999999,0.9989628476213749,3483.173069917186,0,-1
a,passive,affine,5.0,100,0.0,9057473,258,-0.9894152843786869,0.9992030292576549,3461.4623398683952,1,282
a,passive,affine,5.0,100,0.0,9057473,259,0.9101767271042566,0.9983301213918595,3475.170202215203,0,-1
a,passive,affine,5.0,100,0.0,9057473,260,-0.9951800878373033,0.999999,3434.9362384080437,1,323
a,passive,affine,5.0,100,0.0,9057473,261,0.9999408470058349,0.9953192023238283,3407.7157560975347,0,-1
a,passive,affine,5.0,100,0.0,9057473,262,0.9998654511808492,0.969882579257208,3454.9395231114136,0,-1
a,passive,affine,5.0,100,0.0,9057473,263,0.9868381734256003,0.999999,3471.391350878776,0,-1
a,passive,affine,5.0,100,0.0,9057473,264,0.9991446297640288,0.7046105205068884,3410.5921995225744,0,-1
a,passive,affine,5.0,100,0.0,9057473,265,0.9999487712608626,0.9987926552399922,3475.5967751266035,0,-1
a,passive,affine,5.0,100,0.0,9057473,266,0.567620836651079,0.999999,3404.5801876413707,0,-1
a,passive,affine,5.0,100,0.0,9057473,267,-0.9995523722087323,0.999999,3470.3908582414006,1,288
a,passive,affine,5.0,100,0.0,9057473,268,-0.9993395045187949,0.999999,2086.6525694328952,1,277
a,passive,affine,5.0,100,0.0,9057473,269,0.9951341606157175,0.999999,3468.4698158362135,0,-1
a,passive,affine,5.0,100,0.0,9057473,270,0.9916170420639655,0.999999,3475.715918123582,0,-1
a,passive,affine,5.0,100,0.0,9057473,271,0.999999,0.9978474978623417,3464.8980254042876,0,-1
a,passive,affine,5.0,100,0.0,9057473,272,0.7894649384141208,0.999999,3483.122242336865,0,-1
a,passive,affine,5.0,100,0.0,9057473,273,0.999999,0.999999,3457.8794813770874,0,-1
a,passive,affine,5.0,100,0.0,9057473,274,0.999999,0.9975360958955416,3472.9334707222392,0,-1
a,passive,affine,5.0,100,0.0,9057473,275,0.999999,0.980606675483257,3445.2075212438876,0,-1
a,passive,affine,5.0,100,0.0,9057473,276,-0.9877666955407107,0.999999,3456.5841537889883,1,277
a,passive,affine,5.0,100,0.0,9057473,277,-0.999340935574735,-0.5409688831897047,0.0,1,288
a,passive,affine,5.0,100,0.0,9057473,278,0.9999129651695197,0.9992698959561116,3459.6177411394474,0,-1
a,passive,affine,5.0,100,0.0,9057473,279,0.9997559594378448,0.9984034762781712,3448.8201596497893,0,-1
a,passive,affine,5.0,100,0.0,9057473,280,-0.999999,-0.996137245965116,0.0,1,283
a,passive,affine,5.0,100,0.0,9057473,281,0.8702881253337654,0.999999,3464.5681805815107,0,-1
a,passive,affine,5.0,100,0.0,9057473,282,-0.9993281384232832,0.9998838957015442,3425.9527742316186,1,324
a,passive,affine,5.0,100,0.0,9057473,283,0.9991540895496863,0.9905528979707159,3401.2504320090566,0,-1
a,passive,affine,5.0,100,0.0,9057473,284,0.9999982514173963,0.9762892234615048,3415.7025688998992,0,-1
a,passive,affine,5.0,100,0.0,9057473,285,0.999999,0.9980696924905211,3465.375314574193,0,-1
a,passive,affine,5.0,100,0.0,9057473,286,0.999999,0.999230487690352,3448.7498110909787,0,-1
a,passive,affine,5.0,100,0.0,9057473,287,0.9999486432163364,0.9420539720271578,3442.206993425579,0,-1
a,passive,affine,5.0,100,0.0,9057473,288,-0.9826487513949226,0.999999,3445.5518725659044,1,283
a,passive,affine,5.0,100,0.0,9057473,289,0.999851646059213,0.7330941915721048,3466.549375091109,1,273
a,passive,affine,5.0,100,0.0,9057473,290,-0.9965351320896441,0.999999,3469.315819008353,1,303
a,passive,affine,5.0,100,0.0,9057473,291,0.9999633262479107,0.9997612941199117,3462.8904590844386,0,-1
a,passive,affine,5.0,100,0.0,9057473,292,-0.9170339447537319,0.9996730702510783,3481.500642730624,1,354
a,passive,affine,5.0,100,0.0,9057473,293,0.9981379437155589,0.8628507145347297,3461.352464806073,0,-1
a,passive,affine,5.0,100,0.0,9057473,294,0.9185621738792317,0.9972907526414276,3468.281912894866,0,-1
a,passive,affine,5.0,100,0.0,9057473,295,0.9876974531706034,0.999999,3480.633751633199,0,-1
a,passive,affine,5.0,100,0.0,9057473,296,0.999999,0.8478102317645232,3477.450805184586,0,-1
a,passive,affine,5.0,100,0.0,9057473,297,0.9982699240035972,0.9595667813876502,3468.622878668515,0,-1
a,passive,affine,5.0,100,0.0,9057473,298,0.999291819108073,0.5601590499612041,3353.1435803030763,0,-1
a,passive,affine,5.0,100,0.0,9057473,299,0.999999,0.999999,3466.9242110005225,0,-1
a,passive,affine,5.0,100,0.0,9057473,300,0.9944214268503043,0.946687118428988,3425.578979958828,0,-1
a,passive,affine,5.0,100,0.0,9057473,301,0.9998695863864805,0.9999953915202591,3477.070230784151,0,-1
a,passive,affine,5.0,100,0.0,9057473,302,0.999999,0.9999910333644821,3477.765383960706,0,-1
a,passive,affine,5.0,100,0.0,9057473,303,-0.993463039899301,0.999999,3468.342745870859,1,264
a,passive,affine,5.0,100,0.0,9057473,304,0.999999,0.9999867345936427,3459.8387771366984,0,-1
a,passive,affine,5.0,100,0.0,9057473,305,0.999999,0.6696909167709074,3396.1714853935005,0,-1
a,passive,affine,5.0,100,0.0,9057473,306,0.9996813833244478,0.999999,3460.9702835788853,0,-1
a,passive,affine,5.0,100,0.0,9057473,307,0.9377990697391141,0.9736020624570101,3463.8371341060947,0,-1
a,passive,affine,5.0,100,0.0,9057473,308,0.999999,0.9076743907567565,3435.3890523226496,0,-1
a,passive,affine,5.0,100,0.0,9057473,309,0.999999,0.9999915544101005,3459.1992511168355,0,-1
a,passive,affine,5.0,100,0.0,9057473,310,0.999999,0.9714391712312015,3474.8979821245352,0,-1
a,passive,affine,5.0,100,0.0,9057473,311,-0.999999,0.999999,3461.618520310176,1,296
a,passive,affine,5.0,100,0.0,9057473,312,-0.962274930854324,0.9999555419234742,3476.1307928108304,1,296
a,passive,affine,5.0,100,0.0,9057473,313,0.999999,0.9965208880799368,3473.5324824141126,0,-1
a,passive,affine,5.0,100,0.0,9057473,314,0.999999,0.999999,3469.2506782692617,0,-1
a,passive,affine,5.0,100,0.0,9057473,315,0.99976592574744,0.9999588612249575,3461.9857516827246,0,-1
a,passive,affine,5.0,100,0.0,9057473,316,0.999999,0.999999,3477.8441772717524,0,-1
a,passive,affine,5.0,100,0.0,9057473,317,0.999999,0.999999,3460.608804162433,0,-1
a,passive,affine,5.0,100,0.0,9057473,318,0.999999,0.9998696529926092,3458.0492537348255,0,-1
a,passive,affine,5.0,100,0.0,9057473,319,0.9996630667934734,0.999999,3477.8633819581482,0,-1
a,passive,affine,5.0,100,0.0,9057473,320,0.9998098684059664,0.9999763909512468,3438.7798706336253,0,-1
a,passive,affine,5.0,100,0.0,9057473,321,-0.9915539788704567,0.9966996969313782,3405.0018593471573,1,284
a,passive,affine,5.0,100,0.0,9057473,322,-0.9994583309909131,0.999999,3468.8785252653624,1,283
a,passive,affine,5.0,100,0.0,9057473,323,0.909261518753822,0.999999,3469.488496321297,0,-1
a,passive,affine,5.0,100,0.0,9057473,324,0.997626830677175,0.9838409256085264,3429.1547018516276,0,-1
a,passive,affine,5.0,100,0.0,9057473,325,-0.9137263345984705,-0.9991151438610822,0.0,1,511
a,passive,affine,5.0,100,0.0,9057473,326,0.9998518558943745,0.999999,3468.120452607319,0,-1
a,passive,affine,5.0,100,0.0,9057473,327,0.999999,0.9970020313279156,3469.0210851944967,0,-1
a,passive,affine,5.0,100,0.0,9057473,328,0.999980574580126,0.9999869773245885,3464.5735987817643,0,-1
a,passive,affine,5.0,100,0.0,9057473,329,0.999999,0.999999,3476.483753353321,0,-1
a,passive,affine,5.0,100,0.0,9057473,330,0.999999,0.9996467236276915,3468.92262513761,0,-1
a,passive,affine,5.0,100,0.0,9057473,331,0.9985535810363145,0.999999,3470.0263655523554,0,-1
a,passive,affine,5.0,100,0.0,9057473,332,0.9980056536549873,0.9997260527471172,3449.7729817846393,0,-1
a,passive,affine,5.0,100,0.0,9057473,333,-0.9993644158822252,0.999999,3468.6254868531432,1,291
a,passive,affine,5.0,100,0.0,9057473,334,0.9899074910817898,0.999999,3452.5924720364956,0,-1
a,passive,affine,5.0,100,0.0,9057473,335,0.99993403077583,0.999999,3454.868516663269,0,-1
a,passive,affine,5.0,100,0.0,9057473,336,0.999999,0.999999,3475.172532732213,0,-1
a,passive,affine,5.0,100,0.0,9057473,337,0.999999,0.9967986170163367,3462.01392076514,0,-1
a,passive,affine,5.0,100,0.0,9057473,338,0.999999,0.999999,3457.796762058141,0,-1
a,passive,affine,5.0,100,0.0,9057473,339,0.996249144108489,0.999999,3468.3382949794354,0,-1
a,passive,affine,5.0,100,0.0,9057473,340,0.999999,0.999999,3473.5673131837298,0,-1
a,passive,affine,5.0,100,0.0,9057473,341,0.9999896898168108,0.4830883437195551,3464.234489052616,0,-1
a,passive,affine,5.0,100,0.0,9057473,342,0.9970443297851994,0.9997912145837455,3448.9310597452477,0,-1
a,passive,affine,5.0,100,0.0,9057473,343,0.9976920521725747,0.9761542752726573,3466.91279595357,0,-1
a,passive,affine,5.0,100,0.0,9057473,344,0.9999151155258551,0.999999,3464.0320524746794,0,-1
a,passive,affine,5.0,100,0.0,9057473,345,0.999999,0.9998929644781995,3456.576379993029,0,-1
a,passive,affine,5.0,100,0.0,9057473,346,0.9956978466925233,0.9821532606790744,3476.4565746218127,0,-1
a,passive,affine,5.0,100,0.0,9057473,347,0.9994085196310398,0.9998032194706861,3472.4386022105937,0,-1
a,passive,affine,5.0,100,0.0,9057473,348,0.9987229518205946,0.9994819560544956,3472.61805802325,1,294
a,passive,affine,5.0,100,0.0,9057473,349,-0.999999,0.999862092222759,3472.6146978481693,1,300
a,passive,affine,5.0,100,0.0,9057473,350,0.9999541969283111,0.999999,3481.5794111472305,0,-1
a,passive,affine,5.0,100,0.0,9057473,351,0.9999658758526497,0.9900674141909253,3476.6479232424426,0,-1
a,passive,affine,5.0,100,0.0,9057473,352,0.9998808916516395,0.999999,3408.689573555678,0,-1
a,passive,affine,5.0,100,0.0,9057473,353,0.8403737895866383,0.9975896500576731,3462.1497624040935,0,-1
a,passive,affine,5.0,100,0.0,9057473,354,0.7513782933805735,0.999999,3439.74317563293,0,-1
a,passive,affine,5.0,100,0.0,9057473,355,0.9299724011531592,0.9984278023861418,3424.640502539966,0,-1
a,passive,affine,5.0,100,0.0,9057473,356,0.9992281359728966,0.999999,3448.065682624791,0,-1
a,passive,affine,5.0,100,0.0,9057473,357,-0.999999,0.999999,3427.8428355150786,1,272
a,passive,affine,5.0,100,0.0,9057473,358,-0.9963362772155991,0.999999,3470.3477169270113,1,293
a,passive,affine,5.0,100,0.0,9057473,359,0.999999,0.9077771458353368,3455.5612084973473,0,-1
a,passive,affine,5.0,100,0.0,9057473,360,-0.999999,0.9989551266077201,3485.8584730089997,1,306
a,passive,affine,5.0,100,0.0,9057473,361,0.999999,0.9998393555967708,3463.2382275048667,0,-1
a,passive,affine,5.0,100,0.0,9057473,362,0.9884529107064957,0.8850133242809971,3442.8433756508393,0,-1
a,passive,affine,5.0,100,0.0,9057473,363,0.9888276829586267,0.996195987844722,3477.161523275625,0,-1
a,passive,affine,5.0,100,0.0,9057473,364,0.999999,0.999118693267019,3464.4580919257446,0,-1
a,passive,affine,5.0,100,0.0,9057473,365,-0.7684569841056716,0.9695518670240652,3471.9476554510866,1,266
a,passive,affine,5.0,100,0.0,9057473,366,0.9981056810381997,0.999999,3467.60586774359,0,-1
a,passive,affine,5.0,100,0.0,9057473,367,0.999999,0.999999,3347.270585248425,0,-1
a,passive,affine,5.0,100,0.0,9057473,368,-0.9767909414539517,0.9562644846394168,3469.787647567997,1,275
a,passive,affine,5.0,100,0.0,9057473,369,0.9700434256419019,0.9318902123909999,3460.6790989122346,0,-1
a,passive,affine,5.0,100,0.0,9057473,370,0.9999002838967167,0.9995680498879861,3469.94957443895,0,-1
a,passive,affine,5.0,100,0.0,9057473,371,0.9957491480799089,0.999999,3477.6450241789653,0,-1
a,passive,affine,5.0,100,0.0,9057473,372,0.999999,0.973963040652983,3472.1473622797503,0,-1
a,passive,affine,5.0,100,0.0,9057473,373,0.999999,0.9999979524184059,3471.6644624289715,0,-1
a,passive,affine,5.0,100,0.0,9057473,374,0.999999,0.9999242961882546,3438.2667585928525,0,-1
a,passive,affine,5.0,100,0.0,9057473,375,0.999999,0.994505625365494,3468.3878361254715,0,-1
a,passive,affine,5.0,100,0.0,9057473,376,0.9968029804114567,0.9820642639234803,3455.501610264944,0,-1
a,passive,affine,5.0,100,0.0,9057473,377,-0.9991327252508142,0.9917916584084925,3474.810389112791,1,317
a,passive,affine,5.0,100,0.0,9057473,378,0.9996165960509078,0.998891886086896,3474.986014570721,0,-1
a,passive,affine,5.0,100,0.0,9057473,379,0.9999787456439154,0.9963224341010193,3459.0611460565847,0,-1
a,passive,affine,5.0,100,0.0,9057473,380,0.999999,0.7641254496792642,3443.0525747227102,0,-1
a,passive,affine,5.0,100,0.0,9057473,381,0.999999,0.999999,3453.8020130912378,0,-1
a,passive,affine,5.0,100,0.0,9057473,382,0.914533182755434,0.999999,3442.3975523545337,0,-1
a,passive,affine,5.0,100,0.0,9057473,383,0.999999,0.999889910486353,3467.0699765994514,0,-1
a,passive,affine,5.0,100,0.0,9057473,384,-0.9989825339767262,0.999999,2981.8909512632704,1,413
a,passive,affine,5.0,100,0.0,9057473,385,0.9999557411901566,0.999999,3462.5048242026764,0,-1
a,passive,affine,5.0,100,0.0,9057473,386,0.8572787300686189,0.999999,3440.911514189506,0,-1
a,passive,affine,5.0,100,0.0,9057473,387,-0.9891296401995116,0.999999,3475.144593709222,1,283
a,passive,affine,5.0,100,0.0,9057473,388,0.999999,0.9998343684047505,3449.6912041131027,0,-1
a,passive,affine,5.0,100,0.0,9057473,389,-0.42069264415998675,0.999999,3466.2363941340313,1,282
a,passive,affine,5.0,100,0.0,9057473,390,0.9880384966255831,0.999999,3470.500648713111,0,-1
a,passive,affine,5.0,100,0.0,9057473,391,0.9988713102881991,0.999999,3480.260246170761,0,-1
a,passive,affine,5.0,100,0.0,9057473,392,0.99972970601082,0.9975599961138787,3448.944841570333,0,-1
a,passive,affine,5.0,100,0.0,9057473,393,0.999999,0.999999,3470.705012795069,0,-1
a,passive,affine,5.0,100,0.0,9057473,394,0.94757782481727,0.999999,3477.992563431455,0,-1
a,passive,affine,5.0,100,0.0,9057473,395,0.999999,0.999999,3471.882662179932,0,-1
a,passive,affine,5.0,100,0.0,9057473,396,0.999999,0.9809016898133389,3454.7189588885503,0,-1
a,passive,affine,5.0,100,0.0,9057473,397,-0.9855243658875908,0.9776425221168673,3435.0881050900102,1,302
a,passive,affine,5.0,100,0.0,9057473,398,0.999999,0.999999,3430.9883994338666,0,-1
a,passive,affine,5.0,100,0.0,9057473,399,0.999931120719019,0.9992445394073926,3420.6060491552953,0,-1
a,passive,affine,5.0,100,0.0,9057473,400,0.999999,0.9992281084387871,3461.7745591291896,0,-1
a,passive,affine,5.0,100,0.0,9057473,401,0.9806748619428624,0.973815315491947,3415.0390169018365,0,-1
a,passive,affine,5.0,100,0.0,9057473,402,0.999999,0.9992017862114886,3450.428683521302,0,-1
a,passive,affine,5.0,100,0.0,9057473,403,0.999999,0.999999,3469.364395595572,0,-1
a,passive,affine,5.0,100,0.0,9057473,404,0.992196205971954,0.9885019751241216,3473.1890275317887,0,-1
a,passive,affine,5.0,100,0.0,9057473,405,0.9997617218201922,0.6690098308027013,3459.4187954172376,0,-1
a,passive,affine,5.0,100,0.0,9057473,406,0.9997565646363608,0.932858020065401,3460.224546452642,0,-1
a,passive,affine,5.0,100,0.0,9057473,407,0.9976837103617416,0.9999510211127876,3438.051889684391,0,-1
a,passive,affine,5.0,100,0.0,9057473,408,0.9918179813056547,0.999999,3449.4076679004684,0,-1
a,passive,affine,5.0,100,0.0,9057473,409,-0.9229348757058298,0.9995054788164687,3463.5576663618394,1,302
a,passive,affine,5.0,100,0.0,9057473,410,-0.8731825725330564,0.9484492513747574,3457.665985635723,1,316
a,passive,affine,5.0,100,0.0,9057473,411,0.5896499583706533,0.9998211387653184,3471.086051249585,0,-1
a,passive,affine,5.0,100,0.0,9057473,412,-0.999999,0.9809072709407847,3441.3992539913866,1,292
a,passive,affine,5.0,100,0.0,9057473,413,0.9996401693785,0.996492743092001,3471.4265852249628,0,-1
a,passive,affine,5.0,100,0.0,9057473,414,0.9999861836692856,0.9559053184273374,3479.9752034942176,0,-1
a,passive,affine,5.0,100,0.0,9057473,415,0.999999,0.951454926436287,3471.53003934508,0,-1
a,passive,affine,5.0,100,0.0,9057473,416,-0.9966613831265797,0.9675715388705326,3451.41115465719,1,306
a,passive,affine,5.0,100,0.0,9057473,417,-0.9991604732401372,0.987681046988703,3462.820124767639,1,301
a,passive,affine,5.0,100,0.0,9057473,418,0.999999,0.99983161820048,3463.223441814499,0,-1
a,passive,affine,5.0,100,0.0,9057473,419,0.9999925759469771,0.999999,3428.302230516582,0,-1
a,passive,affine,5.0,100,0.0,9057473,420,-0.8213757772857938,0.999999,3447.736716438121,1,344
a,passive,affine,5.0,100,0.0,9057473,421,0.999999,0.999999,3442.585972624188,0,-1
a,passive,affine,5.0,100,0.0,9057473,422,-0.9995420896421268,0.9999825033239491,3423.2391696370964,1,297
a,passive,affine,5.0,100,0.0,9057473,423,0.995873480783323,0.9947515996734858,3468.607658180432,0,-1
a,passive,affine,5.0,100,0.0,9057473,424,0.999999,0.999793750978536,3471.16869425718,0,-1
a,passive,affine,5.0,100,0.0,9057473,425,-0.9995421223430286,-0.9991608119911445,0.0,1,302
a,passive,affine,5.0,100,0.0,9057473,426,0.999999,0.999911155293409,3461.5148724791898,0,-1
a,passive,affine,5.0,100,0.0,9057473,427,0.999999,0.999999,3459.557492665565,0,-1
a,passive,affine,5.0,100,0.0,9057473,428,0.9998998448867891,0.999999,3474.075332834139,0,-1
a,passive,affine,5.0,100,0.0,9057473,429,0.9999613291637695,0.999999,3478.423458924374,0,-1
a,passive,affine,5.0,100,0.0,9057473,430,-0.988180690956189,0.9999690955918622,3470.363146553356,1,299
a,passive,affine,5.0,100,0.0,9057473,431,-0.9990443175001857,0.9998330303408308,3454.962418054466,1,295
a,passive,affine,5.0,100,0.0,9057473,432,0.7971846733067338,0.99479454609922,3481.3896676555364,0,-1
a,passive,affine,5.0,100,0.0,9057473,433,0.999999,0.980591213709003,3455.4808931872385,0,-1
a,passive,affine,5.0,100,0.0,9057473,434,0.999999,0.999999,3482.562979774817,0,-1
a,passive,affine,5.0,100,0.0,9057473,435,-0.9897722382695732,0.9985329386684025,3463.8736462051083,1,274
a,passive,affine,5.0,100,0.0,9057473,436,0.999999,0.8975494078070739,3462.1265282965946,0,-1
a,passive,affine,5.0,100,0.0,9057473,437,0.9993827225983728,0.999999,3471.958812259302,0,-1
a,passive,affine,5.0,100,0.0,9057473,438,0.999999,0.999999,3443.1265370859296,1,329
a,passive,affine,5.0,100,0.0,9057473,439,-0.9993010682709818,0.999999,3475.2886533117967,1,276
a,passive,affine,5.0,100,0.0,9057473,440,-0.9869114807077616,0.9763227261153394,3459.3831291266856,1,298
a,passive,affine,5.0,100,0.0,9057473,441,-0.999298095145099,0.999999,3473.3783799972025,1,274
a,passive,affine,5.0,100,0.0,9057473,442,-0.9992322675243542,0.999999,3461.4764316344954,1,302
a,passive,affine,5.0,100,0.0,9057473,443,0.999888319170194,0.9990648666620503,3474.667750382979,0,-1
a,passive,affine,5.0,100,0.0,9057473,444,-0.9992600511729728,-0.999999,0.0,1,302
a,passive,affine,5.0,100,0.0,9057473,445,0.999999,0.9988105403395364,3463.8793342947674,0,-1
a,passive,affine,5.0,100,0.0,9057473,446,0.9998732537608022,0.999895037841441,3477.035253137229,0,-1
a,passive,affine,5.0,100,0.0,9057473,447,0.9998348895646662,0.999999,3483.169534864487,0,-1
a,passive,affine,5.0,100,0.0,9057473,448,-0.9972436193828966,0.999999,3469.024004505097,1,378
a,passive,affine,5.0,100,0.0,9057473,449,0.999999,0.999999,3460.4007325687394,0,-1
a,passive,affine,5.0,100,0.0,9057473,450,0.999999,0.9837025765555661,3462.662629929944,0,-1
a,passive,affine,5.0,100,0.0,9057473,451,0.999999,0.9892401498752192,3483.863299460357,0,-1
a,passive,affine,5.0,100,0.0,9057473,452,-0.9994037002964294,0.9999246462535581,1209.1943417853315,1,305
a,passive,affine,5.0,100,0.0,9057473,453,-0.999999,0.9996151690682605,3462.092743060564,1,276
a,passive,affine,5.0,100,0.0,9057473,454,0.9999448789322105,0.9998683252605188,3438.2008260907146,0,-1
a,passive,affine,5.0,100,0.0,9057473,455,-0.9727786199663954,0.999999,3463.1686976235746,1,271
a,passive,affine,5.0,100,0.0,9057473,456,0.9999883095151325,0.999999,3469.839729615268,0,-1
a,passive,affine,5.0,100,0.0,9057473,457,0.9999492511544774,0.9826340996827762,3478.20750401827,0,-1
a,passive,affine,5.0,100,0.0,9057473,458,0.9999189845469926,0.999999,3427.5977374335357,0,-1
a,passive,affine,5.0,100,0.0,9057473,459,0.999999,0.999999,3471.2196879391126,0,-1
a,passive,affine,5.0,100,0.0,9057473,460,0.999999,0.999999,3448.444091410981,0,-1
a,passive,affine,5.0,100,0.0,9057473,461,0.9957201534023548,0.999999,3478.8919512932084,0,-1
a,passive,affine,5.0,100,0.0,9057473,462,0.999999,0.9999578249236827,3454.4229525991946,0,-1
a,passive,affine,5.0,100,0.0,9057473,463,0.999963679342526,0.9997211798751846,3467.370613496233,0,-1
a,passive,affine,5.0,100,0.0,9057473,464,-0.9993835231800686,0.9983200368910969,3436.7485912853217,1,320
a,passive,affine,5.0,100,0.0,9057473,465,0.999999,0.9997417284120005,3422.9754229596915,0,-1
a,passive,affine,5.0,100,0.0,9057473,466,-0.99761091486672,0.999999,3178.7247850902527,1,272
a,passive,affine,5.0,100,0.0,9057473,467,0.9995514580671752,0.9946151231580467,3415.94734119879,0,-1
a,passive,affine,5.0,100,0.0,9057473,468,0.9188464354370101,0.996609257050402,3448.7733710144857,0,-1
a,passive,affine,5.0,100,0.0,9057473,469,0.99989509955869,0.999999,3476.048167304954,1,302
a,passive,affine,5.0,100,0.0,9057473,470,-0.980122019426787,0.9804932170549017,3475.137669226566,1,297
a,passive,affine,5.0,100,0.0,9057473,471,0.999999,0.9997161918073338,3474.157125395099,0,-1
a,passive,affine,5.0,100,0.0,9057473,472,0.999999,0.999999,3477.3472463532585,0,-1
a,passive,affine,5.0,100,0.0,9057473,473,0.7878810281641206,0.9971574731973695,3463.2748900214715,0,-1
a,passive,affine,5.0,100,0.0,9057473,474,0.999999,0.9951207503578032,3481.7446753787135,0,-1
a,passive,affine,5.0,100,0.0,9057473,475,-0.9992939795443085,0.999999,3478.007701668369,1,297
a,passive,affine,5.0,100,0.0,9057473,476,0.9999440232679183,0.999999,3410.560835313816,0,-1
a,passive,affine,5.0,100,0.0,9057473,477,0.929535221450952,0.874347301137505,3439.2998952532785,0,-1
a,passive,affine,5.0,100,0.0,9057473,478,0.9982566730646562,0.999999,3472.4003687679196,0,-1
a,passive,affine,5.0,100,0.0,9057473,479,0.999999,0.990709942087189,3461.209987260783,0,-1
a,passive,affine,5.0,100,0.0,9057473,480,-0.999999,-0.999999,0.0,1,289
a,passive,affine,5.0,100,0.0,9057473,481,0.999999,0.999999,3455.1594392655197,0,-1
a,passive,affine,5.0,100,0.0,9057473,482,0.999999,0.910133002588116,3468.086017208688,0,-1
a,passive,affine,5.0,100,0.0,9057473,483,0.999999,0.999999,3440.812976785916,0,-1
a,passive,affine,5.0,100,0.0,9057473,484,-0.999999,0.9975261732761542,3449.2472976165714,1,273
a,passive,affine,5.0,100,0.0,9057473,485,-0.9994133262160718,-0.9993034743001755,0.0,1,282
a,passive,affine,5.0,100,0.0,9057473,486,-0.9995583982364846,0.999999,3477.1870998428426,1,270
a,passive,affine,5.0,100,0.0,9057473,487,0.9997631873107096,0.9998084160499534,3478.1274090963293,0,-1
a,passive,affine,5.0,100,0.0,9057473,488,0.999999,0.999999,3469.832264438824,0,-1
a,passive,affine,5.0,100,0.0,9057473,489,0.999999,0.9957088659317983,3468.376305580961,0,-1
a,passive,affine,5.0,100,0.0,9057473,490,0.9999146979898803,0.999999,3456.4061760403256,0,-1
a,passive,affine,5.0,100,0.0,9057473,491,-0.9117464073926662,0.999999,3474.6409471957886,1,294
a,passive,affine,5.0,100,0.0,9057473,492,0.9076101310797712,0.999999,3469.3752223997176,0,-1
a,passive,affine,5.0,100,0.0,9057473,493,0.999999,0.999999,3463.151195285619,0,-1
a,passive,affine,5.0,100,0.0,9057473,494,0.9962609711573235,0.999999,3468.24691322279,1,297
a,passive,affine,5.0,100,0.0,9057473,495,0.9890034654886939,0.999999,3424.2339773384956,0,-1
a,passive,affine,5.0,100,0.0,9057473,496,0.9999920573594249,0.999999,3435.3263025995593,0,-1
a,passive,affine,5.0,100,0.0,9057473,497,0.999919024860936,0.999999,3457.168658245162,0,-1
a,passive,affine,5.0,100,0.0,9057473,498,0.9991308076857904,0.999999,3402.9312511484763,0,-1
a,passive,affine,5.0,100,0.0,9057473,499,-0.9995828128994009,0.9972608512617084,3458.6443442575155,1,282
a,passive,affine,5.0,100,0.0,9057473,500,-0.9885009204458921,0.999999,3482.2759265493873,1,324
a,passive,affine,5.0,100,0.0,9057473,501,0.9992036283478514,0.9997884378900541,3485.238183569807,0,-1
a,passive,affine,5.0,100,0.0,9057473,502,-0.999999,0.9988680564055094,3467.1394090054405,1,328
a,passive,affine,5.0,100,0.0,9057473,503,0.9999237642032658,0.999999,3432.77376508277,0,-1
a,passive,affine,5.0,100,0.0,9057473,504,0.9885794853412055,0.999999,3443.3286779108994,0,-1
a,passive,affine,5.0,100,0.0,9057473,505,-0.9748978929328938,-0.9360796172913137,0.0,1,275
a,passive,affine,5.0,100,0.0,9057473,506,0.999999,0.9804849180706704,3427.637728727152,0,-1
a,passive,affine,5.0,100,0.0,9057473,507,0.9985544770992598,0.999999,3454.466445770475,0,-1
a,passive,affine,5.0,100,0.0,9057473,508,-0.9994107969279421,-0.9996012580392246,0.0,1,291
a,passive,affine,5.0,100,0.0,9057473,509,0.8024612490400014,0.999922793528819,3441.9800030753427,0,-1
a,passive,affine,5.0,100,0.0,9057473,510,0.9504360976947591,0.9966702885305426,3485.4440760391026,0,-1
a,passive,affine,5.0,100,0.0,9057473,511,0.9987155017235627,0.999999,3467.6035973279227,0,-1
a,passive,affine,5.0,100,0.0,9057473,512,0.9998438712758366,0.9842148665681564,3468.3252598557774,0,-1
a,passive,affine,5.0,100,0.0,9057473,513,0.9592065670180608,0.999999,3479.616517773315,0,-1
a,passive,affine,5.0,100,0.0,9057473,514,0.999999,0.999999,3462.5996919880135,0,-1
a,passive,affine,5.0,100,0.0,9057473,515,0.999999,0.999999,3470.405834353925,0,-1
a,passive,affine,5.0,100,0.0,9057473,516,0.9971782589107545,0.999999,3476.180201977697,0,-1
a,passive,affine,5.0,100,0.0,9057473,517,0.999999,0.999999,3443.3288366853476,0,-1
a,passive,affine,5.0,100,0.0,9057473,518,0.999999,0.9702423041364977,3452.2814421862076,0,-1
a,passive,affine,5.0,100,0.0,9057473,519,0.999999,0.999999,3465.840367388446,1,304
a,passive,affine,5.0,100,0.0,9057473,520,-0.8944805278308132,0.9836967325929009,3455.5184825820393,1,306
a,passive,affine,5.0,100,0.0,9057473,521,-0.9991995885494528,0.968091511233102,3478.9510508012295,1,269
a,passive,affine,5.0,100,0.0,9057473,522,0.9999259600888502,0.990087609732668,3471.993967202377,0,-1
a,passive,affine,5.0,100,0.0,9057473,523,0.9999292223654019,0.9997610636914087,3474.9543837453407,0,-1
a,passive,affine,5.0,100,0.0,9057473,524,0.9990765332554683,0.9998998067041305,3442.0886421801074,0,-1
a,passive,affine,5.0,100,0.0,9057473,525,-0.9317490238081413,0.9914231150420062,3388.037239082718,1,329
a,passive,affine,5.0,100,0.0,9057473,526,0.999999,0.999999,3458.0799845409165,0,-1
a,passive,affine,5.0,100,0.0,9057473,527,0.999958762802326,0.999999,3421.8520864278344,0,-1
a,passive,affine,5.0,100,0.0,9057473,528,0.9993839360002665,0.9996691753026534,3479.512272890816,0,-1
a,passive,affine,5.0,100,0.0,9057473,529,0.9993466199260459,0.9940889509156349,3459.4611090451776,0,-1
a,passive,affine,5.0,100,0.0,9057473,530,0.999711007666945,0.9991126131658098,3447.7363825201364,0,-1
a,passive,affine,5.0,100,0.0,9057473,531,0.999886788636429,0.9956721182403713,3448.0906778226713,0,-1
a,passive,affine,5.0,100,0.0,9057473,532,-0.999136550698184,0.9998890505389636,3460.396438146454,1,327
a,passive,affine,5.0,100,0.0,9057473,533,0.999999,0.9775218906859116,3466.532575281499,0,-1
a,passive,affine,5.0,100,0.0,9057473,534,0.9191209866869342,0.9999975105159224,3456.7593838021826,0,-1
a,passive,affine,5.0,100,0.0,9057473,535,0.999999,0.999999,3475.354188849768,0,-1
a,passive,affine,5.0,100,0.0,9057473,536,0.9759598654841254,0.9999486000768956,3435.1480210135906,0,-1
a,passive,affine,5.0,100,0.0,9057473,537,-0.999999,0.999999,3398.0667513215294,1,306
a,passive,affine,5.0,100,0.0,9057473,538,0.9630130193469506,0.999999,3445.7026330443928,0,-1
a,passive,affine,5.0,100,0.0,9057473,539,0.999999,0.999999,3460.399416637609,0,-1
a,passive,affine,5.0,100,0.0,9057473,540,0.9998696705591451,0.9996719060621979,3467.950033587172,0,-1
a,passive,affine,5.0,100,0.0,9057473,541,0.9999182669631924,0.999999,3436.4323452926283,0,-1
a,passive,affine,5.0,100,0.0,9057473,542,0.999999,0.9954551143910363,3470.699383818528,0,-1
a,passive,affine,5.0,100,0.0,9057473,543,-0.9993612285394332,0.999999,3474.6930644120457,1,276
a,passive,affine,5.0,100,0.0,9057473,544,0.999999,0.999999,3474.5090529851755,0,-1
a,passive,affine,5.0,100,0.0,9057473,545,0.9999212684213824,0.999999,3452.0693615628606,0,-1
a,passive,affine,5.0,100,0.0,9057473,546,0.9999916472613206,0.9418946615372666,3466.5573900623904,0,-1
a,passive,affine,5.0,100,0.0,9057473,547,0.9928980673250187,0.999600364882,3439.0280227341286,0,-1
a,passive,affine,5.0,100,0.0,9057473,548,-0.9977140724671745,-0.9909775907573306,0.0,1,279
a,passive,affine,5.0,100,0.0,9057473,549,0.999999,0.9999404041802832,3477.9395208999777,0,-1
a,passive,affine,5.0,100,0.0,9057473,550,0.9768852284700795,0.9728628133944295,3459.7494821369046,0,-1
a,passive,affine,5.0,100,0.0,9057473,551,0.737117024324356,0.999999,3465.780829614742,0,-1
a,passive,affine,5.0,100,0.0,9057473,552,0.999999,0.9998208095100253,3479.820750046805,0,-1
a,passive,affine,5.0,100,0.0,9057473,553,0.999999,0.999999,3460.210389065376,0,-1
a,passive,affine,5.0,100,0.0,9057473,554,-0.999999,-0.9977327926341331,0.0,1,268
a,passive,affine,5.0,100,0.0,9057473,555,-0.998278701673937,0.999713689889752,3482.8251326756413,1,329
a,passive,affine,5.0,100,0.0,9057473,556,0.947929570546347,0.884737474660414,3449.8933799873053,0,-1
a,passive,affine,5.0,100,0.0,9057473,557,0.9999766359459331,0.999999,3458.1925653108415,0,-1
a,passive,affine,5.0,100,0.0,9057473,558,-0.9958815438853663,0.9186050693767704,3437.765858520476,1,280
a,passive,affine,5.0,100,0.0,9057473,559,0.9997778718738854,0.99995858698618,3469.6739244976684,0,-1
a,passive,affine,5.0,100,0.0,9057473,560,0.5821851135971136,0.9984899326497608,3464.5336779783465,0,-1
a,passive,affine,5.0,100,0.0,9057473,561,0.9998322038777596,0.999999,3459.766335740826,0,-1
a,passive,affine,5.0,100,0.0,9057473,562,0.999999,0.9992748166582273,3467.5084361908534,1,269
a,passive,affine,5.0,100,0.0,9057473,563,0.999999,0.9955160263812299,3467.754521385449,0,-1
a,passive,affine,5.0,100,0.0,9057473,564,0.9969034943467591,0.9999815165113045,3472.4480047964444,0,-1
a,passive,affine,5.0,100,0.0,9057473,565,-0.7855685805057391,0.9999359270228958,3473.4631220548836,1,314
a,passive,affine,5.0,100,0.0,9057473,566,0.994328701447533,0.9730165609460218,3467.7879848705315,0,-1
a,passive,affine,5.0,100,0.0,9057473,567,-0.9996637995768702,0.999999,3424.911107465248,1,304
a,passive,affine,5.0,100,0.0,9057473,568,0.9996302414137818,0.9999386640704768,3471.3104516753324,0,-1
a,passive,affine,5.0,100,0.0,9057473,569,0.9999399317536806,0.991739660466441,3454.909275277307,0,-1
a,passive,affine,5.0,100,0.0,9057473,570,0.999999,0.999999,3463.366320055055,0,-1
a,passive,affine,5.0,100,0.0,9057473,571,0.9994761382524588,0.9965713941784367,3480.791392793024,0,-1
a,passive,affine,5.0,100,0.0,9057473,572,-0.9966402206349885,-0.999999,0.0,1,285
a,passive,affine,5.0,100,0.0,9057473,573,0.7249084463037812,0.9955973701475581,3470.6778044135026,0,-1
a,passive,affine,5.0,100,0.0,9057473,574,0.9978870272265025,0.9998408842872396,3468.0685431938523,0,-1
a,passive,affine,5.0,100,0.0,9057473,575,0.9999850706067991,0.999999,3466.9422728039526,0,-1
a,passive,affine,5.0,100,0.0,9057473,576,0.999999,0.9980777195414318,3472.9859870602604,0,-1
a,passive,affine,5.0,100,0.0,9057473,577,0.999999,0.9998829129962882,3423.099694946928,0,-1
a,passive,affine,5.0,100,0.0,9057473,578,0.9570687946414475,0.9997772559670894,3483.46267114991,0,-1
a,passive,affine,5.0,100,0.0,9057473,579,-0.9992616464567329,-0.9994335340229121,0.0,1,268
a,passive,affine,5.0,100,0.0,9057473,580,0.9988205019203358,0.9653866762779866,3474.109347402019,0,-1
a,passive,affine,5.0,100,0.0,9057473,581,-0.9951694304435202,0.9994576544379812,3484.332679943191,1,283
a,passive,affine,5.0,100,0.0,9057473,582,0.999999,0.9996748372316084,3480.432018365126,0,-1
a,passive,affine,5.0,100,0.0,9057473,583,0.999999,0.999999,3463.3607174959548,0,-1
a,passive,affine,5.0,100,0.0,9057473,584,0.9882749918988301,0.9971987440131834,3474.856896186226,0,-1
a,passive,affine,5.0,100,0.0,9057473,585,-0.9991716954119746,-0.999999,0.0,1,291
a,passive,affine,5.0,100,0.0,9057473,586,0.9985906627931989,0.999845405715829,3434.4065681264965,0,-1
a,passive,affine,5.0,100,0.0,9057473,587,0.9982776788989898,0.9998262724059344,3464.3156839104595,0,-1
a,passive,affine,5.0,100,0.0,9057473,588,-0.9981896531096106,0.7105208193017621,3366.832634468483,1,342
a,passive,affine,5.0,100,0.0,9057473,589,-0.999999,-0.9993488179948641,0.0,1,298
a,passive,affine,5.0,100,0.0,9057473,590,0.9963003312962675,0.9955940977254509,3462.9839810380827,0,-1
a,passive,affine,5.0,100,0.0,9057473,591,0.9836339445969549,0.999999,3474.9245555095667,0,-1
a,passive,affine,5.0,100,0.0,9057473,592,-0.989240176990433,0.999999,3437.741569191279,1,302
a,passive,affine,5.0,100,0.0,9057473,593,-0.8302491450836225,0.999999,3448.848090562703,1,293
a,passive,affine,5.0,100,0.0,9057473,594,0.9986351511548633,0.9999865747619984,3470.672215780533,1,333
a,passive,affine,5.0,100,0.0,9057473,595,0.999999,0.999999,3454.0263141951677,0,-1
a,passive,affine,5.0,100,0.0,9057473,596,0.999999,0.9995089397580664,3432.799377762874,0,-1
a,passive,affine,5.0,100,0.0,9057473,597,0.999999,0.9886662663060973,3448.6019823341676,0,-1
a,passive,affine,5.0,100,0.0,9057473,598,-0.999202525285395,0.999999,3461.390540857157,1,299
a,passive,affine,5.0,100,0.0,9057473,599,0.999999,0.999999,3476.870781817471,0,-1
a,passive,affine,5.0,100,0.0,9057473,600,-0.999999,0.9998080094219205,3481.5085079295864,1,313
a,passive,affine,5.0,100,0.0,9057473,601,0.9960837186847952,0.9998453257642373,3471.2642743314373,0,-1
a,passive,affine,5.0,100,0.0,9057473,602,0.9999715201255149,0.9999613398446207,3480.2569331517584,0,-1
a,passive,affine,5.0,100,0.0,9057473,603,0.9999389053951926,0.8677457545285943,3428.6387905093798,0,-1
a,passive,affine,5.0,100,0.0,9057473,604,0.999999,0.999999,3479.6780190055974,0,-1
a,passive,affine,5.0,100,0.0,9057473,605,-0.9835040899721641,0.999999,3445.842976540659,1,293
a,passive,affine,5.0,100,0.0,9057473,606,0.9988513037458104,0.999999,3463.469095043206,0,-1
a,passive,affine,5.0,100,0.0,9057473,607,0.999999,0.999999,3465.8860935679118,0,-1
a,passive,affine,5.0,100,0.0,9057473,608,0.9995033383018652,0.9858234831850099,3446.51264341926,0,-1
a,passive,affine,5.0,100,0.0,9057473,609,0.9104562397913751,0.9998530972993835,3473.0171561482903,0,-1
a,passive,affine,5.0,100,0.0,9057473,610,-0.999999,0.9998985418927734,3459.312204307715,1,328
a,passive,affine,5.0,100,0.0,9057473,611,0.9940087614461443,0.999999,3446.2316471021754,0,-1
a,passive,affine,5.0,100,0.0,9057473,612,-0.9929021868984206,0.9920406211310918,3459.5343060086525,1,287
a,passive,affine,5.0,100,0.0,9057473,613,0.9113355273032635,0.9997305649401022,3439.6287105494107,0,-1
a,passive,affine,5.0,100,0.0,9057473,614,0.9254267010185537,0.9999795998209635,3460.7119965243724,0,-1
a,passive,affine,5.0,100,0.0,9057473,615,-0.991650455939013,0.999999,3473.4094635695374,1,324
a,passive,affine,5.0,100,0.0,9057473,616,0.9977399182218988,0.9998543745794889,3465.0693541537325,0,-1
a,passive,affine,5.0,100,0.0,9057473,617,-0.847076656528445,0.9964648636003951,3458.0655115043764,1,298
a,passive,affine,5.0,100,0.0,9057473,618,-0.9957301098774668,0.999999,3461.1361280424157,1,416
a,passive,affine,5.0,100,0.0,9057473,619,-0.36752803327539957,0.999999,3447.1339996768324,1,307
a,passive,affine,5.0,100,0.0,9057473,620,0.9998517540741096,0.999999,3467.0122640446716,0,-1
a,passive,affine,5.0,100,0.0,9057473,621,-0.999999,0.9997107313315404,1740.8518807643807,1,291
a,passive,affine,5.0,100,0.0,9057473,622,0.999999,0.9958275981073482,3465.7891603674893,0,-1
a,passive,affine,5.0,100,0.0,9057473,623,0.9980960927522782,0.999999,3454.9319723718972,0,-1
a,passive,affine,5.0,100,0.0,9057473,624,0.9939340519989311,0.9993521782014245,3463.5326958769815,0,-1
a,passive,affine,5.0,100,0.0,9057473,625,0.9989774485316343,0.9963422185753151,3483.6366052042054,0,-1
a,passive,affine,5.0,100,0.0,9057473,626,0.8290464197013443,0.9978467725467605,3456.3612554403458,0,-1
a,passive,affine,5.0,100,0.0,9057473,627,0.9244744217981471,0.9998638915201844,3486.695794382265,0,-1
a,passive,affine,5.0,100,0.0,9057473,628,-0.999307159495838,0.999999,3469.9374573931523,1,285
a,passive,affine,5.0,100,0.0,9057473,629,0.9999733563157412,0.9965543789137339,3476.541701256471,0,-1
a,passive,affine,5.0,100,0.0,9057473,630,-0.999999,0.9979557284557098,3473.227397404973,1,298
a,passive,affine,5.0,100,0.0,9057473,631,0.999999,0.999999,3433.0620130606035,0,-1
a,passive,affine,5.0,100,0.0,9057473,632,0.999999,0.9999884861794741,3449.3388757549505,0,-1
a,passive,affine,5.0,100,0.0,9057473,633,0.999999,0.9967041878512523,3475.1529362075366,0,-1
a,passive,affine,5.0,100,0.0,9057473,634,-0.9732097848901509,0.9981412072506898,3472.3588579114835,1,319
a,passive,affine,5.0,100,0.0,9057473,635,-0.9961177507635094,0.9919527884847377,3440.872948963161,1,372
a,passive,affine,5.0,100,0.0,9057473,636,0.9956499363440259,0.999999,3452.163036127238,0,-1
a,passive,affine,5.0,100,0.0,9057473,637,0.9999570256723151,0.984244039104789,3484.2448376610087,0,-1
a,passive,affine,5.0,100,0.0,9057473,638,0.999910313175871,0.999999,3458.2436483670217,0,-1
a,passive,affine,5.0,100,0.0,9057473,639,0.999999,0.9997459161342276,3461.5538084615914,0,-1
a,passive,affine,5.0,100,0.0,9057473,640,0.9999776268579296,0.999999,3466.435274380225,0,-1
a,passive,affine,5.0,100,0.0,9057473,641,-0.9301054661098466,0.9430557802509435,3438.20902187885,1,269
a,passive,affine,5.0,100,0.0,9057473,642,0.9983735326491046,0.9999777942434125,3446.4432894021147,0,-1
a,passive,affine,5.0,100,0.0,9057473,643,-0.997068617188555,0.999999,3462.160211227757,1,292
a,passive,affine,5.0,100,0.0,9057473,644,0.9998523609469364,0.9964695609334351,3473.239498406157,0,-1
a,passive,affine,5.0,100,0.0,9057473,645,0.999886742855767,0.999999,3479.100305575054,0,-1
a,passive,affine,5.0,100,0.0,9057473,646,-0.6546171254754355,0.999999,3482.1649371118874,1,266
a,passive,affine,5.0,100,0.0,9057473,647,-0.9916469808924043,0.999948527464171,3476.25238063037,1,275
a,passive,affine,5.0,100,0.0,9057473,648,0.999999,0.999999,3396.190412445485,0,-1
a,passive,affine,5.0,100,0.0,9057473,649,0.9962720030756895,0.9982272366338909,3458.748402527437,0,-1
a,passive,affine,5.0,100,0.0,9057473,650,-0.9947458845211116,0.999999,2392.0653091585878,1,310
a,passive,affine,5.0,100,0.0,9057473,651,0.999999,0.9775996692293992,3479.6818243930657,0,-1
a,passive,affine,5.0,100,0.0,9057473,652,0.9981829815872508,0.999999,3467.346240253028,0,-1
a,passive,affine,5.0,100,0.0,9057473,653,0.9986217060946593,0.9820600484870713,3451.7428090328676,0,-1
a,passive,affine,5.0,100,0.0,9057473,654,0.9999241059329596,0.9999952557218396,3464.8982882994605,0,-1
a,passive,affine,5.0,100,0.0,9057473,655,-0.9999849999609952,0.9973227157093488,3407.88932980328,1,311
a,passive,affine,5.0,100,0.0,9057473,656,-0.999999,0.999999,3467.632772751301,1,289
a,passive,affine,5.0,100,0.0,9057473,657,0.9996952898418904,0.999999,3455.7356982074834,0,-1
a,passive,affine,5.0,100,0.0,9057473,658,0.999999,0.9433645975226245,3428.4672294708917,0,-1
a,passive,affine,5.0,100,0.0,9057473,659,0.999999,0.9939887878318969,3469.986876853126,0,-1
a,passive,affine,5.0,100,0.0,9057473,660,-0.9020692085727979,0.9998954593678245,3475.8525058994805,1,278
a,passive,affine,5.0,100,0.0,9057473,661,0.9873177082427441,0.9999661324500316,3474.590803687469,0,-1
a,passive,affine,5.0,100,0.0,9057473,662,0.999999,0.9999817476689811,3471.5873300473263,0,-1
a,passive,affine,5.0,100,0.0,9057473,663,0.9877390749153017,0.999999,3420.868427330323,0,-1
a,passive,affine,5.0,100,0.0,9057473,664,0.9438470587522276,0.999999,3468.170439773667,0,-1
a,passive,affine,5.0,100,0.0,9057473,665,-0.999999,-0.9905793595009172,0.0,1,271
a,passive,affine,5.0,100,0.0,9057473,666,0.9986633144344491,0.9902176578106922,3439.3698972236652,0,-1
a,passive,affine,5.0,100,0.0,9057473,667,0.999031773184642,0.9998300560687562,3481.363321052312,0,-1
a,passive,affine,5.0,100,0.0,9057473,668,0.9998240671163836,0.999999,3462.8480523103444,0,-1
a,passive,affine,5.0,100,0.0,9057473,669,0.9998355274572343,0.9967495228604405,3463.9924321017083,0,-1
a,passive,affine,5.0,100,0.0,9057473,670,0.999999,0.999999,3464.7241418194926,0,-1
a,passive,affine,5.0,100,0.0,9057473,671,0.999999,0.999999,3482.169622488934,0,-1
a,passive,affine,5.0,100,0.0,9057473,672,0.999999,0.8300324516623794,3459.093683743158,0,-1
a,passive,affine,5.0,100,0.0,9057473,673,0.9995735764223951,0.999999,3443.0444815250103,1,295
a,passive,affine,5.0,100,0.0,9057473,674,-0.9557295183094406,-0.999999,0.0,1,270
a,passive,affine,5.0,100,0.0,9057473,675,0.9998456870883814,0.999999,3454.056754398459,1,319
a,passive,affine,5.0,100,0.0,9057473,676,0.999999,0.9985917980622891,3460.183173113854,0,-1
a,passive,affine,5.0,100,0.0,9057473,677,0.9999859470948518,0.9999447126424322,3405.7614421659932,0,-1
a,passive,affine,5.0,100,0.0,9057473,678,0.9978005538970484,0.999999,3395.7396422759307,0,-1
a,passive,affine,5.0,100,0.0,9057473,679,0.999999,0.999999,3442.771628149726,0,-1
a,passive,affine,5.0,100,0.0,9057473,680,-0.999999,0.9998532831829118,3468.728929764623,1,274
a,passive,affine,5.0,100,0.0,9057473,681,0.9978382792259985,0.999999,3455.1819721069674,0,-1
a,passive,affine,5.0,100,0.0,9057473,682,-0.9992423283192868,0.9999738106863832,3472.009421741555,1,319
a,passive,affine,5.0,100,0.0,9057473,683,0.9962007813150435,0.999999,3476.4063103986136,0,-1
a,passive,affine,5.0,100,0.0,9057473,684,-0.999446562130108,0.9872820651435925,3453.1162587752638,1,320
a,passive,affine,5.0,100,0.0,9057473,685,-0.9907869301548964,0.9313520826283309,3441.419315425515,1,277
a,passive,affine,5.0,100,0.0,9057473,686,0.8783421652182946,0.999999,3462.6563639124756,0,-1
a,passive,affine,5.0,100,0.0,9057473,687,-0.9612217059982905,-0.949123571327149,0.0,1,276
a,passive,affine,5.0,100,0.0,9057473,688,-0.9347141699043989,0.9997793165378185,3371.2246460483047,1,346
a,passive,affine,5.0,100,0.0,9057473,689,0.9980133841732938,0.999999,3460.0288065627733,0,-1
a,passive,affine,5.0,100,0.0,9057473,690,-0.999999,0.999999,3456.641152865052,1,278
a,passive,affine,5.0,100,0.0,9057473,691,0.9900462543614915,0.9998362474666083,3461.9675531430903,0,-1
a,passive,affine,5.0,100,0.0,9057473,692,0.992035207632169,0.9999000328775383,3428.8798710140904,0,-1
a,passive,affine,5.0,100,0.0,9057473,693,0.9970632610519005,0.9990914834835768,3467.7105864728746,0,-1
a,passive,affine,5.0,100,0.0,9057473,694,0.999999,0.999999,3462.950742348599,0,-1
a,passive,affine,5.0,100,0.0,9057473,695,0.9997835278475403,0.999999,3433.7878230218844,0,-1
a,passive,affine,5.0,100,0.0,9057473,696,0.999999,0.999999,3452.5489405188405,0,-1
a,passive,affine,5.0,100,0.0,9057473,697,-0.9813834753434447,0.9994346942412548,3457.8933134973695,1,285
a,passive,affine,5.0,100,0.0,9057473,698,-0.8428970169583563,0.999999,3475.4752537436616,1,326
a,passive,affine,5.0,100,0.0,9057473,699,-0.9674058173220724,0.9997850247458556,3186.8743050646776,1,278
a,passive,affine,5.0,100,0.0,9057473,700,0.9998256819995642,0.9999683449098172,3381.2297645320336,0,-1
a,passive,affine,5.0,100,0.0,9057473,701,0.999999,0.9993747729327987,3459.472806690924,0,-1
a,passive,affine,5.0,100,0.0,9057473,702,-0.9945910084003485,0.9998419966227615,3452.894014478848,1,280
a,passive,affine,5.0,100,0.0,9057473,703,-0.9993434331130209,0.999999,3476.6745911465478,1,305
a,passive,affine,5.0,100,0.0,9057473,704,-0.9876320127809248,0.9999563490942311,3481.8855862643536,1,324
a,passive,affine,5.0,100,0.0,9057473,705,0.9475465059489974,0.9999239660489829,3476.386478341895,0,-1
a,passive,affine,5.0,100,0.0,9057473,706,-0.999999,0.9808122197342535,3459.1128914743194,1,300
a,passive,affine,5.0,100,0.0,9057473,707,0.999999,0.9997899578057625,3471.3481559723887,0,-1
a,passive,affine,5.0,100,0.0,9057473,708,-0.999999,0.9998628583447424,3485.078366870277,1,308
a,passive,affine,5.0,100,0.0,9057473,709,0.9998449945679065,0.999999,3463.236130286696,0,-1
a,passive,affine,5.0,100,0.0,9057473,710,0.6245319155816316,0.999999,3468.761559611401,0,-1
a,passive,affine,5.0,100,0.0,9057473,711,0.9620576909248482,0.9999049347539808,3459.4015210315542,0,-1
a,passive,affine,5.0,100,0.0,9057473,712,0.9997471705995561,0.9999487887512201,3461.7845645340853,0,-1
a,passive,affine,5.0,100,0.0,9057473,713,0.999999,0.9999387814628116,3469.3975745376083,0,-1
a,passive,affine,5.0,100,0.0,9057473,714,-0.8342918823409697,0.9999150015881572,3470.497407633356,1,277
a,passive,affine,5.0,100,0.0,9057473,715,0.9985128718732319,0.999999,3456.3511358325013,0,-1
a,passive,affine,5.0,100,0.0,9057473,716,0.9999718552183202,0.9977627163220013,3455.9684086508228,0,-1
a,passive,affine,5.0,100,0.0,9057473,717,-0.997548903351191,0.999999,3458.197112504718,1,313
a,passive,affine,5.0,100,0.0,9057473,718,0.999999,0.9752505741012514,3475.576956778728,0,-1
a,passive,affine,5.0,100,0.0,9057473,719,0.9998578706466457,0.9549291296703084,3459.230240373435,0,-1
a,passive,affine,5.0,100,0.0,9057473,720,-0.9976674265786596,0.999999,3473.8322096408338,1,280
a,passive,affine,5.0,100,0.0,9057473,721,0.999999,0.999999,3474.7824986817573,0,-1
a,passive,affine,5.0,100,0.0,9057473,722,-0.9899180586847115,0.9999143226959379,3453.009882516865,1,280
a,passive,affine,5.0,100,0.0,9057473,723,0.9999311063951927,0.99998559562659,3482.214874484347,0,-1
a,passive,affine,5.0,100,0.0,9057473,724,0.9806657666735773,0.9986826123943265,3469.350929424602,1,280
a,passive,affine,5.0,100,0.0,9057473,725,0.9997826024045384,0.9707089722563356,3475.5024233601976,0,-1
a,passive,affine,5.0,100,0.0,9057473,726,0.999999,0.9827047792114079,3477.1572193166953,0,-1
a,passive,affine,5.0,100,0.0,9057473,727,-0.9992808074005848,0.9697573010463819,3449.820884184797,1,273
a,passive,affine,5.0,100,0.0,9057473,728,0.999999,0.9998073020782227,3452.3354019210333,0,-1
a,passive,affine,5.0,100,0.0,9057473,729,-0.999999,0.999999,3466.048284120205,1,328
a,passive,affine,5.0,100,0.0,9057473,730,-0.9592372222258313,0.9999253916523918,3456.4291688277167,1,293
a,passive,affine,5.0,100,0.0,9057473,731,0.999999,0.9998596102293041,3430.631152857582,1,322
a,passive,affine,5.0,100,0.0,9057473,732,-0.9990014263192849,0.999999,3452.9924228772966,1,275
a,passive,affine,5.0,100,0.0,9057473,733,-0.9976046718664204,0.9998759653589562,3470.091574098798,1,296
a,passive,affine,5.0,100,0.0,9057473,734,0.9996470675474528,0.8813092384169215,3466.058298645862,0,-1
a,passive,affine,5.0,100,0.0,9057473,735,-0.999999,-0.9865366613278662,0.0,1,291
a,passive,affine,5.0,100,0.0,9057473,736,0.9969116672790806,0.999999,3468.1228608926485,0,-1
a,passive,affine,5.0,100,0.0,9057473,737,-0.5539916143276716,0.9999404174037978,3118.6271267926154,1,312
a,passive,affine,5.0,100,0.0,9057473,738,-0.9993917122033648,0.9992199887549307,3458.142183895764,1,277
a,passive,affine,5.0,100,0.0,9057473,739,0.9959625261351044,0.999999,3474.7975227182333,0,-1
a,passive,affine,5.0,100,0.0,9057473,740,0.9999886707403839,0.5825102326490205,3379.4151030989187,0,-1
a,passive,affine,5.0,100,0.0,9057473,741,0.9997988407828905,0.9998270403339059,3476.418678381199,0,-1
a,passive,affine,5.0,100,0.0,9057473,742,-0.9935813082869929,0.999999,3467.6672598561518,1,366
a,passive,affine,5.0,100,0.0,9057473,743,0.999999,0.999999,3476.414304000854,0,-1
a,passive,affine,5.0,100,0.0,9057473,744,0.999999,0.999999,3457.7289081092986,0,-1
a,passive,affine,5.0,100,0.0,9057473,745,0.999920399222206,0.9991896020397795,3458.650607922344,0,-1
a,passive,affine,5.0,100,0.0,9057473,746,-0.8612673625441072,0.9973443619564641,3470.8997425703114,1,289
a,passive,affine,5.0,100,0.0,9057473,747,-0.999999,-0.995496838656505,0.0,1,301
a,passive,affine,5.0,100,0.0,9057473,748,0.97196259838121,0.9968943775647341,3456.4396642638853,0,-1
a,passive,affine,5.0,100,0.0,9057473,749,-0.9993501544543044,-0.9584048565589156,0.0,1,275
a,passive,affine,5.0,100,0.0,9057473,750,-0.999999,0.999999,3477.0012494007487,1,279
a,passive,affine,5.0,100,0.0,9057473,751,0.9999123621534951,0.999999,3480.227804900294,1,353
a,passive,affine,5.0,100,0.0,9057473,752,0.999999,0.9662417995094462,3459.6379930290013,1,266
a,passive,affine,5.0,100,0.0,9057473,753,0.9960277405778464,0.999999,3459.113132670339,0,-1
a,passive,affine,5.0,100,0.0,9057473,754,-0.9857222561498916,0.9971142088845087,3461.3962213308305,1,473
a,passive,affine,5.0,100,0.0,9057473,755,0.999999,0.999999,3464.799041962731,0,-1
a,passive,affine,5.0,100,0.0,9057473,756,-0.999202417373357,0.9999407624930962,3470.07680298657,1,323
a,passive,affine,5.0,100,0.0,9057473,757,0.9981304907583016,0.999999,3487.0893867968575,0,-1
a,passive,affine,5.0,100,0.0,9057473,758,0.9994489079645376,0.999999,3433.963024264988,0,-1
a,passive,affine,5.0,100,0.0,9057473,759,0.9988004260992179,0.9974920495646903,3478.7254386777095,0,-1
a,passive,affine,5.0,100,0.0,9057473,760,0.915033186772126,0.9997282155624766,3484.2521017495983,0,-1
a,passive,affine,5.0,100,0.0,9057473,761,-0.999999,0.999999,3418.479653232871,1,292
a,passive,affine,5.0,100,0.0,9057473,762,-0.9894575305914597,-0.9626916633194255,0.0,1,360
a,passive,affine,5.0,100,0.0,9057473,763,-0.9983923588274745,0.9743422597845632,3480.7551259071556,1,305
a,passive,affine,5.0,100,0.0,9057473,764,-0.9941126373339015,0.992134698524626,3424.519629923714,1,266
a,passive,affine,5.0,100,0.0,9057473,765,0.999844286603178,0.9993173674256031,3401.759631567052,0,-1
a,passive,affine,5.0,100,0.0,9057473,766,0.9999726271191336,0.999999,3476.931488678175,0,-1
a,passive,affine,5.0,100,0.0,9057473,767,0.9875315844149334,0.9997035948859992,3460.7458243982906,0,-1
a,passive,affine,5.0,100,0.0,9057473,768,0.9955424867360088,0.999712198494941,3446.6105035441906,0,-1
a,passive,affine,5.0,100,0.0,9057473,769,0.9999335483808104,0.999999,3473.931361893094,0,-1
a,passive,affine,5.0,100,0.0,9057473,770,0.999999,0.9998535871928517,3457.5863422558723,0,-1
a,passive,affine,5.0,100,0.0,9057473,771,0.999999,0.999999,3471.8632480457363,0,-1
a,passive,affine,5.0,100,0.0,9057473,772,0.999999,0.999999,3446.6173856981486,0,-1
a,passive,affine,5.0,100,0.0,9057473,773,0.999999,0.994619344663477,3463.2456550837346,0,-1
a,passive,affine,5.0,100,0.0,9057473,774,-0.8472118338570245,0.9998728043381703,3475.053114241593,1,301
a,passive,affine,5.0,100,0.0,9057473,775,0.999999,0.9999244677132949,3476.657905825341,0,-1
a,passive,affine,5.0,100,0.0,9057473,776,0.999999,0.999999,3458.9164503791135,0,-1
a,passive,affine,5.0,100,0.0,9057473,777,-0.42638688511736944,-0.9964418971306745,0.0,1,295
a,passive,affine,5.0,100,0.0,9057473,778,0.999999,0.9979973090562716,3441.4203741808356,0,-1
a,passive,affine,5.0,100,0.0,9057473,779,0.999999,0.9478075086556673,3474.536168479769,0,-1
a,passive,affine,5.0,100,0.0,9057473,780,0.999999,0.9999680941774469,3453.978206013548,0,-1
a,passive,affine,5.0,100,0.0,9057473,781,-0.999999,0.999999,3483.0545945134168,1,280
a,passive,affine,5.0,100,0.0,9057473,782,0.9996039645601832,0.9986108422117705,3471.086745537312,0,-1
a,passive,affine,5.0,100,0.0,9057473,783,0.999999,0.9999363437227855,3449.645668619899,0,-1
a,passive,affine,5.0,100,0.0,9057473,784,-0.9976006413523336,-0.999999,0.0,1,288
a,passive,affine,5.0,100,0.0,9057473,785,0.999999,0.999999,3483.101820226919,0,-1
a,passive,affine,5.0,100,0.0,9057473,786,-0.999999,0.9900252702702179,3479.33364218546,1,348
a,passive,affine,5.0,100,0.0,9057473,787,0.999999,0.9943646286400829,3443.5586140444802,0,-1
a,passive,affine,5.0,100,0.0,9057473,788,-0.9989900254770828,0.9990246887679625,3468.6404045085997,1,344
a,passive,affine,5.0,100,0.0,9057473,789,0.999999,0.9998622657795834,3469.285821381694,0,-1
a,passive,affine,5.0,100,0.0,9057473,790,0.9805619888884363,0.999999,3470.4142782034533,0,-1
a,passive,affine,5.0,100,0.0,9057473,791,0.999999,0.9971557708579166,3453.06127673951,0,-1
a,passive,affine,5.0,100,0.0,9057473,792,0.8728386783899252,0.999999,3468.3987067397006,0,-1
a,passive,affine,5.0,100,0.0,9057473,793,0.9995867790413625,0.999999,3477.7502595537594,0,-1
a,passive,affine,5.0,100,0.0,9057473,794,0.9988659867404951,0.9995341974289239,3470.202972401908,0,-1
a,passive,affine,5.0,100,0.0,9057473,795,0.9897696713891913,0.9713657798196829,3463.4273677686115,0,-1
a,passive,affine,5.0,100,0.0,9057473,796,-0.9961140154147382,0.999999,3463.1289224264865,1,369
a,passive,affine,5.0,100,0.0,9057473,797,0.999999,0.9162053074700652,3448.7280417295833,0,-1
a,passive,affine,5.0,100,0.0,9057473,798,0.999999,0.999999,3470.131315925142,0,-1
a,passive,affine,5.0,100,0.0,9057473,799,0.999999,0.999999,3448.119467174268,0,-1
a,passive,affine,5.0,100,0.0,9057473,800,0.9998685820643217,0.2100180948737177,3460.3273630415906,1,286
a,passive,affine,5.0,100,0.0,9057473,801,0.999999,0.9999174027318043,3462.8767418152897,0,-1
a,passive,affine,5.0,100,0.0,9057473,802,0.999999,0.9529865234527766,3448.6179296538457,0,-1
a,passive,affine,5.0,100,0.0,9057473,803,-0.7363806367720649,0.999999,3446.3103082860766,1,300
a,passive,affine,5.0,100,0.0,9057473,804,-0.9981902425829969,0.9964282464846878,3438.561821123769,1,297
a,passive,affine,5.0,100,0.0,9057473,805,0.999999,0.999999,3440.417264398746,0,-1
a,passive,affine,5.0,100,0.0,9057473,806,0.999999,0.9998092050776232,3473.7956010181447,0,-1
a,passive,affine,5.0,100,0.0,9057473,807,0.999999,0.997530554280005,3455.7655039551773,0,-1
a,passive,affine,5.0,100,0.0,9057473,808,0.999999,0.999999,3487.4441877012805,0,-1
a,passive,affine,5.0,100,0.0,9057473,809,0.9995369200186113,0.999999,3464.8526263724375,0,-1
a,passive,affine,5.0,100,0.0,9057473,810,0.999999,0.999999,3454.710985980692,1,296
a,passive,affine,5.0,100,0.0,9057473,811,0.9962253702142319,0.999999,3413.399913891349,0,-1
a,passive,affine,5.0,100,0.0,9057473,812,0.9063436678105381,0.999999,3453.3435793659146,0,-1
a,passive,affine,5.0,100,0.0,9057473,813,0.9998604905466828,0.999999,3444.629797647118,0,-1
a,passive,affine,5.0,100,0.0,9057473,814,-0.9681071266273201,0.9997748692767474,3471.69352748682,1,314
a,passive,affine,5.0,100,0.0,9057473,815,-0.999999,0.8571951767457922,3466.9774687971058,1,308
a,passive,affine,5.0,100,0.0,9057473,816,0.999999,0.9926201507072832,3464.48496961435,0,-1
a,passive,affine,5.0,100,0.0,9057473,817,-0.9962405798980472,0.999999,3463.9006206358977,1,301
a,passive,affine,5.0,100,0.0,9057473,818,0.9971733792807542,0.9957764182347333,3361.6154397607293,0,-1
a,passive,affine,5.0,100,0.0,9057473,819,0.999999,0.999999,3435.869057186712,1,273
a,passive,affine,5.0,100,0.0,9057473,820,0.999999,0.9997148780367066,3398.7101918606418,0,-1
a,passive,affine,5.0,100,0.0,9057473,821,0.7612171626746074,0.9920204094161795,3474.8165439104528,0,-1
a,passive,affine,5.0,100,0.0,9057473,822,0.999999,0.8913942637619379,3434.0701314512157,0,-1
a,passive,affine,5.0,100,0.0,9057473,823,0.999999,0.9999782331632565,3479.0417719640855,0,-1
a,passive,affine,5.0,100,0.0,9057473,824,0.9888417523762469,0.9997784024507209,3479.539570099411,0,-1
a,passive,affine,5.0,100,0.0,9057473,825,0.999999,0.9999301511133108,3449.8138747889343,0,-1
a,passive,affine,5.0,100,0.0,9057473,826,0.999999,0.9998258625286367,3471.1919841622234,0,-1
a,passive,affine,5.0,100,0.0,9057473,827,0.9994239349877411,0.999999,3486.2801527039323,0,-1
a,passive,affine,5.0,100,0.0,9057473,828,0.9972607462818062,0.999999,3417.7457829902937,0,-1
a,passive,affine,5.0,100,0.0,9057473,829,0.999999,0.8993122503075645,3469.560689959366,0,-1
a,passive,affine,5.0,100,0.0,9057473,830,-0.9958897580907973,0.9661363648275703,3391.460377713546,1,277
a,passive,affine,5.0,100,0.0,9057473,831,0.999999,0.999999,3479.8985781913275,0,-1
a,passive,affine,5.0,100,0.0,9057473,832,-0.9476080857059757,0.9998845056003517,3476.212458374239,1,305
a,passive,affine,5.0,100,0.0,9057473,833,0.999999,0.994804118668688,3479.856158189582,0,-1
a,passive,affine,5.0,100,0.0,9057473,834,-0.963646576255201,0.9947394116488334,3151.9634100004478,1,275
a,passive,affine,5.0,100,0.0,9057473,835,0.7957048213567599,0.999999,3466.077132554417,0,-1
a,passive,affine,5.0,100,0.0,9057473,836,-0.9866787392935601,0.9999177753813858,3471.2323490756016,1,348
a,passive,affine,5.0,100,0.0,9057473,837,-0.9933530630276757,0.999999,3468.3606223153342,1,273
a,passive,affine,5.0,100,0.0,9057473,838,-0.9948388637146327,0.9529700548409484,3399.3264907109033,1,303
a,passive,affine,5.0,100,0.0,9057473,839,-0.7416264190744752,0.9996229497817725,3463.1710580538884,1,278
a,passive,affine,5.0,100,0.0,9057473,840,0.999999,0.999999,3476.1962902001505,0,-1
a,passive,affine,5.0,100,0.0,9057473,841,0.9943967287167187,0.9927983628192578,3469.5712252788935,0,-1
a,passive,affine,5.0,100,0.0,9057473,842,0.999999,0.999999,3449.719863046941,0,-1
a,passive,affine,5.0,100,0.0,9057473,843,-0.9959373294746119,0.999999,3457.8267696459407,1,277
a,passive,affine,5.0,100,0.0,9057473,844,-0.9896864928866205,0.999999,3454.570614759913,1,279
a,passive,affine,5.0,100,0.0,9057473,845,0.6414408584479423,0.9998081943160799,3464.258745410358,0,-1
a,passive,affine,5.0,100,0.0,9057473,846,0.999999,0.9954973331283995,3466.796232621353,0,-1
a,passive,affine,5.0,100,0.0,9057473,847,-0.999999,0.999999,3456.984692786173,1,323
a,passive,affine,5.0,100,0.0,9057473,848,-0.999999,0.9992807869731067,3453.32907806023,1,263
a,passive,affine,5.0,100,0.0,9057473,849,0.9968650691107094,0.9814641722713251,3458.143032753048,0,-1
a,passive,affine,5.0,100,0.0,9057473,850,0.9914918103341811,0.9987791067749324,3477.4299829163874,0,-1
a,passive,affine,5.0,100,0.0,9057473,851,0.999999,0.999999,3465.950870290299,0,-1
a,passive,affine,5.0,100,0.0,9057473,852,0.9212134723282738,0.9998141910483656,3468.4695692445594,0,-1
a,passive,affine,5.0,100,0.0,9057473,853,-0.9515148556391192,0.9998999303983022,3464.771864337665,1,312
a,passive,affine,5.0,100,0.0,9057473,854,-0.9994916927533282,0.999557281148362,3474.894570683332,1,282
a,passive,affine,5.0,100,0.0,9057473,855,-0.999999,0.999999,3466.4576171137396,1,508
a,passive,affine,5.0,100,0.0,9057473,856,0.999999,0.9999926138100849,3454.2670929229434,0,-1
a,passive,affine,5.0,100,0.0,9057473,857,-0.9938512913322677,0.999999,3476.7679268695083,1,287
a,passive,affine,5.0,100,0.0,9057473,858,-0.9982231630971586,0.9606605767468293,3464.1630347314954,1,270
a,passive,affine,5.0,100,0.0,9057473,859,0.999986366176542,0.999999,3481.9137083896176,0,-1
a,passive,affine,5.0,100,0.0,9057473,860,0.9999923294975744,0.9999865270801316,3448.4969739649355,0,-1
a,passive,affine,5.0,100,0.0,9057473,861,0.9992652918837179,0.9908188329816715,3459.9108075626546,0,-1
a,passive,affine,5.0,100,0.0,9057473,862,0.999807421825235,0.999999,3444.654533962613,0,-1
a,passive,affine,5.0,100,0.0,9057473,863,0.999999,0.9999921302762185,3437.7137940399675,0,-1
a,passive,affine,5.0,100,0.0,9057473,864,0.9788802021383264,0.9892163916879663,3457.8634810845647,0,-1
a,passive,affine,5.0,100,0.0,9057473,865,0.999999,0.999999,3449.702850273406,0,-1
a,passive,affine,5.0,100,0.0,9057473,866,0.999804185618286,0.999999,3438.3143327154116,0,-1
a,passive,affine,5.0,100,0.0,9057473,867,0.9996661556802449,0.999999,3456.5653509933813,0,-1
a,passive,affine,5.0,100,0.0,9057473,868,-0.8680665690543222,0.8369238925624005,3425.696679892576,1,278
a,passive,affine,5.0,100,0.0,9057473,869,0.9999106973474307,0.999999,3451.391039994892,0,-1
a,passive,affine,5.0,100,0.0,9057473,870,-0.9999784569225745,0.9985263420856066,3482.4131644594195,1,286
a,passive,affine,5.0,100,0.0,9057473,871,0.999999,0.999999,3468.042107125424,0,-1
a,passive,affine,5.0,100,0.0,9057473,872,0.9457347719980915,0.7728012330948236,3441.539428916869,0,-1
a,passive,affine,5.0,100,0.0,9057473,873,-0.9992253865910417,0.999999,3203.4084415637726,1,289
a,passive,affine,5.0,100,0.0,9057473,874,0.9998518955228901,0.9989602691995287,3446.4513394794835,0,-1
a,passive,affine,5.0,100,0.0,9057473,875,-0.9433639875764376,0.999999,3479.568875809983,1,279
a,passive,affine,5.0,100,0.0,9057473,876,0.9979261144719519,0.965068767502027,3469.0918458072924,0,-1
a,passive,affine,5.0,100,0.0,9057473,877,0.999999,0.9991364622279366,3479.874481431106,0,-1
a,passive,affine,5.0,100,0.0,9057473,878,0.9999284444673959,0.9980600735018786,3447.574134265243,0,-1
a,passive,affine,5.0,100,0.0,9057473,879,0.9979769622897009,0.999999,3467.7238687572985,0,-1
a,passive,affine,5.0,100,0.0,9057473,880,0.999999,0.999999,3483.4572868203186,1,507
a,passive,affine,5.0,100,0.0,9057473,881,0.999999,0.9908498766719137,3452.7188645461874,1,297
a,passive,affine,5.0,100,0.0,9057473,882,0.999999,0.998256504091413,3454.0591812671464,0,-1
a,passive,affine,5.0,100,0.0,9057473,883,0.9442247159151204,0.999999,3451.5908870684098,0,-1
a,passive,affine,5.0,100,0.0,9057473,884,0.9999086118514922,0.9985144494549437,3443.978040516368,0,-1
a,passive,affine,5.0,100,0.0,9057473,885,0.9985863515926016,0.999999,3455.160004528989,0,-1
a,passive,affine,5.0,100,0.0,9057473,886,0.9991385683744343,0.9999429841148497,3474.03282485252,0,-1
a,passive,affine,5.0,100,0.0,9057473,887,0.9993357561070224,0.9987041538140532,3427.694157773379,0,-1
a,passive,affine,5.0,100,0.0,9057473,888,0.9998254279089077,0.9996979593000542,3476.4043667659816,0,-1
a,passive,affine,5.0,100,0.0,9057473,889,0.9959585229110414,0.9911425922682165,3465.284474704429,0,-1
a,passive,affine,5.0,100,0.0,9057473,890,0.9998356149979625,0.8141487274372561,3466.8762077906804,0,-1
a,passive,affine,5.0,100,0.0,9057473,891,0.7606828012138627,0.9996561161809326,3480.3323704351587,0,-1
a,passive,affine,5.0,100,0.0,9057473,892,0.999999,0.999999,3449.2216290418164,0,-1
a,passive,affine,5.0,100,0.0,9057473,893,-0.9922654295327055,0.9930417301558901,3293.5321946478693,1,333
a,passive,affine,5.0,100,0.0,9057473,894,-0.9995727793994176,0.999999,3473.457216337032,1,290
a,passive,affine,5.0,100,0.0,9057473,895,0.9157039043027821,0.9999223751032746,3416.6480165807216,0,-1
a,passive,affine,5.0,100,0.0,9057473,896,0.6160259818652708,0.9992694548355322,3481.3774651025738,0,-1
a,passive,affine,5.0,100,0.0,9057473,897,0.9985014221958421,0.9835528235559263,3477.669037123393,0,-1
a,passive,affine,5.0,100,0.0,9057473,898,-0.999999,0.9599562169936223,3447.2009428734723,1,446
a,passive,affine,5.0,100,0.0,9057473,899,0.9966502445943005,0.9814912706699105,3454.537363401502,0,-1
a,passive,affine,5.0,100,0.0,9057473,900,0.999999,0.9994133624666443,3463.7369823901636,0,-1
a,passive,affine,5.0,100,0.0,9057473,901,0.977637957485916,0.8646682303638771,3456.764296768647,0,-1
a,passive,affine,5.0,100,0.0,9057473,902,0.9126185987563101,0.999999,3472.1800994911296,0,-1
a,passive,affine,5.0,100,0.0,9057473,903,0.995525825835065,0.999999,3452.9713881602715,0,-1
a,passive,affine,5.0,100,0.0,9057473,904,0.9935714451270434,0.999999,3456.9803767835892,0,-1
a,passive,affine,5.0,100,0.0,9057473,905,0.999999,0.9999732514628432,3467.1621584205027,0,-1
a,passive,affine,5.0,100,0.0,9057473,906,0.999999,0.999999,3485.059259233321,0,-1
a,passive,affine,5.0,100,0.0,9057473,907,0.999999,0.8484864344424775,3466.1568134141776,0,-1
a,passive,affine,5.0,100,0.0,9057473,908,0.9999759251829726,0.9964282403076169,3480.236323674504,0,-1
a,passive,affine,5.0,100,0.0,9057473,909,0.9680399021757335,0.999999,3454.6419948411653,0,-1
a,passive,affine,5.0,100,0.0,9057473,910,0.8149000942606837,0.999999,3460.747804705703,0,-1
a,passive,affine,5.0,100,0.0,9057473,911,-0.9874912251859189,-0.9993366844049506,0.0,1,363
a,passive,affine,5.0,100,0.0,9057473,912,0.8643633377941602,0.999999,3479.2283992695993,0,-1
a,passive,affine,5.0,100,0.0,9057473,913,0.999999,0.9996169045852181,3469.786500523507,0,-1
a,passive,affine,5.0,100,0.0,9057473,914,0.8952607444159668,0.834735288657872,3429.850420422429,0,-1
a,passive,affine,5.0,100,0.0,9057473,915,0.999999,0.9999719410851052,3460.6588584453452,0,-1
a,passive,affine,5.0,100,0.0,9057473,916,-0.9294633286408761,0.999999,3455.0462324155264,1,280
a,passive,affine,5.0,100,0.0,9057473,917,-0.999999,0.9703407003771841,3470.456595625863,1,282
a,passive,affine,5.0,100,0.0,9057473,918,0.999999,0.999999,3454.0697769175536,0,-1
a,passive,affine,5.0,100,0.0,9057473,919,-0.991413923487209,0.9838169991941993,3452.9968174576484,1,272
a,passive,affine,5.0,100,0.0,9057473,920,0.9999300637943656,0.999999,3481.878439428776,0,-1
a,passive,affine,5.0,100,0.0,9057473,921,-0.9995772400126626,-0.999999,0.0,1,283
a,passive,affine,5.0,100,0.0,9057473,922,0.999999,0.999999,3473.3762579604972,0,-1
a,passive,affine,5.0,100,0.0,9057473,923,0.999999,0.949809331712644,3460.5314766634338,0,-1
a,passive,affine,5.0,100,0.0,9057473,924,0.9862545369754362,0.9902242374811542,3472.1199071093947,0,-1
a,passive,affine,5.0,100,0.0,9057473,925,0.999999,0.9998001281960283,3473.7982774252164,0,-1
a,passive,affine,5.0,100,0.0,9057473,926,0.989545852931754,0.7867210607795742,3463.057234762485,0,-1
a,passive,affine,5.0,100,0.0,9057473,927,-0.8661311026284364,0.9998479974778635,3454.9532467789513,1,324
a,passive,affine,5.0,100,0.0,9057473,928,0.999999,0.9998352879337307,3485.7889435654047,0,-1
a,passive,affine,5.0,100,0.0,9057473,929,0.999999,0.9998059043528997,3478.3422688387504,0,-1
a,passive,affine,5.0,100,0.0,9057473,930,0.999999,0.9990906436184295,3483.666532603579,0,-1
a,passive,affine,5.0,100,0.0,9057473,931,0.9996655794047004,0.9997742897464824,3439.735442700919,0,-1
a,passive,affine,5.0,100,0.0,9057473,932,0.7693227966632049,0.999999,3477.6436096120365,0,-1
a,passive,affine,5.0,100,0.0,9057473,933,-0.992131042225852,0.9786966214610847,3454.381880927531,1,270
a,passive,affine,5.0,100,0.0,9057473,934,-0.9957929767216097,0.9989556933364921,3444.765251525482,1,272
a,passive,affine,5.0,100,0.0,9057473,935,0.999999,0.9999516492654063,3453.9851584385847,0,-1
a,passive,affine,5.0,100,0.0,9057473,936,-0.9991688979886764,0.999999,3470.7134980506003,1,276
a,passive,affine,5.0,100,0.0,9057473,937,0.999999,0.9743214331477689,3475.312307158964,0,-1
a,passive,affine,5.0,100,0.0,9057473,938,0.999999,0.5324204225977218,3444.4549111813576,0,-1
a,passive,affine,5.0,100,0.0,9057473,939,0.9999928294399134,0.999756211770747,3429.443136043889,0,-1
a,passive,affine,5.0,100,0.0,9057473,940,-0.998940964415657,0.9998635968010245,3425.3754235115466,1,299
a,passive,affine,5.0,100,0.0,9057473,941,0.999999,0.968544369792695,3473.14908394512,0,-1
a,passive,affine,5.0,100,0.0,9057473,942,0.999999,0.8982989186281243,3444.893698389093,0,-1
a,passive,affine,5.0,100,0.0,9057473,943,0.999999,0.9925725783012757,3461.8610494127547,0,-1
a,passive,affine,5.0,100,0.0,9057473,944,0.999999,0.9997708031115478,3412.3007445023986,0,-1
a,passive,affine,5.0,100,0.0,9057473,945,-0.999061277595423,0.999999,3313.0579950139618,1,318
a,passive,affine,5.0,100,0.0,9057473,946,0.9979603845875922,0.999999,3471.3506518919025,0,-1
a,passive,affine,5.0,100,0.0,9057473,947,-0.9553984114502387,0.9883661400916821,3470.808699051187,1,296
a,passive,affine,5.0,100,0.0,9057473,948,-0.999243554913911,0.9978864096464277,3461.005299656646,1,307
a,passive,affine,5.0,100,0.0,9057473,949,-0.999999,0.9788816601497923,3453.941367593983,1,289
a,passive,affine,5.0,100,0.0,9057473,950,0.9982453706195634,0.999999,3462.6133208662213,0,-1
a,passive,affine,5.0,100,0.0,9057473,951,-0.9836384573409608,0.9999816813284323,3440.669890230714,1,276
a,passive,affine,5.0,100,0.0,9057473,952,0.9680120022570745,0.9997218807226026,3476.8580271008614,0,-1
a,passive,affine,5.0,100,0.0,9057473,953,-0.999999,0.8696536040218271,3437.9002621186505,1,270
a,passive,affine,5.0,100,0.0,9057473,954,0.9928118127793403,0.9998857503511748,3459.9057261706866,0,-1
a,passive,affine,5.0,100,0.0,9057473,955,0.999999,0.99999296484785,3468.5193135820678,0,-1
a,passive,affine,5.0,100,0.0,9057473,956,0.999999,0.9979789229299607,3446.8722985072277,0,-1
a,passive,affine,5.0,100,0.0,9057473,957,0.999999,0.999999,3467.659448274029,0,-1
a,passive,affine,5.0,100,0.0,9057473,958,0.9999758401979792,0.999999,3350.9413406779413,0,-1
a,passive,affine,5.0,100,0.0,9057473,959,0.999999,0.999999,3458.7586936419525,1,272
a,passive,affine,5.0,100,0.0,9057473,960,0.9999709160488063,0.999999,3445.3057541971293,0,-1
a,passive,affine,5.0,100,0.0,9057473,961,0.9999026609763775,0.9791605215899399,3460.3838044845384,0,-1
a,passive,affine,5.0,100,0.0,9057473,962,0.999999,0.9865669583226339,3458.3711318995374,0,-1
a,passive,affine,5.0,100,0.0,9057473,963,0.999999,0.9906408902980115,3458.995260327712,0,-1
a,passive,affine,5.0,100,0.0,9057473,964,0.999999,0.9917137854790273,3442.4728762170193,0,-1
a,passive,affine,5.0,100,0.0,9057473,965,0.999999,0.9998756640062149,3461.5099156879537,0,-1
a,passive,affine,5.0,100,0.0,9057473,966,0.9570700175381085,0.9931934345069601,3462.788610519193,0,-1
a,passive,affine,5.0,100,0.0,9057473,967,0.9979123407558179,0.9999451431290729,3474.442690535254,0,-1
a,passive,affine,5.0,100,0.0,9057473,968,0.9256282334427935,0.999999,3484.91814700078,0,-1
a,passive,affine,5.0,100,0.0,9057473,969,0.9996460508527925,0.999999,3446.9920937655697,0,-1
a,passive,affine,5.0,100,0.0,9057473,970,0.9997340745379274,0.9986583316429232,3435.419235116989,0,-1
a,passive,affine,5.0,100,0.0,9057473,971,0.9991846243609758,0.999999,3455.099693576971,0,-1
a,passive,affine,5.0,100,0.0,9057473,972,-0.870033068477349,0.9999963120445541,3484.396899137107,1,321
a,passive,affine,5.0,100,0.0,9057473,973,0.999999,0.999999,3468.646958943404,0,-1
a,passive,affine,5.0,100,0.0,9057473,974,-0.9404158339376462,0.999999,3464.6473611273423,1,266
a,passive,affine,5.0,100,0.0,9057473,975,0.999999,0.9674108322522955,3452.937965778939,0,-1
a,passive,affine,5.0,100,0.0,9057473,976,0.9707532297169632,0.999999,3481.6115423850206,0,-1
a,passive,affine,5.0,100,0.0,9057473,977,0.999999,0.8036351268765305,3471.9694698039425,0,-1
a,passive,affine,5.0,100,0.0,9057473,978,0.9997440512026161,0.998859486227584,3462.7599231759673,0,-1
a,passive,affine,5.0,100,0.0,9057473,979,0.999999,0.999999,3453.730130561273,0,-1
a,passive,affine,5.0,100,0.0,9057473,980,0.9998368838146198,0.999999,3468.8538208673763,0,-1
a,passive,affine,5.0,100,0.0,9057473,981,0.999999,0.999999,3477.447466566095,0,-1
a,passive,affine,5.0,100,0.0,9057473,982,0.999999,0.999999,3473.853746756774,0,-1
a,passive,affine,5.0,100,0.0,9057473,983,-0.999999,0.999999,3482.535198608085,1,288
a,passive,affine,5.0,100,0.0,9057473,984,0.9999967939393901,0.9878410134134823,3485.7048751254442,0,-1
a,passive,affine,5.0,100,0.0,9057473,985,0.999999,0.9981607331881519,3480.2499297081504,0,-1
a,passive,affine,5.0,100,0.0,9057473,986,-0.9429738822669974,0.999999,3483.686156587411,1,374
a,passive,affine,5.0,100,0.0,9057473,987,0.9849195744182506,0.9993485466582893,3461.829858921693,0,-1
a,passive,affine,5.0,100,0.0,9057473,988,0.9988180568547893,0.999999,3454.741126376082,0,-1
a,passive,affine,5.0,100,0.0,9057473,989,0.999999,0.9999130409310271,3453.0002051759884,0,-1
a,passive,affine,5.0,100,0.0,9057473,990,0.999852370721477,0.9999530086203668,3472.166258675751,0,-1
a,passive,affine,5.0,100,0.0,9057473,991,0.999999,0.8565206697838573,3468.4737180679203,0,-1
a,passive,affine,5.0,100,0.0,9057473,992,0.999999,0.999999,3458.2750703045413,0,-1
a,passive,affine,5.0,100,0.0,9057473,993,0.999999,0.9998241453306702,3467.7459723884085,0,-1
a,passive,affine,5.0,100,0.0,9057473,994,0.9998701076265234,0.999999,3472.6023432636407,0,-1
a,passive,affine,5.0,100,0.0,9057473,995,0.9999874938685087,0.999999,3484.1777182690066,0,-1
a,passive,affine,5.0,100,0.0,9057473,996,-0.999999,-0.8980267553775771,0.0,1,346
a,passive,affine,5.0,100,0.0,9057473,997,0.9992150087680771,0.999999,3471.8589126233455,0,-1
a,passive,affine,5.0,100,0.0,9057473,998,-0.9995156850587831,0.999999,3454.5175311786807,1,340
a,passive,affine,5.0,100,0.0,9057473,999,0.9972300686690527,0.9917705805639422,3470.0912050335687,0,-1
